<?xml version="1.0" encoding="utf-8"?>
<COLLADA xmlns="http://www.collada.org/2005/11/COLLADASchema" version="1.4.1" xmlns:xsi="http://www.w3.org/2001/XMLSchema-instance">
  <asset>
    <contributor>
      <author>Blender User</author>
      <authoring_tool>Blender 4.3.2 commit date:2024-12-16, commit time:21:10, hash:32f5fdce0a0a</authoring_tool>
    </contributor>
    <created>2025-12-10T19:31:09</created>
    <modified>2025-12-10T19:31:09</modified>
    <unit name="meter" meter="1"/>
    <up_axis>Z_UP</up_axis>
  </asset>
  <library_effects>
    <effect id="flamethrower_ammo-effect">
      <profile_COMMON>
        <newparam sid="flamethrower_dds-surface">
          <surface type="2D">
            <init_from>flamethrower_dds</init_from>
          </surface>
        </newparam>
        <newparam sid="flamethrower_dds-sampler">
          <sampler2D>
            <source>flamethrower_dds-surface</source>
          </sampler2D>
        </newparam>
        <technique sid="common">
          <lambert>
            <emission>
              <color sid="emission">0 0 0 1</color>
            </emission>
            <diffuse>
              <texture texture="flamethrower_dds-sampler" texcoord="UVMap"/>
            </diffuse>
            <index_of_refraction>
              <float sid="ior">1.5</float>
            </index_of_refraction>
          </lambert>
        </technique>
      </profile_COMMON>
    </effect>
    <effect id="flamethrower_metal_bare-effect">
      <profile_COMMON>
        <newparam sid="flamethrower_dds-surface">
          <surface type="2D">
            <init_from>flamethrower_dds</init_from>
          </surface>
        </newparam>
        <newparam sid="flamethrower_dds-sampler">
          <sampler2D>
            <source>flamethrower_dds-surface</source>
          </sampler2D>
        </newparam>
        <technique sid="common">
          <lambert>
            <emission>
              <color sid="emission">0 0 0 1</color>
            </emission>
            <diffuse>
              <texture texture="flamethrower_dds-sampler" texcoord="UVMap"/>
            </diffuse>
            <index_of_refraction>
              <float sid="ior">1.5</float>
            </index_of_refraction>
          </lambert>
        </technique>
      </profile_COMMON>
    </effect>
    <effect id="flamethrower_metal-effect">
      <profile_COMMON>
        <newparam sid="flamethrower_dds-surface">
          <surface type="2D">
            <init_from>flamethrower_dds</init_from>
          </surface>
        </newparam>
        <newparam sid="flamethrower_dds-sampler">
          <sampler2D>
            <source>flamethrower_dds-surface</source>
          </sampler2D>
        </newparam>
        <technique sid="common">
          <lambert>
            <emission>
              <color sid="emission">0 0 0 1</color>
            </emission>
            <diffuse>
              <texture texture="flamethrower_dds-sampler" texcoord="UVMap"/>
            </diffuse>
            <reflectivity>
              <float sid="specular">0.1524823</float>
            </reflectivity>
            <index_of_refraction>
              <float sid="ior">1.5</float>
            </index_of_refraction>
          </lambert>
        </technique>
      </profile_COMMON>
    </effect>
    <effect id="flamethrower_gauge__-effect">
      <profile_COMMON>
        <technique sid="common">
          <lambert>
            <emission>
              <color sid="emission">0 0 0 1</color>
            </emission>
            <diffuse>
              <color sid="diffuse">0.8 0.8 0.8 1</color>
            </diffuse>
            <index_of_refraction>
              <float sid="ior">1.5</float>
            </index_of_refraction>
          </lambert>
        </technique>
      </profile_COMMON>
    </effect>
  </library_effects>
  <library_images>
    <image id="flamethrower_dds" name="flamethrower_dds">
      <init_from>flamethrower.dds</init_from>
    </image>
  </library_images>
  <library_materials>
    <material id="flamethrower_ammo-material" name="flamethrower_ammo">
      <instance_effect url="#flamethrower_ammo-effect"/>
    </material>
    <material id="flamethrower_metal_bare-material" name="flamethrower_metal_bare">
      <instance_effect url="#flamethrower_metal_bare-effect"/>
    </material>
    <material id="flamethrower_metal-material" name="flamethrower_metal">
      <instance_effect url="#flamethrower_metal-effect"/>
    </material>
    <material id="flamethrower_gauge__-material" name="flamethrower_gauge=?">
      <instance_effect url="#flamethrower_gauge__-effect"/>
    </material>
  </library_materials>
  <library_geometries>
    <geometry id="default_default-mesh" name="default:default">
      <mesh>
        <source id="default_default-mesh-positions">
          <float_array id="default_default-mesh-positions-array" count="20142">4.145312 -5.550626 -10.08604 1.805971 -2.3673 -10.18566 5.927856 -4.308221 -12.24423 3.87266 -1.141219 -12.55731 6.00365 -4.041025 -12.46656 5.927856 -4.308221 -12.24423 3.87266 -1.141219 -12.55731 5.379727 -2.283353 -13.04656 6.00365 -4.041025 -12.46656 4.145312 -5.550626 -10.08604 3.865919 -5.531834 -9.87782 1.805971 -2.3673 -10.18566 5.927856 -4.308221 -12.24423 3.588515 -1.124895 -12.34385 3.87266 -1.141219 -12.55731 5.927856 -4.308221 -12.24423 1.805971 -2.3673 -10.18566 3.588515 -1.124895 -12.34385 1.734109 -2.630912 -9.968602 1.805971 -2.3673 -10.18566 3.865919 -5.531834 -9.87782 3.865919 -5.531834 -9.87782 2.35375 -4.392411 -9.382903 1.734109 -2.630912 -9.968602 14.96524 2.441774 -0.9679623 13.12155 1.156749 1.264266 4.338871 -5.646986 -9.906439 4.338871 -5.646986 -9.906439 6.182566 -4.361958 -12.13867 14.96524 2.441774 -0.9679623 15.06635 2.798226 -1.264562 14.96524 2.441774 -0.9679623 6.182566 -4.361958 -12.13867 6.182566 -4.361958 -12.13867 6.283678 -4.005505 -12.43527 15.06635 2.798226 -1.264562 12.77204 5.920283 -1.362263 14.39461 4.690612 -1.889015 5.611936 -2.113121 -13.05972 5.611936 -2.113121 -13.05972 3.989362 -0.8834493 -12.53297 12.77204 5.920283 -1.362263 14.39461 4.690612 -1.889015 15.06635 2.798226 -1.264562 6.283678 -4.005505 -12.43527 6.283678 -4.005505 -12.43527 5.611936 -2.113121 -13.05972 14.39461 4.690612 -1.889015 13.12155 1.156749 1.264266 12.74735 1.181918 1.54314 3.964674 -5.621815 -9.627566 3.964674 -5.621815 -9.627566 4.338871 -5.646986 -9.906439 13.12155 1.156749 1.264266 12.39298 5.942059 -1.077499 12.77204 5.920283 -1.362263 3.989362 -0.8834493 -12.53297 3.989362 -0.8834493 -12.53297 3.610301 -0.8616734 -12.2482 12.39298 5.942059 -1.077499 10.54928 4.657032 1.154729 12.39298 5.942059 -1.077499 3.610301 -0.8616734 -12.2482 3.610301 -0.8616734 -12.2482 1.766605 -2.1467 -10.01598 10.54928 4.657032 1.154729 10.45303 4.303972 1.445438 10.54928 4.657032 1.154729 1.766605 -2.1467 -10.01598 1.766605 -2.1467 -10.01598 1.670357 -2.499758 -9.725268 10.45303 4.303972 1.445438 12.74735 1.181918 1.54314 11.11991 2.408197 2.075783 2.337234 -4.395535 -9.094922 2.337234 -4.395535 -9.094922 3.964674 -5.621815 -9.627566 12.74735 1.181918 1.54314 11.11991 2.408197 2.075783 10.45303 4.303972 1.445438 1.670357 -2.499758 -9.725268 1.670357 -2.499758 -9.725268 2.337234 -4.395535 -9.094922 11.11991 2.408197 2.075783 14.96524 2.441774 -0.9679623 15.06635 2.798226 -1.264562 12.39298 5.942059 -1.077499 15.06635 2.798226 -1.264562 12.77204 5.920283 -1.362263 12.39298 5.942059 -1.077499 15.06635 2.798226 -1.264562 14.39461 4.690612 -1.889015 12.77204 5.920283 -1.362263 14.96524 2.441774 -0.9679623 12.39298 5.942059 -1.077499 13.12155 1.156749 1.264266 12.39298 5.942059 -1.077499 10.54928 4.657032 1.154729 13.12155 1.156749 1.264266 10.54928 4.657032 1.154729 10.45303 4.303972 1.445438 12.74735 1.181918 1.54314 10.54928 4.657032 1.154729 12.74735 1.181918 1.54314 13.12155 1.156749 1.264266 10.45303 4.303972 1.445438 11.11991 2.408197 2.075783 12.74735 1.181918 1.54314 6.182566 -4.361958 -12.13867 4.338871 -5.646986 -9.906439 4.145312 -5.550626 -10.08604 4.145312 -5.550626 -10.08604 5.927856 -4.308221 -12.24423 6.182566 -4.361958 -12.13867 6.283678 -4.005505 -12.43527 6.182566 -4.361958 -12.13867 5.927856 -4.308221 -12.24423 5.927856 -4.308221 -12.24423 6.00365 -4.041025 -12.46656 6.283678 -4.005505 -12.43527 3.989362 -0.8834493 -12.53297 5.611936 -2.113121 -13.05972 5.379727 -2.283353 -13.04656 5.379727 -2.283353 -13.04656 3.87266 -1.141219 -12.55731 3.989362 -0.8834493 -12.53297 5.611936 -2.113121 -13.05972 6.283678 -4.005505 -12.43527 6.00365 -4.041025 -12.46656 6.00365 -4.041025 -12.46656 5.379727 -2.283353 -13.04656 5.611936 -2.113121 -13.05972 4.338871 -5.646986 -9.906439 3.964674 -5.621815 -9.627566 3.865919 -5.531834 -9.87782 3.865919 -5.531834 -9.87782 4.145312 -5.550626 -10.08604 4.338871 -5.646986 -9.906439 3.610301 -0.8616734 -12.2482 3.989362 -0.8834493 -12.53297 3.87266 -1.141219 -12.55731 3.87266 -1.141219 -12.55731 3.588515 -1.124895 -12.34385 3.610301 -0.8616734 -12.2482 1.766605 -2.1467 -10.01598 3.610301 -0.8616734 -12.2482 3.588515 -1.124895 -12.34385 3.588515 -1.124895 -12.34385 1.805971 -2.3673 -10.18566 1.766605 -2.1467 -10.01598 1.670357 -2.499758 -9.725268 1.766605 -2.1467 -10.01598 1.805971 -2.3673 -10.18566 1.805971 -2.3673 -10.18566 1.734109 -2.630912 -9.968602 1.670357 -2.499758 -9.725268 3.964674 -5.621815 -9.627566 2.337234 -4.395535 -9.094922 2.35375 -4.392411 -9.382903 2.35375 -4.392411 -9.382903 3.865919 -5.531834 -9.87782 3.964674 -5.621815 -9.627566 2.337234 -4.395535 -9.094922 1.670357 -2.499758 -9.725268 1.734109 -2.630912 -9.968602 1.734109 -2.630912 -9.968602 2.35375 -4.392411 -9.382903 2.337234 -4.395535 -9.094922 19.24054 5.598052 8.2438 20.35392 4.082992 8.291212 19.70945 4.787779 8.643322 19.22186 6.039165 7.326678 20.35392 4.082992 8.291212 19.24054 5.598052 8.2438 19.66436 5.85272 6.429195 20.35392 4.082992 8.291212 19.22186 6.039165 7.326678 20.30882 5.147934 6.077085 20.35392 4.082992 8.291212 19.66436 5.85272 6.429195 20.77774 4.337659 6.476607 20.35392 4.082992 8.291212 20.30882 5.147934 6.077085 20.79641 3.896546 7.393729 20.35392 4.082992 8.291212 20.77774 4.337659 6.476607 20.70886 4.347587 8.411247 20.79641 3.896546 7.393729 21.15136 4.161143 7.513766 20.35392 4.082992 8.291212 20.79641 3.896546 7.393729 20.70886 4.347587 8.411247 20.0644 5.052375 8.76336 20.35392 4.082992 8.291212 20.70886 4.347587 8.411247 19.70945 4.787779 8.643322 20.35392 4.082992 8.291212 20.0644 5.052375 8.76336 19.59548 5.862648 8.363835 19.70945 4.787779 8.643322 20.0644 5.052375 8.76336 19.24054 5.598052 8.2438 19.70945 4.787779 8.643322 19.59548 5.862648 8.363835 19.57681 6.303761 7.446715 19.24054 5.598052 8.2438 19.59548 5.862648 8.363835 19.22186 6.039165 7.326678 19.24054 5.598052 8.2438 19.57681 6.303761 7.446715 20.0193 6.117318 6.549231 19.22186 6.039165 7.326678 19.57681 6.303761 7.446715 19.66436 5.85272 6.429195 19.22186 6.039165 7.326678 20.0193 6.117318 6.549231 20.66377 5.412529 6.197119 19.66436 5.85272 6.429195 20.0193 6.117318 6.549231 20.30882 5.147934 6.077085 19.66436 5.85272 6.429195 20.66377 5.412529 6.197119 21.15136 4.161143 7.513766 20.77774 4.337659 6.476607 21.13268 4.602257 6.596643 20.79641 3.896546 7.393729 20.77774 4.337659 6.476607 21.15136 4.161143 7.513766 20.70886 4.347587 8.411247 21.15136 4.161143 7.513766 20.0644 5.052375 8.76336 20.0644 5.052375 8.76336 21.15136 4.161143 7.513766 19.59548 5.862648 8.363835 19.59548 5.862648 8.363835 21.15136 4.161143 7.513766 19.57681 6.303761 7.446715 19.57681 6.303761 7.446715 21.15136 4.161143 7.513766 20.0193 6.117318 6.549231 20.0193 6.117318 6.549231 21.15136 4.161143 7.513766 20.66377 5.412529 6.197119 20.66377 5.412529 6.197119 21.15136 4.161143 7.513766 21.13268 4.602257 6.596643 20.77774 4.337659 6.476607 20.30882 5.147934 6.077085 21.42763 3.839504 5.652978 21.07769 4.444185 5.354827 21.42763 3.839504 5.652978 20.30882 5.147934 6.077085 20.30882 5.147934 6.077085 20.66377 5.412529 6.197119 21.07769 4.444185 5.354827 21.43264 4.70878 5.474862 21.07769 4.444185 5.354827 20.66377 5.412529 6.197119 20.66377 5.412529 6.197119 21.13268 4.602257 6.596643 21.43264 4.70878 5.474862 21.78257 4.104099 5.773014 21.43264 4.70878 5.474862 21.13268 4.602257 6.596643 21.13268 4.602257 6.596643 20.77774 4.337659 6.476607 21.78257 4.104099 5.773014 21.42763 3.839504 5.652978 21.78257 4.104099 5.773014 20.77774 4.337659 6.476607 21.43264 4.70878 5.474862 21.78257 4.104099 5.773014 21.42763 3.839504 5.652978 21.42763 3.839504 5.652978 21.07769 4.444185 5.354827 21.43264 4.70878 5.474862 15.29376 10.96874 8.075728 16.40714 9.453684 8.123141 15.76267 10.15847 8.475251 15.29376 10.96874 8.075728 16.84964 9.267237 7.225657 16.40714 9.453684 8.123141 15.29376 10.96874 8.075728 16.83096 9.708351 6.308535 16.84964 9.267237 7.225657 15.29376 10.96874 8.075728 16.36205 10.51863 5.909014 16.83096 9.708351 6.308535 15.29376 10.96874 8.075728 15.71758 11.22341 6.261123 16.36205 10.51863 5.909014 15.29376 10.96874 8.075728 15.27508 11.40986 7.158606 15.71758 11.22341 6.261123 15.27508 11.40986 7.158606 15.64871 11.23334 8.195764 15.63003 11.67445 7.278643 15.27508 11.40986 7.158606 15.29376 10.96874 8.075728 15.64871 11.23334 8.195764 15.29376 10.96874 8.075728 16.11762 10.42307 8.595288 15.64871 11.23334 8.195764 15.29376 10.96874 8.075728 15.76267 10.15847 8.475251 16.11762 10.42307 8.595288 15.76267 10.15847 8.475251 16.76208 9.71828 8.243176 16.11762 10.42307 8.595288 15.76267 10.15847 8.475251 16.40714 9.453684 8.123141 16.76208 9.71828 8.243176 16.40714 9.453684 8.123141 17.20458 9.531832 7.345692 16.76208 9.71828 8.243176 16.40714 9.453684 8.123141 16.84964 9.267237 7.225657 17.20458 9.531832 7.345692 16.84964 9.267237 7.225657 17.18591 9.972947 6.428572 17.20458 9.531832 7.345692 16.84964 9.267237 7.225657 16.83096 9.708351 6.308535 17.18591 9.972947 6.428572 16.83096 9.708351 6.308535 16.71699 10.78322 6.029047 17.18591 9.972947 6.428572 16.83096 9.708351 6.308535 16.36205 10.51863 5.909014 16.71699 10.78322 6.029047 15.71758 11.22341 6.261123 15.63003 11.67445 7.278643 16.07253 11.48801 6.381159 15.71758 11.22341 6.261123 15.27508 11.40986 7.158606 15.63003 11.67445 7.278643 15.63003 11.67445 7.278643 15.64871 11.23334 8.195764 16.11762 10.42307 8.595288 15.63003 11.67445 7.278643 16.11762 10.42307 8.595288 16.76208 9.71828 8.243176 15.63003 11.67445 7.278643 16.76208 9.71828 8.243176 17.20458 9.531832 7.345692 15.63003 11.67445 7.278643 17.20458 9.531832 7.345692 17.18591 9.972947 6.428572 15.63003 11.67445 7.278643 17.18591 9.972947 6.428572 16.71699 10.78322 6.029047 15.63003 11.67445 7.278643 16.71699 10.78322 6.029047 16.07253 11.48801 6.381159 16.36205 10.51863 5.909014 15.71758 11.22341 6.261123 15.46144 11.95817 5.398911 15.46144 11.95817 5.398911 15.94238 11.4322 5.136143 16.36205 10.51863 5.909014 16.71699 10.78322 6.029047 16.36205 10.51863 5.909014 15.94238 11.4322 5.136143 15.94238 11.4322 5.136143 16.29733 11.6968 5.256177 16.71699 10.78322 6.029047 16.07253 11.48801 6.381159 16.71699 10.78322 6.029047 16.29733 11.6968 5.256177 16.29733 11.6968 5.256177 15.81638 12.22276 5.518947 16.07253 11.48801 6.381159 15.71758 11.22341 6.261123 16.07253 11.48801 6.381159 15.81638 12.22276 5.518947 15.81638 12.22276 5.518947 15.46144 11.95817 5.398911 15.71758 11.22341 6.261123 15.81638 12.22276 5.518947 16.29733 11.6968 5.256177 15.46144 11.95817 5.398911 15.94238 11.4322 5.136143 15.46144 11.95817 5.398911 16.29733 11.6968 5.256177 9.189847 6.418541 6.011502 10.30323 4.903481 6.058914 9.65876 5.608268 6.411025 9.189847 6.418541 6.011502 10.74572 4.717035 5.161431 10.30323 4.903481 6.058914 9.189847 6.418541 6.011502 10.72704 5.15815 4.244309 10.74572 4.717035 5.161431 9.189847 6.418541 6.011502 10.25813 5.968423 3.844787 10.72704 5.15815 4.244309 9.189847 6.418541 6.011502 9.613666 6.67321 4.196897 10.25813 5.968423 3.844787 9.189847 6.418541 6.011502 9.171169 6.859654 5.09438 9.613666 6.67321 4.196897 9.171169 6.859654 5.09438 9.544791 6.683139 6.131537 9.526115 7.124251 5.214416 9.171169 6.859654 5.09438 9.189847 6.418541 6.011502 9.544791 6.683139 6.131537 9.189847 6.418541 6.011502 10.0137 5.872864 6.53106 9.544791 6.683139 6.131537 9.189847 6.418541 6.011502 9.65876 5.608268 6.411025 10.0137 5.872864 6.53106 9.65876 5.608268 6.411025 10.65817 5.168078 6.178949 10.0137 5.872864 6.53106 9.65876 5.608268 6.411025 10.30323 4.903481 6.058914 10.65817 5.168078 6.178949 10.30323 4.903481 6.058914 11.10067 4.981631 5.281467 10.65817 5.168078 6.178949 10.30323 4.903481 6.058914 10.74572 4.717035 5.161431 11.10067 4.981631 5.281467 10.74572 4.717035 5.161431 11.08199 5.422746 4.364345 11.10067 4.981631 5.281467 10.74572 4.717035 5.161431 10.72704 5.15815 4.244309 11.08199 5.422746 4.364345 10.72704 5.15815 4.244309 10.61308 6.233021 3.964824 11.08199 5.422746 4.364345 10.72704 5.15815 4.244309 10.25813 5.968423 3.844787 10.61308 6.233021 3.964824 10.25813 5.968423 3.844787 9.968611 6.937806 4.316933 10.61308 6.233021 3.964824 10.25813 5.968423 3.844787 9.613666 6.67321 4.196897 9.968611 6.937806 4.316933 9.613666 6.67321 4.196897 9.526115 7.124251 5.214416 9.968611 6.937806 4.316933 9.613666 6.67321 4.196897 9.171169 6.859654 5.09438 9.526115 7.124251 5.214416 9.526115 7.124251 5.214416 9.544791 6.683139 6.131537 10.0137 5.872864 6.53106 9.526115 7.124251 5.214416 10.0137 5.872864 6.53106 10.65817 5.168078 6.178949 9.526115 7.124251 5.214416 10.65817 5.168078 6.178949 11.10067 4.981631 5.281467 9.526115 7.124251 5.214416 11.10067 4.981631 5.281467 11.08199 5.422746 4.364345 9.526115 7.124251 5.214416 11.08199 5.422746 4.364345 10.61308 6.233021 3.964824 9.526115 7.124251 5.214416 10.61308 6.233021 3.964824 9.968611 6.937806 4.316933 13.13663 1.047851 6.179571 14.25 -0.4672072 6.226983 13.60554 0.2375786 6.579094 13.11795 1.488964 5.262449 14.25 -0.4672072 6.226983 13.13663 1.047851 6.179571 13.56045 1.302521 4.364966 14.25 -0.4672072 6.226983 13.11795 1.488964 5.262449 14.20491 0.5977331 4.012856 14.25 -0.4672072 6.226983 13.56045 1.302521 4.364966 14.67382 -0.2125396 4.412379 14.25 -0.4672072 6.226983 14.20491 0.5977331 4.012856 14.6925 -0.6536548 5.3295 14.25 -0.4672072 6.226983 14.67382 -0.2125396 4.412379 14.60495 -0.2026112 6.347019 14.6925 -0.6536548 5.3295 15.04745 -0.389058 5.449537 14.25 -0.4672072 6.226983 14.6925 -0.6536548 5.3295 14.60495 -0.2026112 6.347019 13.96048 0.5021746 6.69913 14.25 -0.4672072 6.226983 14.60495 -0.2026112 6.347019 13.60554 0.2375786 6.579094 14.25 -0.4672072 6.226983 13.96048 0.5021746 6.69913 13.49157 1.312449 6.299607 13.60554 0.2375786 6.579094 13.96048 0.5021746 6.69913 13.13663 1.047851 6.179571 13.60554 0.2375786 6.579094 13.49157 1.312449 6.299607 13.47289 1.753561 5.382486 13.13663 1.047851 6.179571 13.49157 1.312449 6.299607 13.11795 1.488964 5.262449 13.13663 1.047851 6.179571 13.47289 1.753561 5.382486 13.91539 1.567117 4.485002 13.11795 1.488964 5.262449 13.47289 1.753561 5.382486 13.56045 1.302521 4.364966 13.11795 1.488964 5.262449 13.91539 1.567117 4.485002 14.55986 0.86233 4.132893 13.56045 1.302521 4.364966 13.91539 1.567117 4.485002 14.20491 0.5977331 4.012856 13.56045 1.302521 4.364966 14.55986 0.86233 4.132893 15.02877 0.05205631 4.532414 14.20491 0.5977331 4.012856 14.55986 0.86233 4.132893 14.67382 -0.2125396 4.412379 14.20491 0.5977331 4.012856 15.02877 0.05205631 4.532414 15.04745 -0.389058 5.449537 14.67382 -0.2125396 4.412379 15.02877 0.05205631 4.532414 14.6925 -0.6536548 5.3295 14.67382 -0.2125396 4.412379 15.04745 -0.389058 5.449537 14.60495 -0.2026112 6.347019 15.04745 -0.389058 5.449537 13.96048 0.5021746 6.69913 13.96048 0.5021746 6.69913 15.04745 -0.389058 5.449537 13.49157 1.312449 6.299607 13.49157 1.312449 6.299607 15.04745 -0.389058 5.449537 13.47289 1.753561 5.382486 13.47289 1.753561 5.382486 15.04745 -0.389058 5.449537 13.91539 1.567117 4.485002 13.91539 1.567117 4.485002 15.04745 -0.389058 5.449537 14.55986 0.86233 4.132893 14.55986 0.86233 4.132893 15.04745 -0.389058 5.449537 15.02877 0.05205631 4.532414 20.47292 4.757019 14.23521 20.33727 4.941872 14.22928 19.57378 4.131706 15.323 19.43873 4.315608 15.31717 19.57378 4.131706 15.323 20.33727 4.941872 14.22928 19.32925 4.015716 12.86386 19.36783 4.190873 12.9964 19.50354 4.006064 13.00226 18.43012 3.390399 13.95164 19.32925 4.015716 12.86386 18.60441 3.380751 14.09004 19.50354 4.006064 13.00226 18.60441 3.380751 14.09004 19.32925 4.015716 12.86386 19.50354 4.006064 13.00226 19.36783 4.190873 12.9964 20.47292 4.757019 14.23521 20.33727 4.941872 14.22928 19.36783 4.190873 12.9964 18.469 3.565076 14.08424 18.60441 3.380751 14.09004 19.50354 4.006064 13.00226 19.57378 4.131706 15.323 20.47292 4.757019 14.23521 19.57378 4.131706 15.323 19.50354 4.006064 13.00226 19.57378 4.131706 15.323 18.469 3.565076 14.08424 18.60441 3.380751 14.09004 19.43873 4.315608 15.31717 20.33727 4.941872 14.22928 18.469 3.565076 14.08424 18.469 3.565076 14.08424 19.57378 4.131706 15.323 19.43873 4.315608 15.31717 18.60441 3.380751 14.09004 18.469 3.565076 14.08424 18.43012 3.390399 13.95164 19.36783 4.190873 12.9964 20.33727 4.941872 14.22928 20.47292 4.757019 14.23521 19.32925 4.015716 12.86386 18.43012 3.390399 13.95164 18.469 3.565076 14.08424 18.469 3.565076 14.08424 19.36783 4.190873 12.9964 19.32925 4.015716 12.86386 7.518945 0.1181479 -0.9468675 9.428458 1.559817 0.2809682 8.640294 0.9492449 -0.721499 7.518945 0.1181479 -0.9468675 9.582384 1.716645 1.677626 9.428458 1.559817 0.2809682 7.518945 0.1181479 -0.9468675 9.043281 1.359821 2.934996 9.582384 1.716645 1.677626 6.492731 -0.6160294 -0.3090549 7.960355 -0.4825133 -0.9280706 6.93414 -1.216691 -0.290257 6.492731 -0.6160294 -0.3090549 7.518945 0.1181479 -0.9468675 7.960355 -0.4825133 -0.9280706 7.518945 0.1181479 -0.9468675 9.081702 0.3485867 -0.7027021 7.960355 -0.4825133 -0.9280706 7.518945 0.1181479 -0.9468675 8.640294 0.9492449 -0.721499 9.081702 0.3485867 -0.7027021 8.640294 0.9492449 -0.721499 9.869865 0.9591584 0.2997651 9.081702 0.3485867 -0.7027021 8.640294 0.9492449 -0.721499 9.428458 1.559817 0.2809682 9.869865 0.9591584 0.2997651 9.428458 1.559817 0.2809682 10.02379 1.115983 1.696423 9.869865 0.9591584 0.2997651 9.428458 1.559817 0.2809682 9.582384 1.716645 1.677626 10.02379 1.115983 1.696423 9.582384 1.716645 1.677626 9.484691 0.75916 2.953793 10.02379 1.115983 1.696423 9.582384 1.716645 1.677626 9.043281 1.359821 2.934996 9.484691 0.75916 2.953793 9.869865 0.9591584 0.2997651 7.960355 -0.4825133 -0.9280706 9.081702 0.3485867 -0.7027021 10.02379 1.115983 1.696423 7.960355 -0.4825133 -0.9280706 9.869865 0.9591584 0.2997651 9.484691 0.75916 2.953793 7.960355 -0.4825133 -0.9280706 10.02379 1.115983 1.696423 6.93414 -1.216691 -0.290257 7.960355 -0.4825133 -0.9280706 9.484691 0.75916 2.953793 7.829933 0.5141373 4.404039 6.492731 -0.6160294 -0.3090549 5.279383 -1.461714 1.159988 7.829933 0.5141373 4.404039 9.043281 1.359821 2.934996 6.492731 -0.6160294 -0.3090549 7.518945 0.1181479 -0.9468675 6.492731 -0.6160294 -0.3090549 9.043281 1.359821 2.934996 6.492731 -0.6160294 -0.3090549 6.93414 -1.216691 -0.290257 5.720792 -2.062376 1.178785 5.720792 -2.062376 1.178785 5.279383 -1.461714 1.159988 6.492731 -0.6160294 -0.3090549 9.484691 0.75916 2.953793 9.043281 1.359821 2.934996 7.829933 0.5141373 4.404039 7.829933 0.5141373 4.404039 8.271344 -0.086524 4.422836 9.484691 0.75916 2.953793 6.93414 -1.216691 -0.290257 9.484691 0.75916 2.953793 8.271344 -0.086524 4.422836 8.271344 -0.086524 4.422836 5.720792 -2.062376 1.178785 6.93414 -1.216691 -0.290257 8.271344 -0.086524 4.422836 7.829933 0.5141373 4.404039 5.279383 -1.461714 1.159988 8.271344 -0.086524 4.422836 5.279383 -1.461714 1.159988 5.720792 -2.062376 1.178785 10.35997 2.474747 4.354858 9.920962 2.184191 5.379381 10.27341 2.429843 4.952657 10.35997 2.474747 4.354858 9.437246 1.83162 5.472037 9.920962 2.184191 5.379381 10.35997 2.474747 4.354858 9.007025 1.506801 5.19523 9.437246 1.83162 5.472037 10.14758 2.301748 3.814322 10.88774 1.756571 4.377333 10.67535 1.583572 3.836797 10.14758 2.301748 3.814322 10.35997 2.474747 4.354858 10.88774 1.756571 4.377333 10.35997 2.474747 4.354858 10.80118 1.711668 4.975132 10.88774 1.756571 4.377333 10.35997 2.474747 4.354858 10.27341 2.429843 4.952657 10.80118 1.711668 4.975132 10.27341 2.429843 4.952657 10.44873 1.466015 5.401856 10.80118 1.711668 4.975132 10.27341 2.429843 4.952657 9.920962 2.184191 5.379381 10.44873 1.466015 5.401856 9.920962 2.184191 5.379381 9.965015 1.113445 5.494511 10.44873 1.466015 5.401856 9.920962 2.184191 5.379381 9.437246 1.83162 5.472037 9.965015 1.113445 5.494511 9.437246 1.83162 5.472037 9.534793 0.7886248 5.217705 9.965015 1.113445 5.494511 9.437246 1.83162 5.472037 9.007025 1.506801 5.19523 9.534793 0.7886248 5.217705 10.44873 1.466015 5.401856 10.88774 1.756571 4.377333 10.80118 1.711668 4.975132 9.965015 1.113445 5.494511 10.88774 1.756571 4.377333 10.44873 1.466015 5.401856 9.534793 0.7886248 5.217705 10.88774 1.756571 4.377333 9.965015 1.113445 5.494511 10.67535 1.583572 3.836797 10.88774 1.756571 4.377333 9.534793 0.7886248 5.217705 8.508907 1.12092 4.561671 10.14758 2.301748 3.814322 9.64946 1.915867 3.180763 8.508907 1.12092 4.561671 9.007025 1.506801 5.19523 10.14758 2.301748 3.814322 10.35997 2.474747 4.354858 10.14758 2.301748 3.814322 9.007025 1.506801 5.19523 10.14758 2.301748 3.814322 10.67535 1.583572 3.836797 10.17723 1.197691 3.203238 10.17723 1.197691 3.203238 9.64946 1.915867 3.180763 10.14758 2.301748 3.814322 9.534793 0.7886248 5.217705 9.007025 1.506801 5.19523 8.508907 1.12092 4.561671 8.508907 1.12092 4.561671 9.036675 0.4027438 4.584146 9.534793 0.7886248 5.217705 10.67535 1.583572 3.836797 9.534793 0.7886248 5.217705 9.036675 0.4027438 4.584146 9.036675 0.4027438 4.584146 10.17723 1.197691 3.203238 10.67535 1.583572 3.836797 9.036675 0.4027438 4.584146 8.508907 1.12092 4.561671 9.64946 1.915867 3.180763 9.036675 0.4027438 4.584146 9.64946 1.915867 3.180763 10.17723 1.197691 3.203238 15.42154 5.201451 2.229089 17.87525 4.998747 2.773733 16.38622 3.888738 2.270168 13.51719 4.057155 10.38261 16.1682 4.050802 12.56854 15.20352 5.363513 12.52745 13.88339 7.159921 12.47124 12.19706 5.853563 10.32639 13.16196 4.540553 10.36748 16.38622 3.888738 2.270168 17.87525 4.998747 2.773733 16.13404 3.953213 10.25227 16.13404 3.953213 10.25227 14.73779 2.898221 9.32798 16.38622 3.888738 2.270168 15.59044 8.107867 2.676434 14.10141 6.997858 2.172872 12.45298 6.00734 9.230683 12.45298 6.00734 9.230683 13.84923 7.062333 10.15497 15.59044 8.107867 2.676434 12.35737 3.11412 7.483963 13.36393 4.415801 1.63825 13.71916 3.932405 1.653378 13.36393 4.415801 1.63825 12.35737 3.11412 7.483963 12.00213 3.597516 7.468836 14.73779 2.898221 9.32798 16.13404 3.953213 10.25227 16.1682 4.050802 12.56854 16.1682 4.050802 12.56854 14.48187 2.744444 10.42369 14.73779 2.898221 9.32798 14.84828 5.84691 12.51233 14.94337 7.9101 11.55189 13.88339 7.159921 12.47124 15.20352 5.363513 12.52745 16.1682 4.050802 12.56854 17.22818 4.800981 11.64919 13.84923 7.062333 10.15497 12.45298 6.00734 9.230683 12.19706 5.853563 10.32639 12.19706 5.853563 10.32639 13.88339 7.159921 12.47124 13.84923 7.062333 10.15497 12.70404 3.039681 8.705374 13.94923 3.973136 9.293264 13.7691 3.864759 10.06003 11.99838 3.999933 8.675324 11.97747 3.622956 8.860927 13.06345 4.825024 10.03 15.24057 5.727006 8.980145 14.45932 6.790112 8.946876 15.60296 7.676035 10.40074 15.24057 5.727006 8.980145 17.23659 5.453029 10.47031 16.09295 4.567105 9.016444 16.1682 4.050802 12.56854 16.13404 3.953213 10.25227 17.22818 4.800981 11.64919 13.88339 7.159921 12.47124 14.94337 7.9101 11.55189 13.84923 7.062333 10.15497 14.94337 7.9101 11.55189 17.22818 4.800981 11.64919 17.23659 5.453029 10.47031 17.23659 5.453029 10.47031 15.60296 7.676035 10.40074 14.94337 7.9101 11.55189 13.84923 7.062333 10.15497 14.94337 7.9101 11.55189 15.60296 7.676035 10.40074 15.60296 7.676035 10.40074 14.45932 6.790112 8.946876 13.84923 7.062333 10.15497 17.22818 4.800981 11.64919 16.13404 3.953213 10.25227 16.09295 4.567105 9.016444 16.09295 4.567105 9.016444 17.23659 5.453029 10.47031 17.22818 4.800981 11.64919 13.84923 7.062333 10.15497 14.45932 6.790112 8.946876 15.59044 8.107867 2.676434 15.59044 8.107867 2.676434 15.24057 5.727006 8.980145 17.87525 4.998747 2.773733 14.45932 6.790112 8.946876 15.24057 5.727006 8.980145 15.59044 8.107867 2.676434 16.13404 3.953213 10.25227 17.87525 4.998747 2.773733 16.09295 4.567105 9.016444 15.5301 4.922976 2.522051 14.73779 2.898221 9.32798 13.94923 3.973136 9.293264 14.73779 2.898221 9.32798 15.5301 4.922976 2.522051 16.38622 3.888738 2.270168 14.82444 5.883234 2.492003 14.10141 6.997858 2.172872 15.0663 5.684846 2.21396 14.10141 6.997858 2.172872 14.82444 5.883234 2.492003 12.45298 6.00734 9.230683 13.94923 3.973136 9.293264 14.73779 2.898221 9.32798 13.7691 3.864759 10.06003 14.48187 2.744444 10.42369 13.7691 3.864759 10.06003 14.73779 2.898221 9.32798 13.06345 4.825024 10.03 12.45298 6.00734 9.230683 13.24357 4.933389 9.263213 13.06345 4.825024 10.03 13.16196 4.540553 10.36748 12.19706 5.853563 10.32639 17.23659 5.453029 10.47031 15.24057 5.727006 8.980145 15.60296 7.676035 10.40074 15.24057 5.727006 8.980145 16.09295 4.567105 9.016444 17.87525 4.998747 2.773733 15.0663 5.684846 2.21396 14.10141 6.997858 2.172872 15.59044 8.107867 2.676434 17.87525 4.998747 2.773733 15.42154 5.201451 2.229089 15.59044 8.107867 2.676434 14.05667 3.824598 2.023766 15.5301 4.922976 2.522051 13.94923 3.973136 9.293264 12.3327 3.139559 8.876055 11.75773 3.43966 8.163726 12.11297 2.956263 8.178854 11.75773 3.43966 8.163726 12.3327 3.139559 8.876055 11.97747 3.622956 8.860927 12.01803 3.981788 7.633883 11.83546 3.863866 8.152994 13.24357 4.933389 9.263213 13.351 4.784848 1.993714 12.01803 3.981788 7.633883 14.82444 5.883234 2.492003 12.70404 3.039681 8.705374 12.54113 2.903614 8.183044 13.94923 3.973136 9.293264 13.36393 4.415801 1.63825 13.351 4.784848 1.993714 15.0663 5.684846 2.21396 12.7237 3.021536 7.663933 14.05667 3.824598 2.023766 13.94923 3.973136 9.293264 13.7691 3.864759 10.06003 13.51719 4.057155 10.38261 12.3327 3.139559 8.876055 16.1682 4.050802 12.56854 13.51719 4.057155 10.38261 14.48187 2.744444 10.42369 13.51719 4.057155 10.38261 11.97747 3.622956 8.860927 12.3327 3.139559 8.876055 12.35737 3.11412 7.483963 13.71916 3.932405 1.653378 14.05667 3.824598 2.023766 14.05667 3.824598 2.023766 12.7237 3.021536 7.663933 12.35737 3.11412 7.483963 13.36393 4.415801 1.63825 12.00213 3.597516 7.468836 12.01803 3.981788 7.633883 12.01803 3.981788 7.633883 13.351 4.784848 1.993714 13.36393 4.415801 1.63825 13.16196 4.540553 10.36748 13.06345 4.825024 10.03 11.97747 3.622956 8.860927 15.42154 5.201451 2.229089 14.05667 3.824598 2.023766 13.71916 3.932405 1.653378 12.54113 2.903614 8.183044 12.11297 2.956263 8.178854 12.7237 3.021536 7.663933 12.54113 2.903614 8.183044 12.70404 3.039681 8.705374 12.3327 3.139559 8.876055 11.75773 3.43966 8.163726 11.97747 3.622956 8.860927 11.99838 3.999933 8.675324 11.83546 3.863866 8.152994 12.01803 3.981788 7.633883 12.00213 3.597516 7.468836 14.82444 5.883234 2.492003 15.0663 5.684846 2.21396 13.351 4.784848 1.993714 13.7691 3.864759 10.06003 12.3327 3.139559 8.876055 12.70404 3.039681 8.705374 14.84828 5.84691 12.51233 13.16196 4.540553 10.36748 13.51719 4.057155 10.38261 13.16196 4.540553 10.36748 11.97747 3.622956 8.860927 13.51719 4.057155 10.38261 13.71916 3.932405 1.653378 13.36393 4.415801 1.63825 15.0663 5.684846 2.21396 13.71916 3.932405 1.653378 15.0663 5.684846 2.21396 15.42154 5.201451 2.229089 15.42154 5.201451 2.229089 15.0663 5.684846 2.21396 15.59044 8.107867 2.676434 12.45298 6.00734 9.230683 13.06345 4.825024 10.03 12.19706 5.853563 10.32639 11.99838 3.999933 8.675324 13.06345 4.825024 10.03 13.24357 4.933389 9.263213 13.7691 3.864759 10.06003 14.48187 2.744444 10.42369 13.51719 4.057155 10.38261 12.01803 3.981788 7.633883 13.24357 4.933389 9.263213 14.82444 5.883234 2.492003 13.24357 4.933389 9.263213 12.45298 6.00734 9.230683 14.82444 5.883234 2.492003 14.05667 3.824598 2.023766 15.42154 5.201451 2.229089 15.5301 4.922976 2.522051 15.5301 4.922976 2.522051 15.42154 5.201451 2.229089 16.38622 3.888738 2.270168 11.75773 3.43966 8.163726 11.83546 3.863866 8.152994 12.00213 3.597516 7.468836 11.83546 3.863866 8.152994 11.99838 3.999933 8.675324 13.24357 4.933389 9.263213 11.83546 3.863866 8.152994 11.75773 3.43966 8.163726 11.99838 3.999933 8.675324 12.00213 3.597516 7.468836 12.11297 2.956263 8.178854 11.75773 3.43966 8.163726 12.11297 2.956263 8.178854 12.00213 3.597516 7.468836 12.35737 3.11412 7.483963 12.11297 2.956263 8.178854 12.35737 3.11412 7.483963 12.7237 3.021536 7.663933 12.11297 2.956263 8.178854 12.54113 2.903614 8.183044 12.3327 3.139559 8.876055 12.54113 2.903614 8.183044 12.7237 3.021536 7.663933 13.94923 3.973136 9.293264 14.94337 7.9101 11.55189 14.84828 5.84691 12.51233 17.22818 4.800981 11.64919 13.16196 4.540553 10.36748 14.84828 5.84691 12.51233 13.88339 7.159921 12.47124 13.51719 4.057155 10.38261 15.20352 5.363513 12.52745 14.84828 5.84691 12.51233 14.84828 5.84691 12.51233 15.20352 5.363513 12.52745 17.22818 4.800981 11.64919 23.70348 12.30252 22.7573 23.45192 12.41347 22.76285 23.48232 12.14072 22.78042 23.70348 12.30252 22.7573 23.67307 12.57527 22.73973 23.45192 12.41347 22.76285 23.70348 12.30252 22.7573 23.92464 12.46432 22.73418 23.67307 12.57527 22.73973 23.70348 12.30252 22.7573 23.95504 12.19157 22.75174 23.92464 12.46432 22.73418 23.70348 12.30252 22.7573 23.73388 12.02977 22.77486 23.95504 12.19157 22.75174 23.70348 12.30252 22.7573 23.48232 12.14072 22.78042 23.73388 12.02977 22.77486 23.48232 12.14072 22.78042 23.39372 12.33641 21.6671 23.42413 12.06367 21.68467 23.48232 12.14072 22.78042 23.45192 12.41347 22.76285 23.39372 12.33641 21.6671 23.45192 12.41347 22.76285 23.61488 12.49821 21.64398 23.39372 12.33641 21.6671 23.45192 12.41347 22.76285 23.67307 12.57527 22.73973 23.61488 12.49821 21.64398 23.67307 12.57527 22.73973 23.86644 12.38727 21.63842 23.61488 12.49821 21.64398 23.67307 12.57527 22.73973 23.92464 12.46432 22.73418 23.86644 12.38727 21.63842 23.92464 12.46432 22.73418 23.89685 12.11452 21.65599 23.86644 12.38727 21.63842 23.92464 12.46432 22.73418 23.95504 12.19157 22.75174 23.89685 12.11452 21.65599 23.95504 12.19157 22.75174 23.67569 11.95272 21.67911 23.89685 12.11452 21.65599 23.95504 12.19157 22.75174 23.73388 12.02977 22.77486 23.67569 11.95272 21.67911 23.73388 12.02977 22.77486 23.42413 12.06367 21.68467 23.67569 11.95272 21.67911 23.73388 12.02977 22.77486 23.48232 12.14072 22.78042 23.42413 12.06367 21.68467 23.64529 12.22547 21.66154 23.42413 12.06367 21.68467 23.39372 12.33641 21.6671 23.64529 12.22547 21.66154 23.39372 12.33641 21.6671 23.61488 12.49821 21.64398 23.64529 12.22547 21.66154 23.61488 12.49821 21.64398 23.86644 12.38727 21.63842 23.64529 12.22547 21.66154 23.86644 12.38727 21.63842 23.89685 12.11452 21.65599 23.64529 12.22547 21.66154 23.89685 12.11452 21.65599 23.67569 11.95272 21.67911 23.64529 12.22547 21.66154 23.67569 11.95272 21.67911 23.42413 12.06367 21.68467 12.85391 0.8200181 0.9580841 12.46161 0.8464055 1.250447 10.75544 2.132005 1.808857 12.85391 0.8200181 0.9580841 14.18856 4.524833 -2.347738 14.78679 2.167207 -1.382129 14.78679 2.167207 -1.382129 14.18856 4.524833 -2.347738 14.89279 2.540903 -1.693078 14.18856 4.524833 -2.347738 12.85391 0.8200181 0.9580841 10.75544 2.132005 1.808857 14.18856 4.524833 -2.347738 10.15721 4.48963 0.8432465 12.09009 5.83682 -1.496965 12.48749 5.81399 -1.795505 14.18856 4.524833 -2.347738 12.09009 5.83682 -1.496965 10.75544 2.132005 1.808857 10.15721 4.48963 0.8432465 14.18856 4.524833 -2.347738 10.15721 4.48963 0.8432465 10.75544 2.132005 1.808857 10.0563 4.119491 1.148019 14.78679 2.167207 -1.382129 15.94693 3.357518 -0.3523202 15.84093 2.983821 -0.04137086 14.78679 2.167207 -1.382129 14.89279 2.540903 -1.693078 15.94693 3.357518 -0.3523202 14.89279 2.540903 -1.693078 15.24269 5.341447 -1.006981 15.94693 3.357518 -0.3523202 14.89279 2.540903 -1.693078 14.18856 4.524833 -2.347738 15.24269 5.341447 -1.006981 14.18856 4.524833 -2.347738 13.54163 6.630602 -0.4547472 15.24269 5.341447 -1.006981 14.18856 4.524833 -2.347738 12.48749 5.81399 -1.795505 13.54163 6.630602 -0.4547472 12.48749 5.81399 -1.795505 13.14423 6.653432 -0.156208 13.54163 6.630602 -0.4547472 12.48749 5.81399 -1.795505 12.09009 5.83682 -1.496965 13.14423 6.653432 -0.156208 12.09009 5.83682 -1.496965 10.15721 4.48963 0.8432465 13.14423 6.653432 -0.156208 10.15721 4.48963 0.8432465 11.11044 4.936104 2.488778 11.21135 5.306243 2.184005 10.15721 4.48963 0.8432465 10.0563 4.119491 1.148019 11.11044 4.936104 2.488778 10.0563 4.119491 1.148019 11.80958 2.948618 3.149614 11.11044 4.936104 2.488778 10.0563 4.119491 1.148019 10.75544 2.132005 1.808857 11.80958 2.948618 3.149614 10.75544 2.132005 1.808857 13.51574 1.663018 2.591204 11.80958 2.948618 3.149614 10.75544 2.132005 1.808857 12.46161 0.8464055 1.250447 13.51574 1.663018 2.591204 12.46161 0.8464055 1.250447 13.90804 1.636631 2.29884 13.51574 1.663018 2.591204 12.46161 0.8464055 1.250447 12.85391 0.8200181 0.9580841 13.90804 1.636631 2.29884 12.85391 0.8200181 0.9580841 14.78679 2.167207 -1.382129 13.90804 1.636631 2.29884 13.90804 1.636631 2.29884 16.00222 3.813527 2.513122 15.05482 3.153202 3.660181 16.00222 3.813527 2.513122 15.84093 2.983821 -0.04137086 15.99194 5.068819 1.756649 13.90804 1.636631 2.29884 15.84093 2.983821 -0.04137086 16.00222 3.813527 2.513122 15.84093 2.983821 -0.04137086 15.94693 3.357518 -0.3523202 15.99194 5.068819 1.756649 15.94693 3.357518 -0.3523202 15.24269 5.341447 -1.006981 15.99194 5.068819 1.756649 15.24269 5.341447 -1.006981 15.1243 6.24948 1.719702 15.99194 5.068819 1.756649 15.24269 5.341447 -1.006981 13.54163 6.630602 -0.4547472 15.1243 6.24948 1.719702 13.54163 6.630602 -0.4547472 13.14423 6.653432 -0.156208 15.1243 6.24948 1.719702 15.1243 6.24948 1.719702 13.14423 6.653432 -0.156208 14.15558 6.3264 2.434485 11.21135 5.306243 2.184005 13.14423 6.653432 -0.156208 10.15721 4.48963 0.8432465 14.15558 6.3264 2.434485 13.14423 6.653432 -0.156208 11.21135 5.306243 2.184005 14.15558 6.3264 2.434485 11.21135 5.306243 2.184005 13.20817 5.666074 3.581542 11.21135 5.306243 2.184005 11.11044 4.936104 2.488778 13.20817 5.666074 3.581542 13.51574 1.663018 2.591204 13.90804 1.636631 2.29884 15.05482 3.153202 3.660181 13.90804 1.636631 2.29884 14.78679 2.167207 -1.382129 15.84093 2.983821 -0.04137086 15.05482 3.153202 3.660181 16.00222 3.813527 2.513122 15.9669 5.049999 4.549489 15.9669 5.049999 4.549489 15.57478 4.7767 5.02424 15.05482 3.153202 3.660181 16.00222 3.813527 2.513122 15.99194 5.068819 1.756649 15.96217 5.626986 4.201781 15.96217 5.626986 4.201781 15.9669 5.049999 4.549489 16.00222 3.813527 2.513122 15.99194 5.068819 1.756649 15.1243 6.24948 1.719702 15.56337 6.169668 4.184799 15.56337 6.169668 4.184799 15.96217 5.626986 4.201781 15.99194 5.068819 1.756649 15.56337 6.169668 4.184799 14.15558 6.3264 2.434485 15.0041 6.36015 4.508489 14.15558 6.3264 2.434485 15.56337 6.169668 4.184799 15.1243 6.24948 1.719702 15.0041 6.36015 4.508489 13.20817 5.666074 3.581542 14.61198 6.086851 4.98324 13.20817 5.666074 3.581542 15.0041 6.36015 4.508489 14.15558 6.3264 2.434485 14.61671 5.509864 5.330948 14.61198 6.086851 4.98324 13.20817 5.666074 3.581542 13.20817 5.666074 3.581542 11.11044 4.936104 2.488778 14.61671 5.509864 5.330948 14.61671 5.509864 5.330948 11.80958 2.948618 3.149614 15.01551 4.967182 5.347931 11.80958 2.948618 3.149614 14.61671 5.509864 5.330948 11.11044 4.936104 2.488778 11.80958 2.948618 3.149614 13.51574 1.663018 2.591204 15.01551 4.967182 5.347931 13.51574 1.663018 2.591204 15.05482 3.153202 3.660181 15.01551 4.967182 5.347931 15.57478 4.7767 5.02424 15.01551 4.967182 5.347931 15.05482 3.153202 3.660181 15.57478 4.7767 5.02424 15.9669 5.049999 4.549489 15.0041 6.36015 4.508489 15.9669 5.049999 4.549489 15.96217 5.626986 4.201781 15.0041 6.36015 4.508489 15.96217 5.626986 4.201781 15.56337 6.169668 4.184799 15.0041 6.36015 4.508489 14.61198 6.086851 4.98324 14.61671 5.509864 5.330948 15.01551 4.967182 5.347931 14.61198 6.086851 4.98324 15.01551 4.967182 5.347931 15.57478 4.7767 5.02424 14.61198 6.086851 4.98324 15.57478 4.7767 5.02424 15.0041 6.36015 4.508489 22.74427 7.081349 22.16946 18.17393 3.090954 14.84413 23.9473 7.249738 21.12043 18.74051 3.215898 14.49778 20.64112 4.621969 12.14709 24.8892 7.872097 19.12125 23.9473 7.249738 21.12043 18.74051 3.215898 14.49778 24.8892 7.872097 19.12125 22.74427 7.081349 22.16946 16.97375 2.614773 14.83206 17.55568 2.876929 14.96161 24.8892 7.872097 19.12125 20.64112 4.621969 12.14709 24.83221 7.868731 17.47846 18.17393 3.090954 14.84413 18.74051 3.215898 14.49778 23.9473 7.249738 21.12043 22.74427 7.081349 22.16946 21.45905 7.379628 22.99886 16.97375 2.614773 14.83206 15.32365 2.620037 15.19536 16.4864 2.385674 14.47393 16.97375 2.614773 14.83206 15.32365 2.620037 15.19536 16.97375 2.614773 14.83206 21.45905 7.379628 22.99886 22.74427 7.081349 22.16946 17.55568 2.876929 14.96161 18.17393 3.090954 14.84413 18.09155 3.296271 14.78363 22.69191 7.287963 22.08478 23.84552 7.450823 21.07791 20.49704 4.800359 12.15171 23.84552 7.450823 21.07791 24.75912 8.060575 19.10873 16.94129 2.819682 14.73429 22.69191 7.287963 22.08478 17.47585 3.082643 14.89908 20.49704 4.800359 12.15171 24.75912 8.060575 19.10873 24.68812 8.047114 17.48309 18.63769 3.416673 14.45632 18.09155 3.296271 14.78363 23.84552 7.450823 21.07791 21.47126 7.572103 22.87474 22.69191 7.287963 22.08478 16.94129 2.819682 14.73429 16.48369 2.602469 14.39914 15.35776 2.824868 15.09798 16.94129 2.819682 14.73429 20.49704 4.800359 12.15171 18.63769 3.416673 14.45632 23.84552 7.450823 21.07791 16.94129 2.819682 14.73429 15.35776 2.824868 15.09798 21.47126 7.572103 22.87474 17.47585 3.082643 14.89908 22.69191 7.287963 22.08478 18.09155 3.296271 14.78363 22.74427 7.081349 22.16946 23.9473 7.249738 21.12043 23.84552 7.450823 21.07791 23.84552 7.450823 21.07791 22.69191 7.287963 22.08478 22.74427 7.081349 22.16946 20.64112 4.621969 12.14709 18.74051 3.215898 14.49778 20.49704 4.800359 12.15171 23.9473 7.249738 21.12043 24.8892 7.872097 19.12125 24.75912 8.060575 19.10873 24.75912 8.060575 19.10873 23.84552 7.450823 21.07791 23.9473 7.249738 21.12043 17.55568 2.876929 14.96161 16.97375 2.614773 14.83206 16.94129 2.819682 14.73429 16.94129 2.819682 14.73429 17.47585 3.082643 14.89908 17.55568 2.876929 14.96161 24.8892 7.872097 19.12125 24.83221 7.868731 17.47846 24.68812 8.047114 17.48309 24.68812 8.047114 17.48309 24.75912 8.060575 19.10873 24.8892 7.872097 19.12125 24.83221 7.868731 17.47846 20.64112 4.621969 12.14709 20.49704 4.800359 12.15171 20.49704 4.800359 12.15171 24.68812 8.047114 17.48309 24.83221 7.868731 17.47846 18.74051 3.215898 14.49778 18.17393 3.090954 14.84413 18.09155 3.296271 14.78363 18.09155 3.296271 14.78363 18.63769 3.416673 14.45632 18.74051 3.215898 14.49778 21.45905 7.379628 22.99886 22.74427 7.081349 22.16946 22.69191 7.287963 22.08478 22.69191 7.287963 22.08478 21.47126 7.572103 22.87474 21.45905 7.379628 22.99886 16.97375 2.614773 14.83206 16.4864 2.385674 14.47393 16.48369 2.602469 14.39914 16.48369 2.602469 14.39914 16.94129 2.819682 14.73429 16.97375 2.614773 14.83206 18.63769 3.416673 14.45632 20.49704 4.800359 12.15171 18.74051 3.215898 14.49778 18.17393 3.090954 14.84413 17.55568 2.876929 14.96161 17.47585 3.082643 14.89908 17.47585 3.082643 14.89908 18.09155 3.296271 14.78363 18.17393 3.090954 14.84413 15.32365 2.620037 15.19536 21.45905 7.379628 22.99886 21.47126 7.572103 22.87474 15.32365 2.620037 15.19536 21.47126 7.572103 22.87474 15.35776 2.824868 15.09798 15.35776 2.824868 15.09798 16.48369 2.602469 14.39914 16.4864 2.385674 14.47393 16.4864 2.385674 14.47393 15.32365 2.620037 15.19536 15.35776 2.824868 15.09798 14.58861 4.135517 11.85561 15.5636 4.873523 12.54279 15.34089 4.718293 12.81244 13.51321 5.598896 11.80982 13.47652 4.937433 12.13549 14.26551 6.181691 12.76668 13.93704 4.31077 12.1551 13.09096 4.615812 10.91214 13.55148 3.989148 10.93175 13.09096 4.615812 10.91214 13.93704 4.31077 12.1551 13.47652 4.937433 12.13549 14.58861 4.135517 11.85561 14.30275 3.896767 10.9391 15.5636 4.873523 12.54279 15.34089 4.718293 12.81244 14.73124 4.926016 13.16524 13.93704 4.31077 12.1551 14.73124 4.926016 13.16524 13.47652 4.937433 12.13549 13.93704 4.31077 12.1551 14.27072 5.552679 13.14563 14.26551 6.181691 12.76668 13.47652 4.937433 12.13549 14.30275 3.896767 10.9391 13.55148 3.989148 10.93175 13.68865 4.077563 10.53597 14.30275 3.896767 10.9391 14.58861 4.135517 11.85561 13.93704 4.31077 12.1551 13.09096 4.615812 10.91214 13.47652 4.937433 12.13549 13.51321 5.598896 11.80982 15.34089 4.718293 12.81244 13.93704 4.31077 12.1551 14.58861 4.135517 11.85561 14.27072 5.552679 13.14563 13.47652 4.937433 12.13549 14.73124 4.926016 13.16524 13.51321 5.598896 11.80982 14.26551 6.181691 12.76668 14.48821 6.336902 12.49699 13.09096 4.615812 10.91214 13.22735 5.360147 10.89331 13.22813 4.704228 10.51636 13.22735 5.360147 10.89331 13.51321 5.598896 11.80982 14.48821 6.336902 12.49699 13.22735 5.360147 10.89331 13.09096 4.615812 10.91214 13.51321 5.598896 11.80982 13.22813 4.704228 10.51636 13.68865 4.077563 10.53597 13.09096 4.615812 10.91214 13.55148 3.989148 10.93175 14.30275 3.896767 10.9391 13.93704 4.31077 12.1551 15.5636 4.873523 12.54279 22.37932 10.1708 21.76462 15.34089 4.718293 12.81244 22.37932 10.1708 21.76462 21.60303 10.24943 21.90549 14.73124 4.926016 13.16524 14.73124 4.926016 13.16524 15.34089 4.718293 12.81244 22.37932 10.1708 21.76462 21.14251 10.87609 21.88588 21.30394 11.6342 21.71886 14.26551 6.181691 12.76668 14.26551 6.181691 12.76668 14.27072 5.552679 13.14563 21.14251 10.87609 21.88588 21.60303 10.24943 21.90549 21.14251 10.87609 21.88588 14.27072 5.552679 13.14563 14.27072 5.552679 13.14563 14.73124 4.926016 13.16524 21.60303 10.24943 21.90549 14.48821 6.336902 12.49699 14.26551 6.181691 12.76668 21.30394 11.6342 21.71886 13.55148 3.989148 10.93175 13.09096 4.615812 10.91214 13.68865 4.077563 10.53597 22.89865 12.78979 21.19741 15.29253 6.897505 11.52317 14.48821 6.336902 12.49699 22.89865 12.78979 21.19741 23.67603 12.712 21.05795 15.90218 6.689783 11.17036 15.90218 6.689783 11.17036 15.29253 6.897505 11.52317 22.89865 12.78979 21.19741 24.13655 12.08534 21.07756 23.97408 11.32643 21.24323 16.36796 5.434149 11.56899 16.36796 5.434149 11.56899 16.3627 6.063118 11.18998 24.13655 12.08534 21.07756 23.67603 12.712 21.05795 24.13655 12.08534 21.07756 16.3627 6.063118 11.18998 16.3627 6.063118 11.18998 15.90218 6.689783 11.17036 23.67603 12.712 21.05795 23.97408 11.32643 21.24323 22.37932 10.1708 21.76462 15.5636 4.873523 12.54279 23.97408 11.32643 21.24323 15.5636 4.873523 12.54279 16.36796 5.434149 11.56899 21.30394 11.6342 21.71886 22.89865 12.78979 21.19741 14.48821 6.336902 12.49699 22.71441 11.56869 22.53542 22.25221 11.58702 22.90855 22.58255 11.13761 22.9226 22.58255 11.13761 22.9226 23.1619 11.07834 22.81756 22.71441 11.56869 22.53542 23.80603 12.7128 22.40106 23.22536 12.77133 22.50587 23.56759 12.18701 22.25736 23.56759 12.18701 22.25736 24.13614 12.26369 22.4151 23.80603 12.7128 22.40106 23.56759 12.18701 22.25736 22.71441 11.56869 22.53542 23.1619 11.07834 22.81756 22.71441 11.56869 22.53542 23.56759 12.18701 22.25736 23.22536 12.77133 22.50587 14.30275 3.896767 10.9391 13.68865 4.077563 10.53597 13.22813 4.704228 10.51636 13.22813 4.704228 10.51636 13.22735 5.360147 10.89331 14.30275 3.896767 10.9391 15.5636 4.873523 12.54279 14.30275 3.896767 10.9391 13.22735 5.360147 10.89331 13.22735 5.360147 10.89331 14.48821 6.336902 12.49699 15.5636 4.873523 12.54279 16.3627 6.063118 11.18998 16.36796 5.434149 11.56899 15.29253 6.897505 11.52317 15.29253 6.897505 11.52317 15.90218 6.689783 11.17036 16.3627 6.063118 11.18998 16.36796 5.434149 11.56899 15.5636 4.873523 12.54279 14.48821 6.336902 12.49699 14.48821 6.336902 12.49699 15.29253 6.897505 11.52317 16.36796 5.434149 11.56899 21.60303 10.24943 21.90549 22.37932 10.1708 21.76462 23.1619 11.07834 22.81756 23.1619 11.07834 22.81756 22.58255 11.13761 22.9226 21.60303 10.24943 21.90549 21.30394 11.6342 21.71886 21.14251 10.87609 21.88588 22.25221 11.58702 22.90855 22.25221 11.58702 22.90855 22.3722 12.15303 22.78396 21.30394 11.6342 21.71886 21.14251 10.87609 21.88588 21.60303 10.24943 21.90549 22.58255 11.13761 22.9226 22.58255 11.13761 22.9226 22.25221 11.58702 22.90855 21.14251 10.87609 21.88588 23.67603 12.712 21.05795 22.89865 12.78979 21.19741 23.22536 12.77133 22.50587 23.22536 12.77133 22.50587 23.80603 12.7128 22.40106 23.67603 12.712 21.05795 23.97408 11.32643 21.24323 24.13655 12.08534 21.07756 24.13614 12.26369 22.4151 24.13614 12.26369 22.4151 24.0151 11.69668 22.53954 23.97408 11.32643 21.24323 24.13655 12.08534 21.07756 23.67603 12.712 21.05795 23.80603 12.7128 22.40106 23.80603 12.7128 22.40106 24.13614 12.26369 22.4151 24.13655 12.08534 21.07756 22.37932 10.1708 21.76462 23.97408 11.32643 21.24323 24.0151 11.69668 22.53954 24.0151 11.69668 22.53954 23.1619 11.07834 22.81756 22.37932 10.1708 21.76462 22.89865 12.78979 21.19741 21.30394 11.6342 21.71886 22.3722 12.15303 22.78396 22.3722 12.15303 22.78396 23.22536 12.77133 22.50587 22.89865 12.78979 21.19741 23.22536 12.77133 22.50587 22.3722 12.15303 22.78396 22.71441 11.56869 22.53542 22.25221 11.58702 22.90855 22.71441 11.56869 22.53542 22.3722 12.15303 22.78396 23.1619 11.07834 22.81756 24.0151 11.69668 22.53954 23.56759 12.18701 22.25736 24.13614 12.26369 22.4151 23.56759 12.18701 22.25736 24.0151 11.69668 22.53954 18.12775 10.56048 15.81425 16.77764 9.654636 15.30262 17.91119 10.68272 16.02565 19.08379 11.30598 16.42146 18.12775 10.56048 15.81425 18.84251 11.39935 16.64825 18.84251 11.39935 16.64825 18.12775 10.56048 15.81425 17.91119 10.68272 16.02565 16.64999 9.595099 15.57089 17.91119 10.68272 16.02565 16.77764 9.654636 15.30262 16.77764 9.654636 15.30262 18.12775 10.56048 15.81425 16.97751 9.537837 15.14237 19.08379 11.30598 16.42146 19.27379 11.03422 16.45489 18.12775 10.56048 15.81425 18.12775 10.56048 15.81425 19.27379 11.03422 16.45489 18.33895 10.31202 15.84969 16.97751 9.537837 15.14237 18.12775 10.56048 15.81425 17.13252 9.31312 15.18401 17.13252 9.31312 15.18401 18.12775 10.56048 15.81425 18.33895 10.31202 15.84969 19.27379 11.03422 16.45489 19.26586 10.84405 16.66895 18.33895 10.31202 15.84969 18.33895 10.31202 15.84969 19.26586 10.84405 16.66895 18.37182 10.16808 16.05287 17.13252 9.31312 15.18401 18.33895 10.31202 15.84969 17.15188 9.11212 15.40315 17.15188 9.11212 15.40315 18.33895 10.31202 15.84969 18.37182 10.16808 16.05287 19.26586 10.84405 16.66895 19.11552 10.80488 16.91433 18.37182 10.16808 16.05287 18.37182 10.16808 16.05287 19.11552 10.80488 16.91433 18.25707 10.16972 16.28339 17.15188 9.11212 15.40315 18.37182 10.16808 16.05287 17.02423 9.05258 15.67142 17.02423 9.05258 15.67142 18.37182 10.16808 16.05287 18.25707 10.16972 16.28339 16.84696 9.184835 15.79494 17.02423 9.05258 15.67142 17.97068 10.41806 16.39886 17.97068 10.41806 16.39886 17.02423 9.05258 15.67142 18.25707 10.16972 16.28339 18.82815 11.05124 17.0401 17.97068 10.41806 16.39886 19.11552 10.80488 16.91433 19.11552 10.80488 16.91433 17.97068 10.41806 16.39886 18.25707 10.16972 16.28339 16.69194 9.409554 15.7533 16.84696 9.184835 15.79494 17.97068 10.41806 16.39886 17.91119 10.68272 16.02565 16.64999 9.595099 15.57089 17.86683 10.6058 16.25894 18.84251 11.39935 16.64825 17.91119 10.68272 16.02565 18.7577 11.27644 16.89459 18.7577 11.27644 16.89459 17.91119 10.68272 16.02565 17.86683 10.6058 16.25894 18.82815 11.05124 17.0401 18.7577 11.27644 16.89459 17.97068 10.41806 16.39886 17.97068 10.41806 16.39886 18.7577 11.27644 16.89459 17.86683 10.6058 16.25894 16.69194 9.409554 15.7533 17.97068 10.41806 16.39886 16.64999 9.595099 15.57089 16.64999 9.595099 15.57089 17.97068 10.41806 16.39886 17.86683 10.6058 16.25894 19.08379 11.30598 16.42146 18.84251 11.39935 16.64825 20.16585 11.86665 17.46819 20.16585 11.86665 17.46819 18.84251 11.39935 16.64825 19.89807 11.94631 17.67013 20.99055 12.06622 18.63972 20.16585 11.86665 17.46819 20.71764 12.16071 18.81309 20.71764 12.16071 18.81309 20.16585 11.86665 17.46819 19.89807 11.94631 17.67013 20.99055 12.06622 18.63972 21.11856 11.7631 18.63076 20.16585 11.86665 17.46819 20.16585 11.86665 17.46819 21.11856 11.7631 18.63076 20.33104 11.57635 17.49469 19.08379 11.30598 16.42146 20.16585 11.86665 17.46819 19.27379 11.03422 16.45489 19.27379 11.03422 16.45489 20.16585 11.86665 17.46819 20.33104 11.57635 17.49469 21.11856 11.7631 18.63076 21.02494 11.54336 18.76044 20.33104 11.57635 17.49469 20.33104 11.57635 17.49469 21.02494 11.54336 18.76044 20.27792 11.35729 17.68199 19.27379 11.03422 16.45489 20.33104 11.57635 17.49469 19.26586 10.84405 16.66895 19.26586 10.84405 16.66895 20.33104 11.57635 17.49469 20.27792 11.35729 17.68199 21.02494 11.54336 18.76044 20.81228 11.48995 18.93089 20.27792 11.35729 17.68199 20.27792 11.35729 17.68199 20.81228 11.48995 18.93089 20.08879 11.29524 17.89882 19.26586 10.84405 16.66895 20.27792 11.35729 17.68199 19.11552 10.80488 16.91433 19.11552 10.80488 16.91433 20.27792 11.35729 17.68199 20.08879 11.29524 17.89882 18.82815 11.05124 17.0401 19.11552 10.80488 16.91433 19.80059 11.54483 18.01326 19.80059 11.54483 18.01326 19.11552 10.80488 16.91433 20.08879 11.29524 17.89882 20.54639 11.75804 19.05127 19.80059 11.54483 18.01326 20.81228 11.48995 18.93089 20.81228 11.48995 18.93089 19.80059 11.54483 18.01326 20.08879 11.29524 17.89882 18.84251 11.39935 16.64825 18.7577 11.27644 16.89459 19.89807 11.94631 17.67013 19.89807 11.94631 17.67013 18.7577 11.27644 16.89459 19.76798 11.79538 17.88697 20.71764 12.16071 18.81309 19.89807 11.94631 17.67013 20.55344 12.01408 18.97449 20.55344 12.01408 18.97449 19.89807 11.94631 17.67013 19.76798 11.79538 17.88697 20.54639 11.75804 19.05127 20.55344 12.01408 18.97449 19.80059 11.54483 18.01326 19.80059 11.54483 18.01326 20.55344 12.01408 18.97449 19.76798 11.79538 17.88697 18.82815 11.05124 17.0401 19.80059 11.54483 18.01326 18.7577 11.27644 16.89459 18.7577 11.27644 16.89459 19.80059 11.54483 18.01326 19.76798 11.79538 17.88697 20.99055 12.06622 18.63972 20.71764 12.16071 18.81309 21.53419 11.93111 19.673 21.53419 11.93111 19.673 20.71764 12.16071 18.81309 21.3372 12.04044 19.89557 22.11971 11.69201 20.4172 21.53419 11.93111 19.673 21.97226 11.8002 20.6958 21.97226 11.8002 20.6958 21.53419 11.93111 19.673 21.3372 12.04044 19.89557 22.11971 11.69201 20.4172 22.1095 11.38405 20.29871 21.53419 11.93111 19.673 21.53419 11.93111 19.673 22.1095 11.38405 20.29871 21.57992 11.63163 19.60054 20.99055 12.06622 18.63972 21.53419 11.93111 19.673 21.11856 11.7631 18.63076 21.11856 11.7631 18.63076 21.53419 11.93111 19.673 21.57992 11.63163 19.60054 22.1095 11.38405 20.29871 21.98181 11.1705 20.40613 21.57992 11.63163 19.60054 21.57992 11.63163 19.60054 21.98181 11.1705 20.40613 21.46695 11.42727 19.70793 21.11856 11.7631 18.63076 21.57992 11.63163 19.60054 21.02494 11.54336 18.76044 21.02494 11.54336 18.76044 21.57992 11.63163 19.60054 21.46695 11.42727 19.70793 21.98181 11.1705 20.40613 21.82808 11.12853 20.62921 21.46695 11.42727 19.70793 21.46695 11.42727 19.70793 21.82808 11.12853 20.62921 21.29059 11.39061 19.897 21.02494 11.54336 18.76044 21.46695 11.42727 19.70793 20.81228 11.48995 18.93089 20.81228 11.48995 18.93089 21.46695 11.42727 19.70793 21.29059 11.39061 19.897 20.54639 11.75804 19.05127 20.81228 11.48995 18.93089 21.13026 11.66607 20.09226 21.13026 11.66607 20.09226 20.81228 11.48995 18.93089 21.29059 11.39061 19.897 21.73788 11.40913 20.89246 21.13026 11.66607 20.09226 21.82808 11.12853 20.62921 21.82808 11.12853 20.62921 21.13026 11.66607 20.09226 21.29059 11.39061 19.897 20.71764 12.16071 18.81309 20.55344 12.01408 18.97449 21.3372 12.04044 19.89557 21.3372 12.04044 19.89557 20.55344 12.01408 18.97449 21.18195 11.91113 20.05462 21.97226 11.8002 20.6958 21.3372 12.04044 19.89557 21.82099 11.66318 20.87306 21.82099 11.66318 20.87306 21.3372 12.04044 19.89557 21.18195 11.91113 20.05462 21.73788 11.40913 20.89246 21.82099 11.66318 20.87306 21.13026 11.66607 20.09226 21.13026 11.66607 20.09226 21.82099 11.66318 20.87306 21.18195 11.91113 20.05462 20.54639 11.75804 19.05127 21.13026 11.66607 20.09226 20.55344 12.01408 18.97449 20.55344 12.01408 18.97449 21.13026 11.66607 20.09226 21.18195 11.91113 20.05462 16.64999 9.595099 15.57089 16.77764 9.654636 15.30262 15.64943 8.609963 14.45724 15.81873 8.687327 14.22029 15.64943 8.609963 14.45724 16.77764 9.654636 15.30262 16.77764 9.654636 15.30262 16.97751 9.537837 15.14237 15.81873 8.687327 14.22029 16.02007 8.568099 14.0794 15.81873 8.687327 14.22029 16.97751 9.537837 15.14237 16.97751 9.537837 15.14237 17.13252 9.31312 15.18401 16.02007 8.568099 14.0794 16.13559 8.322263 14.11691 16.02007 8.568099 14.0794 17.13252 9.31312 15.18401 17.13252 9.31312 15.18401 17.15188 9.11212 15.40315 16.13559 8.322263 14.11691 16.09752 8.093684 14.31106 16.13559 8.322263 14.11691 17.15188 9.11212 15.40315 17.15188 9.11212 15.40315 17.02423 9.05258 15.67142 16.09752 8.093684 14.31106 15.9282 8.016304 14.54803 16.09752 8.093684 14.31106 17.02423 9.05258 15.67142 17.02423 9.05258 15.67142 16.84696 9.184835 15.79494 15.9282 8.016304 14.54803 15.72683 8.135474 14.68899 15.9282 8.016304 14.54803 16.84696 9.184835 15.79494 16.84696 9.184835 15.79494 16.69194 9.409554 15.7533 15.72683 8.135474 14.68899 15.61136 8.381377 14.65138 15.72683 8.135474 14.68899 16.69194 9.409554 15.7533 16.69194 9.409554 15.7533 16.64999 9.595099 15.57089 15.61136 8.381377 14.65138 15.64943 8.609963 14.45724 15.61136 8.381377 14.65138 16.64999 9.595099 15.57089 16.02007 8.568099 14.0794 16.13559 8.322263 14.11691 15.26839 7.606046 12.78249 15.37767 7.356647 12.82619 15.26839 7.606046 12.78249 16.13559 8.322263 14.11691 15.81873 8.687327 14.22029 16.02007 8.568099 14.0794 15.03459 7.722377 12.8549 15.26839 7.606046 12.78249 15.03459 7.722377 12.8549 16.02007 8.568099 14.0794 16.13559 8.322263 14.11691 16.09752 8.093684 14.31106 15.37767 7.356647 12.82619 15.29813 7.119982 12.96064 15.37767 7.356647 12.82619 16.09752 8.093684 14.31106 15.64943 8.609963 14.45724 15.81873 8.687327 14.22029 14.81297 7.637211 13.00123 15.03459 7.722377 12.8549 14.81297 7.637211 13.00123 15.81873 8.687327 14.22029 16.09752 8.093684 14.31106 15.9282 8.016304 14.54803 15.29813 7.119982 12.96064 15.0765 7.034791 13.107 15.29813 7.119982 12.96064 15.9282 8.016304 14.54803 15.61136 8.381377 14.65138 15.64943 8.609963 14.45724 14.73347 7.400533 13.13568 14.81297 7.637211 13.00123 14.73347 7.400533 13.13568 15.64943 8.609963 14.45724 15.72683 8.135474 14.68899 15.61136 8.381377 14.65138 14.84264 7.151015 13.17948 14.73347 7.400533 13.13568 14.84264 7.151015 13.17948 15.61136 8.381377 14.65138 15.9282 8.016304 14.54803 15.72683 8.135474 14.68899 15.0765 7.034791 13.107 14.84264 7.151015 13.17948 15.0765 7.034791 13.107 15.72683 8.135474 14.68899 15.26839 7.606046 12.78249 15.37767 7.356647 12.82619 14.4569 6.922718 11.17454 14.57521 6.676309 11.21834 14.4569 6.922718 11.17454 15.37767 7.356647 12.82619 15.03459 7.722377 12.8549 15.26839 7.606046 12.78249 14.22326 7.031573 11.26643 14.4569 6.922718 11.17454 14.22326 7.031573 11.26643 15.26839 7.606046 12.78249 15.37767 7.356647 12.82619 15.29813 7.119982 12.96064 14.57521 6.676309 11.21834 14.5085 6.436227 11.37262 14.57521 6.676309 11.21834 15.29813 7.119982 12.96064 14.81297 7.637211 13.00123 15.03459 7.722377 12.8549 14.01082 6.938655 11.44061 14.22326 7.031573 11.26643 14.01082 6.938655 11.44061 15.03459 7.722377 12.8549 15.29813 7.119982 12.96064 15.0765 7.034791 13.107 14.5085 6.436227 11.37262 14.29601 6.343267 11.54683 14.5085 6.436227 11.37262 15.0765 7.034791 13.107 14.73347 7.400533 13.13568 14.81297 7.637211 13.00123 13.94414 6.698552 11.59487 14.01082 6.938655 11.44061 13.94414 6.698552 11.59487 14.81297 7.637211 13.00123 14.84264 7.151015 13.17948 14.73347 7.400533 13.13568 14.0623 6.451959 11.63885 13.94414 6.698552 11.59487 14.0623 6.451959 11.63885 14.73347 7.400533 13.13568 15.0765 7.034791 13.107 14.84264 7.151015 13.17948 14.29601 6.343267 11.54683 14.0623 6.451959 11.63885 14.29601 6.343267 11.54683 14.84264 7.151015 13.17948 22.1095 11.38405 20.29871 22.11971 11.69201 20.4172 21.97226 11.8002 20.6958 21.98181 11.1705 20.40613 22.1095 11.38405 20.29871 21.97226 11.8002 20.6958 21.82808 11.12853 20.62921 21.98181 11.1705 20.40613 21.97226 11.8002 20.6958 21.73788 11.40913 20.89246 21.82808 11.12853 20.62921 21.82099 11.66318 20.87306 21.82099 11.66318 20.87306 21.82808 11.12853 20.62921 21.97226 11.8002 20.6958 14.29601 6.343267 11.54683 14.0623 6.451959 11.63885 13.94414 6.698552 11.59487 14.29601 6.343267 11.54683 13.94414 6.698552 11.59487 14.01082 6.938655 11.44061 14.29601 6.343267 11.54683 14.01082 6.938655 11.44061 14.22326 7.031573 11.26643 14.22326 7.031573 11.26643 14.4569 6.922718 11.17454 14.57521 6.676309 11.21834 14.22326 7.031573 11.26643 14.57521 6.676309 11.21834 14.5085 6.436227 11.37262 14.22326 7.031573 11.26643 14.5085 6.436227 11.37262 14.29601 6.343267 11.54683 15.92099 11.26182 7.288691 17.53861 11.46392 8.146084 17.61403 11.70068 7.74571 15.92099 11.26182 7.288691 15.93258 10.98817 7.857623 17.53861 11.46392 8.146084 15.93258 10.98817 7.857623 17.55273 11.01023 8.272609 17.53861 11.46392 8.146084 15.93258 10.98817 7.857623 16.22347 10.48552 8.105466 17.55273 11.01023 8.272609 16.22347 10.48552 8.105466 17.64811 10.60537 8.051167 17.55273 11.01023 8.272609 16.22347 10.48552 8.105466 16.62326 10.04831 7.887035 17.64811 10.60537 8.051167 16.62326 10.04831 7.887035 17.7689 10.48651 7.611479 17.64811 10.60537 8.051167 16.62326 10.04831 7.887035 16.89776 9.932651 7.330286 17.7689 10.48651 7.611479 16.89776 9.932651 7.330286 17.84432 10.72327 7.211105 17.7689 10.48651 7.611479 16.89776 9.932651 7.330286 16.88618 10.20629 6.761349 17.84432 10.72327 7.211105 16.88618 10.20629 6.761349 17.8302 11.17696 7.084579 17.84432 10.72327 7.211105 16.88618 10.20629 6.761349 16.59529 10.70895 6.513507 17.8302 11.17696 7.084579 16.59529 10.70895 6.513507 17.73481 11.58182 7.306021 17.8302 11.17696 7.084579 16.59529 10.70895 6.513507 16.1955 11.14616 6.731937 17.73481 11.58182 7.306021 16.1955 11.14616 6.731937 17.61403 11.70068 7.74571 17.73481 11.58182 7.306021 16.1955 11.14616 6.731937 15.92099 11.26182 7.288691 17.61403 11.70068 7.74571 17.61403 11.70068 7.74571 19.13101 11.19726 8.48058 19.29658 11.41892 8.099144 17.61403 11.70068 7.74571 17.53861 11.46392 8.146084 19.13101 11.19726 8.48058 17.53861 11.46392 8.146084 18.92749 10.78001 8.561388 19.13101 11.19726 8.48058 17.53861 11.46392 8.146084 17.55273 11.01023 8.272609 18.92749 10.78001 8.561388 17.55273 11.01023 8.272609 18.80524 10.4116 8.294234 18.92749 10.78001 8.561388 17.55273 11.01023 8.272609 17.64811 10.60537 8.051167 18.80524 10.4116 8.294234 17.64811 10.60537 8.051167 18.83588 10.30784 7.835607 18.80524 10.4116 8.294234 17.64811 10.60537 8.051167 17.7689 10.48651 7.611479 18.83588 10.30784 7.835607 17.7689 10.48651 7.611479 19.00145 10.5295 7.45417 18.83588 10.30784 7.835607 17.7689 10.48651 7.611479 17.84432 10.72327 7.211105 19.00145 10.5295 7.45417 17.84432 10.72327 7.211105 19.20496 10.94674 7.37336 19.00145 10.5295 7.45417 17.84432 10.72327 7.211105 17.8302 11.17696 7.084579 19.20496 10.94674 7.37336 17.8302 11.17696 7.084579 19.32721 11.31515 7.640516 19.20496 10.94674 7.37336 17.8302 11.17696 7.084579 17.73481 11.58182 7.306021 19.32721 11.31515 7.640516 17.73481 11.58182 7.306021 19.29658 11.41892 8.099144 19.32721 11.31515 7.640516 17.73481 11.58182 7.306021 17.61403 11.70068 7.74571 19.29658 11.41892 8.099144 19.29658 11.41892 8.099144 20.40586 10.16188 8.636423 20.64529 10.32608 8.260776 19.29658 11.41892 8.099144 19.13101 11.19726 8.48058 20.40586 10.16188 8.636423 19.13101 11.19726 8.48058 20.02551 9.884269 8.696932 20.40586 10.16188 8.636423 19.13101 11.19726 8.48058 18.92749 10.78001 8.561388 20.02551 9.884269 8.696932 18.92749 10.78001 8.561388 19.72705 9.655858 8.406861 20.02551 9.884269 8.696932 18.92749 10.78001 8.561388 18.80524 10.4116 8.294234 19.72705 9.655858 8.406861 18.80524 10.4116 8.294234 19.6853 9.610449 7.936128 19.72705 9.655858 8.406861 18.80524 10.4116 8.294234 18.83588 10.30784 7.835607 19.6853 9.610449 7.936128 18.83588 10.30784 7.835607 19.92473 9.774642 7.560482 19.6853 9.610449 7.936128 18.83588 10.30784 7.835607 19.00145 10.5295 7.45417 19.92473 9.774642 7.560482 19.00145 10.5295 7.45417 20.30508 10.05226 7.499971 19.92473 9.774642 7.560482 19.00145 10.5295 7.45417 19.20496 10.94674 7.37336 20.30508 10.05226 7.499971 19.20496 10.94674 7.37336 20.60354 10.28067 7.790041 20.30508 10.05226 7.499971 19.20496 10.94674 7.37336 19.32721 11.31515 7.640516 20.60354 10.28067 7.790041 19.32721 11.31515 7.640516 20.64529 10.32608 8.260776 20.60354 10.28067 7.790041 19.32721 11.31515 7.640516 19.29658 11.41892 8.099144 20.64529 10.32608 8.260776 21.33617 9.385947 8.290198 21.70755 7.69115 8.590302 21.97987 7.767549 8.213411 21.33617 9.385947 8.290198 21.09674 9.221753 8.665843 21.70755 7.69115 8.590302 21.09674 9.221753 8.665843 21.24632 7.6246 8.660137 21.70755 7.69115 8.590302 21.09674 9.221753 8.665843 20.71639 8.94414 8.726353 21.24632 7.6246 8.660137 20.71639 8.94414 8.726353 20.86635 7.606885 8.382004 21.24632 7.6246 8.660137 20.71639 8.94414 8.726353 20.41793 8.715727 8.43628 20.86635 7.606885 8.382004 20.41793 8.715727 8.43628 20.79024 7.648381 7.918833 20.86635 7.606885 8.382004 20.41793 8.715727 8.43628 20.37618 8.670319 7.965547 20.79024 7.648381 7.918833 20.37618 8.670319 7.965547 21.06256 7.724783 7.541943 20.79024 7.648381 7.918833 20.37618 8.670319 7.965547 20.61561 8.834512 7.589901 21.06256 7.724783 7.541943 20.61561 8.834512 7.589901 21.52379 7.791332 7.472106 21.06256 7.724783 7.541943 20.61561 8.834512 7.589901 20.99596 9.112126 7.529391 21.52379 7.791332 7.472106 20.99596 9.112126 7.529391 21.90376 7.809048 7.750239 21.52379 7.791332 7.472106 20.99596 9.112126 7.529391 21.29442 9.340537 7.819464 21.90376 7.809048 7.750239 21.29442 9.340537 7.819464 21.97987 7.767549 8.213411 21.90376 7.809048 7.750239 21.29442 9.340537 7.819464 21.33617 9.385947 8.290198 21.97987 7.767549 8.213411 21.97987 7.767549 8.213411 21.49556 6.079388 8.314589 21.75588 6.064547 7.92209 21.97987 7.767549 8.213411 21.70755 7.69115 8.590302 21.49556 6.079388 8.314589 21.70755 7.69115 8.590302 21.0633 6.233123 8.422106 21.49556 6.079388 8.314589 21.70755 7.69115 8.590302 21.24632 7.6246 8.660137 21.0633 6.233123 8.422106 21.24632 7.6246 8.660137 20.71231 6.435688 8.181657 21.0633 6.233123 8.422106 21.24632 7.6246 8.660137 20.86635 7.606885 8.382004 20.71231 6.435688 8.181657 20.86635 7.606885 8.382004 20.64819 6.568428 7.734093 20.71231 6.435688 8.181657 20.86635 7.606885 8.382004 20.79024 7.648381 7.918833 20.64819 6.568428 7.734093 20.79024 7.648381 7.918833 20.90852 6.553586 7.341593 20.64819 6.568428 7.734093 20.79024 7.648381 7.918833 21.06256 7.724783 7.541943 20.90852 6.553586 7.341593 21.06256 7.724783 7.541943 21.34078 6.399854 7.234076 20.90852 6.553586 7.341593 21.06256 7.724783 7.541943 21.52379 7.791332 7.472106 21.34078 6.399854 7.234076 21.52379 7.791332 7.472106 21.69177 6.197288 7.474526 21.34078 6.399854 7.234076 21.52379 7.791332 7.472106 21.90376 7.809048 7.750239 21.69177 6.197288 7.474526 21.90376 7.809048 7.750239 21.75588 6.064547 7.92209 21.69177 6.197288 7.474526 21.90376 7.809048 7.750239 21.97987 7.767549 8.213411 21.75588 6.064547 7.92209 21.75588 6.064547 7.92209 20.57004 4.67762 8.055109 20.84454 4.561957 7.498358 21.75588 6.064547 7.92209 21.49556 6.079388 8.314589 20.57004 4.67762 8.055109 21.49556 6.079388 8.314589 20.17025 5.114834 8.273541 20.57004 4.67762 8.055109 21.49556 6.079388 8.314589 21.0633 6.233123 8.422106 20.17025 5.114834 8.273541 21.0633 6.233123 8.422106 19.87936 5.617482 8.025694 20.17025 5.114834 8.273541 21.0633 6.233123 8.422106 20.71231 6.435688 8.181657 19.87936 5.617482 8.025694 20.71231 6.435688 8.181657 19.86777 5.891126 7.456762 19.87936 5.617482 8.025694 20.71231 6.435688 8.181657 20.64819 6.568428 7.734093 19.86777 5.891126 7.456762 20.64819 6.568428 7.734093 20.14228 5.775465 6.90001 19.86777 5.891126 7.456762 20.64819 6.568428 7.734093 20.90852 6.553586 7.341593 20.14228 5.775465 6.90001 20.90852 6.553586 7.341593 20.54207 5.338255 6.68158 20.14228 5.775465 6.90001 20.90852 6.553586 7.341593 21.34078 6.399854 7.234076 20.54207 5.338255 6.68158 21.34078 6.399854 7.234076 20.83296 4.835602 6.929422 20.54207 5.338255 6.68158 21.34078 6.399854 7.234076 21.69177 6.197288 7.474526 20.83296 4.835602 6.929422 21.69177 6.197288 7.474526 20.84454 4.561957 7.498358 20.83296 4.835602 6.929422 21.69177 6.197288 7.474526 21.75588 6.064547 7.92209 20.84454 4.561957 7.498358 14.39588 -0.2452371 5.317543 12.58173 -0.5689098 5.303013 12.70342 -0.6886652 4.860018 14.39588 -0.2452371 5.317543 14.12138 -0.1295776 5.874292 12.58173 -0.5689098 5.303013 14.12138 -0.1295776 5.874292 12.48563 -0.1610089 5.526117 12.58173 -0.5689098 5.303013 14.12138 -0.1295776 5.874292 13.72159 0.307636 6.092724 12.48563 -0.1610089 5.526117 13.72159 0.307636 6.092724 12.4714 0.296093 5.398643 12.48563 -0.1610089 5.526117 13.72159 0.307636 6.092724 13.4307 0.8102854 5.84488 12.4714 0.296093 5.398643 13.4307 0.8102854 5.84488 12.54739 0.5346312 4.995256 12.4714 0.296093 5.398643 13.4307 0.8102854 5.84488 13.41911 1.083931 5.275948 12.54739 0.5346312 4.995256 13.41911 1.083931 5.275948 12.66909 0.4148768 4.552262 12.54739 0.5346312 4.995256 13.41911 1.083931 5.275948 13.69361 0.9682683 4.719195 12.66909 0.4148768 4.552262 13.69361 0.9682683 4.719195 12.76519 0.006976842 4.329156 12.66909 0.4148768 4.552262 13.69361 0.9682683 4.719195 14.09341 0.5310572 4.500764 12.76519 0.006976842 4.329156 14.09341 0.5310572 4.500764 12.77941 -0.4501256 4.456634 12.76519 0.006976842 4.329156 14.09341 0.5310572 4.500764 14.3843 0.02840507 4.748608 12.77941 -0.4501256 4.456634 14.3843 0.02840507 4.748608 12.70342 -0.6886652 4.860018 12.77941 -0.4501256 4.456634 14.3843 0.02840507 4.748608 14.39588 -0.2452371 5.317543 12.70342 -0.6886652 4.860018 12.70342 -0.6886652 4.860018 10.98966 -0.2985728 4.965714 11.0203 -0.4023396 4.507087 12.70342 -0.6886652 4.860018 12.58173 -0.5689098 5.303013 10.98966 -0.2985728 4.965714 12.58173 -0.5689098 5.303013 11.11191 0.06983876 5.232871 10.98966 -0.2985728 4.965714 12.58173 -0.5689098 5.303013 12.48563 -0.1610089 5.526117 11.11191 0.06983876 5.232871 12.48563 -0.1610089 5.526117 11.31543 0.4870846 5.152062 11.11191 0.06983876 5.232871 12.48563 -0.1610089 5.526117 12.4714 0.296093 5.398643 11.31543 0.4870846 5.152062 12.4714 0.296093 5.398643 11.481 0.7087463 4.770623 11.31543 0.4870846 5.152062 12.4714 0.296093 5.398643 12.54739 0.5346312 4.995256 11.481 0.7087463 4.770623 12.54739 0.5346312 4.995256 11.51163 0.6049822 4.311999 11.481 0.7087463 4.770623 12.54739 0.5346312 4.995256 12.66909 0.4148768 4.552262 11.51163 0.6049822 4.311999 12.66909 0.4148768 4.552262 11.38939 0.2365714 4.044842 11.51163 0.6049822 4.311999 12.66909 0.4148768 4.552262 12.76519 0.006976842 4.329156 11.38939 0.2365714 4.044842 12.76519 0.006976842 4.329156 11.18587 -0.1806746 4.125651 11.38939 0.2365714 4.044842 12.76519 0.006976842 4.329156 12.77941 -0.4501256 4.456634 11.18587 -0.1806746 4.125651 12.77941 -0.4501256 4.456634 11.0203 -0.4023396 4.507087 11.18587 -0.1806746 4.125651 12.77941 -0.4501256 4.456634 12.70342 -0.6886652 4.860018 11.0203 -0.4023396 4.507087 11.0203 -0.4023396 4.507087 9.713331 0.7359156 4.816188 9.671585 0.6905066 4.345455 11.0203 -0.4023396 4.507087 10.98966 -0.2985728 4.965714 9.713331 0.7359156 4.816188 10.98966 -0.2985728 4.965714 10.01179 0.9643265 5.10626 9.713331 0.7359156 4.816188 10.98966 -0.2985728 4.965714 11.11191 0.06983876 5.232871 10.01179 0.9643265 5.10626 11.11191 0.06983876 5.232871 10.39214 1.241942 5.045751 10.01179 0.9643265 5.10626 11.11191 0.06983876 5.232871 11.31543 0.4870846 5.152062 10.39214 1.241942 5.045751 11.31543 0.4870846 5.152062 10.63157 1.406134 4.670104 10.39214 1.241942 5.045751 11.31543 0.4870846 5.152062 11.481 0.7087463 4.770623 10.63157 1.406134 4.670104 11.481 0.7087463 4.770623 10.58982 1.360725 4.199371 10.63157 1.406134 4.670104 11.481 0.7087463 4.770623 11.51163 0.6049822 4.311999 10.58982 1.360725 4.199371 11.51163 0.6049822 4.311999 10.29136 1.132314 3.9093 10.58982 1.360725 4.199371 11.51163 0.6049822 4.311999 11.38939 0.2365714 4.044842 10.29136 1.132314 3.9093 11.38939 0.2365714 4.044842 9.911012 0.8546998 3.96981 10.29136 1.132314 3.9093 11.38939 0.2365714 4.044842 11.18587 -0.1806746 4.125651 9.911012 0.8546998 3.96981 11.18587 -0.1806746 4.125651 9.671585 0.6905066 4.345455 9.911012 0.8546998 3.96981 11.18587 -0.1806746 4.125651 11.0203 -0.4023396 4.507087 9.671585 0.6905066 4.345455 8.980709 1.630637 4.316034 8.409216 3.206776 4.858367 8.332531 3.248583 4.391714 8.980709 1.630637 4.316034 9.022453 1.676046 4.786768 8.409216 3.206776 4.858367 9.022453 1.676046 4.786768 8.792038 3.224624 5.138591 8.409216 3.206776 4.858367 9.022453 1.676046 4.786768 9.320918 1.904457 5.076839 8.792038 3.224624 5.138591 9.320918 1.904457 5.076839 9.256741 3.291672 5.068231 8.792038 3.224624 5.138591 9.320918 1.904457 5.076839 9.701266 2.182071 5.016329 9.256741 3.291672 5.068231 9.701266 2.182071 5.016329 9.531108 3.368649 4.688505 9.256741 3.291672 5.068231 9.701266 2.182071 5.016329 9.940692 2.346263 4.640683 9.531108 3.368649 4.688505 9.940692 2.346263 4.640683 9.454421 3.410456 4.22185 9.531108 3.368649 4.688505 9.940692 2.346263 4.640683 9.898947 2.300855 4.169949 9.454421 3.410456 4.22185 9.898947 2.300855 4.169949 9.071599 3.392608 3.941627 9.454421 3.410456 4.22185 9.898947 2.300855 4.169949 9.600482 2.072443 3.879878 9.071599 3.392608 3.941627 9.600482 2.072443 3.879878 8.606897 3.32556 4.011987 9.071599 3.392608 3.941627 9.600482 2.072443 3.879878 9.220135 1.79483 3.940389 8.606897 3.32556 4.011987 9.220135 1.79483 3.940389 8.332531 3.248583 4.391714 8.606897 3.32556 4.011987 9.220135 1.79483 3.940389 8.980709 1.630637 4.316034 8.332531 3.248583 4.391714 8.332531 3.248583 4.391714 8.621426 4.82019 5.134365 8.556832 4.953928 4.683436 8.332531 3.248583 4.391714 8.409216 3.206776 4.858367 8.621426 4.82019 5.134365 8.409216 3.206776 4.858367 8.975056 4.616099 5.376621 8.621426 4.82019 5.134365 8.409216 3.206776 4.858367 8.792038 3.224624 5.138591 8.975056 4.616099 5.376621 8.792038 3.224624 5.138591 9.41057 4.461212 5.268297 8.975056 4.616099 5.376621 8.792038 3.224624 5.138591 9.256741 3.291672 5.068231 9.41057 4.461212 5.268297 9.256741 3.291672 5.068231 9.672844 4.446259 4.872845 9.41057 4.461212 5.268297 9.256741 3.291672 5.068231 9.531108 3.368649 4.688505 9.672844 4.446259 4.872845 9.531108 3.368649 4.688505 9.60825 4.579996 4.421917 9.672844 4.446259 4.872845 9.531108 3.368649 4.688505 9.454421 3.410456 4.22185 9.60825 4.579996 4.421917 9.454421 3.410456 4.22185 9.254619 4.784085 4.17966 9.60825 4.579996 4.421917 9.454421 3.410456 4.22185 9.071599 3.392608 3.941627 9.254619 4.784085 4.17966 9.071599 3.392608 3.941627 8.819108 4.938974 4.287984 9.254619 4.784085 4.17966 9.071599 3.392608 3.941627 8.606897 3.32556 4.011987 8.819108 4.938974 4.287984 8.606897 3.32556 4.011987 8.556832 4.953928 4.683436 8.819108 4.938974 4.287984 8.606897 3.32556 4.011987 8.332531 3.248583 4.391714 8.556832 4.953928 4.683436 8.556832 4.953928 4.683436 9.483919 6.180979 5.676807 9.472332 6.454622 5.107874 8.556832 4.953928 4.683436 8.621426 4.82019 5.134365 9.483919 6.180979 5.676807 8.621426 4.82019 5.134365 9.774807 5.678328 5.924651 9.483919 6.180979 5.676807 8.621426 4.82019 5.134365 8.975056 4.616099 5.376621 9.774807 5.678328 5.924651 8.975056 4.616099 5.376621 10.1746 5.241114 5.70622 9.774807 5.678328 5.924651 8.975056 4.616099 5.376621 9.41057 4.461212 5.268297 10.1746 5.241114 5.70622 9.41057 4.461212 5.268297 10.4491 5.125454 5.14947 10.1746 5.241114 5.70622 9.41057 4.461212 5.268297 9.672844 4.446259 4.872845 10.4491 5.125454 5.14947 9.672844 4.446259 4.872845 10.43752 5.399097 4.580535 10.4491 5.125454 5.14947 9.672844 4.446259 4.872845 9.60825 4.579996 4.421917 10.43752 5.399097 4.580535 9.60825 4.579996 4.421917 10.14663 5.901749 4.332693 10.43752 5.399097 4.580535 9.60825 4.579996 4.421917 9.254619 4.784085 4.17966 10.14663 5.901749 4.332693 9.254619 4.784085 4.17966 9.746834 6.338962 4.551123 10.14663 5.901749 4.332693 9.254619 4.784085 4.17966 8.819108 4.938974 4.287984 9.746834 6.338962 4.551123 8.819108 4.938974 4.287984 9.472332 6.454622 5.107874 9.746834 6.338962 4.551123 8.819108 4.938974 4.287984 8.556832 4.953928 4.683436 9.472332 6.454622 5.107874 9.483919 6.180979 5.676807 15.93258 10.98817 7.857623 15.92099 11.26182 7.288691 9.483919 6.180979 5.676807 15.92099 11.26182 7.288691 9.472332 6.454622 5.107874 9.472332 6.454622 5.107874 15.92099 11.26182 7.288691 16.1955 11.14616 6.731937 9.472332 6.454622 5.107874 16.1955 11.14616 6.731937 9.746834 6.338962 4.551123 9.774807 5.678328 5.924651 16.22347 10.48552 8.105466 15.93258 10.98817 7.857623 9.774807 5.678328 5.924651 15.93258 10.98817 7.857623 9.483919 6.180979 5.676807 13.4307 0.8102854 5.84488 19.87936 5.617482 8.025694 19.86777 5.891126 7.456762 13.4307 0.8102854 5.84488 19.86777 5.891126 7.456762 13.41911 1.083931 5.275948 13.41911 1.083931 5.275948 19.86777 5.891126 7.456762 20.14228 5.775465 6.90001 13.41911 1.083931 5.275948 20.14228 5.775465 6.90001 13.69361 0.9682683 4.719195 13.72159 0.307636 6.092724 20.17025 5.114834 8.273541 19.87936 5.617482 8.025694 13.72159 0.307636 6.092724 19.87936 5.617482 8.025694 13.4307 0.8102854 5.84488 16.22347 10.48552 8.105466 9.774807 5.678328 5.924651 10.1746 5.241114 5.70622 16.22347 10.48552 8.105466 10.1746 5.241114 5.70622 16.62326 10.04831 7.887035 16.62326 10.04831 7.887035 10.1746 5.241114 5.70622 10.4491 5.125454 5.14947 16.62326 10.04831 7.887035 10.4491 5.125454 5.14947 16.89776 9.932651 7.330286 16.89776 9.932651 7.330286 10.4491 5.125454 5.14947 10.43752 5.399097 4.580535 16.89776 9.932651 7.330286 10.43752 5.399097 4.580535 16.88618 10.20629 6.761349 16.88618 10.20629 6.761349 10.43752 5.399097 4.580535 10.14663 5.901749 4.332693 16.88618 10.20629 6.761349 10.14663 5.901749 4.332693 16.59529 10.70895 6.513507 16.59529 10.70895 6.513507 10.14663 5.901749 4.332693 9.746834 6.338962 4.551123 16.59529 10.70895 6.513507 9.746834 6.338962 4.551123 16.1955 11.14616 6.731937 20.17025 5.114834 8.273541 13.72159 0.307636 6.092724 14.12138 -0.1295776 5.874292 20.17025 5.114834 8.273541 14.12138 -0.1295776 5.874292 20.57004 4.67762 8.055109 20.57004 4.67762 8.055109 14.12138 -0.1295776 5.874292 14.39588 -0.2452371 5.317543 20.57004 4.67762 8.055109 14.39588 -0.2452371 5.317543 20.84454 4.561957 7.498358 20.84454 4.561957 7.498358 14.39588 -0.2452371 5.317543 14.3843 0.02840507 4.748608 20.84454 4.561957 7.498358 14.3843 0.02840507 4.748608 20.83296 4.835602 6.929422 20.83296 4.835602 6.929422 14.3843 0.02840507 4.748608 14.09341 0.5310572 4.500764 20.83296 4.835602 6.929422 14.09341 0.5310572 4.500764 20.54207 5.338255 6.68158 20.54207 5.338255 6.68158 14.09341 0.5310572 4.500764 13.69361 0.9682683 4.719195 20.54207 5.338255 6.68158 13.69361 0.9682683 4.719195 20.14228 5.775465 6.90001 20.02551 9.884269 8.696932 20.71639 8.94414 8.726353 21.09674 9.221753 8.665843 20.02551 9.884269 8.696932 21.09674 9.221753 8.665843 20.40586 10.16188 8.636423 20.40586 10.16188 8.636423 21.09674 9.221753 8.665843 21.33617 9.385947 8.290198 20.40586 10.16188 8.636423 21.33617 9.385947 8.290198 20.64529 10.32608 8.260776 19.6853 9.610449 7.936128 20.37618 8.670319 7.965547 20.41793 8.715727 8.43628 19.6853 9.610449 7.936128 20.41793 8.715727 8.43628 19.72705 9.655858 8.406861 19.72705 9.655858 8.406861 20.41793 8.715727 8.43628 20.71639 8.94414 8.726353 19.72705 9.655858 8.406861 20.71639 8.94414 8.726353 20.02551 9.884269 8.696932 20.30508 10.05226 7.499971 20.99596 9.112126 7.529391 20.61561 8.834512 7.589901 20.30508 10.05226 7.499971 20.61561 8.834512 7.589901 19.92473 9.774642 7.560482 19.92473 9.774642 7.560482 20.61561 8.834512 7.589901 20.37618 8.670319 7.965547 19.92473 9.774642 7.560482 20.37618 8.670319 7.965547 19.6853 9.610449 7.936128 20.60354 10.28067 7.790041 21.29442 9.340537 7.819464 20.99596 9.112126 7.529391 20.60354 10.28067 7.790041 20.99596 9.112126 7.529391 20.30508 10.05226 7.499971 20.64529 10.32608 8.260776 21.33617 9.385947 8.290198 21.29442 9.340537 7.819464 20.64529 10.32608 8.260776 21.29442 9.340537 7.819464 20.60354 10.28067 7.790041 10.39214 1.241942 5.045751 9.701266 2.182071 5.016329 9.320918 1.904457 5.076839 10.39214 1.241942 5.045751 9.320918 1.904457 5.076839 10.01179 0.9643265 5.10626 10.01179 0.9643265 5.10626 9.320918 1.904457 5.076839 9.022453 1.676046 4.786768 10.01179 0.9643265 5.10626 9.022453 1.676046 4.786768 9.713331 0.7359156 4.816188 9.713331 0.7359156 4.816188 9.022453 1.676046 4.786768 8.980709 1.630637 4.316034 9.713331 0.7359156 4.816188 8.980709 1.630637 4.316034 9.671585 0.6905066 4.345455 9.671585 0.6905066 4.345455 8.980709 1.630637 4.316034 9.220135 1.79483 3.940389 9.671585 0.6905066 4.345455 9.220135 1.79483 3.940389 9.911012 0.8546998 3.96981 9.911012 0.8546998 3.96981 9.220135 1.79483 3.940389 9.600482 2.072443 3.879878 9.911012 0.8546998 3.96981 9.600482 2.072443 3.879878 10.29136 1.132314 3.9093 10.29136 1.132314 3.9093 9.600482 2.072443 3.879878 9.898947 2.300855 4.169949 10.29136 1.132314 3.9093 9.898947 2.300855 4.169949 10.58982 1.360725 4.199371 10.58982 1.360725 4.199371 9.898947 2.300855 4.169949 9.940692 2.346263 4.640683 10.58982 1.360725 4.199371 9.940692 2.346263 4.640683 10.63157 1.406134 4.670104 10.63157 1.406134 4.670104 9.940692 2.346263 4.640683 9.701266 2.182071 5.016329 10.63157 1.406134 4.670104 9.701266 2.182071 5.016329 10.39214 1.241942 5.045751 15.43073 3.42942 10.03014 15.63667 3.149173 10.03891 17.53657 4.541722 9.922719 15.43073 3.42942 10.03014 17.53657 4.541722 9.922719 17.33062 4.821968 9.913947 17.33062 4.821968 9.913947 17.53657 4.541722 9.922719 19.03923 5.599732 8.444573 17.33062 4.821968 9.913947 19.03923 5.599732 8.444573 18.83329 5.879979 8.435805 18.83329 5.879979 8.435805 19.03923 5.599732 8.444573 19.5707 5.919084 6.169082 18.83329 5.879979 8.435805 19.5707 5.919084 6.169082 19.36476 6.19933 6.160312 19.36476 6.19933 6.160312 19.5707 5.919084 6.169082 18.92797 5.377792 3.965404 19.36476 6.19933 6.160312 18.92797 5.377792 3.965404 18.72202 5.658039 3.956634 18.72202 5.658039 3.956634 18.92797 5.377792 3.965404 17.35654 4.182614 2.675269 18.72202 5.658039 3.956634 17.35654 4.182614 2.675269 17.15059 4.46286 2.666499 17.15059 4.46286 2.666499 17.35654 4.182614 2.675269 15.45664 2.790066 2.791465 17.15059 4.46286 2.666499 15.45664 2.790066 2.791465 15.25069 3.070312 2.782695 15.25069 3.070312 2.782695 15.45664 2.790066 2.791465 13.95397 1.732055 4.269609 15.25069 3.070312 2.782695 13.95397 1.732055 4.269609 13.74803 2.012301 4.26084 13.74803 2.012301 4.26084 13.95397 1.732055 4.269609 13.42251 1.412704 6.545101 13.74803 2.012301 4.26084 13.42251 1.412704 6.545101 13.21656 1.69295 6.536331 13.21656 1.69295 6.536331 13.42251 1.412704 6.545101 14.06524 1.953995 8.74878 13.21656 1.69295 6.536331 14.06524 1.953995 8.74878 13.8593 2.234244 8.740011 13.8593 2.234244 8.740011 14.06524 1.953995 8.74878 15.63667 3.149173 10.03891 13.8593 2.234244 8.740011 15.63667 3.149173 10.03891 15.43073 3.42942 10.03014 16.02238 2.989023 9.251401 16.70508 2.565049 8.167231 17.62542 3.239617 8.110943 16.02238 2.989023 9.251401 17.62542 3.239617 8.110943 17.51152 4.080496 9.160325 17.51152 4.080496 9.160325 17.62542 3.239617 8.110943 18.35333 3.752132 7.394912 17.51152 4.080496 9.160325 18.35333 3.752132 7.394912 18.6893 4.909762 8.001761 18.6893 4.909762 8.001761 18.35333 3.752132 7.394912 18.61078 3.90683 6.292635 18.6893 4.909762 8.001761 18.61078 3.90683 6.292635 19.10586 5.160068 6.218239 19.10586 5.160068 6.218239 18.61078 3.90683 6.292635 18.29943 3.644621 5.225145 19.10586 5.160068 6.218239 18.29943 3.644621 5.225145 18.60209 4.735804 4.491002 18.60209 4.735804 4.491002 18.29943 3.644621 5.225145 17.5382 3.065661 4.600186 18.60209 4.735804 4.491002 17.5382 3.065661 4.600186 17.3704 3.799027 3.4798 17.3704 3.799027 3.4798 17.5382 3.065661 4.600186 16.61787 2.391093 4.656474 17.3704 3.799027 3.4798 16.61787 2.391093 4.656474 15.88127 2.707554 3.570874 15.88127 2.707554 3.570874 16.61787 2.391093 4.656474 15.88996 1.878579 5.372505 15.88127 2.707554 3.570874 15.88996 1.878579 5.372505 14.70349 1.878288 4.729438 14.70349 1.878288 4.729438 15.88996 1.878579 5.372505 15.63251 1.723882 6.474783 14.70349 1.878288 4.729438 15.63251 1.723882 6.474783 14.28693 1.627983 6.51296 14.28693 1.627983 6.51296 15.63251 1.723882 6.474783 15.94386 1.986089 7.542273 14.28693 1.627983 6.51296 15.94386 1.986089 7.542273 14.7907 2.052245 8.240197 14.7907 2.052245 8.240197 15.94386 1.986089 7.542273 16.70508 2.565049 8.167231 14.7907 2.052245 8.240197 16.70508 2.565049 8.167231 16.02238 2.989023 9.251401 17.28407 2.594322 6.390625 17.62542 3.239617 8.110943 16.70508 2.565049 8.167231 17.28407 2.594322 6.390625 18.35333 3.752132 7.394912 17.62542 3.239617 8.110943 17.28407 2.594322 6.390625 18.61078 3.90683 6.292635 18.35333 3.752132 7.394912 17.28407 2.594322 6.390625 18.29943 3.644621 5.225145 18.61078 3.90683 6.292635 17.28407 2.594322 6.390625 17.5382 3.065661 4.600186 18.29943 3.644621 5.225145 17.28407 2.594322 6.390625 16.61787 2.391093 4.656474 17.5382 3.065661 4.600186 17.28407 2.594322 6.390625 15.88996 1.878579 5.372505 16.61787 2.391093 4.656474 17.28407 2.594322 6.390625 15.63251 1.723882 6.474783 15.88996 1.878579 5.372505 17.28407 2.594322 6.390625 15.94386 1.986089 7.542273 15.63251 1.723882 6.474783 17.28407 2.594322 6.390625 16.70508 2.565049 8.167231 15.94386 1.986089 7.542273 14.87129 7.784102 9.21826 13.29023 6.625254 9.314957 15.57504 3.516137 9.412255 15.57504 3.516137 9.412255 17.1561 4.674986 9.315559 14.87129 7.784102 9.21826 16.12177 8.664557 7.988181 14.87129 7.784102 9.21826 17.1561 4.674986 9.315559 17.1561 4.674986 9.315559 18.40658 5.555439 8.085479 16.12177 8.664557 7.988181 16.56405 8.930314 6.094567 16.12177 8.664557 7.988181 18.40658 5.555439 8.085479 18.40658 5.555439 8.085479 18.84885 5.821196 6.191864 16.56405 8.930314 6.094567 16.02918 8.479864 4.260714 16.56405 8.930314 6.094567 18.84885 5.821196 6.191864 18.84885 5.821196 6.191864 18.31399 5.370746 4.35801 16.02918 8.479864 4.260714 14.72147 7.485262 3.187091 16.02918 8.479864 4.260714 18.31399 5.370746 4.35801 18.31399 5.370746 4.35801 17.00627 4.376144 3.284389 14.72147 7.485262 3.187091 13.14041 6.326414 3.283788 14.72147 7.485262 3.187091 17.00627 4.376144 3.284389 17.00627 4.376144 3.284389 15.42522 3.217294 3.381083 13.14041 6.326414 3.283788 11.88992 5.445959 4.513867 13.14041 6.326414 3.283788 15.42522 3.217294 3.381083 15.42522 3.217294 3.381083 14.17473 2.33684 4.611164 11.88992 5.445959 4.513867 11.44765 5.180202 6.407482 11.88992 5.445959 4.513867 14.17473 2.33684 4.611164 14.17473 2.33684 4.611164 13.73246 2.071084 6.50478 11.44765 5.180202 6.407482 11.98252 5.630654 8.241336 11.44765 5.180202 6.407482 13.73246 2.071084 6.50478 13.73246 2.071084 6.50478 14.26733 2.521537 8.338635 11.98252 5.630654 8.241336 13.29023 6.625254 9.314957 11.98252 5.630654 8.241336 14.26733 2.521537 8.338635 14.26733 2.521537 8.338635 15.57504 3.516137 9.412255 13.29023 6.625254 9.314957 16.02238 2.989023 9.251401 17.51152 4.080496 9.160325 17.36204 4.394739 9.324328 17.36204 4.394739 9.324328 15.78099 3.23589 9.421025 16.02238 2.989023 9.251401 17.51152 4.080496 9.160325 18.6893 4.909762 8.001761 18.61253 5.275194 8.094249 18.61253 5.275194 8.094249 17.36204 4.394739 9.324328 17.51152 4.080496 9.160325 18.6893 4.909762 8.001761 19.10586 5.160068 6.218239 19.0548 5.54095 6.200634 19.0548 5.54095 6.200634 18.61253 5.275194 8.094249 18.6893 4.909762 8.001761 19.10586 5.160068 6.218239 18.60209 4.735804 4.491002 18.51993 5.090499 4.36678 18.51993 5.090499 4.36678 19.0548 5.54095 6.200634 19.10586 5.160068 6.218239 18.60209 4.735804 4.491002 17.3704 3.799027 3.4798 17.21222 4.095897 3.293159 17.21222 4.095897 3.293159 18.51993 5.090499 4.36678 18.60209 4.735804 4.491002 17.3704 3.799027 3.4798 15.88127 2.707554 3.570874 15.63117 2.937048 3.389853 15.63117 2.937048 3.389853 17.21222 4.095897 3.293159 17.3704 3.799027 3.4798 15.88127 2.707554 3.570874 14.70349 1.878288 4.729438 14.38068 2.056594 4.619934 14.38068 2.056594 4.619934 15.63117 2.937048 3.389853 15.88127 2.707554 3.570874 14.70349 1.878288 4.729438 14.28693 1.627983 6.51296 13.93841 1.790838 6.513548 13.93841 1.790838 6.513548 14.38068 2.056594 4.619934 14.70349 1.878288 4.729438 14.28693 1.627983 6.51296 14.7907 2.052245 8.240197 14.47328 2.241289 8.347403 14.47328 2.241289 8.347403 13.93841 1.790838 6.513548 14.28693 1.627983 6.51296 14.7907 2.052245 8.240197 16.02238 2.989023 9.251401 15.78099 3.23589 9.421025 15.78099 3.23589 9.421025 14.47328 2.241289 8.347403 14.7907 2.052245 8.240197 15.78099 3.23589 9.421025 17.36204 4.394739 9.324328 17.53657 4.541722 9.922719 17.53657 4.541722 9.922719 15.63667 3.149173 10.03891 15.78099 3.23589 9.421025 17.1561 4.674986 9.315559 15.57504 3.516137 9.412255 15.43073 3.42942 10.03014 15.43073 3.42942 10.03014 17.33062 4.821968 9.913947 17.1561 4.674986 9.315559 17.36204 4.394739 9.324328 18.61253 5.275194 8.094249 19.03923 5.599732 8.444573 19.03923 5.599732 8.444573 17.53657 4.541722 9.922719 17.36204 4.394739 9.324328 18.40658 5.555439 8.085479 17.1561 4.674986 9.315559 17.33062 4.821968 9.913947 17.33062 4.821968 9.913947 18.83329 5.879979 8.435805 18.40658 5.555439 8.085479 18.61253 5.275194 8.094249 19.0548 5.54095 6.200634 19.5707 5.919084 6.169082 19.5707 5.919084 6.169082 19.03923 5.599732 8.444573 18.61253 5.275194 8.094249 18.84885 5.821196 6.191864 18.40658 5.555439 8.085479 18.83329 5.879979 8.435805 18.83329 5.879979 8.435805 19.36476 6.19933 6.160312 18.84885 5.821196 6.191864 19.0548 5.54095 6.200634 18.51993 5.090499 4.36678 18.92797 5.377792 3.965404 18.92797 5.377792 3.965404 19.5707 5.919084 6.169082 19.0548 5.54095 6.200634 18.31399 5.370746 4.35801 18.84885 5.821196 6.191864 19.36476 6.19933 6.160312 19.36476 6.19933 6.160312 18.72202 5.658039 3.956634 18.31399 5.370746 4.35801 18.51993 5.090499 4.36678 17.21222 4.095897 3.293159 17.35654 4.182614 2.675269 17.35654 4.182614 2.675269 18.92797 5.377792 3.965404 18.51993 5.090499 4.36678 17.00627 4.376144 3.284389 18.31399 5.370746 4.35801 18.72202 5.658039 3.956634 18.72202 5.658039 3.956634 17.15059 4.46286 2.666499 17.00627 4.376144 3.284389 17.21222 4.095897 3.293159 15.63117 2.937048 3.389853 15.45664 2.790066 2.791465 15.45664 2.790066 2.791465 17.35654 4.182614 2.675269 17.21222 4.095897 3.293159 15.42522 3.217294 3.381083 17.00627 4.376144 3.284389 17.15059 4.46286 2.666499 17.15059 4.46286 2.666499 15.25069 3.070312 2.782695 15.42522 3.217294 3.381083 15.63117 2.937048 3.389853 14.38068 2.056594 4.619934 13.95397 1.732055 4.269609 13.95397 1.732055 4.269609 15.45664 2.790066 2.791465 15.63117 2.937048 3.389853 14.17473 2.33684 4.611164 15.42522 3.217294 3.381083 15.25069 3.070312 2.782695 15.25069 3.070312 2.782695 13.74803 2.012301 4.26084 14.17473 2.33684 4.611164 14.38068 2.056594 4.619934 13.93841 1.790838 6.513548 13.42251 1.412704 6.545101 13.42251 1.412704 6.545101 13.95397 1.732055 4.269609 14.38068 2.056594 4.619934 13.73246 2.071084 6.50478 14.17473 2.33684 4.611164 13.74803 2.012301 4.26084 13.74803 2.012301 4.26084 13.21656 1.69295 6.536331 13.73246 2.071084 6.50478 13.93841 1.790838 6.513548 14.47328 2.241289 8.347403 14.06524 1.953995 8.74878 14.06524 1.953995 8.74878 13.42251 1.412704 6.545101 13.93841 1.790838 6.513548 14.26733 2.521537 8.338635 13.73246 2.071084 6.50478 13.21656 1.69295 6.536331 13.21656 1.69295 6.536331 13.8593 2.234244 8.740011 14.26733 2.521537 8.338635 14.47328 2.241289 8.347403 15.78099 3.23589 9.421025 15.63667 3.149173 10.03891 15.63667 3.149173 10.03891 14.06524 1.953995 8.74878 14.47328 2.241289 8.347403 15.57504 3.516137 9.412255 14.26733 2.521537 8.338635 13.8593 2.234244 8.740011 13.8593 2.234244 8.740011 15.43073 3.42942 10.03014 15.57504 3.516137 9.412255 13.01094 8.409119 6.208657 12.75446 7.93343 8.01562 13.68329 8.614224 7.958813 13.01094 8.409119 6.208657 13.68329 8.614224 7.958813 14.41791 9.131466 7.236172 13.01094 8.409119 6.208657 14.41791 9.131466 7.236172 14.67774 9.287593 6.123724 13.01094 8.409119 6.208657 14.67774 9.287593 6.123724 14.36352 9.022965 5.046382 13.01094 8.409119 6.208657 14.36352 9.022965 5.046382 13.59527 8.438662 4.415656 13.01094 8.409119 6.208657 13.59527 8.438662 4.415656 12.66644 7.757866 4.472461 13.01094 8.409119 6.208657 12.66644 7.757866 4.472461 11.93181 7.240623 5.195103 13.01094 8.409119 6.208657 11.93181 7.240623 5.195103 11.67199 7.084499 6.307553 13.01094 8.409119 6.208657 11.67199 7.084499 6.307553 11.98621 7.349126 7.384892 13.01094 8.409119 6.208657 11.98621 7.349126 7.384892 12.75446 7.93343 8.01562 12.75446 7.93343 8.01562 12.92381 7.193291 9.146346 14.42669 8.294838 9.05443 12.75446 7.93343 8.01562 14.42669 8.294838 9.05443 13.68329 8.614224 7.958813 13.68329 8.614224 7.958813 14.42669 8.294838 9.05443 15.61534 9.131757 7.885176 13.68329 8.614224 7.958813 15.61534 9.131757 7.885176 14.41791 9.131466 7.236172 14.41791 9.131466 7.236172 15.61534 9.131757 7.885176 16.03575 9.384373 6.085193 14.41791 9.131466 7.236172 16.03575 9.384373 6.085193 14.67774 9.287593 6.123724 14.67774 9.287593 6.123724 16.03575 9.384373 6.085193 15.52732 8.956195 4.342018 14.67774 9.287593 6.123724 15.52732 8.956195 4.342018 14.36352 9.022965 5.046382 14.36352 9.022965 5.046382 15.52732 8.956195 4.342018 14.28427 8.010773 3.321481 14.36352 9.022965 5.046382 14.28427 8.010773 3.321481 13.59527 8.438662 4.415656 13.59527 8.438662 4.415656 14.28427 8.010773 3.321481 12.78139 6.909226 3.413396 13.59527 8.438662 4.415656 12.78139 6.909226 3.413396 12.66644 7.757866 4.472461 12.66644 7.757866 4.472461 12.78139 6.909226 3.413396 11.59274 6.072309 4.582653 12.66644 7.757866 4.472461 11.59274 6.072309 4.582653 11.93181 7.240623 5.195103 11.93181 7.240623 5.195103 11.59274 6.072309 4.582653 11.17234 5.819693 6.382636 11.93181 7.240623 5.195103 11.17234 5.819693 6.382636 11.67199 7.084499 6.307553 11.67199 7.084499 6.307553 11.17234 5.819693 6.382636 11.68076 6.24787 8.125813 11.67199 7.084499 6.307553 11.68076 6.24787 8.125813 11.98621 7.349126 7.384892 11.98621 7.349126 7.384892 11.68076 6.24787 8.125813 12.92381 7.193291 9.146346 11.98621 7.349126 7.384892 12.92381 7.193291 9.146346 12.75446 7.93343 8.01562 12.93997 6.818786 9.924077 13.14592 6.538537 9.932848 15.04582 7.931085 9.816651 12.93997 6.818786 9.924077 15.04582 7.931085 9.816651 14.83987 8.211333 9.807881 14.83987 8.211333 9.807881 15.04582 7.931085 9.816651 16.54848 8.989096 8.338506 14.83987 8.211333 9.807881 16.54848 8.989096 8.338506 16.34254 9.269345 8.329737 16.34254 9.269345 8.329737 16.54848 8.989096 8.338506 17.07995 9.308448 6.063014 16.34254 9.269345 8.329737 17.07995 9.308448 6.063014 16.874 9.588695 6.054244 16.874 9.588695 6.054244 17.07995 9.308448 6.063014 16.43721 8.767157 3.859337 16.874 9.588695 6.054244 16.43721 8.767157 3.859337 16.23127 9.047405 3.850567 16.23127 9.047405 3.850567 16.43721 8.767157 3.859337 14.86578 7.571979 2.569202 16.23127 9.047405 3.850567 14.86578 7.571979 2.569202 14.65983 7.852226 2.560432 14.65983 7.852226 2.560432 14.86578 7.571979 2.569202 12.96588 6.179431 2.685398 14.65983 7.852226 2.560432 12.96588 6.179431 2.685398 12.75994 6.459678 2.676628 12.75994 6.459678 2.676628 12.96588 6.179431 2.685398 11.46322 5.12142 4.163543 12.75994 6.459678 2.676628 11.46322 5.12142 4.163543 11.25727 5.401667 4.154773 11.25727 5.401667 4.154773 11.46322 5.12142 4.163543 10.93175 4.802069 6.439033 11.25727 5.401667 4.154773 10.93175 4.802069 6.439033 10.72581 5.082316 6.430264 10.72581 5.082316 6.430264 10.93175 4.802069 6.439033 11.57449 5.34336 8.642712 10.72581 5.082316 6.430264 11.57449 5.34336 8.642712 11.36854 5.623608 8.633944 11.36854 5.623608 8.633944 11.57449 5.34336 8.642712 13.14592 6.538537 9.932848 11.36854 5.623608 8.633944 13.14592 6.538537 9.932848 12.93997 6.818786 9.924077 14.42669 8.294838 9.05443 12.92381 7.193291 9.146346 13.08429 6.905502 9.306187 13.08429 6.905502 9.306187 14.66534 8.064351 9.209492 14.42669 8.294838 9.05443 15.61534 9.131757 7.885176 14.42669 8.294838 9.05443 14.66534 8.064351 9.209492 14.66534 8.064351 9.209492 15.91583 8.944804 7.979412 15.61534 9.131757 7.885176 16.03575 9.384373 6.085193 15.61534 9.131757 7.885176 15.91583 8.944804 7.979412 15.91583 8.944804 7.979412 16.3581 9.210562 6.085798 16.03575 9.384373 6.085193 15.52732 8.956195 4.342018 16.03575 9.384373 6.085193 16.3581 9.210562 6.085798 16.3581 9.210562 6.085798 15.82323 8.76011 4.251944 15.52732 8.956195 4.342018 14.28427 8.010773 3.321481 15.52732 8.956195 4.342018 15.82323 8.76011 4.251944 15.82323 8.76011 4.251944 14.51552 7.765509 3.178321 14.28427 8.010773 3.321481 12.78139 6.909226 3.413396 14.28427 8.010773 3.321481 14.51552 7.765509 3.178321 14.51552 7.765509 3.178321 12.93447 6.60666 3.275017 12.78139 6.909226 3.413396 11.59274 6.072309 4.582653 12.78139 6.909226 3.413396 12.93447 6.60666 3.275017 12.93447 6.60666 3.275017 11.68398 5.726207 4.505098 11.59274 6.072309 4.582653 11.17234 5.819693 6.382636 11.59274 6.072309 4.582653 11.68398 5.726207 4.505098 11.68398 5.726207 4.505098 11.24171 5.460451 6.398713 11.17234 5.819693 6.382636 11.68076 6.24787 8.125813 11.17234 5.819693 6.382636 11.24171 5.460451 6.398713 11.24171 5.460451 6.398713 11.77658 5.910902 8.232567 11.68076 6.24787 8.125813 12.92381 7.193291 9.146346 11.68076 6.24787 8.125813 11.77658 5.910902 8.232567 11.77658 5.910902 8.232567 13.08429 6.905502 9.306187 12.92381 7.193291 9.146346 13.29023 6.625254 9.314957 14.87129 7.784102 9.21826 15.04582 7.931085 9.816651 15.04582 7.931085 9.816651 13.14592 6.538537 9.932848 13.29023 6.625254 9.314957 14.66534 8.064351 9.209492 13.08429 6.905502 9.306187 12.93997 6.818786 9.924077 12.93997 6.818786 9.924077 14.83987 8.211333 9.807881 14.66534 8.064351 9.209492 14.87129 7.784102 9.21826 16.12177 8.664557 7.988181 16.54848 8.989096 8.338506 16.54848 8.989096 8.338506 15.04582 7.931085 9.816651 14.87129 7.784102 9.21826 15.91583 8.944804 7.979412 14.66534 8.064351 9.209492 14.83987 8.211333 9.807881 14.83987 8.211333 9.807881 16.34254 9.269345 8.329737 15.91583 8.944804 7.979412 16.12177 8.664557 7.988181 16.56405 8.930314 6.094567 17.07995 9.308448 6.063014 17.07995 9.308448 6.063014 16.54848 8.989096 8.338506 16.12177 8.664557 7.988181 16.3581 9.210562 6.085798 15.91583 8.944804 7.979412 16.34254 9.269345 8.329737 16.34254 9.269345 8.329737 16.874 9.588695 6.054244 16.3581 9.210562 6.085798 16.56405 8.930314 6.094567 16.02918 8.479864 4.260714 16.43721 8.767157 3.859337 16.43721 8.767157 3.859337 17.07995 9.308448 6.063014 16.56405 8.930314 6.094567 15.82323 8.76011 4.251944 16.3581 9.210562 6.085798 16.874 9.588695 6.054244 16.874 9.588695 6.054244 16.23127 9.047405 3.850567 15.82323 8.76011 4.251944 16.02918 8.479864 4.260714 14.72147 7.485262 3.187091 14.86578 7.571979 2.569202 14.86578 7.571979 2.569202 16.43721 8.767157 3.859337 16.02918 8.479864 4.260714 14.51552 7.765509 3.178321 15.82323 8.76011 4.251944 16.23127 9.047405 3.850567 16.23127 9.047405 3.850567 14.65983 7.852226 2.560432 14.51552 7.765509 3.178321 14.72147 7.485262 3.187091 13.14041 6.326414 3.283788 12.96588 6.179431 2.685398 12.96588 6.179431 2.685398 14.86578 7.571979 2.569202 14.72147 7.485262 3.187091 12.93447 6.60666 3.275017 14.51552 7.765509 3.178321 14.65983 7.852226 2.560432 14.65983 7.852226 2.560432 12.75994 6.459678 2.676628 12.93447 6.60666 3.275017 13.14041 6.326414 3.283788 11.88992 5.445959 4.513867 11.46322 5.12142 4.163543 11.46322 5.12142 4.163543 12.96588 6.179431 2.685398 13.14041 6.326414 3.283788 11.68398 5.726207 4.505098 12.93447 6.60666 3.275017 12.75994 6.459678 2.676628 12.75994 6.459678 2.676628 11.25727 5.401667 4.154773 11.68398 5.726207 4.505098 11.88992 5.445959 4.513867 11.44765 5.180202 6.407482 10.93175 4.802069 6.439033 10.93175 4.802069 6.439033 11.46322 5.12142 4.163543 11.88992 5.445959 4.513867 11.24171 5.460451 6.398713 11.68398 5.726207 4.505098 11.25727 5.401667 4.154773 11.25727 5.401667 4.154773 10.72581 5.082316 6.430264 11.24171 5.460451 6.398713 11.44765 5.180202 6.407482 11.98252 5.630654 8.241336 11.57449 5.34336 8.642712 11.57449 5.34336 8.642712 10.93175 4.802069 6.439033 11.44765 5.180202 6.407482 11.77658 5.910902 8.232567 11.24171 5.460451 6.398713 10.72581 5.082316 6.430264 10.72581 5.082316 6.430264 11.36854 5.623608 8.633944 11.77658 5.910902 8.232567 11.98252 5.630654 8.241336 13.29023 6.625254 9.314957 13.14592 6.538537 9.932848 13.14592 6.538537 9.932848 11.57449 5.34336 8.642712 11.98252 5.630654 8.241336 13.08429 6.905502 9.306187 11.77658 5.910902 8.232567 11.36854 5.623608 8.633944 11.36854 5.623608 8.633944 12.93997 6.818786 9.924077 13.08429 6.905502 9.306187 12.14632 8.293562 13.90004 8.201455 5.188673 7.32023 7.572154 4.750061 8.082147 12.14632 8.293562 13.90004 12.912 8.836639 13.27383 8.201455 5.188673 7.32023 12.912 8.836639 13.27383 8.936422 4.412041 7.480188 8.201455 5.188673 7.32023 12.912 8.836639 13.27383 13.5419 7.979484 13.30065 8.936422 4.412041 7.480188 13.5419 7.979484 13.30065 8.307121 3.97343 8.242105 8.936422 4.412041 7.480188 13.5419 7.979484 13.30065 12.77637 7.436083 13.9268 8.307121 3.97343 8.242105 12.77637 7.436083 13.9268 7.572154 4.750061 8.082147 8.307121 3.97343 8.242105 12.77637 7.436083 13.9268 12.14632 8.293562 13.90004 7.572154 4.750061 8.082147 7.572154 4.750061 8.082147 7.834185 4.410049 6.568655 7.204884 3.971437 7.330572 7.572154 4.750061 8.082147 8.201455 5.188673 7.32023 7.834185 4.410049 6.568655 8.201455 5.188673 7.32023 8.689824 3.889245 6.975553 7.834185 4.410049 6.568655 8.201455 5.188673 7.32023 8.936422 4.412041 7.480188 8.689824 3.889245 6.975553 8.936422 4.412041 7.480188 8.060523 3.450633 7.73747 8.689824 3.889245 6.975553 8.936422 4.412041 7.480188 8.307121 3.97343 8.242105 8.060523 3.450633 7.73747 8.307121 3.97343 8.242105 7.204884 3.971437 7.330572 8.060523 3.450633 7.73747 8.307121 3.97343 8.242105 7.572154 4.750061 8.082147 7.204884 3.971437 7.330572 7.204884 3.971437 7.330572 7.781017 3.440238 5.966451 7.151717 3.001626 6.728367 7.204884 3.971437 7.330572 7.834185 4.410049 6.568655 7.781017 3.440238 5.966451 7.834185 4.410049 6.568655 8.654126 3.238077 6.571211 7.781017 3.440238 5.966451 7.834185 4.410049 6.568655 8.689824 3.889245 6.975553 8.654126 3.238077 6.571211 8.689824 3.889245 6.975553 8.024825 2.799465 7.333127 8.654126 3.238077 6.571211 8.689824 3.889245 6.975553 8.060523 3.450633 7.73747 8.024825 2.799465 7.333127 8.060523 3.450633 7.73747 7.151717 3.001626 6.728367 8.024825 2.799465 7.333127 8.060523 3.450633 7.73747 7.204884 3.971437 7.330572 7.151717 3.001626 6.728367 7.151717 3.001626 6.728367 8.048367 2.396214 5.586253 7.419066 1.957601 6.348169 7.151717 3.001626 6.728367 7.781017 3.440238 5.966451 8.048367 2.396214 5.586253 7.781017 3.440238 5.966451 8.833634 2.537084 6.315933 8.048367 2.396214 5.586253 7.781017 3.440238 5.966451 8.654126 3.238077 6.571211 8.833634 2.537084 6.315933 8.654126 3.238077 6.571211 8.204333 2.098471 7.07785 8.833634 2.537084 6.315933 8.654126 3.238077 6.571211 8.024825 2.799465 7.333127 8.204333 2.098471 7.07785 8.024825 2.799465 7.333127 7.419066 1.957601 6.348169 8.204333 2.098471 7.07785 8.024825 2.799465 7.333127 7.151717 3.001626 6.728367 7.419066 1.957601 6.348169 7.419066 1.957601 6.348169 8.603318 1.404812 5.473889 7.974017 0.9661989 6.235806 7.419066 1.957601 6.348169 8.048367 2.396214 5.586253 8.603318 1.404812 5.473889 8.048367 2.396214 5.586253 8.833634 2.537084 6.315933 8.603318 1.404812 5.473889 8.603318 1.404812 5.473889 8.833634 2.537084 6.315933 9.558695 1.391695 6.255426 8.833634 2.537084 6.315933 8.204333 2.098471 7.07785 8.97283 1.541691 6.624973 8.97283 1.541691 6.624973 8.204333 2.098471 7.07785 8.57667 1.43306 7.002322 8.204333 2.098471 7.07785 7.419066 1.957601 6.348169 8.57667 1.43306 7.002322 8.57667 1.43306 7.002322 7.419066 1.957601 6.348169 7.974017 0.9661989 6.235806 8.679349 0.006154894 6.265703 10.08507 -0.3755331 5.672844 9.455772 -0.8141461 6.434762 8.679349 0.006154894 6.265703 9.30865 0.444768 5.503785 10.08507 -0.3755331 5.672844 9.30865 0.444768 5.503785 10.43253 0.3610928 6.38388 10.08507 -0.3755331 5.672844 9.30865 0.444768 5.503785 9.558695 1.391695 6.255426 10.43253 0.3610928 6.38388 9.558695 1.391695 6.255426 9.515368 0.8031752 6.647938 10.43253 0.3610928 6.38388 9.803231 -0.07752037 7.145797 9.282115 0.473104 7.032363 9.455772 -0.8141461 6.434762 9.455772 -0.8141461 6.434762 10.98949 -0.9260299 6.102941 10.36019 -1.364643 6.864859 9.455772 -0.8141461 6.434762 10.08507 -0.3755331 5.672844 10.98949 -0.9260299 6.102941 10.08507 -0.3755331 5.672844 11.03979 -0.008530378 6.672663 10.98949 -0.9260299 6.102941 10.08507 -0.3755331 5.672844 10.43253 0.3610928 6.38388 11.03979 -0.008530378 6.672663 10.43253 0.3610928 6.38388 10.41049 -0.4471433 7.43458 11.03979 -0.008530378 6.672663 10.43253 0.3610928 6.38388 9.803231 -0.07752037 7.145797 10.41049 -0.4471433 7.43458 9.803231 -0.07752037 7.145797 10.36019 -1.364643 6.864859 10.41049 -0.4471433 7.43458 9.803231 -0.07752037 7.145797 9.455772 -0.8141461 6.434762 10.36019 -1.364643 6.864859 10.36019 -1.364643 6.864859 11.91238 -1.139716 6.742181 11.28308 -1.578329 7.504099 10.36019 -1.364643 6.864859 10.98949 -0.9260299 6.102941 11.91238 -1.139716 6.742181 10.98949 -0.9260299 6.102941 11.65945 -0.1520054 7.101873 11.91238 -1.139716 6.742181 10.98949 -0.9260299 6.102941 11.03979 -0.008530378 6.672663 11.65945 -0.1520054 7.101873 11.03979 -0.008530378 6.672663 11.03015 -0.5906184 7.86379 11.65945 -0.1520054 7.101873 11.03979 -0.008530378 6.672663 10.41049 -0.4471433 7.43458 11.03015 -0.5906184 7.86379 10.41049 -0.4471433 7.43458 11.28308 -1.578329 7.504099 11.03015 -0.5906184 7.86379 10.41049 -0.4471433 7.43458 10.36019 -1.364643 6.864859 11.28308 -1.578329 7.504099 11.28308 -1.578329 7.504099 12.74242 -0.9908154 7.513464 12.11312 -1.429428 8.275382 11.28308 -1.578329 7.504099 11.91238 -1.139716 6.742181 12.74242 -0.9908154 7.513464 11.91238 -1.139716 6.742181 12.21677 -0.05202865 7.61974 12.74242 -0.9908154 7.513464 11.91238 -1.139716 6.742181 11.65945 -0.1520054 7.101873 12.21677 -0.05202865 7.61974 11.65945 -0.1520054 7.101873 11.58747 -0.4906418 8.381657 12.21677 -0.05202865 7.61974 11.65945 -0.1520054 7.101873 11.03015 -0.5906184 7.86379 11.58747 -0.4906418 8.381657 11.03015 -0.5906184 7.86379 12.11312 -1.429428 8.275382 11.58747 -0.4906418 8.381657 11.03015 -0.5906184 7.86379 11.28308 -1.578329 7.504099 12.11312 -1.429428 8.275382 12.11312 -1.429428 8.275382 17.45308 2.657238 13.46721 16.68746 2.114208 14.0935 12.11312 -1.429428 8.275382 12.74242 -0.9908154 7.513464 17.45308 2.657238 13.46721 12.74242 -0.9908154 7.513464 16.82317 3.514395 13.44039 17.45308 2.657238 13.46721 12.74242 -0.9908154 7.513464 12.21677 -0.05202865 7.61974 16.82317 3.514395 13.44039 12.21677 -0.05202865 7.61974 16.0573 2.971594 14.06659 16.82317 3.514395 13.44039 12.21677 -0.05202865 7.61974 11.58747 -0.4906418 8.381657 16.0573 2.971594 14.06659 11.58747 -0.4906418 8.381657 16.68746 2.114208 14.0935 16.0573 2.971594 14.06659 11.58747 -0.4906418 8.381657 12.11312 -1.429428 8.275382 16.68746 2.114208 14.0935 9.558695 1.391695 6.255426 9.30865 0.444768 5.503785 8.603318 1.404812 5.473889 1.666684 -5.562091 -6.975531 0.9608622 -4.601497 -7.005397 2.916793 -3.272272 -7.493758 1.666684 -5.562091 -6.975531 2.916793 -3.272272 -7.493758 3.534056 -4.112357 -7.467658 7.974017 0.9661989 6.235806 8.603318 1.404812 5.473889 3.608697 -2.463937 -0.8784962 3.608697 -2.463937 -0.8784962 2.979404 -2.902544 -0.1165843 7.974017 0.9661989 6.235806 9.30865 0.444768 5.503785 8.679349 0.006154894 6.265703 3.685168 -3.863179 -0.08667135 3.685168 -3.863179 -0.08667135 4.314469 -3.424567 -0.8485904 9.30865 0.444768 5.503785 8.603318 1.404812 5.473889 9.30865 0.444768 5.503785 4.314469 -3.424567 -0.8485904 4.314469 -3.424567 -0.8485904 3.608697 -2.463937 -0.8784962 8.603318 1.404812 5.473889 8.236481 -0.1755794 8.215574 7.596622 0.6953665 8.188465 6.433442 -0.2339603 5.806663 2.4315 -3.451923 0.6487985 2.974472 -4.19103 0.6717801 7.073413 -1.104819 5.833916 2.189598 -4.838676 -3.123156 1.751152 -4.076533 -1.806865 1.692142 -4.161753 -3.144341 0.7848377 -4.928425 -6.337196 1.281999 -5.605046 -6.316181 2.189598 -4.838676 -3.123156 0.9608622 -4.601497 -7.005397 2.14504 -3.605627 -2.990315 3.922708 -2.352212 -1.718386 3.608697 -2.463937 -0.8784962 3.922708 -2.352212 -1.718386 2.14504 -3.605627 -2.990315 4.133803 -2.342759 -1.828491 4.615541 -2.998476 -1.808095 4.166816 -3.460841 -6.045597 4.166816 -3.460841 -6.045597 3.684981 -2.805084 -6.065966 4.133803 -2.342759 -1.828491 4.539705 -3.192023 -1.692264 4.314469 -3.424567 -0.8485904 2.85092 -4.566173 -2.960257 2.85092 -4.566173 -2.960257 3.534056 -4.112357 -7.467658 4.539705 -3.192023 -1.692264 12.77637 7.436083 13.9268 13.5419 7.979484 13.30065 13.1967 7.75652 14.28215 12.912 8.836639 13.27383 12.14632 8.293562 13.90004 12.5668 8.613676 14.25533 12.14632 8.293562 13.90004 13.1967 7.75652 14.28215 12.5668 8.613676 14.25533 12.14632 8.293562 13.90004 12.77637 7.436083 13.9268 13.1967 7.75652 14.28215 13.1967 7.75652 14.28215 13.5419 7.979484 13.30065 13.69778 8.128697 14.40825 12.912 8.836639 13.27383 12.5668 8.613676 14.25533 13.06788 8.985852 14.38143 12.5668 8.613676 14.25533 13.69778 8.128697 14.40825 13.06788 8.985852 14.38143 12.5668 8.613676 14.25533 13.1967 7.75652 14.28215 13.69778 8.128697 14.40825 13.69778 8.128697 14.40825 13.89217 8.236929 13.30198 14.20318 8.496274 14.28597 13.69778 8.128697 14.40825 13.5419 7.979484 13.30065 13.89217 8.236929 13.30198 13.5419 7.979484 13.30065 13.26227 9.094084 13.27516 13.89217 8.236929 13.30198 13.5419 7.979484 13.30065 12.912 8.836639 13.27383 13.26227 9.094084 13.27516 12.912 8.836639 13.27383 13.57328 9.353429 14.25914 13.26227 9.094084 13.27516 12.912 8.836639 13.27383 13.06788 8.985852 14.38143 13.57328 9.353429 14.25914 13.06788 8.985852 14.38143 14.20318 8.496274 14.28597 13.57328 9.353429 14.25914 13.06788 8.985852 14.38143 13.69778 8.128697 14.40825 14.20318 8.496274 14.28597 14.20318 8.496274 14.28597 13.89217 8.236929 13.30198 14.63622 8.803061 13.93385 13.26227 9.094084 13.27516 13.57328 9.353429 14.25914 14.00605 9.660449 13.90709 13.57328 9.353429 14.25914 14.63622 8.803061 13.93385 14.00605 9.660449 13.90709 13.57328 9.353429 14.25914 14.20318 8.496274 14.28597 14.63622 8.803061 13.93385 16.68746 2.114208 14.0935 17.45308 2.657238 13.46721 17.10787 2.434275 14.44871 16.82317 3.514395 13.44039 16.0573 2.971594 14.06659 16.47797 3.291432 14.42188 16.0573 2.971594 14.06659 17.10787 2.434275 14.44871 16.47797 3.291432 14.42188 16.0573 2.971594 14.06659 16.68746 2.114208 14.0935 17.10787 2.434275 14.44871 17.10787 2.434275 14.44871 17.45308 2.657238 13.46721 17.60895 2.80645 14.5748 16.82317 3.514395 13.44039 16.47797 3.291432 14.42188 16.97905 3.663608 14.54798 16.47797 3.291432 14.42188 17.60895 2.80645 14.5748 16.97905 3.663608 14.54798 16.47797 3.291432 14.42188 17.10787 2.434275 14.44871 17.60895 2.80645 14.5748 17.60895 2.80645 14.5748 17.80335 2.914684 13.46854 18.11435 3.174028 14.45252 17.60895 2.80645 14.5748 17.45308 2.657238 13.46721 17.80335 2.914684 13.46854 17.45308 2.657238 13.46721 17.17344 3.771841 13.44171 17.80335 2.914684 13.46854 17.45308 2.657238 13.46721 16.82317 3.514395 13.44039 17.17344 3.771841 13.44171 16.82317 3.514395 13.44039 17.48445 4.031186 14.4257 17.17344 3.771841 13.44171 16.82317 3.514395 13.44039 16.97905 3.663608 14.54798 17.48445 4.031186 14.4257 16.97905 3.663608 14.54798 18.11435 3.174028 14.45252 17.48445 4.031186 14.4257 16.97905 3.663608 14.54798 17.60895 2.80645 14.5748 18.11435 3.174028 14.45252 18.11435 3.174028 14.45252 17.80335 2.914684 13.46854 18.54719 3.481089 14.1004 17.17344 3.771841 13.44171 17.48445 4.031186 14.4257 17.91715 4.338566 14.07349 17.48445 4.031186 14.4257 18.54719 3.481089 14.1004 17.91715 4.338566 14.07349 17.48445 4.031186 14.4257 18.11435 3.174028 14.45252 18.54719 3.481089 14.1004 14.85718 10.20821 11.37946 16.31634 10.79592 11.39912 15.71363 10.32901 10.63253 14.85718 10.20821 11.37946 15.45989 10.67512 12.14605 16.31634 10.79592 11.39912 15.45989 10.67512 12.14605 16.55597 9.822356 11.80368 16.31634 10.79592 11.39912 15.45989 10.67512 12.14605 15.98092 9.741248 12.3052 16.55597 9.822356 11.80368 15.98092 9.741248 12.3052 15.95326 9.355449 11.03709 16.55597 9.822356 11.80368 15.98092 9.741248 12.3052 15.37821 9.27434 11.53861 15.95326 9.355449 11.03709 15.37821 9.27434 11.53861 15.71363 10.32901 10.63253 15.95326 9.355449 11.03709 15.37821 9.27434 11.53861 14.85718 10.20821 11.37946 15.71363 10.32901 10.63253 15.71363 10.32901 10.63253 16.31634 10.79592 11.39912 16.83688 10.66551 11.06928 16.31634 10.79592 11.39912 16.55597 9.822356 11.80368 16.83688 10.66551 11.06928 16.83688 10.66551 11.06928 16.55597 9.822356 11.80368 17.19009 9.663498 11.40188 16.55597 9.822356 11.80368 16.58737 9.196592 10.63529 17.19009 9.663498 11.40188 16.55597 9.822356 11.80368 15.95326 9.355449 11.03709 16.58737 9.196592 10.63529 15.95326 9.355449 11.03709 16.23408 10.19821 10.303 16.58737 9.196592 10.63529 16.58737 9.196592 10.63529 16.23408 10.19821 10.303 17.11728 9.809694 9.845242 17.71999 10.2766 10.61183 17.19009 9.663498 11.40188 17.80678 9.283833 11.14826 17.19009 9.663498 11.40188 17.20407 8.816927 10.38167 17.80678 9.283833 11.14826 17.19009 9.663498 11.40188 16.58737 9.196592 10.63529 17.20407 8.816927 10.38167 16.58737 9.196592 10.63529 17.11728 9.809694 9.845242 17.20407 8.816927 10.38167 17.11728 9.809694 9.845242 18.96098 9.167769 10.31149 18.35827 8.700863 9.544901 17.11728 9.809694 9.845242 17.71999 10.2766 10.61183 18.96098 9.167769 10.31149 17.71999 10.2766 10.61183 17.80678 9.283833 11.14826 18.96098 9.167769 10.31149 18.96098 9.167769 10.31149 17.80678 9.283833 11.14826 18.33168 8.729157 11.07341 17.80678 9.283833 11.14826 17.72897 8.262251 10.30682 18.33168 8.729157 11.07341 17.80678 9.283833 11.14826 17.20407 8.816927 10.38167 17.72897 8.262251 10.30682 17.20407 8.816927 10.38167 18.35827 8.700863 9.544901 17.72897 8.262251 10.30682 17.20407 8.816927 10.38167 17.11728 9.809694 9.845242 18.35827 8.700863 9.544901 19.06405 7.740693 9.574808 20.34409 6.705906 10.7235 19.74138 6.239 9.956913 19.06405 7.740693 9.574808 19.66676 8.2076 10.3414 20.34409 6.705906 10.7235 19.66676 8.2076 10.3414 19.40725 7.106201 11.21626 20.34409 6.705906 10.7235 19.66676 8.2076 10.3414 19.03746 7.768987 11.10332 19.40725 7.106201 11.21626 19.03746 7.768987 11.10332 18.80453 6.639295 10.44967 19.40725 7.106201 11.21626 19.03746 7.768987 11.10332 18.43475 7.30208 10.33673 18.80453 6.639295 10.44967 18.43475 7.30208 10.33673 19.06405 7.740693 9.574808 18.80453 6.639295 10.44967 18.80453 6.639295 10.44967 19.06405 7.740693 9.574808 19.74138 6.239 9.956913 20.34409 6.705906 10.7235 19.40725 7.106201 11.21626 19.57732 6.415245 11.50339 19.40725 7.106201 11.21626 18.97461 5.948338 10.7368 19.57732 6.415245 11.50339 19.40725 7.106201 11.21626 18.80453 6.639295 10.44967 18.97461 5.948338 10.7368 18.80453 6.639295 10.44967 19.74138 6.239 9.956913 18.97461 5.948338 10.7368 20.34409 6.705906 10.7235 19.57732 6.415245 11.50339 20.43694 5.766366 11.22274 20.43694 5.766366 11.22274 19.57732 6.415245 11.50339 19.52716 5.779463 11.93006 19.57732 6.415245 11.50339 18.92445 5.312557 11.16347 19.52716 5.779463 11.93006 19.57732 6.415245 11.50339 18.97461 5.948338 10.7368 18.92445 5.312557 11.16347 18.97461 5.948338 10.7368 19.83403 5.29948 10.4563 18.92445 5.312557 11.16347 18.97461 5.948338 10.7368 19.74138 6.239 9.956913 19.83403 5.29948 10.4563 19.79339 4.777605 10.80611 20.00242 4.493989 12.33935 19.3997 4.027083 11.57276 19.79339 4.777605 10.80611 20.3961 5.244511 11.5727 20.00242 4.493989 12.33935 20.3961 5.244511 11.5727 19.26283 5.275533 12.44481 20.00242 4.493989 12.33935 20.3961 5.244511 11.5727 19.52716 5.779463 11.93006 19.26283 5.275533 12.44481 19.52716 5.779463 11.93006 18.66012 4.808627 11.67822 19.26283 5.275533 12.44481 19.52716 5.779463 11.93006 18.92445 5.312557 11.16347 18.66012 4.808627 11.67822 18.92445 5.312557 11.16347 19.3997 4.027083 11.57276 18.66012 4.808627 11.67822 18.92445 5.312557 11.16347 19.79339 4.777605 10.80611 19.3997 4.027083 11.57276 18.33168 8.729157 11.07341 19.03746 7.768987 11.10332 19.66676 8.2076 10.3414 18.33168 8.729157 11.07341 19.66676 8.2076 10.3414 18.96098 9.167769 10.31149 17.72897 8.262251 10.30682 18.43475 7.30208 10.33673 19.03746 7.768987 11.10332 17.72897 8.262251 10.30682 19.03746 7.768987 11.10332 18.33168 8.729157 11.07341 18.43475 7.30208 10.33673 17.72897 8.262251 10.30682 18.35827 8.700863 9.544901 18.43475 7.30208 10.33673 18.35827 8.700863 9.544901 19.06405 7.740693 9.574808 19.06405 7.740693 9.574808 18.35827 8.700863 9.544901 18.96098 9.167769 10.31149 19.06405 7.740693 9.574808 18.96098 9.167769 10.31149 19.66676 8.2076 10.3414 15.45989 10.67512 12.14605 14.85718 10.20821 11.37946 13.26227 9.094084 13.27516 13.26227 9.094084 13.27516 14.00605 9.660449 13.90709 15.45989 10.67512 12.14605 15.37821 9.27434 11.53861 15.98092 9.741248 12.3052 14.63622 8.803061 13.93385 14.63622 8.803061 13.93385 13.89217 8.236929 13.30198 15.37821 9.27434 11.53861 14.85718 10.20821 11.37946 15.37821 9.27434 11.53861 13.89217 8.236929 13.30198 13.89217 8.236929 13.30198 13.26227 9.094084 13.27516 14.85718 10.20821 11.37946 19.3997 4.027083 11.57276 20.00242 4.493989 12.33935 18.54719 3.481089 14.1004 18.54719 3.481089 14.1004 17.80335 2.914684 13.46854 19.3997 4.027083 11.57276 20.00242 4.493989 12.33935 19.26283 5.275533 12.44481 17.91715 4.338566 14.07349 17.91715 4.338566 14.07349 18.54719 3.481089 14.1004 20.00242 4.493989 12.33935 19.26283 5.275533 12.44481 18.66012 4.808627 11.67822 17.17344 3.771841 13.44171 17.17344 3.771841 13.44171 17.91715 4.338566 14.07349 19.26283 5.275533 12.44481 18.66012 4.808627 11.67822 19.3997 4.027083 11.57276 17.80335 2.914684 13.46854 17.80335 2.914684 13.46854 17.17344 3.771841 13.44171 18.66012 4.808627 11.67822 14.00605 9.660449 13.90709 14.63622 8.803061 13.93385 15.98092 9.741248 12.3052 14.00605 9.660449 13.90709 15.98092 9.741248 12.3052 15.45989 10.67512 12.14605 0.9608622 -4.601497 -7.005397 1.666684 -5.562091 -6.975531 1.281999 -5.605046 -6.316181 1.281999 -5.605046 -6.316181 0.7848377 -4.928425 -6.337196 0.9608622 -4.601497 -7.005397 2.974472 -4.19103 0.6717801 2.4315 -3.451923 0.6487985 1.770668 -4.02044 -0.4724202 1.770668 -4.02044 -0.4724202 2.268178 -4.697631 -0.4513593 2.974472 -4.19103 0.6717801 2.14504 -3.605627 -2.990315 0.9608622 -4.601497 -7.005397 0.7848377 -4.928425 -6.337196 2.14504 -3.605627 -2.990315 1.751152 -4.076533 -1.806865 2.979404 -2.902544 -0.1165843 2.85092 -4.566173 -2.960257 3.685168 -3.863179 -0.08667135 2.24866 -4.753715 -1.785802 2.85092 -4.566173 -2.960257 1.281999 -5.605046 -6.316181 1.666684 -5.562091 -6.975531 3.608697 -2.463937 -0.8784962 4.314469 -3.424567 -0.8485904 4.539705 -3.192023 -1.692264 4.539705 -3.192023 -1.692264 3.922708 -2.352212 -1.718386 3.608697 -2.463937 -0.8784962 2.916793 -3.272272 -7.493758 0.9608622 -4.601497 -7.005397 3.922708 -2.352212 -1.718386 3.685168 -3.863179 -0.08667135 2.85092 -4.566173 -2.960257 4.314469 -3.424567 -0.8485904 3.922708 -2.352212 -1.718386 4.539705 -3.192023 -1.692264 4.615541 -2.998476 -1.808095 4.615541 -2.998476 -1.808095 4.133803 -2.342759 -1.828491 3.922708 -2.352212 -1.718386 4.539705 -3.192023 -1.692264 3.534056 -4.112357 -7.467658 4.166816 -3.460841 -6.045597 4.166816 -3.460841 -6.045597 4.615541 -2.998476 -1.808095 4.539705 -3.192023 -1.692264 3.534056 -4.112357 -7.467658 2.916793 -3.272272 -7.493758 3.684981 -2.805084 -6.065966 3.684981 -2.805084 -6.065966 4.166816 -3.460841 -6.045597 3.534056 -4.112357 -7.467658 3.684981 -2.805084 -6.065966 3.922708 -2.352212 -1.718386 4.133803 -2.342759 -1.828491 3.922708 -2.352212 -1.718386 3.684981 -2.805084 -6.065966 2.916793 -3.272272 -7.493758 16.83688 10.66551 11.06928 17.19009 9.663498 11.40188 17.71999 10.2766 10.61183 15.95326 9.355449 11.03709 15.71363 10.32901 10.63253 16.23408 10.19821 10.303 15.71363 10.32901 10.63253 16.83688 10.66551 11.06928 16.23408 10.19821 10.303 20.43694 5.766366 11.22274 19.52716 5.779463 11.93006 20.3961 5.244511 11.5727 19.83403 5.29948 10.4563 20.43694 5.766366 11.22274 20.3961 5.244511 11.5727 19.83403 5.29948 10.4563 20.3961 5.244511 11.5727 19.79339 4.777605 10.80611 18.92445 5.312557 11.16347 19.83403 5.29948 10.4563 19.79339 4.777605 10.80611 22.38789 6.411187 8.746451 21.98623 5.661666 10.07001 22.62752 5.437623 9.151014 21.74659 6.635229 9.665448 21.98623 5.661666 10.07001 22.38789 6.411187 8.746451 21.43342 6.034646 8.405671 21.74659 6.635229 9.665448 22.38789 6.411187 8.746451 21.00284 6.185075 9.022721 21.74659 6.635229 9.665448 21.43342 6.034646 8.405671 21.67305 5.061082 8.810233 21.00284 6.185075 9.022721 21.43342 6.034646 8.405671 21.24247 5.211512 9.427283 21.00284 6.185075 9.022721 21.67305 5.061082 8.810233 22.62752 5.437623 9.151014 21.24247 5.211512 9.427283 21.67305 5.061082 8.810233 21.98623 5.661666 10.07001 21.24247 5.211512 9.427283 22.62752 5.437623 9.151014 22.6788 6.048918 7.702349 22.62752 5.437623 9.151014 22.91843 5.075355 8.106913 22.38789 6.411187 8.746451 22.62752 5.437623 9.151014 22.6788 6.048918 7.702349 21.62875 5.791405 7.704624 22.38789 6.411187 8.746451 22.6788 6.048918 7.702349 21.43342 6.034646 8.405671 22.38789 6.411187 8.746451 21.62875 5.791405 7.704624 21.86838 4.817842 8.109187 21.43342 6.034646 8.405671 21.62875 5.791405 7.704624 21.67305 5.061082 8.810233 21.43342 6.034646 8.405671 21.86838 4.817842 8.109187 22.91843 5.075355 8.106913 21.67305 5.061082 8.810233 21.86838 4.817842 8.109187 22.62752 5.437623 9.151014 21.67305 5.061082 8.810233 22.91843 5.075355 8.106913 22.58424 5.592117 6.659087 22.91843 5.075355 8.106913 22.82387 4.618554 7.06365 22.6788 6.048918 7.702349 22.91843 5.075355 8.106913 22.58424 5.592117 6.659087 21.56526 5.484693 7.004137 22.6788 6.048918 7.702349 22.58424 5.592117 6.659087 21.62875 5.791405 7.704624 22.6788 6.048918 7.702349 21.56526 5.484693 7.004137 21.80489 4.511129 7.408699 21.62875 5.791405 7.704624 21.56526 5.484693 7.004137 21.86838 4.817842 8.109187 21.62875 5.791405 7.704624 21.80489 4.511129 7.408699 22.82387 4.618554 7.06365 21.86838 4.817842 8.109187 21.80489 4.511129 7.408699 22.91843 5.075355 8.106913 21.86838 4.817842 8.109187 22.82387 4.618554 7.06365 22.11561 5.095881 5.74249 22.82387 4.618554 7.06365 22.35524 4.122318 6.147052 22.58424 5.592117 6.659087 22.82387 4.618554 7.06365 22.11561 5.095881 5.74249 21.25061 5.151501 6.388703 22.58424 5.592117 6.659087 22.11561 5.095881 5.74249 21.56526 5.484693 7.004137 22.58424 5.592117 6.659087 21.25061 5.151501 6.388703 21.49024 4.177936 6.793266 21.56526 5.484693 7.004137 21.25061 5.151501 6.388703 21.80489 4.511129 7.408699 21.56526 5.484693 7.004137 21.49024 4.177936 6.793266 22.35524 4.122318 6.147052 21.80489 4.511129 7.408699 21.49024 4.177936 6.793266 22.82387 4.618554 7.06365 21.80489 4.511129 7.408699 22.35524 4.122318 6.147052 18.45705 2.995385 2.878248 21.25061 5.151501 6.388703 19.46318 3.036261 2.36893 19.46318 3.036261 2.36893 21.25061 5.151501 6.388703 22.11561 5.095881 5.74249 18.69289 2.037234 3.276406 21.49024 4.177936 6.793266 18.45705 2.995385 2.878248 18.45705 2.995385 2.878248 21.49024 4.177936 6.793266 21.25061 5.151501 6.388703 21.49024 4.177936 6.793266 18.69289 2.037234 3.276406 22.35524 4.122318 6.147052 22.35524 4.122318 6.147052 18.69289 2.037234 3.276406 19.70099 2.070271 2.770393 22.35524 4.122318 6.147052 19.70099 2.070271 2.770393 22.11561 5.095881 5.74249 22.11561 5.095881 5.74249 19.70099 2.070271 2.770393 19.46318 3.036261 2.36893 21.98623 5.661666 10.07001 21.74659 6.635229 9.665448 20.43694 5.766366 11.22274 20.34409 6.705906 10.7235 20.43694 5.766366 11.22274 21.74659 6.635229 9.665448 21.00284 6.185075 9.022721 21.24247 5.211512 9.427283 19.74138 6.239 9.956913 19.83403 5.29948 10.4563 19.74138 6.239 9.956913 21.24247 5.211512 9.427283 21.24247 5.211512 9.427283 21.98623 5.661666 10.07001 19.83403 5.29948 10.4563 20.43694 5.766366 11.22274 19.83403 5.29948 10.4563 21.98623 5.661666 10.07001 19.74138 6.239 9.956913 20.34409 6.705906 10.7235 21.00284 6.185075 9.022721 21.00284 6.185075 9.022721 20.34409 6.705906 10.7235 21.74659 6.635229 9.665448 18.69289 2.037234 3.276406 18.65214 1.594805 2.235865 19.25241 1.810811 2.400115 18.4163 2.552959 1.837706 18.45705 2.995385 2.878248 19.01656 2.768965 2.001957 19.25241 1.810811 2.400115 18.4163 2.552959 1.837706 19.01656 2.768965 2.001957 18.65214 1.594805 2.235865 18.4163 2.552959 1.837706 19.25241 1.810811 2.400115 18.69289 2.037234 3.276406 19.25241 1.810811 2.400115 19.70099 2.070271 2.770393 19.01656 2.768965 2.001957 18.45705 2.995385 2.878248 19.46318 3.036261 2.36893 19.70099 2.070271 2.770393 19.01656 2.768965 2.001957 19.46318 3.036261 2.36893 19.25241 1.810811 2.400115 19.01656 2.768965 2.001957 19.70099 2.070271 2.770393 12.02 0.1686142 2.732166 11.22928 -0.2983842 2.076323 12.41859 -0.1513345 1.726131 10.99288 0.659673 1.678664 11.78416 1.126769 2.334006 12.18275 0.8068193 1.327971 12.41859 -0.1513345 1.726131 10.99288 0.659673 1.678664 12.18275 0.8068193 1.327971 11.22928 -0.2983842 2.076323 10.99288 0.659673 1.678664 12.41859 -0.1513345 1.726131 12.02 0.1686142 2.732166 12.41859 -0.1513345 1.726131 18.69289 2.037234 3.276406 18.65214 1.594805 2.235865 18.69289 2.037234 3.276406 12.41859 -0.1513345 1.726131 11.78416 1.126769 2.334006 12.02 0.1686142 2.732166 18.45705 2.995385 2.878248 18.69289 2.037234 3.276406 18.45705 2.995385 2.878248 12.02 0.1686142 2.732166 12.18275 0.8068193 1.327971 11.78416 1.126769 2.334006 18.4163 2.552959 1.837706 18.45705 2.995385 2.878248 18.4163 2.552959 1.837706 11.78416 1.126769 2.334006 12.41859 -0.1513345 1.726131 12.18275 0.8068193 1.327971 18.65214 1.594805 2.235865 18.4163 2.552959 1.837706 18.65214 1.594805 2.235865 12.18275 0.8068193 1.327971 10.47324 0.2966523 2.307626 10.99288 0.659673 1.678664 11.22928 -0.2983842 2.076323 11.78416 1.126769 2.334006 11.09072 0.7748855 3.093609 12.02 0.1686142 2.732166 11.09072 0.7748855 3.093609 11.22928 -0.2983842 2.076323 12.02 0.1686142 2.732166 11.09072 0.7748855 3.093609 10.47324 0.2966523 2.307626 11.22928 -0.2983842 2.076323 17.2348 12.12731 9.867674 18.1093 12.2334 8.564249 17.24037 12.76835 8.921606 17.2348 12.12731 9.867674 18.10373 11.59236 9.510319 18.1093 12.2334 8.564249 18.10373 11.59236 9.510319 17.47485 11.42138 8.237097 18.1093 12.2334 8.564249 18.10373 11.59236 9.510319 17.47111 10.99097 8.872323 17.47485 11.42138 8.237097 17.47111 10.99097 8.872323 16.60592 11.95633 8.594452 17.47485 11.42138 8.237097 17.47111 10.99097 8.872323 16.60218 11.52592 9.22968 16.60592 11.95633 8.594452 16.60218 11.52592 9.22968 17.24037 12.76835 8.921606 16.60592 11.95633 8.594452 16.60218 11.52592 9.22968 17.2348 12.12731 9.867674 17.24037 12.76835 8.921606 17.24037 12.76835 8.921606 17.88197 12.57634 7.498079 17.01303 13.1113 7.855436 17.24037 12.76835 8.921606 18.1093 12.2334 8.564249 17.88197 12.57634 7.498079 18.1093 12.2334 8.564249 17.32221 11.65165 7.521233 17.88197 12.57634 7.498079 18.1093 12.2334 8.564249 17.47485 11.42138 8.237097 17.32221 11.65165 7.521233 17.47485 11.42138 8.237097 16.45328 12.1866 7.878588 17.32221 11.65165 7.521233 17.47485 11.42138 8.237097 16.60592 11.95633 8.594452 16.45328 12.1866 7.878588 16.60592 11.95633 8.594452 17.01303 13.1113 7.855436 16.45328 12.1866 7.878588 16.60592 11.95633 8.594452 17.24037 12.76835 8.921606 17.01303 13.1113 7.855436 17.01303 13.1113 7.855436 17.44915 12.57984 6.440412 16.58021 13.11479 6.797767 17.01303 13.1113 7.855436 17.88197 12.57634 7.498079 17.44915 12.57984 6.440412 17.88197 12.57634 7.498079 17.0316 11.654 6.811076 17.44915 12.57984 6.440412 17.88197 12.57634 7.498079 17.32221 11.65165 7.521233 17.0316 11.654 6.811076 17.32221 11.65165 7.521233 16.16266 12.18895 7.168429 17.0316 11.654 6.811076 17.32221 11.65165 7.521233 16.45328 12.1866 7.878588 16.16266 12.18895 7.168429 16.45328 12.1866 7.878588 16.58021 13.11479 6.797767 16.16266 12.18895 7.168429 16.45328 12.1866 7.878588 17.01303 13.1113 7.855436 16.58021 13.11479 6.797767 16.58021 13.11479 6.797767 16.86304 12.24346 5.518813 15.99411 12.77841 5.876167 16.58021 13.11479 6.797767 17.44915 12.57984 6.440412 16.86304 12.24346 5.518813 17.44915 12.57984 6.440412 16.63807 11.42814 6.19228 16.86304 12.24346 5.518813 17.44915 12.57984 6.440412 17.0316 11.654 6.811076 16.63807 11.42814 6.19228 17.0316 11.654 6.811076 15.76913 11.96309 6.549635 16.63807 11.42814 6.19228 17.0316 11.654 6.811076 16.16266 12.18895 7.168429 15.76913 11.96309 6.549635 16.16266 12.18895 7.168429 15.99411 12.77841 5.876167 15.76913 11.96309 6.549635 16.16266 12.18895 7.168429 16.58021 13.11479 6.797767 15.99411 12.77841 5.876167 16.63807 11.42814 6.19228 13.85086 9.263395 2.682096 14.20599 10.19013 2.145056 16.63807 11.42814 6.19228 14.20599 10.19013 2.145056 16.86304 12.24346 5.518813 15.76913 11.96309 6.549635 12.99567 9.789879 3.033795 13.85086 9.263395 2.682096 15.76913 11.96309 6.549635 13.85086 9.263395 2.682096 16.63807 11.42814 6.19228 12.99567 9.789879 3.033795 15.76913 11.96309 6.549635 15.99411 12.77841 5.876167 12.99567 9.789879 3.033795 15.99411 12.77841 5.876167 13.34383 10.72096 2.499678 13.34383 10.72096 2.499678 15.99411 12.77841 5.876167 16.86304 12.24346 5.518813 13.34383 10.72096 2.499678 16.86304 12.24346 5.518813 14.20599 10.19013 2.145056 18.10373 11.59236 9.510319 17.2348 12.12731 9.867674 16.83688 10.66551 11.06928 16.83688 10.66551 11.06928 17.71999 10.2766 10.61183 18.10373 11.59236 9.510319 16.60218 11.52592 9.22968 17.47111 10.99097 8.872323 17.11728 9.809694 9.845242 17.11728 9.809694 9.845242 16.23408 10.19821 10.303 16.60218 11.52592 9.22968 17.2348 12.12731 9.867674 16.60218 11.52592 9.22968 16.23408 10.19821 10.303 16.23408 10.19821 10.303 16.83688 10.66551 11.06928 17.2348 12.12731 9.867674 17.71999 10.2766 10.61183 17.11728 9.809694 9.845242 17.47111 10.99097 8.872323 17.71999 10.2766 10.61183 17.47111 10.99097 8.872323 18.10373 11.59236 9.510319 12.59258 9.840524 1.977821 12.99567 9.789879 3.033795 12.97324 10.35537 2.132721 13.85086 9.263395 2.682096 13.44776 9.314041 1.626123 13.82842 9.828881 1.781022 13.44776 9.314041 1.626123 12.97324 10.35537 2.132721 13.82842 9.828881 1.781022 13.44776 9.314041 1.626123 12.59258 9.840524 1.977821 12.97324 10.35537 2.132721 12.97324 10.35537 2.132721 12.99567 9.789879 3.033795 13.34383 10.72096 2.499678 13.85086 9.263395 2.682096 13.82842 9.828881 1.781022 14.20599 10.19013 2.145056 13.82842 9.828881 1.781022 13.34383 10.72096 2.499678 14.20599 10.19013 2.145056 13.82842 9.828881 1.781022 12.97324 10.35537 2.132721 13.34383 10.72096 2.499678 8.570961 3.318048 1.963967 9.233763 3.960056 2.613506 9.07787 4.394649 1.583868 10.08894 3.433573 2.261806 9.426441 2.791476 1.612087 9.933051 3.868166 1.232169 9.426441 2.791476 1.612087 9.07787 4.394649 1.583868 9.933051 3.868166 1.232169 9.426441 2.791476 1.612087 8.570961 3.318048 1.963967 9.07787 4.394649 1.583868 9.07787 4.394649 1.583868 9.233763 3.960056 2.613506 12.99567 9.789879 3.033795 12.99567 9.789879 3.033795 12.59258 9.840524 1.977821 9.07787 4.394649 1.583868 9.233763 3.960056 2.613506 10.08894 3.433573 2.261806 13.85086 9.263395 2.682096 13.85086 9.263395 2.682096 12.99567 9.789879 3.033795 9.233763 3.960056 2.613506 10.08894 3.433573 2.261806 9.933051 3.868166 1.232169 13.44776 9.314041 1.626123 13.44776 9.314041 1.626123 13.85086 9.263395 2.682096 10.08894 3.433573 2.261806 9.933051 3.868166 1.232169 9.07787 4.394649 1.583868 12.59258 9.840524 1.977821 12.59258 9.840524 1.977821 13.44776 9.314041 1.626123 9.933051 3.868166 1.232169 9.52122 2.905937 3.023653 9.233763 3.960056 2.613506 8.570961 3.318048 1.963967 8.570961 3.318048 1.963967 9.426441 2.791476 1.612087 8.906475 2.429303 2.241661 9.233763 3.960056 2.613506 9.52122 2.905937 3.023653 10.08894 3.433573 2.261806 8.906475 2.429303 2.241661 9.52122 2.905937 3.023653 8.570961 3.318048 1.963967 10.08894 3.433573 2.261806 9.952541 2.320708 3.043153 11.78416 1.126769 2.334006 9.52122 2.905937 3.023653 9.952541 2.320708 3.043153 10.08894 3.433573 2.261806 10.0425 0.883019 2.289562 10.47324 0.2966523 2.307626 11.09072 0.7748855 3.093609 8.906475 2.429303 2.241661 9.952541 2.320708 3.043153 9.52122 2.905937 3.023653 10.99288 0.659673 1.678664 10.0425 0.883019 2.289562 9.426441 2.791476 1.612087 10.47324 0.2966523 2.307626 10.0425 0.883019 2.289562 10.99288 0.659673 1.678664 10.99288 0.659673 1.678664 9.426441 2.791476 1.612087 10.08894 3.433573 2.261806 10.99288 0.659673 1.678664 10.08894 3.433573 2.261806 11.78416 1.126769 2.334006 10.65902 1.360631 3.074094 10.0425 0.883019 2.289562 11.09072 0.7748855 3.093609 10.0425 0.883019 2.289562 9.336707 1.843632 2.259718 9.426441 2.791476 1.612087 10.65902 1.360631 3.074094 11.09072 0.7748855 3.093609 11.78416 1.126769 2.334006 9.336707 1.843632 2.259718 8.906475 2.429303 2.241661 9.426441 2.791476 1.612087 8.906475 2.429303 2.241661 9.336707 1.843632 2.259718 9.952541 2.320708 3.043153 9.952541 2.320708 3.043153 10.65902 1.360631 3.074094 11.78416 1.126769 2.334006 10.0425 0.883019 2.289562 10.65902 1.360631 3.074094 8.954775 0.1727783 5.136963 8.954775 0.1727783 5.136963 8.338257 -0.3050114 4.352327 10.0425 0.883019 2.289562 9.336707 1.843632 2.259718 10.0425 0.883019 2.289562 8.338257 -0.3050114 4.352327 8.338257 -0.3050114 4.352327 7.632464 0.6557974 4.322599 9.336707 1.843632 2.259718 9.952541 2.320708 3.043153 9.336707 1.843632 2.259718 7.632464 0.6557974 4.322599 7.632464 0.6557974 4.322599 8.248299 1.133051 5.106136 9.952541 2.320708 3.043153 10.65902 1.360631 3.074094 9.952541 2.320708 3.043153 8.248299 1.133051 5.106136 8.248299 1.133051 5.106136 8.954775 0.1727783 5.136963 10.65902 1.360631 3.074094 1.281999 -5.605046 -6.316181 2.85092 -4.566173 -2.960257 2.189598 -4.838676 -3.123156 3.534056 -4.112357 -7.467658 2.85092 -4.566173 -2.960257 1.666684 -5.562091 -6.975531 2.189598 -4.838676 -3.123156 2.85092 -4.566173 -2.960257 2.24866 -4.753715 -1.785802 1.751152 -4.076533 -1.806865 2.189598 -4.838676 -3.123156 2.24866 -4.753715 -1.785802 1.692142 -4.161753 -3.144341 2.14504 -3.605627 -2.990315 0.7848377 -4.928425 -6.337196 2.14504 -3.605627 -2.990315 2.979404 -2.902544 -0.1165843 3.608697 -2.463937 -0.8784962 2.14504 -3.605627 -2.990315 1.692142 -4.161753 -3.144341 1.751152 -4.076533 -1.806865 2.189598 -4.838676 -3.123156 1.692142 -4.161753 -3.144341 0.7848377 -4.928425 -6.337196 6.433442 -0.2339603 5.806663 2.979404 -2.902544 -0.1165843 2.4315 -3.451923 0.6487985 6.433442 -0.2339603 5.806663 7.596622 0.6953665 8.188465 7.974017 0.9661989 6.235806 2.974472 -4.19103 0.6717801 3.685168 -3.863179 -0.08667135 7.073413 -1.104819 5.833916 8.679349 0.006154894 6.265703 7.073413 -1.104819 5.833916 3.685168 -3.863179 -0.08667135 2.979404 -2.902544 -0.1165843 1.751152 -4.076533 -1.806865 1.770668 -4.02044 -0.4724202 1.770668 -4.02044 -0.4724202 2.4315 -3.451923 0.6487985 2.979404 -2.902544 -0.1165843 1.751152 -4.076533 -1.806865 2.24866 -4.753715 -1.785802 2.268178 -4.697631 -0.4513593 2.268178 -4.697631 -0.4513593 1.770668 -4.02044 -0.4724202 1.751152 -4.076533 -1.806865 2.24866 -4.753715 -1.785802 3.685168 -3.863179 -0.08667135 2.974472 -4.19103 0.6717801 2.974472 -4.19103 0.6717801 2.268178 -4.697631 -0.4513593 2.24866 -4.753715 -1.785802 9.282115 0.473104 7.032363 8.679349 0.006154894 6.265703 9.455772 -0.8141461 6.434762 10.43253 0.3610928 6.38388 9.515368 0.8031752 6.647938 9.803231 -0.07752037 7.145797 8.57667 1.43306 7.002322 7.974017 0.9661989 6.235806 7.596622 0.6953665 8.188465 8.679349 0.006154894 6.265703 9.282115 0.473104 7.032363 8.236481 -0.1755794 8.215574 9.515368 0.8031752 6.647938 9.811815 1.043827 10.18834 9.282115 0.473104 7.032363 9.515368 0.8031752 6.647938 9.282115 0.473104 7.032363 9.803231 -0.07752037 7.145797 9.558695 1.391695 6.255426 8.97283 1.541691 6.624973 9.515368 0.8031752 6.647938 8.833634 2.537084 6.315933 8.97283 1.541691 6.624973 9.558695 1.391695 6.255426 9.515368 0.8031752 6.647938 9.171844 1.914686 10.16108 9.811815 1.043827 10.18834 7.596622 0.6953665 8.188465 8.325496 1.301382 10.43763 9.171844 1.914686 10.16108 8.236481 -0.1755794 8.215574 9.282115 0.473104 7.032363 9.811815 1.043827 10.18834 9.171844 1.914686 10.16108 8.57667 1.43306 7.002322 7.596622 0.6953665 8.188465 7.596622 0.6953665 8.188465 8.236481 -0.1755794 8.215574 8.325496 1.301382 10.43763 9.515368 0.8031752 6.647938 8.97283 1.541691 6.624973 9.171844 1.914686 10.16108 8.97283 1.541691 6.624973 8.57667 1.43306 7.002322 9.171844 1.914686 10.16108 8.325496 1.301382 10.43763 8.236481 -0.1755794 8.215574 8.965467 0.4305236 10.46489 9.811815 1.043827 10.18834 8.965467 0.4305236 10.46489 8.236481 -0.1755794 8.215574 2.979404 -2.902544 -0.1165843 6.433442 -0.2339603 5.806663 7.974017 0.9661989 6.235806 7.073413 -1.104819 5.833916 6.433442 -0.2339603 5.806663 2.4315 -3.451923 0.6487985 7.073413 -1.104819 5.833916 8.679349 0.006154894 6.265703 8.236481 -0.1755794 8.215574 6.433442 -0.2339603 5.806663 7.073413 -1.104819 5.833916 8.236481 -0.1755794 8.215574 8.338257 -0.3050114 4.352327 8.954775 0.1727783 5.136963 8.248299 1.133051 5.106136 8.338257 -0.3050114 4.352327 8.248299 1.133051 5.106136 7.632464 0.6557974 4.322599 4.82854 9.224671 13.08031 7.976926 3.175425 13.52697 8.823271 3.788726 13.25043 4.82854 9.224671 13.08031 3.961808 8.596465 13.36354 7.976926 3.175425 13.52697 3.961808 8.596465 13.36354 7.661621 3.144428 12.49327 7.976926 3.175425 13.52697 3.961808 8.596465 13.36354 3.757717 8.414431 12.33524 7.661621 3.144428 12.49327 3.757717 8.414431 12.33524 8.507968 3.757731 12.21672 7.661621 3.144428 12.49327 3.757717 8.414431 12.33524 4.62451 9.042482 12.05184 8.507968 3.757731 12.21672 4.62451 9.042482 12.05184 8.823271 3.788726 13.25043 8.507968 3.757731 12.21672 4.62451 9.042482 12.05184 4.82854 9.224671 13.08031 8.823271 3.788726 13.25043 8.823271 3.788726 13.25043 8.537699 2.243449 13.17631 9.384047 2.856753 12.89977 8.823271 3.788726 13.25043 7.976926 3.175425 13.52697 8.537699 2.243449 13.17631 7.976926 3.175425 13.52697 8.038147 2.518668 12.25782 8.537699 2.243449 13.17631 7.976926 3.175425 13.52697 7.661621 3.144428 12.49327 8.038147 2.518668 12.25782 7.661621 3.144428 12.49327 8.884493 3.13197 11.98128 8.038147 2.518668 12.25782 7.661621 3.144428 12.49327 8.507968 3.757731 12.21672 8.884493 3.13197 11.98128 8.507968 3.757731 12.21672 9.384047 2.856753 12.89977 8.884493 3.13197 11.98128 8.507968 3.757731 12.21672 8.823271 3.788726 13.25043 9.384047 2.856753 12.89977 9.384047 2.856753 12.89977 8.915089 1.412508 12.48848 9.761435 2.025811 12.21193 9.384047 2.856753 12.89977 8.537699 2.243449 13.17631 8.915089 1.412508 12.48848 8.537699 2.243449 13.17631 8.291541 1.960739 11.79599 8.915089 1.412508 12.48848 8.537699 2.243449 13.17631 8.038147 2.518668 12.25782 8.291541 1.960739 11.79599 8.038147 2.518668 12.25782 9.137887 2.574042 11.51944 8.291541 1.960739 11.79599 8.038147 2.518668 12.25782 8.884493 3.13197 11.98128 9.137887 2.574042 11.51944 8.884493 3.13197 11.98128 9.761435 2.025811 12.21193 9.137887 2.574042 11.51944 8.884493 3.13197 11.98128 9.384047 2.856753 12.89977 9.761435 2.025811 12.21193 9.761435 2.025811 12.21193 9.063577 0.7828174 11.54643 9.909922 1.39612 11.26989 9.761435 2.025811 12.21193 8.915089 1.412508 12.48848 9.063577 0.7828174 11.54643 8.915089 1.412508 12.48848 8.391239 1.537944 11.16346 9.063577 0.7828174 11.54643 8.915089 1.412508 12.48848 8.291541 1.960739 11.79599 8.391239 1.537944 11.16346 8.291541 1.960739 11.79599 9.237586 2.151248 10.88692 8.391239 1.537944 11.16346 8.291541 1.960739 11.79599 9.137887 2.574042 11.51944 9.237586 2.151248 10.88692 9.137887 2.574042 11.51944 9.909922 1.39612 11.26989 9.237586 2.151248 10.88692 9.137887 2.574042 11.51944 9.761435 2.025811 12.21193 9.909922 1.39612 11.26989 9.909922 1.39612 11.26989 8.965467 0.4305236 10.46489 9.811815 1.043827 10.18834 9.909922 1.39612 11.26989 9.063577 0.7828174 11.54643 8.965467 0.4305236 10.46489 9.063577 0.7828174 11.54643 8.391239 1.537944 11.16346 8.965467 0.4305236 10.46489 8.965467 0.4305236 10.46489 8.391239 1.537944 11.16346 8.325496 1.301382 10.43763 8.391239 1.537944 11.16346 9.171844 1.914686 10.16108 8.325496 1.301382 10.43763 8.391239 1.537944 11.16346 9.237586 2.151248 10.88692 9.171844 1.914686 10.16108 9.237586 2.151248 10.88692 9.909922 1.39612 11.26989 9.171844 1.914686 10.16108 9.171844 1.914686 10.16108 9.909922 1.39612 11.26989 9.811815 1.043827 10.18834 4.581264 9.324564 12.99313 4.421206 9.181664 12.1863 3.893946 8.826375 13.21775 4.421206 9.181664 12.1863 3.733768 8.683637 12.41093 3.893946 8.826375 13.21775 4.82854 9.224671 13.08031 4.62451 9.042482 12.05184 4.421206 9.181664 12.1863 4.421206 9.181664 12.1863 4.581264 9.324564 12.99313 4.82854 9.224671 13.08031 3.757717 8.414431 12.33524 3.961808 8.596465 13.36354 3.893946 8.826375 13.21775 3.893946 8.826375 13.21775 3.733768 8.683637 12.41093 3.757717 8.414431 12.33524 4.62451 9.042482 12.05184 3.757717 8.414431 12.33524 3.733768 8.683637 12.41093 3.733768 8.683637 12.41093 4.421206 9.181664 12.1863 4.62451 9.042482 12.05184 3.961808 8.596465 13.36354 4.82854 9.224671 13.08031 4.581264 9.324564 12.99313 4.581264 9.324564 12.99313 3.893946 8.826375 13.21775 3.961808 8.596465 13.36354 19.0057 13.97416 20.90999 13.49969 9.451556 14.64508 18.45395 12.91953 21.98676 19.94068 14.60593 18.91052 15.77837 11.23909 11.94001 13.79867 9.940649 14.28734 19.94068 14.60593 18.91052 13.79867 9.940649 14.28734 19.0057 13.97416 20.90999 13.10713 8.930424 14.77217 12.6869 8.448225 14.64951 18.45395 12.91953 21.98676 19.96946 14.48585 17.27138 15.77837 11.23909 11.94001 19.94068 14.60593 18.91052 19.0057 13.97416 20.90999 13.79867 9.940649 14.28734 13.49969 9.451556 14.64508 12.6869 8.448225 14.64951 18.32925 11.63859 22.86558 18.45395 12.91953 21.98676 12.6869 8.448225 14.64951 12.33331 8.037098 14.29708 12.18751 6.88763 15.06181 18.32925 11.63859 22.86558 12.6869 8.448225 14.64951 12.18751 6.88763 15.06181 13.49969 9.451556 14.64508 13.10713 8.930424 14.77217 18.45395 12.91953 21.98676 19.16831 13.81547 20.87874 18.63787 12.80461 21.91214 13.67268 9.30938 14.59546 20.08191 14.42522 18.90955 19.16831 13.81547 20.87874 15.90527 11.04874 11.95617 13.28132 8.79047 14.72046 18.63787 12.80461 21.91214 12.87555 8.352267 14.56115 20.09636 14.29549 17.28756 20.08191 14.42522 18.90955 15.90527 11.04874 11.95617 19.16831 13.81547 20.87874 13.67268 9.30938 14.59546 13.96064 9.781105 14.25715 12.87555 8.352267 14.56115 18.63787 12.80461 21.91214 18.52018 11.58786 22.74907 12.87555 8.352267 14.56115 12.39598 6.855202 14.97185 12.54151 7.966907 14.23126 19.16831 13.81547 20.87874 13.96064 9.781105 14.25715 15.90527 11.04874 11.95617 18.52018 11.58786 22.74907 12.39598 6.855202 14.97185 12.87555 8.352267 14.56115 13.67268 9.30938 14.59546 18.63787 12.80461 21.91214 13.28132 8.79047 14.72046 19.16831 13.81547 20.87874 19.0057 13.97416 20.90999 18.45395 12.91953 21.98676 18.45395 12.91953 21.98676 18.63787 12.80461 21.91214 19.16831 13.81547 20.87874 15.90527 11.04874 11.95617 13.79867 9.940649 14.28734 15.77837 11.23909 11.94001 20.08191 14.42522 18.90955 19.94068 14.60593 18.91052 19.0057 13.97416 20.90999 19.0057 13.97416 20.90999 19.16831 13.81547 20.87874 20.08191 14.42522 18.90955 12.87555 8.352267 14.56115 12.6869 8.448225 14.64951 13.10713 8.930424 14.77217 13.10713 8.930424 14.77217 13.28132 8.79047 14.72046 12.87555 8.352267 14.56115 20.09636 14.29549 17.28756 19.96946 14.48585 17.27138 19.94068 14.60593 18.91052 19.94068 14.60593 18.91052 20.08191 14.42522 18.90955 20.09636 14.29549 17.28756 15.90527 11.04874 11.95617 15.77837 11.23909 11.94001 19.96946 14.48585 17.27138 19.96946 14.48585 17.27138 20.09636 14.29549 17.28756 15.90527 11.04874 11.95617 13.67268 9.30938 14.59546 13.49969 9.451556 14.64508 13.79867 9.940649 14.28734 13.79867 9.940649 14.28734 13.96064 9.781105 14.25715 13.67268 9.30938 14.59546 18.63787 12.80461 21.91214 18.45395 12.91953 21.98676 18.32925 11.63859 22.86558 18.32925 11.63859 22.86558 18.52018 11.58786 22.74907 18.63787 12.80461 21.91214 12.54151 7.966907 14.23126 12.33331 8.037098 14.29708 12.6869 8.448225 14.64951 12.6869 8.448225 14.64951 12.87555 8.352267 14.56115 12.54151 7.966907 14.23126 13.79867 9.940649 14.28734 15.90527 11.04874 11.95617 13.96064 9.781105 14.25715 13.28132 8.79047 14.72046 13.10713 8.930424 14.77217 13.49969 9.451556 14.64508 13.49969 9.451556 14.64508 13.67268 9.30938 14.59546 13.28132 8.79047 14.72046 18.52018 11.58786 22.74907 18.32925 11.63859 22.86558 12.18751 6.88763 15.06181 12.39598 6.855202 14.97185 18.52018 11.58786 22.74907 12.18751 6.88763 15.06181 12.33331 8.037098 14.29708 12.54151 7.966907 14.23126 12.39598 6.855202 14.97185 12.39598 6.855202 14.97185 12.18751 6.88763 15.06181 12.33331 8.037098 14.29708 14.897 10.49578 15.12384 15.93071 10.93823 14.04163 15.7948 11.1229 14.036 15.93071 10.93823 14.04163 14.897 10.49578 15.12384 15.03217 10.31196 15.12951 14.82542 10.37195 12.80305 14.96126 10.18723 12.80875 14.78662 10.19722 12.67042 13.92762 9.744823 13.89088 14.78662 10.19722 12.67042 13.88882 9.570099 13.75825 14.78662 10.19722 12.67042 13.92762 9.744823 13.89088 14.82542 10.37195 12.80305 15.7948 11.1229 14.036 14.96126 10.18723 12.80875 14.82542 10.37195 12.80305 14.06309 9.560544 13.89661 14.96126 10.18723 12.80875 15.93071 10.93823 14.04163 14.897 10.49578 15.12384 14.82542 10.37195 12.80305 13.92762 9.744823 13.89088 14.82542 10.37195 12.80305 14.897 10.49578 15.12384 15.7948 11.1229 14.036 13.92762 9.744823 13.89088 14.06309 9.560544 13.89661 14.897 10.49578 15.12384 14.06309 9.560544 13.89661 15.93071 10.93823 14.04163 15.03217 10.31196 15.12951 15.03217 10.31196 15.12951 14.897 10.49578 15.12384 14.06309 9.560544 13.89661 13.88882 9.570099 13.75825 14.06309 9.560544 13.89661 13.92762 9.744823 13.89088 15.7948 11.1229 14.036 15.93071 10.93823 14.04163 14.96126 10.18723 12.80875 14.06309 9.560544 13.89661 13.88882 9.570099 13.75825 14.78662 10.19722 12.67042 14.78662 10.19722 12.67042 14.96126 10.18723 12.80875 14.06309 9.560544 13.89661 20.62685 6.98731 16.14129 19.32884 6.18302 15.41126 20.58135 7.221674 15.91874 21.57032 7.687404 16.76441 20.58135 7.221674 15.91874 21.56021 7.936117 16.52692 20.62685 6.98731 16.14129 20.58135 7.221674 15.91874 21.57032 7.687404 16.76441 19.32884 6.18302 15.41126 20.62685 6.98731 16.14129 19.22586 6.08991 15.68058 19.282 6.401926 15.24051 20.58135 7.221674 15.91874 19.32884 6.18302 15.41126 20.58135 7.221674 15.91874 21.35686 8.199633 16.5436 21.56021 7.936117 16.52692 20.40649 7.498549 15.93773 21.35686 8.199633 16.5436 20.58135 7.221674 15.91874 19.11281 6.618397 15.26834 20.58135 7.221674 15.91874 19.282 6.401926 15.24051 20.40649 7.498549 15.93773 20.58135 7.221674 15.91874 19.11281 6.618397 15.26834 20.40649 7.498549 15.93773 21.16672 8.257398 16.74989 21.35686 8.199633 16.5436 20.27298 7.581014 16.13383 21.16672 8.257398 16.74989 20.40649 7.498549 15.93773 18.92035 6.705621 15.47846 20.40649 7.498549 15.93773 19.11281 6.618397 15.26834 20.27298 7.581014 16.13383 20.40649 7.498549 15.93773 18.92035 6.705621 15.47846 20.27298 7.581014 16.13383 21.07707 8.135643 16.99786 21.16672 8.257398 16.74989 20.23334 7.480447 16.36755 21.07707 8.135643 16.99786 20.27298 7.581014 16.13383 18.81738 6.612509 15.74778 20.27298 7.581014 16.13383 18.92035 6.705621 15.47846 20.23334 7.480447 16.36755 20.27298 7.581014 16.13383 18.81738 6.612509 15.74778 20.38109 7.138025 16.5015 18.81738 6.612509 15.74778 18.8868 6.409059 15.8818 20.23334 7.480447 16.36755 18.81738 6.612509 15.74778 20.38109 7.138025 16.5015 21.07707 8.135643 16.99786 20.38109 7.138025 16.5015 21.22233 7.793299 17.14205 20.23334 7.480447 16.36755 20.38109 7.138025 16.5015 21.07707 8.135643 16.99786 20.38109 7.138025 16.5015 18.8868 6.409059 15.8818 19.056 6.192589 15.85397 20.53326 6.977385 16.37249 19.22586 6.08991 15.68058 20.62685 6.98731 16.14129 21.42038 7.653126 17.00798 20.62685 6.98731 16.14129 21.57032 7.687404 16.76441 20.53326 6.977385 16.37249 20.62685 6.98731 16.14129 21.42038 7.653126 17.00798 20.38109 7.138025 16.5015 21.42038 7.653126 17.00798 21.22233 7.793299 17.14205 20.53326 6.977385 16.37249 21.42038 7.653126 17.00798 20.38109 7.138025 16.5015 19.22586 6.08991 15.68058 20.38109 7.138025 16.5015 19.056 6.192589 15.85397 20.53326 6.977385 16.37249 20.38109 7.138025 16.5015 19.22586 6.08991 15.68058 22.38737 8.843654 17.5628 21.57032 7.687404 16.76441 21.56021 7.936117 16.52692 22.37722 8.572737 17.77571 21.57032 7.687404 16.76441 22.38737 8.843654 17.5628 22.79274 9.336966 18.90146 22.38737 8.843654 17.5628 22.78943 9.618353 18.71632 22.37722 8.572737 17.77571 22.38737 8.843654 17.5628 22.79274 9.336966 18.90146 22.38737 8.843654 17.5628 22.53888 9.830357 18.69124 22.78943 9.618353 18.71632 22.15911 9.088742 17.57254 22.53888 9.830357 18.69124 22.38737 8.843654 17.5628 21.35686 8.199633 16.5436 22.38737 8.843654 17.5628 21.56021 7.936117 16.52692 22.15911 9.088742 17.57254 22.38737 8.843654 17.5628 21.35686 8.199633 16.5436 22.15911 9.088742 17.57254 22.29743 9.811786 18.81463 22.53888 9.830357 18.69124 21.92871 9.11093 17.75229 22.29743 9.811786 18.81463 22.15911 9.088742 17.57254 21.16672 8.257398 16.74989 22.15911 9.088742 17.57254 21.35686 8.199633 16.5436 21.92871 9.11093 17.75229 22.15911 9.088742 17.57254 21.16672 8.257398 16.74989 21.92871 9.11093 17.75229 22.17779 9.631791 18.98904 22.29743 9.811786 18.81463 21.80649 8.957833 17.97196 22.17779 9.631791 18.98904 21.92871 9.11093 17.75229 21.07707 8.135643 16.99786 21.92871 9.11093 17.75229 21.16672 8.257398 16.74989 21.80649 8.957833 17.97196 21.92871 9.11093 17.75229 21.07707 8.135643 16.99786 21.95491 8.61327 18.105 21.07707 8.135643 16.99786 21.22233 7.793299 17.14205 21.80649 8.957833 17.97196 21.07707 8.135643 16.99786 21.95491 8.61327 18.105 22.17779 9.631791 18.98904 21.95491 8.61327 18.105 22.35035 9.30324 19.12809 21.80649 8.957833 17.97196 21.95491 8.61327 18.105 22.17779 9.631791 18.98904 22.37722 8.572737 17.77571 21.42038 7.653126 17.00798 21.57032 7.687404 16.76441 22.18789 8.502417 17.99002 21.42038 7.653126 17.00798 22.37722 8.572737 17.77571 22.59896 9.230584 19.0616 22.37722 8.572737 17.77571 22.79274 9.336966 18.90146 22.18789 8.502417 17.99002 22.37722 8.572737 17.77571 22.59896 9.230584 19.0616 21.95491 8.61327 18.105 22.59896 9.230584 19.0616 22.35035 9.30324 19.12809 22.18789 8.502417 17.99002 22.59896 9.230584 19.0616 21.95491 8.61327 18.105 21.42038 7.653126 17.00798 21.95491 8.61327 18.105 21.22233 7.793299 17.14205 22.18789 8.502417 17.99002 21.95491 8.61327 18.105 21.42038 7.653126 17.00798 22.79233 10.21905 19.72658 22.79274 9.336966 18.90146 22.78943 9.618353 18.71632 22.83104 10.00765 19.95918 22.79274 9.336966 18.90146 22.79233 10.21905 19.72658 22.76798 10.7174 20.72968 22.79233 10.21905 19.72658 22.71722 10.87894 20.44264 22.83104 10.00765 19.95918 22.79233 10.21905 19.72658 22.76798 10.7174 20.72968 22.79233 10.21905 19.72658 22.42398 10.95611 20.3121 22.71722 10.87894 20.44264 22.52255 10.34893 19.64068 22.42398 10.95611 20.3121 22.79233 10.21905 19.72658 22.53888 9.830357 18.69124 22.79233 10.21905 19.72658 22.78943 9.618353 18.71632 22.52255 10.34893 19.64068 22.79233 10.21905 19.72658 22.53888 9.830357 18.69124 22.52255 10.34893 19.64068 22.17891 10.90229 20.41452 22.42398 10.95611 20.3121 22.29064 10.30641 19.74301 22.17891 10.90229 20.41452 22.52255 10.34893 19.64068 22.29743 9.811786 18.81463 22.52255 10.34893 19.64068 22.53888 9.830357 18.69124 22.29064 10.30641 19.74301 22.52255 10.34893 19.64068 22.29743 9.811786 18.81463 22.29064 10.30641 19.74301 22.08624 10.77724 20.64021 22.17891 10.90229 20.41452 22.19727 10.1568 19.93561 22.08624 10.77724 20.64021 22.29064 10.30641 19.74301 22.17779 9.631791 18.98904 22.29064 10.30641 19.74301 22.29743 9.811786 18.81463 22.19727 10.1568 19.93561 22.29064 10.30641 19.74301 22.17779 9.631791 18.98904 22.40622 9.929778 20.14659 22.17779 9.631791 18.98904 22.35035 9.30324 19.12809 22.19727 10.1568 19.93561 22.17779 9.631791 18.98904 22.40622 9.929778 20.14659 22.08624 10.77724 20.64021 22.40622 9.929778 20.14659 22.31902 10.61832 20.91721 22.19727 10.1568 19.93561 22.40622 9.929778 20.14659 22.08624 10.77724 20.64021 22.83104 10.00765 19.95918 22.59896 9.230584 19.0616 22.79274 9.336966 18.90146 22.65653 9.904563 20.11741 22.59896 9.230584 19.0616 22.83104 10.00765 19.95918 22.58676 10.62114 20.90567 22.83104 10.00765 19.95918 22.76798 10.7174 20.72968 22.65653 9.904563 20.11741 22.83104 10.00765 19.95918 22.58676 10.62114 20.90567 22.40622 9.929778 20.14659 22.58676 10.62114 20.90567 22.31902 10.61832 20.91721 22.65653 9.904563 20.11741 22.58676 10.62114 20.90567 22.40622 9.929778 20.14659 22.59896 9.230584 19.0616 22.40622 9.929778 20.14659 22.35035 9.30324 19.12809 22.65653 9.904563 20.11741 22.40622 9.929778 20.14659 22.59896 9.230584 19.0616 18.02024 5.383804 14.5582 19.32884 6.18302 15.41126 19.22586 6.08991 15.68058 19.32884 6.18302 15.41126 18.02024 5.383804 14.5582 18.15174 5.512615 14.31964 18.15174 5.512615 14.31964 19.282 6.401926 15.24051 19.32884 6.18302 15.41126 19.282 6.401926 15.24051 18.15174 5.512615 14.31964 18.10246 5.734432 14.16808 18.10246 5.734432 14.16808 19.11281 6.618397 15.26834 19.282 6.401926 15.24051 19.11281 6.618397 15.26834 18.10246 5.734432 14.16808 17.90143 5.91935 14.19211 17.90143 5.91935 14.19211 18.92035 6.705621 15.47846 19.11281 6.618397 15.26834 18.92035 6.705621 15.47846 17.90143 5.91935 14.19211 17.66624 5.959004 14.37786 17.66624 5.959004 14.37786 18.81738 6.612509 15.74778 18.92035 6.705621 15.47846 18.81738 6.612509 15.74778 17.66624 5.959004 14.37786 17.53472 5.830189 14.61645 17.53472 5.830189 14.61645 18.8868 6.409059 15.8818 18.81738 6.612509 15.74778 18.8868 6.409059 15.8818 17.53472 5.830189 14.61645 17.58394 5.608368 14.76807 17.58394 5.608368 14.76807 19.056 6.192589 15.85397 18.8868 6.409059 15.8818 19.056 6.192589 15.85397 17.58394 5.608368 14.76807 17.78505 5.423473 14.74395 17.78505 5.423473 14.74395 19.22586 6.08991 15.68058 19.056 6.192589 15.85397 19.22586 6.08991 15.68058 17.78505 5.423473 14.74395 18.02024 5.383804 14.5582 16.99877 5.25138 12.85618 17.90143 5.91935 14.19211 18.10246 5.734432 14.16808 17.90143 5.91935 14.19211 16.99877 5.25138 12.85618 16.79229 5.431661 12.88643 17.03763 4.996683 12.9402 18.10246 5.734432 14.16808 18.15174 5.512615 14.31964 18.10246 5.734432 14.16808 17.03763 4.996683 12.9402 16.99877 5.25138 12.85618 16.79229 5.431661 12.88643 17.66624 5.959004 14.37786 17.90143 5.91935 14.19211 17.66624 5.959004 14.37786 16.79229 5.431661 12.88643 16.53877 5.431756 13.01347 16.88574 4.81663 13.0895 18.15174 5.512615 14.31964 18.02024 5.383804 14.5582 18.15174 5.512615 14.31964 16.88574 4.81663 13.0895 17.03763 4.996683 12.9402 16.53877 5.431756 13.01347 17.53472 5.830189 14.61645 17.66624 5.959004 14.37786 17.53472 5.830189 14.61645 16.53877 5.431756 13.01347 16.38685 5.251693 13.1628 16.63222 4.816757 13.21654 18.02024 5.383804 14.5582 17.78505 5.423473 14.74395 18.02024 5.383804 14.5582 16.63222 4.816757 13.21654 16.88574 4.81663 13.0895 16.42559 4.99697 13.24689 17.78505 5.423473 14.74395 17.58394 5.608368 14.76807 17.78505 5.423473 14.74395 16.42559 4.99697 13.24689 16.63222 4.816757 13.21654 16.38685 5.251693 13.1628 17.58394 5.608368 14.76807 17.53472 5.830189 14.61645 17.58394 5.608368 14.76807 16.38685 5.251693 13.1628 16.42559 4.99697 13.24689 16.15231 4.615639 11.24674 16.79229 5.431661 12.88643 16.99877 5.25138 12.85618 16.79229 5.431661 12.88643 16.15231 4.615639 11.24674 15.95138 4.803643 11.27694 16.1835 4.36412 11.3499 16.99877 5.25138 12.85618 17.03763 4.996683 12.9402 16.99877 5.25138 12.85618 16.1835 4.36412 11.3499 16.15231 4.615639 11.24674 15.95138 4.803643 11.27694 16.53877 5.431756 13.01347 16.79229 5.431661 12.88643 16.53877 5.431756 13.01347 15.95138 4.803643 11.27694 15.69784 4.817792 11.42327 16.02614 4.196247 11.52643 17.03763 4.996683 12.9402 16.88574 4.81663 13.0895 17.03763 4.996683 12.9402 16.02614 4.196247 11.52643 16.1835 4.36412 11.3499 15.69784 4.817792 11.42327 16.38685 5.251693 13.1628 16.53877 5.431756 13.01347 16.38685 5.251693 13.1628 15.69784 4.817792 11.42327 15.54042 4.649899 11.59983 15.77259 4.210436 11.67274 16.88574 4.81663 13.0895 16.63222 4.816757 13.21654 16.88574 4.81663 13.0895 15.77259 4.210436 11.67274 16.02614 4.196247 11.52643 15.57143 4.398355 11.70312 16.63222 4.816757 13.21654 16.42559 4.99697 13.24689 16.63222 4.816757 13.21654 15.57143 4.398355 11.70312 15.77259 4.210436 11.67274 15.54042 4.649899 11.59983 16.42559 4.99697 13.24689 16.38685 5.251693 13.1628 16.42559 4.99697 13.24689 15.54042 4.649899 11.59983 15.57143 4.398355 11.70312 22.76798 10.7174 20.72968 22.71722 10.87894 20.44264 22.42398 10.95611 20.3121 22.76798 10.7174 20.72968 22.42398 10.95611 20.3121 22.17891 10.90229 20.41452 22.76798 10.7174 20.72968 22.17891 10.90229 20.41452 22.08624 10.77724 20.64021 22.58676 10.62114 20.90567 22.08624 10.77724 20.64021 22.31902 10.61832 20.91721 22.76798 10.7174 20.72968 22.08624 10.77724 20.64021 22.58676 10.62114 20.90567 15.77259 4.210436 11.67274 15.57143 4.398355 11.70312 15.54042 4.649899 11.59983 16.02614 4.196247 11.52643 15.77259 4.210436 11.67274 15.54042 4.649899 11.59983 16.1835 4.36412 11.3499 16.02614 4.196247 11.52643 15.54042 4.649899 11.59983 15.95138 4.803643 11.27694 16.15231 4.615639 11.24674 16.1835 4.36412 11.3499 15.69784 4.817792 11.42327 15.95138 4.803643 11.27694 16.1835 4.36412 11.3499 15.54042 4.649899 11.59983 15.69784 4.817792 11.42327 16.1835 4.36412 11.3499 12.87143 5.369123 9.899758 13.12052 5.272058 9.739459 13.2108 5.621725 9.472027 12.83499 5.777136 9.708733 12.87143 5.369123 9.899758 13.2108 5.621725 9.472027 13.12052 5.272058 9.739459 12.87143 5.369123 9.899758 11.14795 4.095137 8.136673 10.93394 4.229761 8.303202 11.14795 4.095137 8.136673 12.87143 5.369123 9.899758 13.2108 5.621725 9.472027 13.12052 5.272058 9.739459 11.27058 4.418473 7.85187 11.14795 4.095137 8.136673 11.27058 4.418473 7.85187 13.12052 5.272058 9.739459 12.83499 5.777136 9.708733 13.2108 5.621725 9.472027 10.94788 4.631986 8.097713 11.27058 4.418473 7.85187 10.94788 4.631986 8.097713 13.2108 5.621725 9.472027 12.87143 5.369123 9.899758 12.83499 5.777136 9.708733 10.93394 4.229761 8.303202 10.94788 4.631986 8.097713 10.93394 4.229761 8.303202 12.83499 5.777136 9.708733 11.14795 4.095137 8.136673 10.93394 4.229761 8.303202 7.91403 2.970793 5.095354 7.668499 3.113726 5.220798 7.91403 2.970793 5.095354 10.93394 4.229761 8.303202 11.27058 4.418473 7.85187 11.14795 4.095137 8.136673 8.079955 3.278227 4.81633 7.91403 2.970793 5.095354 8.079955 3.278227 4.81633 11.14795 4.095137 8.136673 10.94788 4.631986 8.097713 11.27058 4.418473 7.85187 7.710177 3.504634 4.999643 8.079955 3.278227 4.81633 7.710177 3.504634 4.999643 11.27058 4.418473 7.85187 10.93394 4.229761 8.303202 10.94788 4.631986 8.097713 7.668499 3.113726 5.220798 7.710177 3.504634 4.999643 7.668499 3.113726 5.220798 10.94788 4.631986 8.097713 7.91403 2.970793 5.095354 7.668499 3.113726 5.220798 6.819839 2.235999 3.630886 6.580257 2.396604 3.741303 6.819839 2.235999 3.630886 7.668499 3.113726 5.220798 8.079955 3.278227 4.81633 7.91403 2.970793 5.095354 7.020547 2.512407 3.349561 6.819839 2.235999 3.630886 7.020547 2.512407 3.349561 7.91403 2.970793 5.095354 7.710177 3.504634 4.999643 8.079955 3.278227 4.81633 6.660409 2.765863 3.509757 7.020547 2.512407 3.349561 6.660409 2.765863 3.509757 8.079955 3.278227 4.81633 7.668499 3.113726 5.220798 7.710177 3.504634 4.999643 6.580257 2.396604 3.741303 6.660409 2.765863 3.509757 6.580257 2.396604 3.741303 7.710177 3.504634 4.999643 7.020547 2.512407 3.349561 6.819839 2.235999 3.630886 6.580257 2.396604 3.741303 6.580257 2.396604 3.741303 6.660409 2.765863 3.509757 7.020547 2.512407 3.349561 8.435868 1.21907 3.189294 8.098007 1.002098 4.189883 7.136704 0.2955492 4.186238 7.136704 0.2955492 4.186238 6.833699 0.04148948 3.18322 8.435868 1.21907 3.189294 4.743324 3.780543 1.585329 4.876825 2.718903 0.2812824 4.456938 3.283435 1.589547 4.876825 2.718903 0.2812824 4.743324 3.780543 1.585329 6.478993 3.896484 0.2873588 4.743324 3.780543 1.585329 4.456938 3.283435 1.589547 4.430994 3.31104 3.080902 5.468168 4.313298 1.588077 4.684948 3.784311 3.076558 5.419257 4.324023 3.079342 4.684948 3.784311 3.076558 4.430994 3.31104 3.080902 5.046917 3.139285 4.097244 5.419257 4.324023 3.079342 6.008219 3.845834 4.10089 6.033162 4.488621 3.086976 7.12581 3.01631 0.3149033 5.523641 1.838729 0.3088269 4.876825 2.718903 0.2812824 4.876825 2.718903 0.2812824 6.478993 3.896484 0.2873588 7.12581 3.01631 0.3149033 7.136704 0.2955492 4.186238 6.064609 1.08805 3.150468 6.833699 0.04148948 3.18322 5.523641 1.838729 0.3088269 5.500588 1.863258 1.63399 4.456938 3.283435 1.589547 4.456938 3.283435 1.589547 4.876825 2.718903 0.2812824 5.523641 1.838729 0.3088269 4.430994 3.31104 3.080902 6.064609 1.08805 3.150468 5.046917 3.139285 4.097244 4.430994 3.31104 3.080902 4.456938 3.283435 1.589547 5.500588 1.863258 1.63399 6.064609 1.08805 3.150468 7.136704 0.2955492 4.186238 5.046917 3.139285 4.097244 6.064609 1.08805 3.150468 4.430994 3.31104 3.080902 5.500588 1.863258 1.63399 7.136704 0.2955492 4.186238 8.098007 1.002098 4.189883 6.008219 3.845834 4.10089 6.008219 3.845834 4.10089 5.046917 3.139285 4.097244 7.136704 0.2955492 4.186238 8.098007 1.002098 4.189883 8.435868 1.21907 3.189294 7.666778 2.265631 3.156542 6.033162 4.488621 3.086976 7.666778 2.265631 3.156542 7.102756 3.040839 1.640066 7.666778 2.265631 3.156542 6.008219 3.845834 4.10089 8.098007 1.002098 4.189883 6.033162 4.488621 3.086976 7.102756 3.040839 1.640066 6.059106 4.461016 1.595623 7.666778 2.265631 3.156542 6.033162 4.488621 3.086976 6.008219 3.845834 4.10089 7.102756 3.040839 1.640066 7.12581 3.01631 0.3149033 6.478993 3.896484 0.2873588 6.478993 3.896484 0.2873588 6.059106 4.461016 1.595623 7.102756 3.040839 1.640066 5.523641 1.838729 0.3088269 7.12581 3.01631 0.3149033 7.102756 3.040839 1.640066 5.523641 1.838729 0.3088269 7.102756 3.040839 1.640066 5.500588 1.863258 1.63399 7.102756 3.040839 1.640066 7.666778 2.265631 3.156542 6.064609 1.08805 3.150468 7.102756 3.040839 1.640066 6.064609 1.08805 3.150468 5.500588 1.863258 1.63399 6.064609 1.08805 3.150468 7.666778 2.265631 3.156542 8.435868 1.21907 3.189294 6.064609 1.08805 3.150468 8.435868 1.21907 3.189294 6.833699 0.04148948 3.18322 6.008219 3.845834 4.10089 5.419257 4.324023 3.079342 5.046917 3.139285 4.097244 5.419257 4.324023 3.079342 6.033162 4.488621 3.086976 6.059106 4.461016 1.595623 5.468168 4.313298 1.588077 5.419257 4.324023 3.079342 6.059106 4.461016 1.595623 5.419257 4.324023 3.079342 4.684948 3.784311 3.076558 5.046917 3.139285 4.097244 4.684948 3.784311 3.076558 5.468168 4.313298 1.588077 4.743324 3.780543 1.585329 5.468168 4.313298 1.588077 6.059106 4.461016 1.595623 6.478993 3.896484 0.2873588 4.743324 3.780543 1.585329 5.468168 4.313298 1.588077 6.478993 3.896484 0.2873588 4.684948 3.784311 3.076558 4.743324 3.780543 1.585329 4.430994 3.31104 3.080902 6.181153 2.621819 0.4151273 7.851762 2.349884 -0.3740068 6.905502 1.642368 -0.761765 6.181153 2.621819 0.4151273 6.559656 2.904825 0.57023 7.851762 2.349884 -0.3740068 6.559656 2.904825 0.57023 8.423218 2.801373 0.6339312 7.851762 2.349884 -0.3740068 6.559656 2.904825 0.57023 6.788239 3.085422 0.9734054 8.423218 2.801373 0.6339312 6.788239 3.085422 0.9734054 8.401592 2.824384 1.877049 8.423218 2.801373 0.6339312 6.788239 3.085422 0.9734054 6.779589 3.094626 1.470654 8.401592 2.824384 1.877049 6.779589 3.094626 1.470654 7.795145 2.410126 2.880522 8.401592 2.824384 1.877049 6.779589 3.094626 1.470654 6.53701 2.928923 1.872042 7.795145 2.410126 2.880522 6.53701 2.928923 1.872042 6.835521 1.716831 3.261052 7.795145 2.410126 2.880522 6.53701 2.928923 1.872042 6.15316 2.651604 2.024253 6.835521 1.716831 3.261052 6.15316 2.651604 2.024253 5.889261 1.009316 2.873294 6.835521 1.716831 3.261052 6.15316 2.651604 2.024253 5.774656 2.368599 1.869152 5.889261 1.009316 2.873294 5.774656 2.368599 1.869152 5.317805 0.5578256 1.865357 5.889261 1.009316 2.873294 5.774656 2.368599 1.869152 5.546074 2.188003 1.465976 5.317805 0.5578256 1.865357 5.546074 2.188003 1.465976 5.339431 0.5348157 0.6222382 5.317805 0.5578256 1.865357 5.546074 2.188003 1.465976 5.554725 2.178799 0.9687286 5.339431 0.5348157 0.6222382 5.554725 2.178799 0.9687286 5.945878 0.9490741 -0.3812332 5.339431 0.5348157 0.6222382 5.554725 2.178799 0.9687286 5.797302 2.344501 0.5673399 5.945878 0.9490741 -0.3812332 5.797302 2.344501 0.5673399 6.905502 1.642368 -0.761765 5.945878 0.9490741 -0.3812332 5.797302 2.344501 0.5673399 6.181153 2.621819 0.4151273 6.905502 1.642368 -0.761765 6.905502 1.642368 -0.761765 12.89612 -4.514379 -0.1591973 11.94987 -5.221895 -0.5469556 6.905502 1.642368 -0.761765 7.851762 2.349884 -0.3740068 12.89612 -4.514379 -0.1591973 7.851762 2.349884 -0.3740068 13.46758 -4.062889 0.8487401 12.89612 -4.514379 -0.1591973 7.851762 2.349884 -0.3740068 8.423218 2.801373 0.6339312 13.46758 -4.062889 0.8487401 8.423218 2.801373 0.6339312 13.44595 -4.039879 2.091859 13.46758 -4.062889 0.8487401 8.423218 2.801373 0.6339312 8.401592 2.824384 1.877049 13.44595 -4.039879 2.091859 8.401592 2.824384 1.877049 12.83951 -4.454137 3.095329 13.44595 -4.039879 2.091859 8.401592 2.824384 1.877049 7.795145 2.410126 2.880522 12.83951 -4.454137 3.095329 7.795145 2.410126 2.880522 11.87988 -5.147431 3.475862 12.83951 -4.454137 3.095329 7.795145 2.410126 2.880522 6.835521 1.716831 3.261052 11.87988 -5.147431 3.475862 6.835521 1.716831 3.261052 10.93362 -5.854947 3.088104 11.87988 -5.147431 3.475862 6.835521 1.716831 3.261052 5.889261 1.009316 2.873294 10.93362 -5.854947 3.088104 5.889261 1.009316 2.873294 10.36217 -6.306437 2.080166 10.93362 -5.854947 3.088104 5.889261 1.009316 2.873294 5.317805 0.5578256 1.865357 10.36217 -6.306437 2.080166 5.317805 0.5578256 1.865357 10.38379 -6.329447 0.8370476 10.36217 -6.306437 2.080166 5.317805 0.5578256 1.865357 5.339431 0.5348157 0.6222382 10.38379 -6.329447 0.8370476 5.339431 0.5348157 0.6222382 10.99024 -5.915189 -0.1664237 10.38379 -6.329447 0.8370476 5.339431 0.5348157 0.6222382 5.945878 0.9490741 -0.3812332 10.99024 -5.915189 -0.1664237 5.945878 0.9490741 -0.3812332 11.94987 -5.221895 -0.5469556 10.99024 -5.915189 -0.1664237 5.945878 0.9490741 -0.3812332 6.905502 1.642368 -0.761765 11.94987 -5.221895 -0.5469556 11.94987 -5.221895 -0.5469556 13.00917 -5.874729 0.8475328 12.63217 -6.156608 0.6930466 11.94987 -5.221895 -0.5469556 12.89612 -4.514379 -0.1591973 13.00917 -5.874729 0.8475328 12.89612 -4.514379 -0.1591973 13.23684 -5.694852 1.249101 13.00917 -5.874729 0.8475328 12.89612 -4.514379 -0.1591973 13.46758 -4.062889 0.8487401 13.23684 -5.694852 1.249101 13.46758 -4.062889 0.8487401 13.22822 -5.685685 1.744368 13.23684 -5.694852 1.249101 13.46758 -4.062889 0.8487401 13.44595 -4.039879 2.091859 13.22822 -5.685685 1.744368 13.44595 -4.039879 2.091859 12.98661 -5.850728 2.144157 13.22822 -5.685685 1.744368 13.44595 -4.039879 2.091859 12.83951 -4.454137 3.095329 12.98661 -5.850728 2.144157 12.83951 -4.454137 3.095329 12.60429 -6.12694 2.295763 12.98661 -5.850728 2.144157 12.83951 -4.454137 3.095329 11.87988 -5.147431 3.475862 12.60429 -6.12694 2.295763 11.87988 -5.147431 3.475862 12.22729 -6.40882 2.141277 12.60429 -6.12694 2.295763 11.87988 -5.147431 3.475862 10.93362 -5.854947 3.088104 12.22729 -6.40882 2.141277 10.93362 -5.854947 3.088104 11.99962 -6.588696 1.739709 12.22729 -6.40882 2.141277 10.93362 -5.854947 3.088104 10.36217 -6.306437 2.080166 11.99962 -6.588696 1.739709 10.36217 -6.306437 2.080166 12.00824 -6.597863 1.244443 11.99962 -6.588696 1.739709 10.36217 -6.306437 2.080166 10.38379 -6.329447 0.8370476 12.00824 -6.597863 1.244443 10.38379 -6.329447 0.8370476 12.24985 -6.43282 0.8446536 12.00824 -6.597863 1.244443 10.38379 -6.329447 0.8370476 10.99024 -5.915189 -0.1664237 12.24985 -6.43282 0.8446536 10.99024 -5.915189 -0.1664237 12.63217 -6.156608 0.6930466 12.24985 -6.43282 0.8446536 10.99024 -5.915189 -0.1664237 11.94987 -5.221895 -0.5469556 12.63217 -6.156608 0.6930466 12.63217 -6.156608 0.6930466 13.00917 -5.874729 0.8475328 13.23684 -5.694852 1.249101 12.63217 -6.156608 0.6930466 13.23684 -5.694852 1.249101 13.22822 -5.685685 1.744368 12.63217 -6.156608 0.6930466 13.22822 -5.685685 1.744368 12.98661 -5.850728 2.144157 12.63217 -6.156608 0.6930466 12.98661 -5.850728 2.144157 12.60429 -6.12694 2.295763 12.63217 -6.156608 0.6930466 12.60429 -6.12694 2.295763 12.22729 -6.40882 2.141277 12.63217 -6.156608 0.6930466 12.22729 -6.40882 2.141277 11.99962 -6.588696 1.739709 12.63217 -6.156608 0.6930466 11.99962 -6.588696 1.739709 12.00824 -6.597863 1.244443 12.63217 -6.156608 0.6930466 12.00824 -6.597863 1.244443 12.24985 -6.43282 0.8446536 5.546074 2.188003 1.465976 5.774656 2.368599 1.869152 6.15316 2.651604 2.024253 5.546074 2.188003 1.465976 6.15316 2.651604 2.024253 6.53701 2.928923 1.872042 5.546074 2.188003 1.465976 6.53701 2.928923 1.872042 6.779589 3.094626 1.470654 5.546074 2.188003 1.465976 6.779589 3.094626 1.470654 6.788239 3.085422 0.9734054 5.546074 2.188003 1.465976 6.788239 3.085422 0.9734054 6.559656 2.904825 0.57023 5.546074 2.188003 1.465976 6.559656 2.904825 0.57023 6.181153 2.621819 0.4151273 5.546074 2.188003 1.465976 6.181153 2.621819 0.4151273 5.797302 2.344501 0.5673399 5.546074 2.188003 1.465976 5.797302 2.344501 0.5673399 5.554725 2.178799 0.9687286 8.03563 1.623526 12.67741 8.632512 0.1544425 13.03228 8.032465 1.689579 12.9562 9.083073 0.7351586 12.25028 8.875779 1.245367 12.12703 8.78305 1.50273 12.21223 8.961741 1.359193 13.74569 8.220273 1.355846 13.68693 8.323371 1.11221 13.79696 8.670835 1.936562 12.90493 9.270881 0.4014254 12.98101 8.674 1.870507 12.62614 9.083073 0.7351586 12.25028 8.78305 1.50273 12.21223 9.172636 0.5438541 12.44386 8.534266 0.2968721 12.49513 8.599492 0.1809644 12.74891 8.074604 1.472856 12.43684 8.629346 0.2204964 13.31107 8.065485 1.663058 13.23957 8.632512 0.1544425 13.03228 9.270881 0.4014254 12.98101 9.267717 0.4674792 13.25979 8.629346 0.2204964 13.31107 8.590373 0.3711664 13.55164 8.130711 1.547151 13.49335 8.065485 1.663058 13.23957 8.769082 1.794134 13.44208 9.228743 0.6181485 13.50036 8.703856 1.910039 13.1883 8.144679 1.255749 12.2635 8.534266 0.2968721 12.49513 8.074604 1.472856 12.43684 8.979976 0.978793 12.14025 9.083073 0.7351586 12.25028 8.444704 0.4881785 12.30155 8.712972 1.719838 12.38557 8.674 1.870507 12.62614 9.237862 0.4279475 12.69764 8.78305 1.50273 12.21223 8.875779 1.245367 12.12703 8.237409 0.998384 12.1783 9.228743 0.6181485 13.50036 9.158668 0.8352561 13.6737 8.520298 0.5882752 13.72498 8.220273 1.355846 13.68693 8.520298 0.5882752 13.72498 8.323371 1.11221 13.79696 8.670835 1.936562 12.90493 9.267717 0.4674792 13.25979 9.270881 0.4014254 12.98101 8.769082 1.794134 13.44208 9.158668 0.8352561 13.6737 9.228743 0.6181485 13.50036 8.703856 1.910039 13.1883 8.670835 1.936562 12.90493 8.032465 1.689579 12.9562 8.670835 1.936562 12.90493 8.03563 1.623526 12.67741 8.032465 1.689579 12.9562 9.083073 0.7351586 12.25028 8.534266 0.2968721 12.49513 8.444704 0.4881785 12.30155 8.979976 0.978793 12.14025 8.875779 1.245367 12.12703 9.083073 0.7351586 12.25028 8.599492 0.1809644 12.74891 8.632512 0.1544425 13.03228 8.03563 1.623526 12.67741 9.172636 0.5438541 12.44386 8.78305 1.50273 12.21223 8.712972 1.719838 12.38557 8.875779 1.245367 12.12703 8.341607 0.7318105 12.19151 8.237409 0.998384 12.1783 8.444704 0.4881785 12.30155 8.534266 0.2968721 12.49513 8.144679 1.255749 12.2635 8.674 1.870507 12.62614 8.712972 1.719838 12.38557 8.074604 1.472856 12.43684 8.712972 1.719838 12.38557 8.144679 1.255749 12.2635 8.074604 1.472856 12.43684 8.858643 1.602827 13.63566 8.769082 1.794134 13.44208 8.130711 1.547151 13.49335 8.769082 1.794134 13.44208 8.065485 1.663058 13.23957 8.130711 1.547151 13.49335 8.590373 0.3711664 13.55164 8.520298 0.5882752 13.72498 8.220273 1.355846 13.68693 9.228743 0.6181485 13.50036 8.520298 0.5882752 13.72498 8.590373 0.3711664 13.55164 9.065937 1.092621 13.75891 8.961741 1.359193 13.74569 8.323371 1.11221 13.79696 9.065937 1.092621 13.75891 8.323371 1.11221 13.79696 8.427569 0.8456388 13.81018 8.961741 1.359193 13.74569 9.158668 0.8352561 13.6737 8.858643 1.602827 13.63566 8.961741 1.359193 13.74569 8.858643 1.602827 13.63566 8.220273 1.355846 13.68693 8.703856 1.910039 13.1883 9.228743 0.6181485 13.50036 9.267717 0.4674792 13.25979 9.267717 0.4674792 13.25979 9.228743 0.6181485 13.50036 8.590373 0.3711664 13.55164 8.703856 1.910039 13.1883 9.267717 0.4674792 13.25979 8.670835 1.936562 12.90493 8.670835 1.936562 12.90493 8.674 1.870507 12.62614 8.03563 1.623526 12.67741 9.172636 0.5438541 12.44386 8.712972 1.719838 12.38557 9.237862 0.4279475 12.69764 8.875779 1.245367 12.12703 8.979976 0.978793 12.14025 8.341607 0.7318105 12.19151 9.083073 0.7351586 12.25028 9.172636 0.5438541 12.44386 8.534266 0.2968721 12.49513 9.172636 0.5438541 12.44386 8.599492 0.1809644 12.74891 8.534266 0.2968721 12.49513 9.237862 0.4279475 12.69764 9.270881 0.4014254 12.98101 8.632512 0.1544425 13.03228 9.270881 0.4014254 12.98101 8.629346 0.2204964 13.31107 8.632512 0.1544425 13.03228 8.703856 1.910039 13.1883 8.032465 1.689579 12.9562 8.065485 1.663058 13.23957 8.632512 0.1544425 13.03228 8.065485 1.663058 13.23957 8.032465 1.689579 12.9562 8.237409 0.998384 12.1783 8.341607 0.7318105 12.19151 8.144679 1.255749 12.2635 8.78305 1.50273 12.21223 8.237409 0.998384 12.1783 8.144679 1.255749 12.2635 8.674 1.870507 12.62614 9.270881 0.4014254 12.98101 9.237862 0.4279475 12.69764 8.712972 1.719838 12.38557 8.78305 1.50273 12.21223 8.144679 1.255749 12.2635 9.237862 0.4279475 12.69764 8.632512 0.1544425 13.03228 8.599492 0.1809644 12.74891 9.172636 0.5438541 12.44386 9.237862 0.4279475 12.69764 8.599492 0.1809644 12.74891 8.858643 1.602827 13.63566 8.130711 1.547151 13.49335 8.220273 1.355846 13.68693 8.590373 0.3711664 13.55164 8.220273 1.355846 13.68693 8.130711 1.547151 13.49335 8.341607 0.7318105 12.19151 8.444704 0.4881785 12.30155 8.144679 1.255749 12.2635 8.979976 0.978793 12.14025 8.444704 0.4881785 12.30155 8.341607 0.7318105 12.19151 8.858643 1.602827 13.63566 9.158668 0.8352561 13.6737 8.769082 1.794134 13.44208 8.769082 1.794134 13.44208 8.703856 1.910039 13.1883 8.065485 1.663058 13.23957 9.158668 0.8352561 13.6737 8.427569 0.8456388 13.81018 8.520298 0.5882752 13.72498 8.323371 1.11221 13.79696 8.520298 0.5882752 13.72498 8.427569 0.8456388 13.81018 8.961741 1.359193 13.74569 9.065937 1.092621 13.75891 9.158668 0.8352561 13.6737 9.158668 0.8352561 13.6737 9.065937 1.092621 13.75891 8.427569 0.8456388 13.81018 8.074604 1.472856 12.43684 8.599492 0.1809644 12.74891 8.03563 1.623526 12.67741 8.674 1.870507 12.62614 8.074604 1.472856 12.43684 8.03563 1.623526 12.67741 8.590373 0.3711664 13.55164 8.065485 1.663058 13.23957 8.629346 0.2204964 13.31107 9.267717 0.4674792 13.25979 8.590373 0.3711664 13.55164 8.629346 0.2204964 13.31107 9.332649 -0.1384953 9.875836 9.445466 -0.05301392 9.9581 9.008677 0.5217886 9.982647 9.70083 0.1181211 9.430064 9.171175 0.6194316 9.286902 9.29979 0.716882 9.380684 9.761476 0.1722532 9.735716 9.764323 0.1692235 9.572051 9.372172 0.775139 9.54255 9.269155 -0.1895987 9.733847 9.764323 0.1692235 9.572051 9.761476 0.1722532 9.735716 9.272003 -0.1926277 9.570183 8.807681 0.3660812 9.726999 8.810927 0.3626284 9.540422 9.456093 -0.06431961 9.347298 9.340427 -0.146772 9.428698 8.88893 0.4149029 9.379128 8.807681 0.3660812 9.726999 9.29979 0.716882 9.380684 8.810927 0.3626284 9.540422 9.577385 0.04394507 9.958601 9.290923 0.7263174 9.890421 9.159062 0.6323204 9.983216 9.70083 0.1181211 9.430064 9.58801 0.03263831 9.347798 9.171175 0.6194316 9.286902 9.70083 0.1181211 9.430064 9.340427 -0.146772 9.428698 9.58801 0.03263831 9.347798 9.272003 -0.1926277 9.570183 9.269155 -0.1895987 9.733847 8.807681 0.3660812 9.726999 9.269155 -0.1895987 9.733847 9.272003 -0.1926277 9.570183 9.70083 0.1181211 9.430064 9.577385 0.04394507 9.958601 9.693051 0.1263976 9.877202 9.290923 0.7263174 9.890421 9.332649 -0.1384953 9.875836 9.761476 0.1722532 9.735716 9.445466 -0.05301392 9.9581 9.456093 -0.06431961 9.347298 8.88893 0.4149029 9.379128 9.020791 0.5088999 9.286334 8.88893 0.4149029 9.379128 9.29979 0.716882 9.380684 9.171175 0.6194316 9.286902 8.807681 0.3660812 9.726999 9.368926 0.778592 9.729126 9.372172 0.775139 9.54255 9.761476 0.1722532 9.735716 9.372172 0.775139 9.54255 9.368926 0.778592 9.729126 9.368926 0.778592 9.729126 8.880063 0.4243388 9.888865 9.008677 0.5217886 9.982647 9.332649 -0.1384953 9.875836 9.008677 0.5217886 9.982647 8.880063 0.4243388 9.888865 9.58801 0.03263831 9.347798 9.456093 -0.06431961 9.347298 9.020791 0.5088999 9.286334 9.58801 0.03263831 9.347798 9.340427 -0.146772 9.428698 9.456093 -0.06431961 9.347298 9.269155 -0.1895987 9.733847 9.332649 -0.1384953 9.875836 8.880063 0.4243388 9.888865 9.269155 -0.1895987 9.733847 9.761476 0.1722532 9.735716 9.332649 -0.1384953 9.875836 9.764323 0.1692235 9.572051 9.70083 0.1181211 9.430064 9.29979 0.716882 9.380684 9.764323 0.1692235 9.572051 9.269155 -0.1895987 9.733847 9.70083 0.1181211 9.430064 9.445466 -0.05301392 9.9581 9.577385 0.04394507 9.958601 9.159062 0.6323204 9.983216 9.445466 -0.05301392 9.9581 9.693051 0.1263976 9.877202 9.577385 0.04394507 9.958601 9.340427 -0.146772 9.428698 9.272003 -0.1926277 9.570183 8.810927 0.3626284 9.540422 9.70083 0.1181211 9.430064 9.272003 -0.1926277 9.570183 9.340427 -0.146772 9.428698 9.693051 0.1263976 9.877202 9.761476 0.1722532 9.735716 9.368926 0.778592 9.729126 9.445466 -0.05301392 9.9581 9.761476 0.1722532 9.735716 9.693051 0.1263976 9.877202 8.810927 0.3626284 9.540422 9.29979 0.716882 9.380684 8.88893 0.4149029 9.379128 9.340427 -0.146772 9.428698 8.810927 0.3626284 9.540422 8.88893 0.4149029 9.379128 9.020791 0.5088999 9.286334 8.88893 0.4149029 9.379128 9.171175 0.6194316 9.286902 9.58801 0.03263831 9.347798 9.020791 0.5088999 9.286334 9.171175 0.6194316 9.286902 8.807681 0.3660812 9.726999 9.372172 0.775139 9.54255 9.29979 0.716882 9.380684 9.764323 0.1692235 9.572051 9.29979 0.716882 9.380684 9.372172 0.775139 9.54255 9.368926 0.778592 9.729126 9.008677 0.5217886 9.982647 9.290923 0.7263174 9.890421 9.693051 0.1263976 9.877202 9.368926 0.778592 9.729126 9.290923 0.7263174 9.890421 9.290923 0.7263174 9.890421 9.008677 0.5217886 9.982647 9.159062 0.6323204 9.983216 9.445466 -0.05301392 9.9581 9.159062 0.6323204 9.983216 9.008677 0.5217886 9.982647 8.807681 0.3660812 9.726999 8.880063 0.4243388 9.888865 9.368926 0.778592 9.729126 9.269155 -0.1895987 9.733847 8.880063 0.4243388 9.888865 8.807681 0.3660812 9.726999 8.744441 -0.6256206 8.122588 8.807934 -0.5745175 8.264575 8.355348 -0.01168346 8.277604 9.23961 -0.2667968 7.960791 8.775076 0.2808607 7.769423 8.847458 0.3391179 7.93129 9.168337 -0.3096241 8.265942 9.236762 -0.2637682 8.124456 8.844212 0.342571 8.117866 8.747288 -0.6286492 7.958923 9.236762 -0.2637682 8.124456 9.168337 -0.3096241 8.265942 8.815712 -0.5827938 7.817438 8.286212 -0.07339298 7.929162 8.364216 -0.02111816 7.767867 9.063296 -0.4033828 7.736537 8.931379 -0.5003412 7.736038 8.496077 0.07287895 7.675072 8.286212 -0.07339298 7.929162 8.847458 0.3391179 7.93129 8.364216 -0.02111816 7.767867 8.920754 -0.4890344 8.346842 8.634348 0.196299 8.371956 8.483963 0.08576762 8.371386 9.23961 -0.2667968 7.960791 9.176116 -0.3179002 7.818803 8.775076 0.2808607 7.769423 9.23961 -0.2667968 7.960791 8.931379 -0.5003412 7.736038 9.176116 -0.3179002 7.818803 8.815712 -0.5827938 7.817438 8.747288 -0.6286492 7.958923 8.286212 -0.07339298 7.929162 8.747288 -0.6286492 7.958923 8.815712 -0.5827938 7.817438 9.23961 -0.2667968 7.960791 8.920754 -0.4890344 8.346842 9.052672 -0.3920763 8.347341 8.634348 0.196299 8.371956 8.744441 -0.6256206 8.122588 9.168337 -0.3096241 8.265942 8.807934 -0.5745175 8.264575 9.063296 -0.4033828 7.736537 8.496077 0.07287895 7.675072 8.646462 0.1834105 7.675642 8.496077 0.07287895 7.675072 8.847458 0.3391179 7.93129 8.775076 0.2808607 7.769423 8.286212 -0.07339298 7.929162 8.766208 0.2902957 8.279162 8.844212 0.342571 8.117866 9.168337 -0.3096241 8.265942 8.844212 0.342571 8.117866 8.766208 0.2902957 8.279162 8.766208 0.2902957 8.279162 8.282967 -0.06993973 8.115738 8.355348 -0.01168346 8.277604 8.744441 -0.6256206 8.122588 8.355348 -0.01168346 8.277604 8.282967 -0.06993973 8.115738 9.176116 -0.3179002 7.818803 9.063296 -0.4033828 7.736537 8.646462 0.1834105 7.675642 9.176116 -0.3179002 7.818803 8.931379 -0.5003412 7.736038 9.063296 -0.4033828 7.736537 8.747288 -0.6286492 7.958923 8.744441 -0.6256206 8.122588 8.282967 -0.06993973 8.115738 8.747288 -0.6286492 7.958923 9.168337 -0.3096241 8.265942 8.744441 -0.6256206 8.122588 9.236762 -0.2637682 8.124456 9.23961 -0.2667968 7.960791 8.847458 0.3391179 7.93129 9.236762 -0.2637682 8.124456 8.747288 -0.6286492 7.958923 9.23961 -0.2667968 7.960791 8.807934 -0.5745175 8.264575 8.920754 -0.4890344 8.346842 8.483963 0.08576762 8.371386 8.807934 -0.5745175 8.264575 9.052672 -0.3920763 8.347341 8.920754 -0.4890344 8.346842 8.931379 -0.5003412 7.736038 8.815712 -0.5827938 7.817438 8.364216 -0.02111816 7.767867 9.23961 -0.2667968 7.960791 8.815712 -0.5827938 7.817438 8.931379 -0.5003412 7.736038 9.052672 -0.3920763 8.347341 9.168337 -0.3096241 8.265942 8.766208 0.2902957 8.279162 8.807934 -0.5745175 8.264575 9.168337 -0.3096241 8.265942 9.052672 -0.3920763 8.347341 8.364216 -0.02111816 7.767867 8.847458 0.3391179 7.93129 8.496077 0.07287895 7.675072 8.931379 -0.5003412 7.736038 8.364216 -0.02111816 7.767867 8.496077 0.07287895 7.675072 8.646462 0.1834105 7.675642 8.496077 0.07287895 7.675072 8.775076 0.2808607 7.769423 9.176116 -0.3179002 7.818803 8.646462 0.1834105 7.675642 8.775076 0.2808607 7.769423 8.286212 -0.07339298 7.929162 8.844212 0.342571 8.117866 8.847458 0.3391179 7.93129 9.236762 -0.2637682 8.124456 8.847458 0.3391179 7.93129 8.844212 0.342571 8.117866 8.766208 0.2902957 8.279162 8.355348 -0.01168346 8.277604 8.634348 0.196299 8.371956 9.052672 -0.3920763 8.347341 8.766208 0.2902957 8.279162 8.634348 0.196299 8.371956 8.634348 0.196299 8.371956 8.355348 -0.01168346 8.277604 8.483963 0.08576762 8.371386 8.807934 -0.5745175 8.264575 8.483963 0.08576762 8.371386 8.355348 -0.01168346 8.277604 8.286212 -0.07339298 7.929162 8.282967 -0.06993973 8.115738 8.766208 0.2902957 8.279162 8.747288 -0.6286492 7.958923 8.282967 -0.06993973 8.115738 8.286212 -0.07339298 7.929162 7.639808 2.730436 12.6732 7.593474 2.843506 12.78216 7.951819 3.149806 12.6339 7.932079 2.569417 13.21058 8.390648 2.708446 12.99809 8.33783 2.837344 13.1223 7.744849 2.824195 13.2026 7.846588 2.704059 13.24754 8.240369 2.990838 13.16444 7.725298 2.595797 12.63624 7.846588 2.704059 13.24754 7.744849 2.824195 13.2026 7.827038 2.475657 12.68117 8.102098 2.867418 12.46755 8.218083 2.730459 12.51878 7.973174 2.395148 12.94986 7.917767 2.402216 12.79597 8.321513 2.646737 12.64964 8.102098 2.867418 12.46755 8.33783 2.837344 13.1223 8.218083 2.730459 12.51878 7.598714 2.904705 12.93391 8.020956 3.211516 12.98234 7.957792 3.219574 12.80691 7.932079 2.569417 13.21058 7.978414 2.456349 13.10162 8.390648 2.708446 12.99809 7.932079 2.569417 13.21058 7.917767 2.402216 12.79597 7.978414 2.456349 13.10162 7.827038 2.475657 12.68117 7.725298 2.595797 12.63624 8.102098 2.867418 12.46755 7.725298 2.595797 12.63624 7.827038 2.475657 12.68117 7.932079 2.569417 13.21058 7.598714 2.904705 12.93391 7.65412 2.897639 13.08781 8.020956 3.211516 12.98234 7.639808 2.730436 12.6732 7.744849 2.824195 13.2026 7.593474 2.843506 12.78216 7.973174 2.395148 12.94986 8.321513 2.646737 12.64964 8.384676 2.63868 12.82508 8.321513 2.646737 12.64964 8.33783 2.837344 13.1223 8.390648 2.708446 12.99809 8.102098 2.867418 12.46755 8.124387 3.127792 13.11321 8.240369 2.990838 13.16444 7.744849 2.824195 13.2026 8.240369 2.990838 13.16444 8.124387 3.127792 13.11321 8.124387 3.127792 13.11321 8.004641 3.020907 12.50969 7.951819 3.149806 12.6339 7.639808 2.730436 12.6732 7.951819 3.149806 12.6339 8.004641 3.020907 12.50969 7.978414 2.456349 13.10162 7.973174 2.395148 12.94986 8.384676 2.63868 12.82508 7.978414 2.456349 13.10162 7.917767 2.402216 12.79597 7.973174 2.395148 12.94986 7.725298 2.595797 12.63624 7.639808 2.730436 12.6732 8.004641 3.020907 12.50969 7.725298 2.595797 12.63624 7.744849 2.824195 13.2026 7.639808 2.730436 12.6732 7.846588 2.704059 13.24754 7.932079 2.569417 13.21058 8.33783 2.837344 13.1223 7.846588 2.704059 13.24754 7.725298 2.595797 12.63624 7.932079 2.569417 13.21058 7.593474 2.843506 12.78216 7.598714 2.904705 12.93391 7.957792 3.219574 12.80691 7.593474 2.843506 12.78216 7.65412 2.897639 13.08781 7.598714 2.904705 12.93391 7.917767 2.402216 12.79597 7.827038 2.475657 12.68117 8.218083 2.730459 12.51878 7.932079 2.569417 13.21058 7.827038 2.475657 12.68117 7.917767 2.402216 12.79597 7.65412 2.897639 13.08781 7.744849 2.824195 13.2026 8.124387 3.127792 13.11321 7.593474 2.843506 12.78216 7.744849 2.824195 13.2026 7.65412 2.897639 13.08781 8.218083 2.730459 12.51878 8.33783 2.837344 13.1223 8.321513 2.646737 12.64964 7.917767 2.402216 12.79597 8.218083 2.730459 12.51878 8.321513 2.646737 12.64964 8.384676 2.63868 12.82508 8.321513 2.646737 12.64964 8.390648 2.708446 12.99809 7.978414 2.456349 13.10162 8.384676 2.63868 12.82508 8.390648 2.708446 12.99809 8.102098 2.867418 12.46755 8.240369 2.990838 13.16444 8.33783 2.837344 13.1223 7.846588 2.704059 13.24754 8.33783 2.837344 13.1223 8.240369 2.990838 13.16444 8.124387 3.127792 13.11321 7.951819 3.149806 12.6339 8.020956 3.211516 12.98234 7.65412 2.897639 13.08781 8.124387 3.127792 13.11321 8.020956 3.211516 12.98234 8.020956 3.211516 12.98234 7.951819 3.149806 12.6339 7.957792 3.219574 12.80691 7.593474 2.843506 12.78216 7.957792 3.219574 12.80691 7.951819 3.149806 12.6339 8.102098 2.867418 12.46755 8.004641 3.020907 12.50969 8.124387 3.127792 13.11321 7.725298 2.595797 12.63624 8.004641 3.020907 12.50969 8.102098 2.867418 12.46755 8.082592 1.403536 12.75325 8.483595 0.3776236 12.8041 8.509617 0.4120895 13.29415 8.108613 1.438003 13.2433 8.082592 1.403536 12.75325 8.509617 0.4120895 13.29415</float_array>
          <technique_common>
            <accessor source="#default_default-mesh-positions-array" count="6714" stride="3">
              <param name="X" type="float"/>
              <param name="Y" type="float"/>
              <param name="Z" type="float"/>
            </accessor>
          </technique_common>
        </source>
        <source id="default_default-mesh-normals">
          <float_array id="default_default-mesh-normals-array" count="18894">-0.3281463 -0.7642108 -0.5552495 -0.810445 -0.107904 -0.5757913 -0.2016767 -0.676045 -0.7087242 -0.4855982 -0.03100532 -0.8736321 -0.1487492 -0.4893925 -0.8592838 -0.2017022 -0.6760755 -0.7086877 -0.4856022 -0.0310024 -0.8736301 -0.2496602 -0.2129846 -0.9446203 -0.148746 -0.4893793 -0.8592919 -0.3281463 -0.7642087 -0.5552523 -0.5227998 -0.7486635 -0.407656 -0.8104518 -0.1079092 -0.5757809 -0.201686 -0.6760593 -0.7087078 -0.6839696 -0.0197848 -0.7292422 -0.485579 -0.03101217 -0.8736426 -0.2016867 -0.6760592 -0.7087077 -0.8104488 -0.1079092 -0.5757851 -0.6839621 -0.01978212 -0.7292493 -0.8582493 -0.292191 -0.421939 -0.8104478 -0.1079049 -0.5757874 -0.5227868 -0.7486692 -0.407662 -0.5227999 -0.748664 -0.4076551 -0.7548767 -0.5651958 -0.3327386 -0.8582473 -0.2922042 -0.4219339 0.7211795 -0.6749795 -0.1558936 0.4202356 -0.8833477 0.2076032 0.1823161 -0.9806402 -0.07145541 0.1823161 -0.9806401 -0.07145619 0.4615451 -0.7872667 -0.4088856 0.7211765 -0.6749818 -0.1558976 0.8283047 -0.2315698 -0.510183 0.7212041 -0.6749382 -0.1559587 0.4615465 -0.7872519 -0.4089124 0.461549 -0.787272 -0.4088709 0.5617269 -0.3754376 -0.7372311 0.8282933 -0.2315808 -0.5101966 0.04219973 0.8381984 -0.5437303 0.582017 0.4057186 -0.7047331 0.3329308 0.2158959 -0.9179031 0.3328357 0.2159078 -0.9179348 -0.1680978 0.6176461 -0.7682815 0.04219222 0.8381916 -0.5437412 0.5820741 0.4056327 -0.7047352 0.8282871 -0.2314844 -0.5102505 0.5616886 -0.3754591 -0.7372492 0.561682 -0.3754537 -0.737257 0.3328802 0.215883 -0.9179245 0.5820629 0.4056257 -0.7047487 0.4201734 -0.8833576 0.2076866 -0.04429537 -0.8373778 0.5448271 -0.2483729 -0.9378969 0.2421993 -0.2483815 -0.9378899 0.2422171 0.1822783 -0.9806506 -0.07140904 0.4201489 -0.8833751 0.2076614 -0.423343 0.8825448 -0.2046844 0.04210698 0.8382397 -0.5436738 -0.1680809 0.6176214 -0.7683052 -0.1681132 0.6176148 -0.7683033 -0.6005983 0.6580744 -0.4541144 -0.4233516 0.8825385 -0.204693 -0.722982 0.6723377 0.158931 -0.4234032 0.8825246 -0.2046464 -0.6006048 0.6580685 -0.4541143 -0.6006153 0.658061 -0.4541113 -0.8786223 0.4630576 -0.1166222 -0.7229849 0.6723355 0.1589271 -0.8281475 0.2293004 0.5114619 -0.723032 0.6722703 0.1589887 -0.8786498 0.4630138 -0.1165891 -0.8786328 0.4630444 -0.1165956 -0.9760406 0.0522983 0.2112103 -0.8281745 0.2292813 0.5114268 -0.04440742 -0.8373953 0.5447911 -0.582058 -0.4057079 0.7047054 -0.7476952 -0.5372162 0.3903214 -0.747681 -0.5372782 0.3902631 -0.2483968 -0.9378871 0.2422121 -0.04434257 -0.8373452 0.5448732 -0.5820795 -0.40568 0.7047037 -0.8281564 0.2292261 0.5114808 -0.9760411 0.05224442 0.2112209 -0.9760403 0.05225372 0.2112226 -0.7476756 -0.5372503 0.3903119 -0.5820639 -0.4056677 0.7047237 0.5574629 0.4318529 0.7090404 0.5574644 0.4318541 0.7090384 0.5574631 0.4318526 0.7090405 0.5574643 0.4318539 0.7090387 0.5574635 0.4318539 0.7090392 0.5574637 0.4318541 0.709039 0.5574641 0.4318541 0.7090387 0.5574638 0.431854 0.709039 0.4615379 -0.7872687 -0.40889 0.1822766 -0.9806477 -0.07145291 -0.3280844 -0.7642508 -0.5552309 -0.3280881 -0.7642571 -0.5552201 -0.2016279 -0.6760941 -0.7086911 0.4615395 -0.7872626 -0.4089 0.5616992 -0.3755206 -0.7372099 0.4615282 -0.7872729 -0.4088925 -0.2016088 -0.676049 -0.7087395 -0.2015982 -0.676083 -0.70871 -0.1487005 -0.4894315 -0.8592701 0.5616858 -0.3754965 -0.7372323 -0.168071 0.6175936 -0.7683295 0.3328797 0.2158972 -0.9179213 -0.2496393 -0.212978 -0.9446272 -0.2496422 -0.2129796 -0.9446261 -0.4855834 -0.03096842 -0.8736418 -0.168094 0.6175904 -0.7683272 0.3328967 0.2158943 -0.9179159 0.561677 -0.3754825 -0.7372461 -0.1486744 -0.4894198 -0.8592813 -0.1486906 -0.4893965 -0.8592918 -0.2495942 -0.2129855 -0.9446375 0.3329185 0.2158886 -0.9179093 0.1822764 -0.980648 -0.07144904 -0.2483761 -0.9379029 0.2421724 -0.5227623 -0.7486845 -0.4076656 -0.5227991 -0.7486858 -0.407616 -0.3281166 -0.7642602 -0.555199 0.1822765 -0.980647 -0.07146155 -0.6005823 0.6580768 -0.4541321 -0.1681126 0.61759 -0.7683235 -0.4856197 -0.03095078 -0.8736221 -0.4855896 -0.03093206 -0.8736395 -0.6839436 -0.01970154 -0.7292689 -0.6006194 0.6580594 -0.4541083 -0.8786373 0.4630271 -0.1166297 -0.6005925 0.658069 -0.4541298 -0.6839741 -0.01970183 -0.7292402 -0.6839829 -0.01970314 -0.729232 -0.8104735 -0.1078237 -0.5757663 -0.8786392 0.4630255 -0.1166226 -0.9760476 0.05226516 0.2111863 -0.8786378 0.4630277 -0.1166231 -0.8104911 -0.1078515 -0.5757363 -0.810487 -0.1078528 -0.5757419 -0.8582703 -0.2921826 -0.4219022 -0.9760472 0.0522899 0.2111815 -0.2484221 -0.9378823 0.2422053 -0.7477034 -0.5372201 0.3903002 -0.7548846 -0.5651973 -0.3327181 -0.7549068 -0.5651794 -0.3326981 -0.5227887 -0.7486926 -0.4076168 -0.2484111 -0.9378921 0.2421781 -0.7476805 -0.5372421 0.3903138 -0.9760438 0.05224442 0.2112089 -0.8582661 -0.2921857 -0.4219087 -0.8582599 -0.2922057 -0.4219073 -0.7549163 -0.5651638 -0.332703 -0.7476847 -0.5372304 0.3903218 -0.936383 0.004310786 0.3509536 -0.286352 -0.8801837 0.3785227 -0.6626118 -0.4687345 0.584152 -0.947282 0.2618895 -0.184583 -0.2864717 -0.880086 0.3786592 -0.9363774 0.004304587 0.3509685 -0.6889654 0.1530203 -0.7084571 -0.2864241 -0.880122 0.3786114 -0.9473047 0.2618732 -0.184489 -0.6397281 -0.07416087 -0.7650151 -0.2863819 -0.8801589 0.3785575 -0.6890009 0.1530535 -0.7084155 -0.3645722 -0.9227295 -0.1251298 -0.2864187 -0.8801282 0.3786011 -0.6397313 -0.07415801 -0.7650129 -0.02807003 -0.9889722 -0.1454178 -0.2863766 -0.8801639 0.3785498 -0.3645808 -0.9227289 -0.1251096 0.6889809 -0.1529784 0.7084511 -0.02812284 -0.9889723 -0.1454063 0.9473222 -0.2618523 0.1844288 -0.286471 -0.8800984 0.378631 -0.02812963 -0.9889741 -0.1453931 0.6889722 -0.1529752 0.7084603 0.3127583 0.258475 0.9139873 -0.2864277 -0.8801516 0.37854 0.6890218 -0.1530509 0.7083956 -0.662701 -0.4686285 0.584136 -0.2864367 -0.8801496 0.3785377 0.312748 0.2584739 0.9139913 0.03902816 0.7314857 0.6807389 -0.6626484 -0.4687261 0.5841171 0.3127933 0.2583729 0.9140043 -0.9364237 0.004390537 0.350844 -0.6626594 -0.4687213 0.5841087 0.03901541 0.7314911 0.6807339 0.02813297 0.988981 0.1453456 -0.9363997 0.004290461 0.3509092 0.03901821 0.7314105 0.6808204 -0.9472901 0.2618626 -0.1845796 -0.9364046 0.004290282 0.3508962 0.02812588 0.9889827 0.1453344 0.2864634 0.8801248 -0.378575 -0.9473214 0.2618234 -0.1844742 0.02807801 0.9889696 0.1454339 -0.6889371 0.1529806 -0.7084933 -0.9473192 0.2618246 -0.1844841 0.2864692 0.8801186 -0.378585 0.5025218 0.7771994 -0.3787255 -0.6890162 0.1530071 -0.7084106 0.2863793 0.8801724 -0.3785279 -0.6397373 -0.07427382 -0.7649966 -0.6890122 0.1529918 -0.7084178 0.5025162 0.777204 -0.3787237 0.94731 -0.2618228 0.1845338 -0.3645706 -0.9227226 -0.125185 0.9464333 0.05455249 0.3182579 -0.02811866 -0.9889904 -0.1452838 -0.3645651 -0.9227322 -0.1251305 0.9473034 -0.2618383 0.1845455 0.6889363 -0.1529977 0.7084903 0.9472882 -0.2618824 0.1845612 0.312675 0.2585055 0.9140073 0.3127415 0.258419 0.914009 0.9473057 -0.2618708 0.184487 0.03897035 0.7314968 0.6807303 0.0389859 0.7314532 0.6807762 0.9472906 -0.2618813 0.1845504 0.0280916 0.9889876 0.1453083 0.02807658 0.9889786 0.1453719 0.947308 -0.2618706 0.1844761 0.2864152 0.8801306 -0.3785983 0.286359 0.8801754 -0.3785368 0.9473254 -0.2618601 0.1844017 0.5024422 0.7772179 -0.3787931 0.5024233 0.7772401 -0.3787726 0.9472786 -0.2618896 0.1845996 0.9464174 0.0545727 0.3183016 -0.3645944 -0.922731 -0.125054 -0.6397452 -0.07414573 -0.7650024 0.08425617 -0.947562 -0.3082649 -0.3567111 -0.1610736 -0.9202242 0.0841971 -0.9475936 -0.3081842 -0.6397395 -0.07414555 -0.7650071 -0.6397758 -0.07423746 -0.7649679 0.5025015 0.7772071 -0.3787366 -0.3567059 -0.1611697 -0.9202094 0.5870171 0.5423743 -0.6010334 -0.3567437 -0.1611575 -0.9201969 0.5024871 0.7772291 -0.3787107 0.5024243 0.7772352 -0.3787813 0.9464312 0.05457645 0.3182601 0.5869972 0.5423179 -0.6011037 0.9541264 -0.2990729 -0.0140773 0.5869851 0.542331 -0.6011037 0.9464406 0.0545783 0.3182318 0.946427 0.05454385 0.318278 -0.3645594 -0.9227417 -0.1250776 0.9541291 -0.2990676 -0.01401478 0.0842452 -0.9475888 -0.3081853 0.9541112 -0.2991248 -0.0140016 -0.3644796 -0.9227651 -0.1251364 0.58702 0.542372 -0.6010326 0.9541102 -0.299125 -0.01407772 0.08430534 -0.9475733 -0.308217 0.0841965 -0.9475637 -0.3082761 -0.3567448 -0.1611578 -0.9201964 0.5870146 0.5423772 -0.6010332 -0.9363813 0.004312217 0.350958 -0.2863519 -0.8801822 0.378526 -0.6626095 -0.4687327 0.5841562 -0.9364016 0.004363417 0.3509034 -0.02807056 -0.9889737 -0.1454064 -0.286418 -0.8801295 0.3785985 -0.9363846 0.0043208 0.3509492 -0.03899914 -0.731427 -0.6808038 -0.02808296 -0.9889823 -0.1453462 -0.9364053 0.004372239 0.3508935 -0.2392885 -0.6190477 -0.7480114 -0.03898197 -0.7314691 -0.6807594 -0.936424 0.004420161 0.3508427 -0.9853735 -0.07797849 -0.1515209 -0.2392808 -0.6190645 -0.7479999 -0.9363716 0.004289567 0.350984 -0.9473159 0.2618692 -0.1844377 -0.9853729 -0.07797092 -0.1515281 -0.9473294 0.2617835 -0.1844899 0.03903448 0.731441 0.6807867 0.02814924 0.9889757 0.145378 -0.947303 0.2618372 -0.184549 -0.9364178 0.004303097 0.3508607 0.03906053 0.7314953 0.6807268 -0.9364116 0.004268646 0.3508775 0.3127891 0.2584168 0.9139933 0.03905838 0.7314684 0.6807557 -0.9364187 0.004345357 0.350858 -0.6626856 -0.4687065 0.5840908 0.3127821 0.2584937 0.913974 -0.6626697 -0.4687415 0.5840808 0.6890158 -0.1530132 0.7084097 0.3127948 0.2584536 0.913981 -0.662691 -0.4686637 0.5841191 -0.2864698 -0.8801323 0.3785529 0.6889945 -0.1529342 0.7084475 -0.286456 -0.880151 0.3785197 0.947322 -0.2618235 0.1844713 0.689009 -0.1529598 0.7084278 -0.2864678 -0.8801161 0.3785921 -0.02815449 -0.9889776 -0.1453643 0.9473149 -0.2617949 0.184548 -0.0281651 -0.9889718 -0.1454015 0.9363988 -0.004300773 -0.3509116 0.947319 -0.2618067 0.1845099 -0.02813762 -0.9889838 -0.1453248 -0.03905797 -0.731476 -0.6807477 0.936427 -0.004314005 -0.350836 -0.03908056 -0.7314525 -0.6807717 0.9028623 0.2324341 -0.3616823 0.9364133 -0.004295289 -0.3508727 -0.0390197 -0.7314929 -0.6807318 -0.2393611 -0.6190965 -0.7479478 0.9029033 0.2323353 -0.3616436 -0.9853767 -0.0779317 -0.151524 0.02812081 0.9889728 0.1454038 0.3256211 0.8993402 0.2918187 -0.9853914 -0.07790786 -0.1514401 -0.9473178 0.2618048 -0.1845189 0.0281741 0.9889797 0.1453459 0.02810376 0.9889946 0.145258 0.03896754 0.7315026 0.6807243 0.3126973 0.2584751 0.9140083 0.02805984 0.9889671 0.1454538 0.3126904 0.2584853 0.9140078 0.6890235 -0.1530714 0.7083896 0.02807909 0.9889773 0.145381 0.6889666 -0.1530261 0.7084547 0.9473047 -0.2618762 0.1844849 0.0280925 0.9889875 0.1453089 0.9472902 -0.2618824 0.1845505 0.9363963 -0.004348337 -0.3509177 0.02808135 0.988979 0.1453689 0.936411 -0.004392683 -0.3508777 0.9028898 0.2322844 -0.3617098 0.02809435 0.9889897 0.1452935 0.9028875 0.2322905 -0.3617116 0.3256381 0.8993272 0.2918398 -0.2392729 -0.6190744 -0.7479943 -0.9853748 -0.07797926 -0.1515123 -0.8693475 0.3500151 -0.3488902 -0.8693751 0.3500174 -0.3488192 -0.232905 -0.3295454 -0.9149618 -0.2392483 -0.6191233 -0.7479617 0.9029054 0.2323428 -0.3616333 -0.2393348 -0.6191423 -0.7479182 -0.2329517 -0.3296039 -0.914929 -0.2329396 -0.3295453 -0.9149531 0.7108131 0.373911 -0.5957646 0.9028742 0.2323889 -0.3616819 0.3256366 0.8993141 0.2918816 0.9028816 0.2322994 -0.3617208 0.7107409 0.3739324 -0.5958372 0.710784 0.3738704 -0.5958246 5.32985e-4 0.9985084 -0.05459618 0.3256417 0.8993339 0.2918151 -0.9853815 -0.07801842 -0.151448 0.3256179 0.8993349 0.291839 4.85554e-4 0.9985023 -0.05470705 4.42147e-4 0.9985042 -0.05467414 -0.8693649 0.3500635 -0.3487983 -0.9853776 -0.07796847 -0.1514992 5.16474e-4 0.9985036 -0.0546844 0.7108131 0.3739159 -0.5957615 -0.8693338 0.350108 -0.3488313 -0.2329477 -0.3296219 -0.9149234 -0.8693532 0.3500111 -0.3488802 0.7108141 0.3739177 -0.5957592 -0.9363818 0.00431168 0.3509567 -0.2863517 -0.8801828 0.3785248 -0.6626098 -0.4687333 0.5841553 -0.9364008 0.004363059 0.3509054 -0.02806943 -0.9889737 -0.1454064 -0.2864155 -0.8801299 0.3785995 -0.936385 0.004319727 0.3509483 -0.03899824 -0.7314256 -0.6808053 -0.02808266 -0.988982 -0.1453478 -0.9364044 0.004371523 0.3508957 -0.3127414 -0.2584161 -0.9140098 -0.03898209 -0.7314702 -0.6807582 -0.9364241 0.004420518 0.3508424 -0.6890177 0.1530647 -0.7083967 -0.3126837 -0.2584949 -0.9140073 -0.9363718 0.004285335 0.350984 -0.947317 0.2618646 -0.1844381 -0.6890099 0.1530577 -0.7084058 -0.9473286 0.2617866 -0.1844894 0.03903681 0.7314419 0.6807856 0.02815335 0.9889758 0.1453761 -0.9473047 0.2618333 -0.1845459 -0.9364172 0.004294991 0.3508625 0.03905779 0.7314933 0.6807291 -0.9364113 0.004263997 0.3508785 0.3127898 0.2584146 0.9139937 0.03905522 0.7314665 0.6807581 -0.9364183 0.004348993 0.3508588 -0.6626856 -0.4687016 0.5840949 0.3127841 0.2584971 0.9139723 -0.6626702 -0.4687375 0.5840834 0.689014 -0.1530084 0.7084125 0.3127946 0.2584607 0.913979 -0.6626887 -0.4686672 0.5841189 -0.2864678 -0.8801351 0.3785479 0.6889951 -0.1529357 0.7084465 -0.2864571 -0.8801515 0.3785178 0.9473219 -0.2618233 0.1844717 0.6890084 -0.1529619 0.7084279 -0.2864685 -0.8801166 0.3785904 -0.0281558 -0.9889773 -0.1453661 0.9473149 -0.2617956 0.184547 -0.02816468 -0.9889711 -0.1454058 0.9363972 -0.004298031 -0.3509159 0.9473199 -0.2618066 0.1845061 -0.02813512 -0.9889835 -0.1453275 -0.03905707 -0.7314747 -0.6807492 0.9364265 -0.004310488 -0.3508373 -0.03908264 -0.7314513 -0.6807728 0.6626431 0.4687303 -0.5841199 0.9364122 -0.004295527 -0.3508759 -0.03901314 -0.7314916 -0.6807335 -0.3127815 -0.2584683 -0.9139814 0.6627083 0.4686918 -0.5840769 -0.3128181 -0.258449 -0.9139743 0.28642 0.8801543 -0.3785393 0.6626776 0.4687147 -0.5840934 -0.3127433 -0.2584794 -0.9139913 -0.6890001 0.1529621 -0.708436 0.2864973 0.8801224 -0.3785551 -0.6890307 0.1529648 -0.7084056 0.02811384 0.988973 0.1454028 0.2864614 0.8801401 -0.3785412 -0.6889697 0.1529729 -0.7084632 -0.9473176 0.2618055 -0.1845194 0.02817487 0.9889795 0.1453465 0.02810496 0.9889946 0.1452581 0.03896856 0.7315021 0.6807247 0.3126972 0.2584732 0.9140088 0.02805751 0.9889671 0.1454544 0.3126887 0.2584856 0.9140082 0.6890229 -0.1530702 0.7083905 0.02807468 0.9889774 0.1453806 0.6889663 -0.1530235 0.7084556 0.9473054 -0.2618725 0.1844864 0.0280919 0.9889878 0.1453067 0.9472911 -0.261881 0.1845478 0.9363951 -0.004347205 -0.3509206 0.02807837 0.9889789 0.1453703 0.936412 -0.00438863 -0.3508752 0.6626427 0.4686904 -0.5841525 0.02809321 0.9889896 0.145294 0.6627053 0.4686006 -0.5841535 0.2864449 0.8801044 -0.3786364 -0.9363819 0.004311323 0.3509564 -0.2863512 -0.880183 0.3785248 -0.6626098 -0.4687339 0.5841549 -0.9472827 0.2618862 -0.1845838 -0.2864685 -0.8800863 0.3786611 -0.9363776 0.00430262 0.3509682 -0.6889633 0.1530226 -0.7084587 -0.2864267 -0.8801224 0.3786082 -0.947304 0.2618746 -0.1844908 -0.3127291 -0.2584329 -0.9140093 -0.2863798 -0.8801586 0.3785599 -0.6890023 0.1530504 -0.7084148 -0.03898411 -0.7314665 -0.6807622 -0.2864194 -0.880128 0.378601 -0.3127669 -0.258381 -0.914011 -0.0280652 -0.9889724 -0.1454167 -0.2863737 -0.880164 0.3785519 -0.03901118 -0.7313923 -0.6808403 0.6889804 -0.15297 0.7084535 -0.0281164 -0.9889734 -0.1453996 0.9473235 -0.2618465 0.1844313 -0.286472 -0.8800974 0.3786325 -0.02812868 -0.9889745 -0.1453902 0.6889699 -0.1529731 0.708463 0.3127619 0.2584717 0.9139872 -0.2864226 -0.8801534 0.3785396 0.6890277 -0.1530486 0.7083904 -0.6627036 -0.4686262 0.5841349 -0.2864379 -0.8801481 0.3785402 0.3127467 0.2584754 0.9139912 0.03903079 0.7314857 0.6807389 -0.6626471 -0.4687259 0.5841189 0.312795 0.2583726 0.9140039 -0.936423 0.004389643 0.350846 -0.6626581 -0.4687219 0.5841096 0.03901636 0.7314911 0.6807338 0.02813535 0.9889813 0.1453428 -0.9364002 0.004294157 0.350908 0.03901922 0.7314124 0.6808183 -0.9472892 0.261866 -0.1845788 -0.9364042 0.004296004 0.3508971 0.02813136 0.988983 0.1453318 0.2864634 0.8801251 -0.3785746 -0.9473214 0.2618246 -0.1844726 0.02807968 0.9889693 0.1454346 -0.6889365 0.1529779 -0.7084945 -0.9473196 0.2618219 -0.1844856 0.2864668 0.880119 -0.3785861 0.6626862 0.468681 -0.5841105 -0.6890136 0.1530054 -0.7084136 0.2863796 0.8801713 -0.3785306 -0.3127034 -0.2584969 -0.914 -0.6890102 0.1529941 -0.7084193 0.6626896 0.468669 -0.5841164 0.9364171 -0.004331052 -0.3508623 -0.3127902 -0.2584182 -0.9139925 0.662611 0.468751 -0.5841397 -0.03898417 -0.7315161 -0.6807089 -0.3127887 -0.2584342 -0.9139885 0.9364182 -0.004346251 -0.3508592 0.9473084 -0.2618294 0.1845324 -0.03904145 -0.7314423 -0.6807848 0.9363816 -0.00429207 -0.3509575 -0.02811557 -0.9889901 -0.1452868 -0.03904205 -0.7314506 -0.6807759 0.9473046 -0.2618359 0.1845428 0.6889355 -0.1529958 0.7084916 0.9472883 -0.2618806 0.1845632 0.3126735 0.258506 0.9140077 0.3127409 0.2584163 0.9140099 0.947305 -0.261873 0.1844882 0.0389713 0.731495 0.6807322 0.03898698 0.7314541 0.6807753 0.9472905 -0.2618821 0.1845495 0.02809286 0.9889877 0.1453068 0.02807748 0.9889786 0.1453717 0.947308 -0.2618714 0.184475 0.2864152 0.8801303 -0.3785986 0.2863577 0.8801764 -0.3785351 0.9473258 -0.2618573 0.1844035 0.6626934 0.4686211 -0.5841506 0.662685 0.4686285 -0.5841541 0.9472791 -0.2618916 0.1845948 0.9364134 -0.004399716 -0.3508713 0.5574623 0.4318573 0.7090382 0.5574596 0.4318624 0.7090373 0.5821898 0.4051806 -0.7048998 0.2211575 -0.9132406 -0.3421712 0.2211484 -0.9132379 -0.3421841 0.5823356 0.4053043 -0.7047083 -0.5917741 0.8057019 -0.0254597 0.5915582 -0.8058519 0.02572256 0.5915582 -0.8058519 0.02572268 -0.5821975 -0.4054937 0.7047134 -0.5918048 0.8056942 -0.02498525 -0.5823214 -0.4052951 0.7047252 -0.5821213 -0.4054304 0.7048128 0.5825872 0.404888 -0.7047396 -0.7938516 0.4698029 -0.3861153 -0.7944199 0.4679474 -0.3871981 -0.5919803 0.805558 -0.02521228 -0.5919787 0.8055592 -0.02521246 -0.591982 0.805557 -0.02520924 -0.3503135 -0.2853546 -0.8921061 -0.1088915 -0.110928 -0.987845 -0.3503137 -0.2853531 -0.8921065 -0.1088789 -0.1109436 -0.9878447 -0.1088768 -0.1109467 -0.9878445 -0.1088682 -0.1108944 -0.9878513 0.381287 0.2523751 -0.8893409 -0.1088659 -0.1108976 -0.9878512 -0.1088535 -0.1109144 -0.9878507 0.3812996 0.2523577 -0.8893404 0.3813017 0.2523549 -0.8893403 0.3813075 0.2524026 -0.8893243 0.7258256 0.5192782 -0.4511402 0.3813092 0.2523995 -0.8893245 0.3813218 0.2523854 -0.889323 0.7258376 0.5192634 -0.4511379 0.7258395 0.5192605 -0.4511381 0.7258478 0.5193147 -0.4510625 0.7931208 0.5878408 0.1593828 0.7258501 0.5193119 -0.451062 0.725848 0.5192776 -0.4511048 0.7931353 0.5878211 0.1593827 0.7931376 0.587818 0.1593831 0.7931091 0.5878463 0.1594196 0.7100455 0.5360811 0.456566 0.7931114 0.5878433 0.1594198 0.7931233 0.587827 0.1594209 0.7100446 0.5360818 0.4565666 0.5919818 -0.8055571 0.02520972 0.5919815 -0.8055573 0.02520942 0.5919824 -0.8055565 0.02520906 0.5919821 -0.8055569 0.02520924 -0.5919823 0.8055567 -0.02520924 -0.591982 0.8055568 -0.02520924 -0.5919824 0.8055566 -0.02520912 -0.5574635 -0.4318526 -0.7090401 -0.5574636 -0.4318534 -0.7090395 0.5574637 0.4318535 0.7090393 0.5574632 0.4318546 0.7090391 0.5919822 -0.8055568 0.02520924 0.5919821 -0.8055568 0.02520918 -0.5820585 -0.4056845 0.7047185 -0.582058 -0.405686 0.7047181 -0.5919823 0.8055566 -0.02520871 -0.5919831 0.8055561 -0.02520918 -0.5919812 0.8055576 -0.02520829 0.6620602 0.4682275 -0.5851833 0.7985383 0.5819835 -0.1537266 0.6620606 0.468227 -0.5851833 0.662058 0.4682315 -0.5851824 0.7985325 0.5819916 -0.1537258 0.7985333 0.5819907 -0.1537256 0.7985442 0.5819972 -0.1536449 0.7101395 0.5361264 0.4563667 0.7985242 0.5820242 -0.1536459 0.7985249 0.582023 -0.1536471 0.7101408 0.5361255 0.4563655 0.7101209 0.5361526 0.4563649 0.710115 0.5361188 0.4564137 0.3501811 0.2852728 0.8921841 0.7101019 0.5361365 0.4564132 0.7101177 0.5361149 0.456414 0.3501971 0.2852512 0.8921849 0.3501839 0.2852689 0.8921844 0.3501594 0.2852217 0.892209 -0.1434436 -0.07454711 0.9868468 0.3501393 0.2852486 0.8922084 0.3501443 0.2852476 0.8922067 -0.1434381 -0.074548 0.9868476 -0.1434583 -0.07452142 0.9868466 -0.1435208 -0.07456988 0.9868339 -0.4877211 -0.3331789 0.80692 -0.1435199 -0.07457077 0.9868339 -0.1435291 -0.07456326 0.9868332 -0.4877271 -0.3331748 0.8069183 -0.4877266 -0.3331752 0.8069182 0.591985 -0.8055546 0.0252102 0.5919821 -0.8055568 0.0252096 0.5919827 -0.8055563 0.02520871 0.5919808 -0.8055579 0.02520853 -0.5919828 0.8055564 -0.02520984 -0.591982 0.8055569 -0.02520924 -0.5919824 0.8055565 -0.02520942 0.6620174 0.4681838 -0.5852666 0.6620129 0.4681898 -0.5852668 0.5820586 0.4056861 -0.7047175 0.5820587 0.4056869 -0.7047168 0.6620169 0.4681854 -0.5852658 -0.4877999 -0.3332211 0.8068551 -0.4877955 -0.3332272 0.8068553 -0.5820586 -0.4056857 0.7047176 -0.5820585 -0.4056856 0.7047178 -0.4877992 -0.3332219 0.8068551 0.5919828 -0.8055564 0.02520954 0.5919819 -0.8055569 0.02520972 -0.5574639 -0.4318536 -0.7090392 -0.5574635 -0.4318532 -0.7090398 0.227768 -0.09346699 -0.9692191 0.9185178 -0.05408012 -0.3916635 0.02507019 -0.7199384 -0.6935851 -0.5588025 -0.5621197 0.6097224 0.2791022 -0.497312 0.8214517 -0.08411782 -0.03068548 0.9959833 -0.4154865 0.4477145 0.7917845 -0.9814015 0.04196745 0.1873236 -0.7214668 -0.3407785 0.6027899 0.02515411 -0.7199311 -0.6935896 0.918534 -0.05400854 -0.3916355 0.7201005 -0.6909697 -0.06337362 0.7201055 -0.6909655 -0.06336176 -0.1287003 -0.9774563 -0.1673778 0.0251671 -0.7199222 -0.6935984 0.2348713 0.8761898 -0.4208647 -0.6584773 0.2101983 -0.722651 -0.9657623 0.161574 -0.2029707 -0.9657467 0.1615835 -0.2030373 -0.4420344 0.8898809 -0.1127727 0.2348895 0.876204 -0.4208248 -0.4783433 -0.8296171 -0.2879639 -0.5881679 0.02784937 -0.8082593 -0.1251948 -0.602463 -0.7882668 -0.5881867 0.02786958 -0.808245 -0.4783406 -0.8296106 -0.287987 -0.9257757 -0.2214403 -0.306437 -0.1286898 -0.9774496 -0.1674256 0.720103 -0.6909676 -0.063367 0.2791256 -0.4973519 0.8214195 0.2790887 -0.4973796 0.8214153 -0.2591385 -0.9408704 0.2181978 -0.1286938 -0.9774523 -0.1674063 -0.08420151 -0.03066813 0.9959767 0.1224386 0.9332455 0.3377304 -0.4154207 0.4476638 0.7918478 -0.0841999 -0.03067606 0.9959766 0.2790643 -0.4973827 0.8214216 0.9166769 -0.147508 0.3714093 -0.4420431 0.8898737 -0.112795 -0.965745 0.1615856 -0.2030439 -0.9813992 0.04192262 0.1873452 -0.9813932 0.04192721 0.1873757 -0.4153492 0.4477307 0.7918475 -0.4420391 0.8898773 -0.1127836 0.2500254 -0.934733 0.2525105 -0.12903 -0.9773326 -0.1678463 -0.4435133 -0.8962498 0.005679786 -0.8238511 0.5276095 0.2071171 -0.849546 -0.1507782 0.5055071 -0.987619 -0.1558878 -0.01754432 0.7827265 0.5671349 -0.2563149 0.6920803 0.7191383 -0.06216925 0.4510084 0.8498383 -0.2727018 0.7826976 0.5671748 -0.256315 0.9536309 0.1654986 -0.251393 0.8948041 0.4432528 -0.05341053 0.2791248 -0.4973525 0.8214194 0.7201083 -0.6909635 -0.06335318 0.9166677 -0.1474492 0.3714553 -0.415376 0.447711 0.7918446 0.1224332 0.93321 0.3378305 -0.4420469 0.8898708 -0.1128032 0.122343 0.9332299 0.3378077 0.9166321 -0.1475496 0.3715032 0.9536072 0.1655626 -0.2514405 0.9536237 0.1655229 -0.2514041 0.450975 0.8498147 -0.2728311 0.1223435 0.9332329 0.3377997 -0.4419795 0.8899019 -0.1128214 0.1224327 0.9331996 0.337859 0.4510062 0.8498225 -0.2727546 0.4510172 0.8498277 -0.2727203 0.6919904 0.7192216 -0.06220638 -0.4419859 0.8898962 -0.1128424 0.9166373 -0.1474773 0.3715193 0.7201558 -0.6909096 -0.06339991 0.8948053 0.4432419 -0.05347943 0.8947888 0.4432727 -0.05350255 0.9536076 0.1656192 -0.2514021 0.9166443 -0.1474618 0.3715081 -0.4420454 0.889874 -0.1127847 0.6920481 0.7191674 -0.06219226 0.2348811 0.876207 -0.4208233 0.2348781 0.8762074 -0.4208242 0.7827153 0.5671527 -0.2563097 0.9184913 -0.05402785 -0.3917334 0.692035 0.7191807 -0.06218457 0.78268 0.5672007 -0.2563111 0.2348185 0.8762567 -0.4207546 0.7200756 -0.6909959 -0.063371 0.9185038 -0.05406117 -0.3916991 0.8947833 0.4432919 -0.05343502 -0.2459694 -0.8754318 -0.4160748 -0.1286197 -0.9774719 -0.1673493 -0.1289517 -0.9773508 -0.1678007 -0.1286261 -0.9774639 -0.1673914 -0.2459863 -0.8754429 -0.4160416 0.02510565 -0.7199447 -0.6935772 -0.8961222 0.009256482 -0.4437111 -0.6584078 0.2101925 -0.7227159 0.007879555 0.2058033 -0.9785616 -0.6584535 0.2102127 -0.7226684 -0.8961362 0.00924021 -0.4436832 -0.9657396 0.1616456 -0.2030215 -0.1289749 -0.9773651 -0.167699 -0.128607 -0.9774636 -0.1674069 -0.4435473 -0.8962331 0.005683183 -0.2590796 -0.9409016 0.2181327 -0.4435393 -0.8962371 0.005665719 -0.1285798 -0.9774652 -0.1674191 -0.9876257 -0.1558517 -0.01748478 -0.9656857 0.1616986 -0.2032356 -0.9657166 0.1612925 -0.2034112 -0.9876199 -0.1558873 -0.0175026 -0.7215212 -0.3407002 0.6027691 -0.9813891 0.04204553 0.1873706 0.9536287 0.1655745 -0.2513514 0.7827048 0.5671651 -0.2563145 0.450929 0.8498647 -0.272751 0.7826983 0.5671761 -0.25631 0.8947833 0.4432918 -0.05343514 0.9184898 -0.05402553 -0.3917369 0.007912456 0.2057134 -0.9785804 -0.6584275 0.2102854 -0.722671 0.2348467 0.8762384 -0.4207772 0.9185253 -0.05402749 -0.3916535 0.2277576 -0.09346824 -0.9692215 0.2349643 0.8762183 -0.4207532 0.3713346 -0.8618363 -0.345469 -0.2459998 -0.8754054 -0.4161126 -0.1290234 -0.9773295 -0.167869 -0.4129387 -0.7451025 0.5237404 -0.9661137 -0.2578323 -0.01212465 -0.5342577 -0.8452959 0.006607174 -0.966129 -0.2577772 -0.01207619 -0.4129387 -0.7450829 0.5237683 -0.8495443 -0.1508041 0.5055025 -0.8335573 0.5319901 -0.1488929 -0.8874378 0.4601607 -0.02657908 -0.9657273 0.1612058 -0.2034295 -0.6997692 0.5975416 -0.3914935 -0.8335536 0.5319926 -0.1489036 -0.8961313 0.009175419 -0.4436942 0.2500249 -0.9347347 0.252505 0.1738377 -0.9845854 0.01929235 -0.1290134 -0.9773238 -0.16791 -0.5882676 0.02783638 -0.8081872 -0.6997389 0.5975745 -0.3914974 0.007914602 0.2057322 -0.9785764 0.2623733 -0.9594787 -0.1027662 0.3713253 -0.8618427 -0.3454632 -0.1290304 -0.9773333 -0.1678414 -0.4435546 -0.8962294 0.005674839 -0.5588164 -0.5621456 0.6096857 -0.4128933 -0.7451257 0.5237432 0.2791017 -0.4973222 0.8214458 -0.5588114 -0.5621196 0.6097143 -0.2591147 -0.9409043 0.21808 -0.558806 -0.5621189 0.6097198 -0.8495488 -0.1508006 0.5054959 -0.4129315 -0.7450686 0.5237943 -0.4782904 -0.8296313 -0.2880109 -0.1251758 -0.6024592 -0.7882729 0.3713167 -0.8618448 -0.345467 0.3713296 -0.8618477 -0.345446 0.2623071 -0.959495 -0.1027836 -0.4782692 -0.8296504 -0.287991 -0.5881565 0.02791488 -0.8082653 -0.9257957 -0.2213895 -0.3064133 -0.8335877 0.5319322 -0.1489289 -0.8336045 0.5319193 -0.1488817 -0.6997379 0.5975653 -0.3915132 -0.5881713 0.02787941 -0.8082556 -0.7215098 -0.3407897 0.6027323 -0.9876178 -0.1558961 -0.01753401 -0.8495782 -0.1507753 0.505454 0.2277758 -0.09349095 -0.969215 0.3713215 -0.8618636 -0.3454151 -0.12527 -0.6025212 -0.7882105 0.1738141 -0.9845896 0.01928746 -0.534262 -0.8452931 0.006624698 0.2623338 -0.9594862 -0.1027969 0.1737792 -0.9845958 0.01928353 0.249959 -0.9347431 0.252539 -0.4129186 -0.7451255 0.5237235 -0.9661135 -0.2578361 -0.01205611 -0.8495677 -0.150811 0.505461 -0.8238885 0.5275751 0.2070565 -0.8874729 0.4600908 -0.02661716 -0.8336014 0.5319092 -0.1489342 -0.9257925 -0.221372 -0.3064354 -0.8961207 0.009188354 -0.4437154 0.00791341 0.2057279 -0.9785772 -0.6997511 0.5975411 -0.3915268 -0.4435654 -0.896224 0.005686521 -0.4128856 -0.7450881 0.5238028 0.2499764 -0.9347308 0.2525674 -0.08417224 -0.03061908 0.9959807 -0.7214693 -0.3407689 0.6027924 -0.5588006 -0.5621211 0.6097228 -0.7214685 -0.3407601 0.6027984 -0.8495342 -0.1507544 0.5055342 -0.558825 -0.5621134 0.6097076 -0.1252015 -0.6025375 -0.788209 -0.5882184 0.02782005 -0.8082236 0.007912635 0.205715 -0.9785799 -0.1252319 -0.6025245 -0.7882141 0.007909893 0.2057001 -0.9785832 0.2277739 -0.09346878 -0.9692176 0.2277529 -0.09346872 -0.9692225 0.007913649 0.2057089 -0.9785813 0.2349482 0.876221 -0.4207568 -0.9657307 0.161679 -0.2030379 -0.9876204 -0.1558857 -0.0174815 -0.9813859 0.04203587 0.1873892 -0.823856 0.5276232 0.207063 -0.9876294 -0.1558269 -0.01750409 -0.9657177 0.1612132 -0.2034693 -0.4435502 -0.8962315 0.005689382 -0.2590668 -0.9409016 0.2181482 -0.5587592 -0.5621635 0.6097216 -0.8335506 0.5319948 -0.148912 -0.9657217 0.16121 -0.2034533 -0.8960829 0.009209036 -0.4437913 -0.9660019 0.1611207 -0.2021897 -0.9657343 0.1616706 -0.2030267 -0.8961032 0.00920391 -0.4437506 0.3712983 -0.8618667 -0.3454321 0.2277929 -0.09347498 -0.9692125 -0.2460362 -0.8754348 -0.416029 -0.2460058 -0.8754557 -0.4160028 0.2277724 -0.09343224 -0.9692214 0.02514606 -0.7199626 -0.6935573 -0.9661117 -0.2578418 -0.01208281 -0.8874616 0.4601112 -0.02664089 -0.9257935 -0.2213689 -0.3064347 -0.8874352 0.460165 -0.02658766 -0.8238571 0.5276234 0.2070583 -0.9657239 0.1612101 -0.2034425 -0.8874666 0.4601032 -0.02661293 -0.9661164 -0.2578239 -0.01208657 -0.8238688 0.5275911 0.2070943 -0.9257642 -0.2214338 -0.3064762 -0.5342543 -0.8452981 0.006611227 -0.9661182 -0.2578174 -0.01208555 -0.5342821 -0.8452803 0.006632089 -0.9257662 -0.2214288 -0.3064739 -0.4783459 -0.8296029 -0.2880007 -0.5342785 -0.8452828 0.006597638 -0.4782696 -0.8296464 -0.2880023 0.2623168 -0.9594918 -0.1027883 -0.5342603 -0.8452942 0.006614029 0.1738333 -0.9845856 0.01932263 -0.4128819 -0.7451032 0.5237841 0.1738352 -0.9845855 0.01930832 0.262382 -0.9594731 -0.1027966 -0.129018 -0.9773258 -0.1678949 0.1223728 0.9332396 0.33777 -0.08419817 -0.03067654 0.9959767 0.9166609 -0.1475447 0.3714343 -0.7214657 -0.3407525 0.6028059 -0.08415436 -0.03063726 0.9959817 -0.4153571 0.4476798 0.791872 -0.5588083 -0.562118 0.6097185 -0.08415329 -0.03063505 0.9959818 -0.08416181 -0.03062242 0.9959815 -0.08416503 -0.03072232 0.9959781 -0.08418583 -0.03069365 0.9959772 0.9166548 -0.147505 0.3714652 0.05290144 0.07005292 0.9961397 -0.6926018 0.3624621 0.6236378 -0.6049926 -0.423511 0.674257 0.05290275 0.0700547 0.9961394 -0.05531364 0.8286653 0.5570047 -0.6926203 0.3624179 0.6236429 0.0528863 0.0700531 0.9961404 0.6695476 0.508937 0.5410076 -0.05537217 0.8286589 0.5570085 0.05290162 0.07004129 0.9961404 0.7571433 -0.2770022 0.5916113 0.6695287 0.5089698 0.541 0.05288672 0.07004725 0.9961408 0.1198383 -0.7432084 0.6582402 0.757147 -0.2769579 0.5916274 0.0529173 0.07004964 0.996139 -0.6050057 -0.4234721 0.6742697 0.1199095 -0.7432014 0.6582351 -0.6049715 -0.4234271 0.6743285 -0.7571204 0.2769851 -0.5916485 -0.6695079 -0.5089833 -0.5410133 -0.6049622 -0.4235007 0.6742908 -0.692584 0.3624669 0.6236547 -0.7571178 0.2769107 -0.5916868 -0.6925473 0.3624354 0.6237138 -0.1198624 0.7431753 -0.6582731 -0.7571601 0.276916 -0.5916302 -0.6925982 0.3624026 0.6236763 -0.05529212 0.8286493 0.5570306 -0.1199096 0.7431338 -0.6583114 -0.05529642 0.8286097 0.5570892 0.6049959 0.4234559 -0.6742886 -0.1199217 0.7431806 -0.6582564 -0.05537253 0.8286339 0.5570456 0.6695503 0.5089208 0.5410195 0.604928 0.4234874 -0.6743297 0.6695165 0.5089032 0.5410779 0.6925784 -0.3624466 -0.6236728 0.6049621 0.423524 -0.6742761 0.6695077 0.5089623 0.5410331 0.7571244 -0.277008 0.5916328 0.6925697 -0.3623815 -0.6237202 0.7570913 -0.2769739 0.5916909 0.05531477 -0.8286361 -0.5570482 0.6926202 -0.3623832 -0.6236632 0.7571391 -0.2769383 0.5916467 0.1198323 -0.743189 0.6582632 0.05536133 -0.8286041 -0.5570911 0.1198466 -0.7431381 0.6583179 -0.6695383 -0.5089227 -0.5410326 0.05538219 -0.8286429 -0.5570314 0.1199091 -0.7431682 0.6582727 -0.6050135 -0.4234544 0.6742739 -0.6694775 -0.508956 -0.5410765 -0.0529012 -0.07005447 -0.9961395 -0.6695247 -0.5089824 -0.5409933 -0.757147 0.2769862 -0.5916141 -0.05289435 -0.07004773 -0.9961403 -0.757164 0.276941 -0.5916135 -0.1198625 0.7432032 -0.6582416 -0.05290204 -0.07004684 -0.99614 -0.1199128 0.7431995 -0.6582366 0.6050123 0.423488 -0.6742537 -0.05288755 -0.07005566 -0.9961401 0.604992 0.4235245 -0.674249 0.6926213 -0.362447 -0.6236249 -0.05290126 -0.07004541 -0.9961401 0.6926254 -0.3624007 -0.6236472 0.05532371 -0.8286591 -0.557013 -0.05289441 -0.07004731 -0.9961404 0.05537825 -0.8286553 -0.557013 -0.6695442 -0.5089423 -0.5410068 -0.5574635 -0.4318537 -0.7090395 -0.5574648 -0.4318535 -0.7090384 -0.5574647 -0.4318524 -0.7090394 -0.5574634 -0.431854 -0.7090394 -0.5574636 -0.4318542 -0.7090391 -0.5574616 -0.4318524 -0.7090418 -0.5574635 -0.431854 -0.7090392 -0.5574644 -0.4318541 -0.7090384 0.7212005 -0.6749415 -0.1559612 0.9476466 -0.1188715 -0.2963703 0.8469181 -0.5311017 -0.02570956 0.7212179 -0.6749282 -0.1559386 0.8283104 -0.2315679 -0.5101748 0.9476463 -0.1188696 -0.2963721 0.8282912 -0.2314801 -0.5102459 0.7045555 0.5020344 -0.5015606 0.9476351 -0.1188549 -0.2964139 0.828285 -0.2314862 -0.5102531 0.5820994 0.4056519 -0.7047035 0.7045202 0.5020419 -0.5016028 0.5820229 0.4057226 -0.704726 0.1789434 0.9271689 -0.3291463 0.7045261 0.5020397 -0.5015966 0.582015 0.4057164 -0.704736 0.04222095 0.8382146 -0.5437037 0.1789439 0.9271689 -0.3291458 0.04210793 0.8382385 -0.5436757 -0.2507122 0.9673457 -0.03722733 0.1789315 0.9271689 -0.3291526 0.04212933 0.8382548 -0.5436487 -0.4233352 0.8825499 -0.2046781 -0.2507269 0.9673418 -0.03722655 -0.4233882 0.882536 -0.2046282 -0.7229942 0.6723285 0.1589148 -0.2507597 0.967335 -0.03718507 -0.7230139 0.6722847 0.1590102 -0.727517 0.3195927 0.6071075 -0.6000195 0.7429177 0.296732 -0.7230326 0.6722695 0.1589893 -0.8281442 0.2293016 0.5114666 -0.7275175 0.3195911 0.6071078 -0.8281416 0.2292372 0.5114995 -0.515243 -0.3545002 0.7802912 -0.7274973 0.3195312 0.6071636 -0.8281419 0.2292371 0.5114992 -0.5820574 -0.4056631 0.7047317 -0.5152208 -0.3544677 0.7803207 -0.5820401 -0.4056935 0.7047284 0.03147059 -0.7785683 0.6267704 -0.5151713 -0.3545206 0.7803292 -0.5820408 -0.4056944 0.7047272 -0.04433822 -0.8373416 0.5448791 0.0314725 -0.7785637 0.626776 -0.04427564 -0.8373622 0.5448525 0.4810519 -0.8249746 0.2966584 0.03149968 -0.7785971 0.6267331 -0.04429662 -0.8373768 0.5448284 0.4201744 -0.8833559 0.2076917 0.4810518 -0.8249731 0.2966625 0.4202486 -0.8833374 0.2076202 0.7211656 -0.6749904 -0.1559111 0.481107 -0.8249658 0.2965934 0.4811313 -0.8249409 0.2966232 0.9230967 -0.3640158 0.1240366 0.5077148 -0.6964892 0.5070784 0.923112 -0.3639861 0.1240097 0.8469228 -0.5310958 -0.02567785 0.9497959 0.2957416 -0.1021026 0.4811357 -0.8249313 0.2966426 0.846899 -0.5311354 -0.02564054 0.9230971 -0.364017 0.1240302 0.8469191 -0.5311015 -0.02567887 0.9476581 -0.1188215 -0.2963542 0.9497777 0.2958002 -0.1021009 0.9476439 -0.118829 -0.2963964 0.704558 0.5020218 -0.5015699 0.9497758 0.2957972 -0.1021274 0.7045681 0.5020347 -0.5015426 0.5099413 0.8566378 -0.07830417 0.9497619 0.2958541 -0.102092 0.704526 0.5020749 -0.5015615 0.1789627 0.927185 -0.3290901 0.5099424 0.8566363 -0.07831341 0.1789109 0.9271934 -0.3290948 -0.2506914 0.9673526 -0.0371859 0.5099356 0.8566437 -0.07827681 0.5099076 0.8566591 -0.07829219 -0.2507026 0.9673525 -0.03711229 -0.1295026 0.9833832 0.1272268 -0.5999767 0.7429633 0.2967045 -0.2507599 0.9673358 -0.03716373 -0.7229772 0.6723415 0.1589367 -0.1295791 0.98337 0.1272506 -0.2507333 0.9673448 -0.03710681 -0.5999451 0.7429849 0.2967143 -0.1295903 0.9833708 0.1272333 -0.5999404 0.7429817 0.296732 -0.4583457 0.8169596 0.349995 -0.5999758 0.7429363 0.2967741 -0.7274828 0.3196107 0.607139 -0.4583743 0.8169237 0.3500409 0.03151291 -0.7785705 0.6267656 0.4810613 -0.8249536 0.2967011 0.507654 -0.696495 0.5071313 0.4811192 -0.8249567 0.2965987 0.7211829 -0.6749768 -0.1558896 0.846907 -0.5311216 -0.02566552 0.5077231 -0.696464 0.5071049 0.9230969 -0.3640177 0.1240291 0.8832283 -0.002939224 0.4689341 0.8832439 -0.002933442 0.4689049 0.6140758 -0.2284098 0.7554733 0.5077217 -0.6964737 0.5070929 0.9231161 -0.3639745 0.124014 0.9497951 0.2957583 -0.1020604 0.8757731 0.3924602 0.2810636 0.8757733 0.3924978 0.2810102 0.8832364 -0.002961516 0.4689186 0.9231171 -0.3639891 0.1239631 0.9497635 0.2958546 -0.1020755 0.5099738 0.8566208 -0.07827883 0.6048952 0.7551875 0.252574 0.6048777 0.7552071 0.2525574 0.8758001 0.3924467 0.2809977 0.9497598 0.2958531 -0.1021138 0.6048617 0.7552178 0.2525637 -0.12953 0.9833754 0.1272591 0.1778522 0.9024322 0.3924093 -0.1295005 0.9833858 0.1272085 0.6049003 0.7551909 0.2525517 0.5099011 0.8566615 -0.07830733 0.1778816 0.9024903 0.3922619 -0.4583784 0.8169449 0.3499863 -0.1405838 0.7071905 0.6929055 -0.4583868 0.8169407 0.3499848 0.1778551 0.9024663 0.3923291 -0.1295997 0.9833668 0.1272542 -0.1243166 0.2802792 0.9518345 -0.1405358 0.7072418 0.6928628 -0.4583882 0.8169393 0.3499864 -0.4583886 0.8169242 0.3500213 -0.7275305 0.3195673 0.6071047 -0.1242722 0.2803431 0.9518216 -0.1243364 0.2803889 0.9517997 -0.515174 -0.3544483 0.7803604 0.1890123 -0.1324288 0.9730041 -0.5152265 -0.3544892 0.7803071 -0.1243281 0.2803699 0.9518063 -0.7274786 0.3195689 0.6071662 -0.5151656 -0.3545092 0.7803384 0.03147274 -0.7785492 0.6267941 0.1890076 -0.1323804 0.9730116 0.03151333 -0.7785554 0.6267842 0.5076545 -0.6965013 0.5071222 0.1890124 -0.1323842 0.9730102 0.6141288 -0.2283974 0.7554339 0.188971 -0.1324092 0.9730148 0.5077002 -0.6964501 0.5071468 0.6140418 -0.2284114 0.7555004 0.8832279 -0.002978205 0.4689346 0.177803 0.9024775 0.3923273 0.8832163 -0.002999365 0.4689563 0.8757726 0.3925088 0.2809972 0.1777644 0.902469 0.392364 0.8757874 0.3924667 0.2810099 0.604911 0.7551918 0.2525234 0.1778096 0.9024799 0.3923186 -0.1406195 0.7072587 0.6928285 -0.124375 0.2803587 0.9518035 0.1889409 -0.1324533 0.9730147 -0.1406309 0.7072179 0.6928678 0.1889154 -0.1324337 0.9730222 0.6141062 -0.2284111 0.7554482 -0.1406452 0.7071878 0.6928957 0.6140767 -0.2284119 0.7554721 0.1777639 0.9024689 0.3923647 0.2283844 -0.9008818 0.3691241 0.3592454 -0.8953117 0.2633624 0.4693608 -0.8683874 0.1600127 0.4799249 -0.8650291 0.1462763 0.6026718 -0.797975 0.004777133 0.6012108 -0.7989879 0.01280587 0.4694444 -0.8683522 0.1599577 0.4799236 -0.8650263 0.1462977 0.601199 -0.7989966 0.01281934 0.2284075 -0.9008812 0.3691114 0.1416788 -0.8935047 0.426118 0.3478589 -0.8969781 0.2728089 0.6012319 -0.7989726 0.01277631 0.6026516 -0.7979901 0.004795372 0.6282235 -0.7777706 -0.02020132 0.3591194 -0.895351 0.2634007 0.4798855 -0.8650424 0.1463268 0.4693954 -0.8683711 0.1599992 0.2283347 -0.900874 0.3691737 0.09400409 -0.8815221 0.4626902 0.1416224 -0.8934998 0.4261471 0.09758424 -0.8845825 0.4560605 0.09447866 -0.8920012 0.4420496 0.1416006 -0.8935022 0.4261491 0.09759068 -0.8845747 0.4560744 0.1415966 -0.8934987 0.4261578 0.0944482 -0.8815841 0.4624815 0.2283807 -0.9008788 0.3691338 0.3478435 -0.8969805 0.2728205 0.3592746 -0.8953033 0.2633512 -0.3584921 0.8954879 -0.2637894 -0.2287904 0.9008919 -0.3688479 -0.4697958 0.8689289 -0.1557389 -0.6041205 0.7968454 -0.008711934 -0.4698237 0.8689162 -0.155726 -0.5962349 0.8027359 -0.0109086 -0.1431912 0.8932554 -0.426135 -0.2286533 0.9010108 -0.3686426 -0.3593116 0.8953442 -0.2631616 -0.6041383 0.7968322 -0.008684813 -0.5962619 0.8027163 -0.01088142 -0.6288567 0.7772369 0.02102643 -0.4816622 0.8638563 -0.1474925 -0.3585374 0.8954788 -0.2637588 -0.4697946 0.8689281 -0.1557466 -0.0947045 0.8817679 -0.4620785 -0.2285768 0.9010034 -0.368708 -0.1431292 0.8932469 -0.4261739 -0.0987668 0.891193 -0.4427419 -0.1015338 0.8848456 -0.4546861 -0.1431314 0.8932526 -0.4261612 -0.60413 0.7968382 -0.008722186 -0.4817113 0.8638412 -0.1474201 -0.469866 0.8688973 -0.1557031 -0.1431496 0.8932524 -0.4261554 -0.1015435 0.884817 -0.4547394 -0.09479153 0.8817809 -0.462036 -0.3593644 0.8953356 -0.2631189 -0.2286619 0.9010175 -0.3686208 -0.3584989 0.8954864 -0.2637856 0.5575905 0.4320749 0.7088048 0.6478719 0.4585825 0.6082469 0.6547876 0.4584586 0.6008902 0.654786 0.4584749 0.6008795 0.5578074 0.4313271 0.7090895 0.5577161 0.4318413 0.7088483 -0.5574688 -0.4318407 -0.7090432 -0.4834837 -0.4103882 -0.7731916 0.6478807 0.458623 0.6082069 0.78824 0.5646669 0.2445998 0.7959556 0.5622459 0.2243531 0.7959904 0.5622026 0.224338 0.6548286 0.4584532 0.6008496 0.6479215 0.4585903 0.608188 0.1471825 -0.2596839 -0.9544117 0.5131049 -0.3019232 -0.803471 0.5020738 -0.283912 -0.8168941 0.5020725 -0.2838437 -0.8169187 0.1446429 -0.2351229 -0.961143 0.1471801 -0.259648 -0.9544218 0.7882652 0.5646642 0.2445248 0.7098863 0.5836595 -0.394212 0.7120479 0.5806222 -0.3947983 0.7120522 0.5806106 -0.3948075 0.7959932 0.5622302 0.2242588 0.7882785 0.5646474 0.2445206 0.7099247 0.5835774 -0.3942645 0.5428102 0.4566923 -0.7048329 0.542784 0.4567195 -0.7048354 0.7120271 0.580588 -0.3948863 0.7098866 0.5836218 -0.3942674 -0.4834325 -0.4103829 -0.7732262 -0.2449086 -0.363889 -0.8986683 -0.2449922 -0.3605964 -0.8999717 -0.2450064 -0.3606003 -0.8999664 -0.4894098 -0.4096328 -0.7698566 -0.4834048 -0.410391 -0.7732393 0.5593723 0.4246614 0.7118746 0.5576878 0.4318365 0.7088735 0.5577703 0.4315339 0.7089929 0.5577802 0.4315038 0.7090033 0.5595754 0.4238083 0.7122233 0.5593712 0.4246748 0.7118675 0.5131624 -0.3019172 -0.8034366 0.6458241 -0.2417661 -0.7241964 0.6457793 -0.2420829 -0.7241306 0.5021224 -0.2838709 -0.8168785 0.5131551 -0.3019005 -0.8034477 -0.4894449 -0.4096379 -0.7698315 -0.5574329 -0.4318889 -0.709042 -0.4834584 -0.4104117 -0.7731949 -0.2448304 -0.3638733 -0.898696 0.1470939 -0.2596706 -0.954429 0.1445406 -0.2351799 -0.9611444 0.1445494 -0.2351727 -0.9611449 -0.2449015 -0.3605738 -0.9000055 -0.2448534 -0.3638565 -0.8986964 -0.8285221 0.3468374 0.4396079 -0.8288884 0.3393656 0.4447193 -0.8285222 0.3469251 0.4395386 -0.8288899 0.3394531 0.4446496 -0.5461373 -0.2832887 -0.788341 -0.5455921 -0.2793906 -0.7901079 -0.5456597 -0.2799131 -0.7898761 -0.5461934 -0.2837234 -0.788146 0.2500208 -0.93474 0.2524893 0.5919856 -0.8055542 0.02521014 0.3241606 -0.8994935 0.2929699 -0.8238512 0.5276088 0.2071189 -0.8495565 -0.1507791 0.5054893 -0.7697046 0.5889037 0.2464697 -0.4129385 -0.7451007 0.5237429 -0.9662038 -0.2575962 -0.009714007 -0.5341023 -0.845372 0.008998095 -0.9662142 -0.2575588 -0.009681403 -0.4129384 -0.7450989 0.5237457 -0.8495437 -0.1508043 0.5055035 0.2500233 -0.9347382 0.252493 -0.02040028 -0.9887591 0.1481202 0.5919843 -0.8055554 0.02520513 0.3240756 -0.8995035 0.2930331 -0.3112549 -0.6830606 0.6607183 -0.4128859 -0.745093 0.5237954 -0.3112655 -0.6830207 0.6607545 -0.8495427 -0.1507828 0.5055113 -0.4129313 -0.7450707 0.5237913 -0.7642938 -0.06658416 0.6414216 -0.7696986 0.5889098 0.2464739 -0.8495507 -0.1507762 0.5054999 -0.02033311 -0.9887622 0.1481077 -0.5341456 -0.845345 0.008960068 -0.4949103 -0.795658 -0.3492739 -0.02038908 -0.9887509 0.1481759 0.2500032 -0.9347328 0.2525335 -0.4129208 -0.7451236 0.5237245 -0.9662025 -0.2576035 -0.009656548 -0.8495662 -0.1508098 0.5054638 -0.823887 0.5275765 0.2070589 0.3241142 -0.8994963 0.2930128 -0.4128867 -0.745082 0.5238106 0.2499744 -0.9347315 0.2525669 -0.7642787 -0.06661504 0.6414363 -0.8495163 -0.1508007 0.5055503 -0.3112812 -0.6830318 0.6607357 -0.8238657 0.5276147 0.2070464 -0.76964 0.5890015 0.2464377 -0.5919836 0.8055557 -0.02520996 -0.9662063 -0.2575873 -0.009711146 -0.9534572 0.2819617 0.1068505 -0.896464 -0.2492217 -0.3663889 -0.9534596 0.2819476 0.1068661 -0.8238521 0.5276243 0.2070761 -0.5919851 0.8055548 -0.02520716 -0.9534516 0.2819452 0.106945 -0.9662186 -0.25754 -0.009744405 -0.8238688 0.5275897 0.2070974 -0.8964565 -0.2492835 -0.3663654 -0.4949468 -0.7956196 -0.3493097 -0.9662177 -0.2575435 -0.009737014 -0.5341196 -0.8453609 0.009003698 -0.02036243 -0.9887552 0.1481512 -0.4128819 -0.7451034 0.523784 0.5919822 -0.8055567 0.02521073 0.341557 -0.866786 0.3633468 0.3241774 -0.8994787 0.2929967 0.3415092 -0.8667854 0.3633933 -0.2830437 -0.6499237 0.7053265 -0.3112271 -0.6830492 0.6607432 -0.3112354 -0.6830484 0.6607401 0.3240999 -0.8994861 0.2930601 0.3414897 -0.8668048 0.3633652 -0.7255434 -0.04770714 0.6865208 -0.7353851 0.59861 0.3176081 -0.7696956 0.5889127 0.2464762 -0.7696799 0.5889232 0.2465005 -0.7642714 -0.06656926 0.6414498 -0.7255536 -0.04772216 0.686509 -0.2831171 -0.6498787 0.7053385 -0.7255237 -0.04778409 0.6865363 -0.7642756 -0.06660664 0.6414411 -0.7642535 -0.06659352 0.6414686 -0.3112661 -0.6830185 0.6607566 -0.2831097 -0.6498757 0.7053444 -0.5919803 0.8055582 -0.02520883 -0.7696781 0.5889729 0.2463868 -0.7353449 0.5986631 0.3176012 -0.5341538 -0.8453393 0.009024739 -0.9662212 -0.2575302 -0.00974518 -0.4949536 -0.7956217 -0.3492951 -0.2392702 0.9590719 -0.15143 -0.3241565 0.8994952 -0.2929693 -0.5919821 0.8055569 -0.02520954 -0.2392195 0.9590765 -0.15148 0.4540742 0.8090733 -0.373118 0.3112654 0.6830667 -0.6607071 0.3112314 0.683043 -0.6607475 -0.3240771 0.8995025 -0.2930348 -0.2392423 0.9590695 -0.151489 0.9186289 0.1769285 -0.3532949 0.8477104 -0.5199285 -0.1051741 0.7697002 -0.5889083 -0.2464724 0.7697163 -0.5888946 -0.246455 0.7642825 0.0665794 -0.6414357 0.9186314 0.1769272 -0.3532891 0.4540725 0.809072 -0.3731228 0.9186294 0.176869 -0.3533234 0.7642723 0.06660521 -0.6414449 0.7642808 0.06661564 -0.6414337 0.3112864 0.683035 -0.66073 0.4540302 0.8090839 -0.3731486 0.8476906 -0.5199664 -0.105147 0.3415431 -0.8667975 0.3633327 0.5919814 -0.8055574 0.02520859 0.8476865 -0.5199688 -0.1051674 0.5919832 -0.8055559 0.0252093 0.7696963 -0.5889367 -0.2464172 -0.7353283 0.5986753 0.3176166 -0.239287 0.9590581 -0.1514905 -0.5919827 0.8055564 -0.02520918 0.3439024 0.2807741 0.8960453 0.6172575 0.2263528 0.753497 0.3780583 0.5519371 0.7432614 0.377998 0.5519722 0.7432659 0.04419022 0.5282224 0.8479555 0.3439132 0.2807607 0.8960453 -0.03715109 -0.2477656 0.9681075 0.3078311 -0.2140032 0.9270614 0.03217983 0.05484497 0.9979762 0.03216445 0.05487149 0.9979753 -0.2762566 0.07765126 0.9579418 -0.03717565 -0.2477163 0.9681191 0.03216123 0.05490982 0.9979733 0.3438681 0.2807811 0.8960563 0.04410123 0.528185 0.8479833 0.3439071 0.2807333 0.8960563 0.03223955 0.05487442 0.9979727 0.3079376 -0.2139329 0.9270422 0.5820593 0.4056845 -0.7047176 0.5820595 0.4056845 -0.7047175 0.5820581 0.4056849 -0.7047186 0.5820586 0.4056833 -0.7047191 -0.5574834 -0.4319012 -0.7089948 -0.5574625 -0.4318484 -0.7090435 -0.5574439 -0.43184 -0.7090632 -0.5574484 -0.4318742 -0.7090389 -0.2830545 -0.6499186 0.7053269 0.3415126 -0.8667964 0.3633636 0.4291891 -0.8169016 0.3853164 0.4291618 -0.8169109 0.3853269 -0.2216262 -0.6187081 0.7537122 -0.2830693 -0.6499168 0.7053226 -0.7353611 0.5986405 0.3176063 -0.7255455 -0.04770392 0.6865189 -0.6790552 0.003588557 0.7340786 -0.6790412 0.003582596 0.7340915 -0.6623322 0.6682716 0.3387171 -0.7353578 0.5986313 0.3176311 -0.7255279 -0.04776585 0.6865331 -0.2831016 -0.649876 0.7053472 -0.2216845 -0.6186712 0.7537255 -0.2217136 -0.6186856 0.7537051 -0.6790114 0.003524005 0.7341193 -0.7255376 -0.04775983 0.6865233 0.4540542 0.8090577 -0.3731764 -0.239237 0.9590763 -0.1514546 -0.2393932 0.9681317 0.07356619 -0.2393907 0.9681336 0.07354956 0.4946455 0.8677466 -0.04839324 0.4540569 0.8090614 -0.3731651 0.8477239 -0.519915 -0.1051316 0.9186387 0.1769047 -0.3532815 0.9770271 0.2112649 -0.02802366 0.9770216 0.2112909 -0.02801758 0.8496416 -0.5135613 0.1198502 0.8477381 -0.5198851 -0.1051648 0.918622 0.1769096 -0.3533225 0.4540376 0.8091051 -0.3730938 0.4947106 0.8677092 -0.04839825 0.4947111 0.8677091 -0.04839438 0.9770158 0.2113208 -0.02799743 0.9186333 0.1768994 -0.3532982 0.3415976 -0.8667789 0.3633257 0.847705 -0.5199421 -0.1051501 0.8496037 -0.5136187 0.119873 0.8495966 -0.5136389 0.1198367 0.4292135 -0.8169031 0.3852859 0.3415854 -0.8667741 0.3633486 -0.2392795 0.9590635 -0.151468 -0.7353441 0.5986779 0.3175752 -0.6623358 0.6682915 0.3386707 -0.662326 0.6683107 0.338652 -0.2394593 0.9681121 0.07360827 -0.2392758 0.9590643 -0.1514689 0.3079417 -0.21399 0.9270277 0.4916595 -0.0808441 0.8670267 0.3439007 0.280755 0.8960518 0.6172851 0.2262701 0.7534993 0.3439326 0.280748 0.8960419 0.4917033 -0.08077824 0.8670079 0.04409438 0.5281996 0.8479747 -0.1396727 0.3950417 0.9079833 0.0321756 0.0549007 0.9979733 -0.2762684 0.07772856 0.9579322 0.0321663 0.05488324 0.9979746 -0.1397202 0.394987 0.9079998 0.09560042 0.5182259 -0.8498839 -0.4207472 0.8076294 -0.4131667 -0.479178 0.8256317 -0.2978607 0.193591 0.6230093 -0.7578799 0.09562855 0.5181902 -0.8499025 -0.4107143 0.8872894 -0.2098364 -0.4107328 0.8872796 -0.2098413 0.09563344 0.5182065 -0.849892 -0.4791678 0.8256497 -0.2978271 -0.7466835 0.6101178 0.2649906 -0.4792024 0.8256338 -0.2978151 -0.4207474 0.8076494 -0.4131272 -0.4207243 0.8076522 -0.4131456 0.09557294 0.5181685 -0.849922 0.2022182 0.5143579 -0.833393 0.1935572 0.6229811 -0.7579118 0.6729409 -0.1289209 -0.7283749 0.09564566 0.5182038 -0.8498922 0.09560364 0.5181629 -0.849922 0.6729223 -0.1289365 -0.7283894 0.6074646 -0.1703801 -0.7758591 0.2022204 0.5143553 -0.833394 0.09562706 0.5182237 -0.8498823 0.6937004 -0.1406135 -0.7064047 0.6937135 -0.1406674 -0.7063811 0.09559732 0.5181789 -0.8499129 0.6074482 -0.170395 -0.7758688 0.6729201 -0.1289287 -0.7283927 0.635785 -0.7472531 -0.1933659 0.6074888 -0.1704057 -0.7758347 0.607484 -0.1704176 -0.7758356 0.6358098 -0.7472377 -0.1933439 0.6780331 -0.7213611 -0.1411004 0.6937279 -0.1406459 -0.7063714 0.6074633 -0.1704307 -0.7758491 0.7299041 -0.6642997 -0.1610772 0.7299152 -0.6642872 -0.1610789 0.6074604 -0.1704401 -0.7758494 0.678043 -0.7213492 -0.1411137 0.6357768 -0.74728 -0.1932889 0.1240532 -0.8684449 0.480015 0.6779927 -0.7214061 -0.1410648 0.6780207 -0.7213824 -0.1410512 0.12402 -0.8684614 0.4799937 0.2355119 -0.7515349 0.6162218 0.7298943 -0.6643279 -0.1610053 0.678024 -0.7213863 -0.1410154 0.3411872 -0.7800485 0.5245149 0.3412094 -0.7800517 0.5244955 0.6780548 -0.7213478 -0.1410649 0.2354983 -0.7515423 0.616218 -0.2181976 -0.4341834 0.8739992 0.3411784 -0.7800195 0.5245636 -0.4256617 -0.1557222 0.8913825 -0.4256085 -0.1557578 0.8914017 0.3412194 -0.7800227 0.5245319 0.2355027 -0.7515053 0.6162615 -0.5550851 -0.2294079 0.7995328 -0.4256064 -0.1557442 0.8914051 0.1240618 -0.8684335 0.4800333 0.124038 -0.8684698 0.4799737 -0.4256449 -0.1557707 0.891382 0.2354699 -0.751532 0.6162416 -0.6427995 0.1103564 0.7580437 -0.2182543 -0.4341431 0.8740051 -0.4256325 -0.1557388 0.8913937 -0.4791777 0.8256447 -0.2978249 -0.7466506 0.610154 0.2650002 -0.7115771 0.5287184 0.4627255 -0.4107151 0.8872957 -0.2098088 -0.4791843 0.8256487 -0.2978035 -0.7164239 0.5471683 0.4328323 -0.7164289 0.5471578 0.432837 -0.4792019 0.8256216 -0.29785 -0.7115871 0.5287036 0.4627271 -0.5550977 -0.22939 0.7995291 -0.7164391 0.5471178 0.4328707 -0.4256427 -0.1557593 0.8913851 -0.4256499 -0.1557213 0.8913882 -0.7164268 0.5471187 0.4328899 -0.7115645 0.5286872 0.4627807 -0.6428208 0.110348 0.7580268 -0.4255939 -0.1557984 0.8914017 -0.7466366 0.6101398 0.2650722 -0.7466573 0.6101444 0.2650035 -0.4256064 -0.155719 0.8914095 -0.711566 0.5286898 0.4627753 0.1935789 0.6229854 -0.7579026 -0.4107355 0.8872757 -0.2098527 0.3914629 0.7151117 -0.5791133 0.3914579 0.715115 -0.5791126 -0.4106948 0.8872969 -0.2098426 -0.2810406 0.9554491 -0.09018522 0.5663229 0.739422 -0.3640516 0.3914541 0.7151197 -0.5791093 -0.1194007 0.9914601 0.05244398 -0.1193706 0.9914629 0.05245947 0.3914662 0.715106 -0.579118 -0.2810102 0.9554613 -0.09015059 0.5663214 0.7393905 -0.3641179 0.8601718 -0.07853919 -0.5039207 0.391443 0.7150952 -0.5791471 0.391458 0.7150874 -0.5791466 0.8601657 -0.07859075 -0.5039232 0.7828369 -0.0887441 -0.615866 0.1935344 0.6229576 -0.7579369 0.3914492 0.7151075 -0.5791278 0.672923 -0.1289153 -0.7283924 0.6729153 -0.1289114 -0.7284002 0.3913915 0.7151114 -0.579162 0.7828281 -0.08873975 -0.6158779 0.860152 -0.07858335 -0.5039477 0.5138624 -0.8104496 -0.2812773 0.7828522 -0.088723 -0.6158496 0.7828229 -0.08873921 -0.6158846 0.5138864 -0.8104478 -0.2812389 0.586573 -0.7765522 -0.2299976 0.6729497 -0.1289137 -0.7283681 0.782848 -0.08874338 -0.6158521 0.6358107 -0.7472283 -0.193377 0.6358335 -0.7472138 -0.1933586 0.782789 -0.08873176 -0.6159287 0.5865693 -0.776552 -0.230008 0.5138588 -0.8104792 -0.2811984 -0.2144982 -0.9634356 0.1605687 0.5865295 -0.7765941 -0.2299669 0.5865267 -0.7766117 -0.2299148 -0.214514 -0.9634373 0.1605374 -0.02341729 -0.9464228 0.3220801 0.6357907 -0.7472603 -0.193319 0.5865157 -0.7766176 -0.2299229 0.1239992 -0.8684672 0.4799885 0.1240131 -0.8684745 0.4799719 0.5865153 -0.7766109 -0.2299467 -0.02338296 -0.9464079 0.3221265 -0.5550968 -0.2293896 0.7995299 0.1240586 -0.8684354 0.4800308 -0.6855354 -0.2809273 0.6716555 -0.6855706 -0.280952 0.6716093 0.1240563 -0.8684305 0.4800403 -0.02339649 -0.9463992 0.322151 -0.8016797 -0.2846679 0.5256176 -0.685511 -0.2809761 0.67166 -0.2145285 -0.9634292 0.1605664 -0.2145213 -0.9634307 0.1605679 -0.685564 -0.28097 0.6716085 -0.02343976 -0.9464074 0.3221239 -0.4107302 0.887296 -0.2097776 -0.7164241 0.5471517 0.432853 -0.2810595 0.9554495 -0.09012174 -0.2810178 0.9554607 -0.09013366 -0.7164221 0.547145 0.4328646 -0.7126783 0.5600481 0.4224168 -0.1193901 0.9914588 0.05249333 -0.2810491 0.9554491 -0.09015893 -0.6912198 0.5813752 0.4292066 -0.6911978 0.581411 0.4291935 -0.2810339 0.9554562 -0.09012949 -0.7126879 0.5600285 0.4224264 -0.8016477 -0.2846501 0.5256763 -0.6912292 0.5813426 0.4292353 -0.6855578 -0.28097 0.6716148 -0.6855773 -0.2809634 0.6715976 -0.6912266 0.58135 0.4292297 -0.7127392 0.5599527 0.4224403 -0.5550798 -0.2293739 0.7995463 -0.6855455 -0.2809649 0.6716295 -0.7164301 0.5471014 0.4329065 -0.7164477 0.5470994 0.4328801 -0.6855618 -0.2809548 0.671617 -0.7127144 0.5599685 0.4224613 0.5663467 0.7393993 -0.3640608 -0.1193786 0.9914609 0.05247902 0.6804966 0.6706978 -0.2951083 0.6804928 0.6707139 -0.2950805 -0.1194001 0.9914578 0.0524885 0.02138924 0.9852129 0.1699944 0.9388509 0.3429656 0.03055465 0.6804732 0.6707243 -0.2951019 0.5629964 0.6234204 0.5425699 0.5630496 0.6233956 0.5425432 0.6805143 0.6706811 -0.2951053 0.02136534 0.9852161 0.1699794 0.9388298 0.3430154 0.03064465 0.9349046 -0.2975041 -0.1935065 0.6805088 0.6706929 -0.2950913 0.6805012 0.6706882 -0.2951194 0.9348722 -0.2975612 -0.1935756 0.8284859 -0.1840885 -0.5288882 0.5663311 0.7393846 -0.3641149 0.6805236 0.6706529 -0.2951483 0.860183 -0.07856178 -0.5038983 0.860181 -0.07855278 -0.5039029 0.6804978 0.6706913 -0.2951206 0.828528 -0.1840558 -0.5288335 0.9348967 -0.2974948 -0.1935594 0.5977947 -0.8014797 -0.01648777 0.8284974 -0.1841171 -0.5288602 0.8285207 -0.1840926 -0.5288323 0.5977963 -0.8014786 -0.016487 0.3159399 -0.8668666 -0.385648 0.8601604 -0.07856017 -0.503937 0.8284906 -0.1841192 -0.5288702 0.5138744 -0.8104532 -0.2812449 0.5138924 -0.8104421 -0.2812439 0.8284937 -0.1841245 -0.5288633 0.3159388 -0.8668519 -0.3856818 0.5978359 -0.8014484 -0.01651334 0.1174309 -0.8761078 0.4675952 0.3159032 -0.8668832 -0.3856409 0.3158712 -0.8668859 -0.3856607 0.1174135 -0.8761193 0.4675779 -0.448704 -0.8914352 0.06331026 0.5138458 -0.8104621 -0.2812714 0.3158934 -0.8668894 -0.385635 -0.214514 -0.9634408 0.1605167 -0.2144976 -0.9634395 0.1605464 0.3158996 -0.8668968 -0.3856129 -0.4486958 -0.8914393 0.06331008 -0.801676 -0.2846789 0.5256173 -0.214506 -0.9634328 0.1605754 -0.8396636 -0.1897463 0.5088825 -0.8396191 -0.1897702 0.5089473 -0.2144968 -0.9634292 0.1606094 -0.4487159 -0.8914302 0.06329578 -0.1003245 -0.3193255 0.9423197 -0.8396466 -0.1897914 0.5088937 0.11741 -0.8761441 0.4675324 0.1174111 -0.8761377 0.4675439 -0.8396137 -0.1897893 0.5089488 -0.4487069 -0.8914368 0.0632674 -0.1193819 0.9914591 0.05250501 -0.6911963 0.5813761 0.4292432 0.02132403 0.9852222 0.1699485 0.02134239 0.9852102 0.170016 -0.6911808 0.5813723 0.4292731 -0.5936383 0.6107276 0.5240281 0.5630379 0.6234322 0.5425133 0.02133303 0.9852092 0.1700233 0.1356542 0.3334041 0.9329736 0.1356557 0.3334266 0.9329653 0.02132987 0.9852144 0.1699929 -0.5936389 0.610697 0.5240631 -0.1003968 -0.3193417 0.9423064 0.1357016 0.3334638 0.9329454 -0.8396027 -0.189792 0.5089659 -0.8396522 -0.1897699 0.5088925 0.1356741 0.3333953 0.9329738 -0.5936558 0.6106687 0.5240768 -0.8016735 -0.2846703 0.5256258 -0.8396458 -0.1897538 0.5089092 -0.691241 0.5813429 0.4292159 -0.6912314 0.5813241 0.4292569 -0.8396427 -0.1897714 0.5089077 -0.5936424 0.6106627 0.5240991 -0.7466618 0.6101533 0.2649704 -0.4207663 0.807657 -0.4130932 -0.7788177 0.6211177 0.08749824 -0.3333344 0.8407121 -0.4267218 -0.7788406 0.6210923 0.08747369 -0.4207553 0.8076617 -0.413095 -0.4207156 0.8076469 -0.4131645 0.2022315 0.5143964 -0.833366 -0.3332753 0.8406966 -0.4267983 0.3818776 0.559771 -0.7354088 -0.3332504 0.8407415 -0.4267292 0.2021933 0.5143714 -0.8333907 0.2022717 0.5143677 -0.8333739 0.6937149 -0.1406422 -0.7063848 0.3819662 0.5597336 -0.7353912 0.8384747 -0.1037596 -0.5349712 0.3819203 0.5597658 -0.7353906 0.6936809 -0.1406364 -0.7064194 0.6937358 -0.1406477 -0.7063632 0.7299157 -0.6642873 -0.1610763 0.8384966 -0.1038259 -0.5349242 0.766902 -0.6391317 -0.05807048 0.8384826 -0.1038179 -0.5349476 0.7299264 -0.6642826 -0.1610472 0.7299241 -0.6643003 -0.1609844 0.3412295 -0.7800014 0.5245571 0.7668829 -0.6391639 -0.0579676 0.2877319 -0.8455823 0.4496678 0.7668728 -0.6391717 -0.05801409 0.3412247 -0.7800316 0.5245155 0.3411627 -0.7800416 0.5245411 -0.2182063 -0.4342061 0.8739858 0.2877272 -0.845564 0.4497049 -0.4026383 -0.5450832 0.7353684 0.2877032 -0.8455722 0.4497049 -0.2182028 -0.4341893 0.873995 -0.2182556 -0.4341818 0.8739857 -0.6427983 0.1103104 0.7580515 -0.4026536 -0.5450742 0.7353668 -0.8268324 0.09280705 0.5547388 -0.4026479 -0.5450797 0.7353658 -0.6427904 0.1103112 0.758058 -0.6428425 0.1103289 0.7580114 -0.7466455 0.6101345 0.2650593 -0.8268595 0.09286075 0.5546894 -0.7788606 0.6210539 0.08756852 -0.8268538 0.09283614 0.5547021 -0.7466884 0.6100936 0.2650327 0.3819478 0.5597991 -0.735351 0.8384788 -0.1037158 -0.5349733 0.5547374 0.5528511 -0.6217896 0.8999095 -0.1180418 -0.4197964 0.5547134 0.5528295 -0.6218302 0.8384825 -0.1037455 -0.5349617 -0.3332486 0.8407405 -0.4267327 0.381931 0.5598024 -0.7353572 -0.1496072 0.8892877 -0.4321865 0.5546612 0.5528777 -0.6218339 -0.149679 0.8892793 -0.4321791 0.3818791 0.5598046 -0.7353824 0.8384824 -0.1038045 -0.5349505 0.7669182 -0.6391142 -0.05804824 0.8999214 -0.1180593 -0.4197662 0.7157124 -0.6983952 -5.94892e-5 0.8999471 -0.1180593 -0.4197111 0.7668982 -0.6391386 -0.05804473 -0.7788479 0.6210795 0.0875011 -0.3333026 0.840716 -0.4267389 -0.7359048 0.6768377 0.01830297 -0.1496788 0.8892791 -0.4321793 -0.735895 0.6768481 0.01830887 -0.3333286 0.8407214 -0.4267078 0.7668868 -0.6391567 -0.05799567 0.2877592 -0.8455615 0.4496893 0.7156634 -0.6984453 -6.92904e-6 0.130758 -0.8990362 0.4178951 0.7156602 -0.6984487 6.51181e-6 0.2877619 -0.8455667 0.4496777 -0.8268699 0.09285616 0.5546746 -0.7788877 0.6210222 0.08755254 -0.8942381 0.08241868 0.4399381 -0.7359288 0.6768092 0.01838982 -0.8942521 0.0823841 0.439916 -0.7788853 0.6210256 0.08754974 -0.4026356 -0.5451015 0.7353563 -0.8268474 0.09276759 0.5547229 -0.5453814 -0.5767915 0.6081699 -0.8942235 0.08236789 0.4399771 -0.5454114 -0.5767838 0.6081505 -0.8268434 0.09278923 0.5547254 0.287692 -0.8455678 0.4497203 -0.4026255 -0.5450652 0.7353888 0.1306486 -0.8990374 0.417927 -0.5453441 -0.5768021 0.6081935 0.130689 -0.8990522 0.4178823 -0.4026183 -0.5451314 0.7353438 0.5547359 0.5528534 -0.6217887 0.8999242 -0.1179803 -0.4197824 0.1339791 0.2536894 -0.9579621 0.4022329 -0.2955777 -0.8665118 0.1340385 0.2535873 -0.9579808 0.89993 -0.1179829 -0.4197691 -0.1496506 0.8893073 -0.4321311 0.5547147 0.5528975 -0.6217685 -0.4103335 0.4931246 -0.7671079 0.13405 0.253611 -0.957973 -0.4103128 0.4931029 -0.767133 0.5546931 0.5528689 -0.6218132 0.8999208 -0.1180646 -0.419766 0.7156903 -0.6984179 -4.54336e-5 0.4021477 -0.2955767 -0.8665516 0.2635097 -0.7740513 -0.5756798 0.4021844 -0.2955303 -0.8665504 0.7156687 -0.69844 -8.89152e-5 -0.7358776 0.676867 0.0183103 -0.1496886 0.88931 -0.4321126 -0.8470979 0.2957266 -0.4415553 -0.4103167 0.4931309 -0.767113 -0.8470644 0.295731 -0.4416165 -0.1497069 0.8892826 -0.4321626 0.7156545 -0.6984545 -4.03523e-5 0.1307462 -0.8990378 0.4178953 0.2634736 -0.77401 -0.575752 -0.172585 -0.9552649 -0.2401733 0.2634952 -0.7740154 -0.5757349 0.1307144 -0.8990435 0.4178931 -0.8942524 0.08237469 0.439917 -0.7359221 0.6768178 0.01834321 -0.9730701 -0.1727769 -0.1525872 -0.8470681 0.29578 -0.4415765 -0.9730685 -0.1727062 -0.1526765 -0.7359278 0.6768103 0.01839089 -0.5454123 -0.5768071 0.6081275 -0.8942276 0.08232676 0.4399764 -0.7048991 -0.7075788 -0.0494942 -0.973076 -0.1727111 -0.1526243 -0.7048699 -0.7076072 -0.04950153 -0.894236 0.0823118 0.4399623 0.1306675 -0.8990529 0.4178876 -0.5453312 -0.5768417 0.6081673 -0.1725325 -0.9552671 -0.240203 -0.7049416 -0.7075373 -0.04948085 -0.1726239 -0.9552474 -0.2402158 -0.5453462 -0.5768396 0.608156 0.9348817 -0.297497 -0.193628 0.9388174 0.343059 0.03053706 0.5630142 0.6234852 0.542477 0.5977594 -0.8015052 -0.01653587 0.9348689 -0.2975499 -0.1936091 0.5629739 0.6234384 0.5425727 0.1173772 -0.8761402 0.467548 0.5977475 -0.8015134 -0.01655948 0.5630421 0.6234922 0.5424399 -0.1003786 -0.3193259 0.9423138 0.1173513 -0.8761224 0.4675878 0.1357223 0.3334885 0.9329335 0.1357032 0.3334502 0.93295 0.1173813 -0.8761358 0.467555 0.5630534 0.6234809 0.5424411 -0.1724902 -0.9552865 -0.2401558 -0.7048519 -0.7076315 -0.04941254 -0.9730924 -0.1726842 -0.1525493 -0.1726062 -0.9552794 -0.2401011 -0.9730896 -0.1726917 -0.1525592 -0.8470731 0.2958352 -0.4415301 -0.1724715 -0.9552868 -0.2401682 -0.8470854 0.2958256 -0.4415129 -0.4103156 0.4931929 -0.7670735 -0.4103103 0.4931719 -0.7670899 0.1340456 0.2536476 -0.9579638 0.4022547 -0.2955272 -0.8665189 -0.4103266 0.4931844 -0.7670733 0.4022545 -0.2954623 -0.8665412 0.2635989 -0.7740331 -0.5756636 -0.4103059 0.4931941 -0.7670781 0.2635911 -0.7739889 -0.5757265 -0.1725869 -0.9552829 -0.2401009 -0.4439145 0.8957775 0.02286159 -0.1891009 0.6406422 0.7441899 -0.07273614 0.989722 0.1231257 -0.4438748 0.8957979 0.02283293 -0.4551676 0.5680243 0.6856902 -0.1890894 0.6406578 0.7441794 -0.4551497 0.5680007 0.6857215 -0.1664388 -0.06028467 0.9842072 -0.1890668 0.6406312 0.744208 -0.4551444 0.5680174 0.6857112 -0.1739649 -0.06512653 0.9825959 -0.1664074 -0.06025648 0.9842143 -0.1739786 -0.06520766 0.9825881 -7.16239e-4 -0.7477911 0.6639338 -0.1664025 -0.06032109 0.9842112 -0.1739144 -0.06518387 0.9826011 0.2487475 -0.6540721 0.714363 -7.11145e-4 -0.7477827 0.6639434 0.2487648 -0.6540958 0.7143352 0.221078 -0.9718762 -0.08112549 -7.43576e-4 -0.7478264 0.663894 0.2487615 -0.6541126 0.714321 0.5607568 -0.8278037 0.01711165 0.2210625 -0.9718768 -0.08116006 0.5607805 -0.8277893 0.0170353 0.3454324 -0.5476554 -0.7620696 0.2211109 -0.9718695 -0.08111613 0.5607734 -0.827793 0.01708382 0.5673953 -0.4654523 -0.6792767 0.3454308 -0.5476638 -0.7620643 0.5673596 -0.4653916 -0.6793481 0.2932344 0.2111979 -0.9324211 0.3454653 -0.5476548 -0.7620551 0.5673766 -0.4653755 -0.6793449 0.2679618 0.2002353 -0.9423919 0.2932499 0.2111655 -0.9324235 0.2678996 0.2002809 -0.9423998 0.1194303 0.8246319 -0.5529183 0.2932336 0.2112234 -0.9324156 0.2679504 0.2002753 -0.9423866 -0.1496462 0.7528651 -0.6409371 0.1194106 0.8246335 -0.5529202 -0.1496824 0.752871 -0.6409215 -0.07276803 0.9897248 0.1230844 0.1194432 0.824659 -0.5528752 -0.1496408 0.7528991 -0.6408984 -0.4438892 0.8957917 0.02279627 -0.07280647 0.9897201 0.1230993 -0.07274609 0.9897251 0.1230955 0.1217063 0.5733007 0.8102555 0.3730419 0.9028344 0.2138452 -0.07276231 0.9897225 0.1231065 -0.189075 0.64065 0.7441896 0.1216633 0.5732916 0.8102685 -0.1890943 0.6406186 0.7442117 -0.202636 -0.07693529 0.9762273 0.1216776 0.5732647 0.8102854 -0.1890372 0.6406263 0.7442197 -0.1664343 -0.06028413 0.9842081 -0.2026212 -0.07693767 0.9762302 -0.1663971 -0.06031602 0.9842124 -0.4201873 -0.7060649 0.5700132 -0.2026501 -0.07698094 0.9762207 -0.1664437 -0.06030422 0.9842052 -7.47088e-4 -0.7477934 0.6639311 -0.4202055 -0.7060526 0.5700151 -7.48411e-4 -0.7477772 0.6639494 -0.3759986 -0.901483 -0.2143678 -0.4202549 -0.7060732 0.5699532 -7.25537e-4 -0.74778 0.6639462 0.2210798 -0.9718743 -0.08114302 -0.3760116 -0.9014686 -0.2144057 0.2210977 -0.9718695 -0.08115154 -0.08635801 -0.5056446 -0.8584091 -0.3760166 -0.9014712 -0.2143857 0.2210854 -0.9718721 -0.08115375 0.3454377 -0.5476355 -0.7620815 -0.0863626 -0.5056791 -0.8583882 0.3454497 -0.5476357 -0.7620758 0.2473326 0.1931911 -0.9494755 -0.08639323 -0.5056257 -0.8584165 0.3454003 -0.547627 -0.7621045 0.2932286 0.2111871 -0.9324254 0.2473322 0.1931896 -0.9494759 0.2932299 0.2112235 -0.9324167 0.4267623 0.7564817 -0.4955902 0.2472959 0.1932106 -0.9494812 0.2932481 0.2112301 -0.9324095 0.1194077 0.8246384 -0.5529136 0.4267393 0.7564999 -0.4955821 0.1194423 0.8246569 -0.5528784 0.3730463 0.9028487 0.2137774 0.4267738 0.756497 -0.4955569 0.1194581 0.8246518 -0.5528826 -0.07276654 0.9897292 0.1230497 0.3730412 0.9028505 0.2137789 0.3730263 0.9028442 0.2138311 0.3431339 0.3984166 0.8506018 0.6917933 0.6750695 0.2563265 0.3730371 0.902844 0.2138134 0.1217198 0.5733127 0.810245 0.343154 0.3984396 0.8505828 0.1216934 0.5732496 0.8102935 -0.206683 -0.1089943 0.9723181 0.3431426 0.3983386 0.8506348 0.1217398 0.5732414 0.8102925 -0.2026178 -0.07696807 0.9762285 -0.206647 -0.1089988 0.9723252 -0.2026795 -0.07694357 0.9762176 -0.6412956 -0.5658118 0.5182635 -0.2067329 -0.1090154 0.9723051 -0.2026526 -0.07697445 0.9762207 -0.4202414 -0.706045 0.5699979 -0.6413207 -0.5657998 0.5182456 -0.4202084 -0.7060976 0.5699571 -0.6883309 -0.6787047 -0.2560482 -0.6413272 -0.5658378 0.518196 -0.4202472 -0.7060729 0.5699591 -0.3760537 -0.9014572 -0.2143798 -0.6883433 -0.6786896 -0.2560547 -0.3760338 -0.9014568 -0.2144164 -0.3164122 -0.3703557 -0.8733384 -0.6883528 -0.6786654 -0.2560931 -0.3760277 -0.9014558 -0.2144314 -0.08637034 -0.5056707 -0.8583922 -0.3164322 -0.3703406 -0.8733376 -0.08640295 -0.5056299 -0.8584131 0.2436233 0.1617698 -0.9562836 -0.3163967 -0.3702855 -0.8733739 -0.0864284 -0.5056253 -0.8584132 0.2473493 0.1931437 -0.9494809 0.2436473 0.1617747 -0.9562767 0.24733 0.1932495 -0.9494644 0.6537222 0.5852299 -0.479743 0.2436395 0.1618362 -0.9562682 0.2473565 0.1932133 -0.9494648 0.4267755 0.7564752 -0.4955885 0.6537742 0.5851403 -0.4797815 0.4268065 0.7564757 -0.495561 0.6917936 0.6750873 0.2562789 0.6537991 0.5851795 -0.4796997 0.4268106 0.756482 -0.4955479 0.3730548 0.9028438 0.2137833 0.691801 0.6750733 0.2562958 0.843119 0.4691414 0.2627865 0.5589532 -0.02163618 0.828917 0.9662683 0.09555995 0.2391527 0.8431206 0.4691274 0.2628061 0.4572853 0.2430884 0.8554521 0.5589392 -0.02164196 0.8289263 0.4572169 0.2430552 0.8554981 -0.1631717 -0.1304575 0.9779344 0.5589259 -0.02167725 0.8289342 0.4571939 0.2431468 0.8554844 -0.194669 -0.1253328 0.9728287 -0.1631413 -0.1304922 0.977935 -0.1947305 -0.1253083 0.9728195 -0.8161079 -0.1671748 0.5531913 -0.16322 -0.1305086 0.9779196 -0.1947419 -0.1253311 0.9728145 -0.7467753 -0.4222645 0.5138282 -0.8161063 -0.1671524 0.5532004 -0.7468165 -0.4222652 0.5137678 -0.9658734 -0.09884697 -0.2394117 -0.8161273 -0.1671015 0.553185 -0.7468246 -0.4222437 0.5137737 -0.8455632 -0.4648017 -0.262645 -0.9658758 -0.09887886 -0.2393888 -0.8455635 -0.4647719 -0.2626966 -0.4825114 0.03310292 -0.8752641 -0.9658618 -0.09888362 -0.2394432 -0.8455739 -0.4647531 -0.2626967 -0.4219635 -0.2267997 -0.8777863 -0.4825313 0.03314375 -0.8752515 -0.4219175 -0.2267974 -0.8778091 0.2866041 0.1395571 -0.9478301 -0.4824836 0.03310298 -0.8752793 -0.4219144 -0.2267631 -0.8778194 0.2556103 0.1454521 -0.9557756 0.2866272 0.1395235 -0.9478281 0.2556524 0.1455309 -0.9557524 0.8639568 0.1615536 -0.4769479 0.2866241 0.1395913 -0.9478191 0.2556532 0.1454975 -0.9557573 0.7678968 0.4298928 -0.4748965 0.8639587 0.1615103 -0.4769589 0.767966 0.4298529 -0.4748209 0.9662771 0.0955559 0.2391185 0.8639972 0.1614995 -0.4768928 0.767944 0.4298468 -0.4748618 0.8431271 0.4691489 0.2627472 0.9662843 0.09555518 0.2390897 0.9662706 0.09554618 0.2391484 0.5358757 -0.3361319 0.7745016 0.9190376 -0.3588357 0.1631162 0.9662674 0.09554964 0.2391602 0.5589518 -0.02167493 0.8289169 0.5359103 -0.3361305 0.7744783 0.5589427 -0.02171415 0.8289219 -0.131115 -0.09036469 0.9872402 0.5358385 -0.3361793 0.7745068 0.5589295 -0.02168989 0.8289315 -0.1631911 -0.1305152 0.9779236 -0.131125 -0.09038257 0.9872372 -0.1631956 -0.1304744 0.9779284 -0.7292972 0.2614892 0.6322572 -0.1311568 -0.0903747 0.9872337 -0.1632056 -0.1304742 0.9779267 -0.8161039 -0.167147 0.5532057 -0.7292799 0.2615087 0.6322689 -0.8161316 -0.1670886 0.5531824 -0.8568027 0.4979729 -0.1338366 -0.7292812 0.2615008 0.6322707 -0.8161321 -0.1670848 0.5531828 -0.9658724 -0.09885495 -0.2394125 -0.8568013 0.4979775 -0.133829 -0.96587 -0.09882301 -0.2394353 -0.3988115 0.4499402 -0.799064 -0.8568035 0.4979676 -0.1338503 -0.9658685 -0.09882199 -0.2394416 -0.4825129 0.03308993 -0.8752637 -0.3988027 0.4499218 -0.7990787 -0.4824755 0.03314292 -0.8752823 0.3118723 0.1687155 -0.9350245 -0.3988397 0.4499207 -0.799061 -0.4824862 0.03316426 -0.8752755 0.2865968 0.1395639 -0.9478314 0.3118721 0.1687659 -0.9350155 0.2866479 0.1395771 -0.9478139 0.835958 -0.1583731 -0.5254448 0.3118945 0.1687194 -0.9350163 0.2866508 0.1395636 -0.947815 0.8639478 0.1615526 -0.4769646 0.8359393 -0.1584226 -0.5254596 0.8639842 0.1614562 -0.476931 0.9190276 -0.3588685 0.1631002 0.8359679 -0.158428 -0.5254126 0.8639876 0.1614928 -0.4769124 0.966283 0.09557169 0.2390887 0.9190326 -0.3588556 0.1631007 0.9190169 -0.3589062 0.163078 0.3830084 -0.5789295 0.7198231 0.7212346 -0.6890426 0.07100129 0.9190247 -0.3588761 0.1631002 0.535883 -0.3361438 0.7744913 0.3829721 -0.5789665 0.7198127 0.5358327 -0.3361772 0.7745116 -0.1499325 -0.1122975 0.9822981 0.3829648 -0.5789356 0.7198414 0.5358334 -0.3361593 0.7745189 -0.1311277 -0.09037679 0.9872373 -0.1499449 -0.1123471 0.9822906 -0.1311802 -0.09034198 0.9872336 -0.5784935 0.457094 0.6755815 -0.1499712 -0.1122701 0.9822953 -0.1311514 -0.09037703 0.9872342 -0.7292827 0.2615307 0.6322567 -0.578514 0.4570728 0.6755784 -0.7293 0.261502 0.6322485 -0.6212916 0.7826795 -0.03754585 -0.5785299 0.4571483 0.6755137 -0.7292928 0.2615035 0.6322563 -0.8567814 0.4980049 -0.1338542 -0.621304 0.7826717 -0.03750294 -0.8568157 0.4979493 -0.1338419 -0.245506 0.6565365 -0.7132228 -0.621293 0.7826765 -0.03758597 -0.8567984 0.4979738 -0.1338603 -0.3988804 0.4499275 -0.7990368 -0.2454864 0.6565434 -0.7132231 -0.3988141 0.4499549 -0.7990544 0.3053944 0.1631972 -0.9381369 -0.2454555 0.6565265 -0.7132493 -0.3988237 0.4499527 -0.7990508 0.3118736 0.1687623 -0.9350156 0.3053569 0.163144 -0.9381584 0.3119273 0.1687389 -0.935002 0.6948713 -0.3893093 -0.6046423 0.3053908 0.1631572 -0.9381452 0.3118944 0.1687159 -0.935017 0.8359522 -0.1584052 -0.5254446 0.6948607 -0.3893063 -0.6046563 0.8359601 -0.1584442 -0.5254201 0.7212577 -0.6890212 0.07097262 0.6948656 -0.3893399 -0.6046292 0.8359527 -0.1584433 -0.525432 0.9190433 -0.3588343 0.1630868 0.7212458 -0.6890379 0.07093226 0.4445794 -0.8954924 -0.0210421 -0.1147403 -0.8230681 0.5562317 0.07226252 -0.9900346 -0.1208714 0.4445971 -0.8954833 -0.02105337 0.1465466 -0.7535778 0.6408157 -0.1147307 -0.8230893 0.5562023 0.1465431 -0.7535423 0.6408582 -0.2823604 -0.2090389 0.9362561 -0.1147664 -0.8230512 0.5562512 0.1465283 -0.7535254 0.6408815 -0.2737057 -0.2038019 0.9399735 -0.2823536 -0.2090507 0.9362555 -0.2736514 -0.2037173 0.9400076 -0.3339135 0.5469712 0.7676746 -0.2824202 -0.2090196 0.9362424 -0.2736913 -0.2037296 0.9399933 -0.5725418 0.4596667 0.678898 -0.3338638 0.5469728 0.767695 -0.5725464 0.4597324 0.6788496 -0.2226269 0.9709329 0.08790099 -0.3338958 0.5469771 0.7676783 -0.5725684 0.4597132 0.6788442 -0.5602265 0.8282479 -0.01232475 -0.2226377 0.9709314 0.08789026 -0.5601869 0.8282738 -0.01238083 -0.01214879 0.7479459 -0.6636486 -0.2226503 0.9709318 0.08785355 -0.5602035 0.8282629 -0.01236248 -0.2413843 0.6614547 -0.7100783 -0.01216959 0.7479522 -0.663641 -0.241312 0.661443 -0.7101139 0.1551036 0.05836063 -0.9861729 -0.01221418 0.7479218 -0.6636746 -0.241355 0.6614256 -0.7101154 0.1824907 0.07050317 -0.9806765 0.1550891 0.05835163 -0.9861757 0.1825593 0.07043176 -0.980669 0.1836268 -0.6425009 -0.7439582 0.15511 0.05827903 -0.9861767 0.1825268 0.07043278 -0.9806749 0.4601992 -0.5663042 -0.6837517 0.1836169 -0.6425176 -0.7439463 0.4601856 -0.5663776 -0.6837 0.0722903 -0.9900267 -0.1209184 0.1835706 -0.6425724 -0.7439104 0.4601482 -0.5663807 -0.6837225 0.4445864 -0.8954871 -0.02111327 0.07229459 -0.9900297 -0.1208911 0.07224059 -0.9900341 -0.1208884 -0.4278493 -0.7560442 0.4953204 -0.374166 -0.9023305 -0.2140079 0.07223141 -0.9900379 -0.1208623 -0.1147471 -0.8230813 0.5562108 -0.4278257 -0.7560383 0.4953496 -0.1147592 -0.8230559 0.556246 -0.2485631 -0.1927877 0.9492362 -0.4278884 -0.7560169 0.4953284 -0.1147943 -0.8230385 0.5562641 -0.2823779 -0.2090427 0.93625 -0.2485525 -0.1927978 0.9492369 -0.2823943 -0.2090016 0.9362542 0.08484458 0.5062589 0.8581978 -0.2485363 -0.1927437 0.9492521 -0.2823618 -0.2089954 0.9362654 -0.3338615 0.5469626 0.7677034 0.08483988 0.5062584 0.8581986 -0.3338811 0.5470061 0.7676638 0.3741039 0.9023531 0.2140217 0.08493113 0.5062761 0.858179 -0.3339132 0.5470166 0.7676424 -0.2226158 0.9709426 0.08782219 0.3741473 0.9023283 0.2140499 -0.2226588 0.970935 0.08779788 0.4181333 0.7069467 -0.5704305 0.3741595 0.9023289 0.2140263 -0.2226572 0.9709347 0.08780473 -0.01221454 0.7479321 -0.6636629 0.4181979 0.7069353 -0.5703973 -0.01219069 0.7479196 -0.6636774 0.2008244 0.07771956 -0.9765394 0.4181475 0.7069178 -0.570456 -0.0121572 0.7479226 -0.6636746 0.1551763 0.05835312 -0.9861618 0.2007929 0.07771587 -0.9765463 0.1551242 0.05831438 -0.9861724 -0.1230587 -0.5726915 -0.810482 0.2008363 0.07763952 -0.9765434 0.1551138 0.05827867 -0.9861762 0.1835776 -0.6425182 -0.7439554 -0.1230823 -0.572676 -0.8104894 0.1835503 -0.6425526 -0.7439325 -0.3741234 -0.9023375 -0.214053 -0.1230939 -0.572702 -0.8104693 0.1835807 -0.6425477 -0.7439292 0.07227146 -0.9900267 -0.1209302 -0.3741378 -0.9023393 -0.2140201 -0.3741499 -0.9023329 -0.2140263 -0.6538437 -0.5851162 0.4797163 -0.6917989 -0.675071 -0.2563077 -0.374167 -0.9023327 -0.2139973 -0.4278625 -0.756049 0.4953018 -0.6538548 -0.5851327 0.479681 -0.4278528 -0.7560315 0.4953366 -0.2437617 -0.1616724 0.9562649 -0.6538717 -0.5850523 0.479756 -0.4278789 -0.7560217 0.4953291 -0.2485803 -0.1927826 0.9492327 -0.2437956 -0.1616649 0.9562574 -0.2484997 -0.1927683 0.9492567 0.3162748 0.370511 0.8733224 -0.2437102 -0.1616498 0.9562818 -0.2485178 -0.1927389 0.9492579 0.08487933 0.5062446 0.8582027 0.3163054 0.3705059 0.8733134 0.08486288 0.5063124 0.8581644 0.6883412 0.6787142 0.2559953 0.3163283 0.3705537 0.8732848 0.08491694 0.5062626 0.8581885 0.3741495 0.9023249 0.2140603 0.6883591 0.6786975 0.2559914 0.3741458 0.9023429 0.2139918 0.6414366 0.5656565 -0.5182586 0.6883854 0.6786844 0.2559552 0.3741863 0.9023187 0.2140222 0.4181262 0.7069631 -0.5704152 0.6414552 0.5656433 -0.5182499 0.4181838 0.7069005 -0.5704508 0.206819 0.1088933 -0.9723005 0.6414417 0.5655986 -0.5183154 0.418175 0.7069335 -0.5704164 0.2008351 0.07770204 -0.9765387 0.2067933 0.1088904 -0.9723063 0.2008076 0.07765012 -0.9765484 -0.3431178 -0.3983711 -0.8506296 0.2068036 0.1088294 -0.972311 0.2008219 0.07764977 -0.9765455 -0.1230477 -0.5726948 -0.8104813 -0.3430391 -0.3984267 -0.8506354 -0.1231039 -0.572656 -0.8105002 -0.6917763 -0.6750752 -0.2563574 -0.3430954 -0.3984809 -0.8505873 -0.1230961 -0.5726848 -0.810481 -0.374123 -0.9023406 -0.2140411 -0.691768 -0.6750726 -0.2563869 -0.8425287 -0.4702357 -0.2627244 -0.8637505 -0.1629073 0.4768611 -0.9661302 -0.09676963 -0.2392239 -0.8425483 -0.4701908 -0.262742 -0.7672986 -0.4310054 0.474855 -0.8637614 -0.1628869 0.4768482 -0.7672522 -0.4310196 0.4749172 -0.2863261 -0.1413094 0.9476546 -0.8637391 -0.1628578 0.4768984 -0.7672795 -0.4309743 0.4749143 -0.2548652 -0.1467955 0.9557693 -0.2863256 -0.141304 0.9476555 -0.2548147 -0.1467759 0.9557858 0.4828069 -0.03512716 0.8750221 -0.2862402 -0.1413196 0.9476789 -0.254805 -0.1468089 0.9557833 0.4228691 0.2251933 0.8777641 0.4828028 -0.03513413 0.8750241 0.4229214 0.2252026 0.8777365 0.966127 0.09677207 0.2392361 0.4828481 -0.03517597 0.8749974 0.4229222 0.2252066 0.877735 0.8465529 0.4629602 0.2627091 0.9661267 0.09674412 0.2392485 0.8465602 0.462963 0.2626803 0.8164238 0.1653001 -0.5532884 0.9661225 0.09679877 0.2392438 0.8465761 0.4629253 0.2626958 0.7478889 0.4205032 -0.5136529 0.8164333 0.1652849 -0.553279 0.7478653 0.4204741 -0.5137112 0.1635189 0.1289918 -0.9780709 0.8164037 0.1653032 -0.5533171 0.7478711 0.4204655 -0.5137097 0.1956354 0.1238729 -0.9728218 0.1635109 0.129017 -0.978069 0.1955769 0.123877 -0.9728331 -0.5587096 0.02036589 -0.8291134 0.1634641 0.1289312 -0.9780881 0.1955736 0.1238829 -0.972833 -0.4565474 -0.2442555 -0.8555137 -0.55871 0.02036815 -0.829113 -0.4565819 -0.2443117 -0.8554794 -0.9661274 -0.09678679 -0.2392284 -0.5587521 0.02039897 -0.8290839 -0.4565882 -0.2442751 -0.8554863 -0.8424963 -0.4702362 -0.2628273 -0.9661265 -0.09675949 -0.2392431 -0.9661275 -0.09679859 -0.2392233 -0.8382472 0.1554425 0.5226654 -0.9181087 0.3603419 -0.1650158 -0.9661269 -0.09677559 -0.2392354 -0.8637631 -0.1628969 0.4768418 -0.8382503 0.1554076 0.5226711 -0.8637441 -0.1628609 0.4768882 -0.3162509 -0.1773679 0.9319474 -0.838214 0.1554339 0.5227212 -0.8637472 -0.1628551 0.4768849 -0.2863271 -0.141238 0.9476649 -0.3162499 -0.1773489 0.9319514 -0.2862639 -0.1413126 0.9476729 0.3971772 -0.4598033 0.7942489 -0.3161817 -0.1773202 0.93198 -0.2862547 -0.1412863 0.9476795 0.4828034 -0.03515994 0.8750228 0.3971861 -0.4598028 0.7942448 0.4828406 -0.03513616 0.8750032 0.8593087 -0.4952647 0.127678 0.3972113 -0.4597973 0.7942354 0.4828319 -0.03515231 0.8750072 0.9661329 0.09676039 0.2392172 0.8593417 -0.4952145 0.12765 0.9661279 0.09681326 0.2392159 0.7341311 -0.2474519 -0.6323125 0.8593395 -0.4952044 0.1277037 0.9661279 0.09678304 0.2392279 0.8164308 0.1653237 -0.5532711 0.7341321 -0.2473937 -0.6323341 0.8164117 0.1652787 -0.5533128 0.1373572 0.1021097 -0.9852445 0.7341362 -0.2473934 -0.6323296 0.8164122 0.1652718 -0.553314 0.1635178 0.1289619 -0.978075 0.1373557 0.1021321 -0.9852424 0.1634495 0.1289979 -0.9780817 -0.5317177 0.3421252 -0.7747429 0.1373351 0.1021363 -0.9852448 0.1634488 0.129 -0.9780815 -0.5586956 0.02037072 -0.8291226 -0.5317237 0.342114 -0.7747437 -0.558745 0.02039223 -0.8290889 -0.9181252 0.3602899 -0.1650375 -0.5317887 0.3421251 -0.7746943 -0.5587378 0.02041602 -0.8290932 -0.9661253 -0.09679037 -0.2392356 -0.9181302 0.36028 -0.1650316 -0.9180923 0.3603757 -0.1650334 -0.6916179 0.3938306 0.6054438 -0.720144 0.6900708 -0.07207548 -0.9181051 0.360352 -0.1650142 -0.8382391 0.1554522 0.5226758 -0.6915998 0.3938716 0.6054378 -0.8382079 0.1554677 0.5227211 -0.2982262 -0.1566823 0.9415476 -0.6915511 0.3938407 0.6055136 -0.8382223 0.1553969 0.522719 -0.3162634 -0.1773539 0.9319459 -0.2982388 -0.1567081 0.9415394 -0.3162342 -0.177387 0.9319495 0.255199 -0.6511033 0.7147993 -0.2981739 -0.1567367 0.941555 -0.3162225 -0.1774095 0.9319492 0.3971856 -0.4598252 0.7942321 0.2552222 -0.6510704 0.7148209 0.3972153 -0.4598211 0.7942195 0.6237347 -0.780903 0.03384649 0.2552375 -0.6511286 0.7147626 0.3971801 -0.4598232 0.7942358 0.8593334 -0.4952296 0.1276476 0.6237384 -0.7808991 0.03386914 0.8593327 -0.4952293 0.127653 0.5722099 -0.4599826 -0.6789638 0.6237291 -0.7809094 0.03380262 0.8593289 -0.4952294 0.127678 0.7341389 -0.2474083 -0.6323205 0.5722332 -0.4599673 -0.6789546 0.734121 -0.2474215 -0.6323361 0.1447402 0.1076077 -0.983601 0.5721918 -0.4599238 -0.6790189 0.7340913 -0.2474262 -0.6323688 0.1373558 0.1021139 -0.9852442 0.14477 0.1076425 -0.9835928 0.1373269 0.1021531 -0.9852442 -0.3841925 0.5763561 -0.7212557 0.1446695 0.1076104 -0.9836112 0.1373224 0.1021641 -0.9852437 -0.5317371 0.3421072 -0.7747376 -0.3842134 0.5763685 -0.7212347 -0.5317502 0.3421679 -0.774702 -0.7201144 0.6900972 -0.07212001 -0.384262 0.5763723 -0.7212057 -0.5317611 0.3421253 -0.7747131 -0.9181118 0.3603267 -0.1650317 -0.7201223 0.6900869 -0.0721389 -0.6915701 0.3938762 0.6054688 -0.4551923 0.5680134 0.6856827 -0.4438993 0.8957851 0.02285569 -0.6915874 0.3938697 0.6054533 -0.4439327 0.8957695 0.02282309 -0.7201087 0.6901051 -0.0721001 -0.7201241 0.6900814 -0.07217425 -0.4439237 0.8957743 0.0228064 -0.1496963 0.7528851 -0.640902 -0.7201119 0.6900958 -0.07215744 -0.1496848 0.7528994 -0.6408876 -0.3842296 0.5764091 -0.7211936 -0.2982099 -0.1566565 0.9415571 -0.1739851 -0.06518155 0.9825887 -0.4551856 0.568004 0.6856951 -0.2982079 -0.1566592 0.9415572 -0.4551267 0.5680177 0.6857226 -0.6915528 0.3938692 0.6054931 -0.5725947 0.459696 0.6788335 -0.5785405 0.4571415 0.6755093 -0.6212853 0.7826866 -0.03749984 -0.5725508 0.4597288 0.6788483 -0.6212652 0.7827028 -0.03749555 -0.5602304 0.8282455 -0.01230746 -0.5602111 0.8282578 -0.01235979 -0.6212432 0.7827179 -0.03754776 -0.2455247 0.6565351 -0.7132176 -0.5602358 0.828241 -0.01236492 -0.2454617 0.6565821 -0.713196 -0.2413829 0.6614378 -0.7100946 -0.2736781 -0.2036954 0.9400045 -0.1499934 -0.1122903 0.9822897 -0.5785309 0.4570683 0.675567 -0.2737091 -0.2037169 0.9399909 -0.5784785 0.4571034 0.6755881 -0.5725195 0.4596929 0.6788991 -0.1739243 -0.06520688 0.9825978 -0.2981733 -0.1567031 0.9415609 0.2552109 -0.6510592 0.7148352 -0.1739006 -0.06519812 0.9826025 0.2551898 -0.6510774 0.7148261 0.2487367 -0.6540652 0.714373 0.2488172 -0.6540811 0.7143304 0.2552136 -0.6511275 0.7147721 0.6237058 -0.7809268 0.03382915 0.2487555 -0.6541275 0.7143093 0.623729 -0.7809078 0.03383952 0.5608167 -0.8277633 0.01711148 0.5608187 -0.827763 0.01705729 0.623734 -0.7809062 0.03378683 0.5722299 -0.4599713 -0.6789547 0.5607982 -0.8277772 0.01704674 0.5721845 -0.460004 -0.6789708 0.567383 -0.4654612 -0.6792809 0.5673931 -0.465364 -0.679339 0.5721824 -0.4599406 -0.6790155 0.1447506 0.1075884 -0.9836016 0.5673394 -0.4654021 -0.6793579 0.1447755 0.1076169 -0.9835948 0.2679346 0.2002227 -0.9424022 0.267903 0.2002798 -0.942399 0.1447135 0.1076638 -0.9835988 -0.3842113 0.5763501 -0.7212505 0.2678965 0.2002745 -0.9424021 -0.3842203 0.5763376 -0.7212557 -0.1496709 0.7528421 -0.6409583 -0.1499419 -0.112347 0.982291 -0.273645 -0.2037783 0.9399962 0.1465207 -0.7535396 0.6408665 -0.1499495 -0.1123508 0.9822895 0.1465056 -0.7535441 0.6408646 0.382931 -0.5789572 0.7198421 0.383006 -0.578967 0.7197942 0.1465901 -0.7535571 0.64083 0.4445812 -0.895492 -0.02101999 0.3829853 -0.578975 0.7197988 0.4445526 -0.8955053 -0.02106046 0.7212163 -0.6890647 0.07097202 0.7212187 -0.6890645 0.07094937 0.4446159 -0.8954736 -0.02106761 0.4601948 -0.5663626 -0.6837064 0.721251 -0.6890318 0.07093858 0.4602083 -0.5663456 -0.6837113 0.694848 -0.3893606 -0.6046361 0.6948825 -0.3892911 -0.6046411 0.4602169 -0.5663209 -0.6837259 0.1825566 0.07044488 -0.9806685 0.694846 -0.389343 -0.6046497 0.1825556 0.07044786 -0.9806684 0.3053759 0.1631348 -0.9381539 0.3053685 0.1631979 -0.9381453 0.1825224 0.07049536 -0.9806712 -0.2413002 0.6614329 -0.7101273 0.3053858 0.163213 -0.938137 -0.2413222 0.6614143 -0.7101371 -0.2454476 0.6565154 -0.7132622 -0.2066544 -0.1089987 0.9723237 -0.1946514 -0.1253213 0.9728337 0.4572484 0.243074 0.8554759 -0.206665 -0.1089888 0.9723225 0.4572505 0.2430626 0.855478 0.3431421 0.3983822 0.8506146 0.3431854 0.398397 0.8505902 0.4572488 0.2431264 0.8554608 0.8431187 0.4691446 0.2627816 0.3431916 0.3983933 0.8505894 0.8431178 0.4691178 0.2628325 0.6917954 0.6750651 0.2563326 -0.6883352 -0.6787096 -0.2560235 -0.8455604 -0.4648097 -0.2626398 -0.7468192 -0.422276 0.513755 -0.6883645 -0.6786703 -0.256049 -0.7468131 -0.4222897 0.5137525 -0.6413506 -0.5658103 0.518197 -0.6413101 -0.5658187 0.518238 -0.7467906 -0.4222813 0.513792 -0.1947023 -0.125404 0.972813 -0.6413046 -0.5658217 0.5182417 -0.1947072 -0.1253906 0.9728136 -0.20673 -0.1090234 0.9723048 0.2435778 0.1618184 -0.9562869 0.2556092 0.1454572 -0.9557752 -0.421928 -0.2267769 -0.8778092 0.2435634 0.161831 -0.9562885 -0.4219314 -0.2267801 -0.8778068 -0.3164315 -0.370303 -0.8733538 -0.3164525 -0.3703288 -0.8733353 -0.4219428 -0.2268288 -0.8777888 -0.8455497 -0.4647944 -0.262701 -0.3164475 -0.3703458 -0.8733299 -0.8455706 -0.4647502 -0.262712 -0.6883569 -0.6786587 -0.2560998 0.6537836 0.5851614 -0.479743 0.7679286 0.4298694 -0.4748663 0.2556644 0.1455103 -0.9557524 0.6537855 0.5851556 -0.4797475 0.2556477 0.1455208 -0.9557552 0.243654 0.1618506 -0.9562621 0.6917965 0.6750996 0.2562388 0.8431249 0.4691564 0.2627409 0.767929 0.4299033 -0.4748348 0.6918227 0.6750643 0.2562608 0.7679407 0.4298937 -0.4748249 0.6538336 0.5851323 -0.4797104 0.3162952 0.3705227 0.87331 0.4228386 0.225226 0.8777704 -0.2547892 -0.1467843 0.9557912 0.3162927 0.3705242 0.8733103 -0.2547889 -0.1467848 0.9557912 -0.2437129 -0.1616433 0.9562821 -0.243785 -0.1616657 0.9562599 -0.2548442 -0.146797 0.9557746 -0.7672497 -0.4310132 0.4749269 -0.2437793 -0.1616793 0.9562591 -0.7672557 -0.4310041 0.4749254 -0.6538593 -0.5850903 0.4797263 -0.653885 -0.5850979 0.4796822 -0.7672928 -0.4310223 0.474849 -0.8425205 -0.4702414 -0.2627399 -0.653892 -0.5850852 0.4796879 -0.8425242 -0.4702371 -0.2627359 -0.6918054 -0.675067 -0.2563003 -0.6917634 -0.6750754 -0.2563915 -0.8424946 -0.4702529 -0.2628025 -0.4565821 -0.2443119 -0.8554791 -0.6917942 -0.6750472 -0.256383 -0.4565963 -0.2442964 -0.855476 -0.3431209 -0.3984304 -0.8506006 -0.3430616 -0.398455 -0.8506129 -0.456514 -0.2442869 -0.8555226 0.1956144 0.12385 -0.972829 -0.3430657 -0.3984485 -0.8506144 0.1956184 0.1238504 -0.9728281 0.206786 0.1088119 -0.9723166 0.2068668 0.1088457 -0.9722957 0.1956505 0.1238972 -0.9728157 0.7478655 0.4204537 -0.5137276 0.2068758 0.1088325 -0.9722952 0.7478451 0.4204967 -0.513722 0.6414602 0.5656099 -0.51828 0.6414726 0.5656328 -0.5182398 0.7478678 0.4205232 -0.5136674 0.8465599 0.4629788 0.2626536 0.6414634 0.5656445 -0.5182384 0.84656 0.4629559 0.2626943 0.6883906 0.6786811 0.25595 0.6883364 0.6787125 0.2560127 0.8465534 0.4629697 0.262691 0.4228943 0.2252444 0.8777388 0.688375 0.6786779 0.2560002 0.4228937 0.2252444 0.8777392 0.3163531 0.3705241 0.8732883 -0.2253223 -0.1354021 0.9648296 -0.2253362 -0.1353836 0.964829 0.2724962 0.2294477 0.9343979 -0.2253198 -0.1354118 0.9648289 0.2724648 0.2294842 0.9343982 0.2724785 0.2294656 0.9343987 0.2725793 0.2295442 0.9343501 0.2725292 0.2295366 0.9343665 0.6663094 0.5067324 0.5470412 0.2725572 0.2295719 0.9343497 0.6662867 0.5067614 0.547042 0.666279 0.5067282 0.5470821 0.6663382 0.506771 0.5469705 0.6663243 0.5067896 0.5469702 0.8055938 0.590418 -0.0492472 0.6662885 0.5067935 0.5470101 0.805567 0.5904546 -0.04924786 0.8055807 0.590436 -0.04924708 0.8055714 0.5904455 -0.04928481 0.8055576 0.5904641 -0.04928684 0.6371678 0.4485884 -0.6267262 0.8055537 0.5904694 -0.04928773 0.637149 0.4486117 -0.6267285 0.6371631 0.4485935 -0.6267273 0.6371387 0.4485844 -0.6267586 0.6371016 0.4485847 -0.6267961 0.2253822 0.1353858 -0.964818 0.6371092 0.4486263 -0.6267586 0.225354 0.1354272 -0.9648187 0.2254043 0.1354359 -0.9648057 0.2253355 0.1353892 -0.9648283 0.2253219 0.1354078 -0.9648289 -0.2724892 -0.2295277 -0.9343804 0.2253113 0.1354229 -0.9648293 -0.2725138 -0.2294939 -0.9343816 -0.2725 -0.2295126 -0.934381 -0.2725333 -0.2295258 -0.934368 -0.2725048 -0.229641 -0.9343481 -0.6662702 -0.5067827 -0.5470424 -0.2725583 -0.2294951 -0.9343683 -0.666272 -0.5067377 -0.547082 -0.6662801 -0.5067709 -0.5470412 -0.6663228 -0.5067915 -0.5469702 -0.6663148 -0.5067584 -0.5470106 -0.8055488 -0.5904793 0.04924905 -0.6663268 -0.5067425 -0.5470107 -0.8055759 -0.5904462 0.04920077 -0.8055085 -0.5905342 0.04925137 -0.8055605 -0.5904562 0.04933458 -0.8055754 -0.5904399 0.04928517 -0.6371518 -0.4486605 0.6266908 -0.8055885 -0.5904179 0.0493347 -0.6371783 -0.4486224 0.6266912 -0.6371412 -0.4486224 0.6267288 -0.6371037 -0.4485855 0.6267935 -0.6371411 -0.4485856 0.6267554 -0.2253417 -0.1354475 0.9648187 -0.6371271 -0.4485499 0.6267951 -0.2253648 -0.1354103 0.9648186 -0.225351 -0.1354288 0.9648192 0.2225235 -0.6343399 0.7403352 0.4610028 -0.7961711 0.3919031 0.6511813 -0.6567761 0.3802738 0.2225207 -0.6343456 0.7403312 0.6511752 -0.6567847 0.3802694 0.5958831 -0.3606562 0.7175308 0.5959455 -0.3606346 0.7174899 0.6512087 -0.6567571 0.3802596 0.8016253 -0.5508483 0.2322992 0.5959427 -0.3606413 0.7174888 0.8016192 -0.5508567 0.2323006 0.891256 -0.152683 0.4270254 0.8912899 -0.1526828 0.4269548 0.8016427 -0.550837 0.2322662 0.8548428 -0.5188679 0.004490613 0.891286 -0.1526959 0.4269583 0.8548349 -0.5188806 0.004498183 0.9957458 -0.08989608 -0.02022123 0.9957415 -0.08992886 -0.02029204 0.8548353 -0.5188805 0.004456996 0.7904984 -0.5730614 -0.2161316 0.9957416 -0.0899294 -0.02028745 0.7905004 -0.5730619 -0.2161229 0.8694416 -0.1962679 -0.4533765 0.8694067 -0.1963204 -0.4534208 0.7904815 -0.573075 -0.2161581 0.6331813 -0.6927106 -0.3453024 0.8694096 -0.1963207 -0.453415 0.6331871 -0.6927091 -0.3452944 0.5605875 -0.4311723 -0.7069881 0.5605397 -0.4312337 -0.7069886 0.6331545 -0.692732 -0.3453084 0.4429743 -0.8321249 -0.3336794 0.5605452 -0.4312329 -0.7069847 0.4429832 -0.8321219 -0.3336754 0.187155 -0.7048851 -0.6841858 0.1871173 -0.7049388 -0.6841406 0.4429489 -0.8321453 -0.333662 0.2925303 -0.9380518 -0.1857014 0.1871238 -0.7049365 -0.6841413 0.2925399 -0.9380481 -0.1857047 -0.1082178 -0.9128558 -0.393679 -0.1082257 -0.9128857 -0.3936076 0.2925177 -0.9380616 -0.1856715 0.2393156 -0.9700285 0.04210412 -0.1082196 -0.9128849 -0.3936113 0.2393229 -0.9700271 0.04209667 -0.2127075 -0.9756466 0.05356723 -0.2126781 -0.975649 0.05363827 0.2393205 -0.970026 0.04213762 0.3036555 -0.915843 0.2627263 -0.2126756 -0.9756498 0.05363363 0.3036574 -0.9158449 0.2627174 -0.08640402 -0.8692736 0.4867215 -0.08634412 -0.8692542 0.4867669 0.3036749 -0.9158291 0.2627522 0.4609735 -0.7961915 0.3918962 -0.08634394 -0.8692573 0.4867612 0.4609712 -0.7961966 0.3918886 0.2224497 -0.634368 0.7403334 0.5919741 -0.8055618 0.02523922 0.6511947 -0.6568032 0.3802041 0.4610209 -0.7961919 0.3918395 0.591989 -0.8055508 0.02523881 0.8016047 -0.5509015 0.2322444 0.6511946 -0.6568027 0.3802051 0.5920016 -0.8055419 0.0252276 0.8548006 -0.5189374 0.004474401 0.8016057 -0.5509001 0.2322446 0.5920078 -0.8055379 0.0252093 0.7904638 -0.5731189 -0.2161056 0.8548023 -0.5189347 0.004473686 0.5920044 -0.805541 0.02519053 0.6331682 -0.6927525 -0.3452422 0.7904649 -0.5731168 -0.2161076 0.5919902 -0.8055519 0.02517926 0.4429928 -0.8321434 -0.3336089 0.6331658 -0.6927537 -0.345244 0.5919746 -0.8055633 0.02517932 0.2925822 -0.9380459 -0.1856493 0.4429916 -0.8321435 -0.3336101 0.5919619 -0.8055723 0.02519041 0.2393862 -0.9700104 0.04212093 0.2925801 -0.9380465 -0.1856495 0.5919561 -0.8055759 0.02520906 0.303723 -0.9158278 0.2627012 0.2393836 -0.9700111 0.04212182 0.5919616 -0.8055712 0.0252276 0.461021 -0.7961928 0.3918377 0.3037233 -0.9158271 0.2627031 0.272481 0.2294647 0.9343984 -0.2253212 -0.1354074 0.9648291 -0.2253229 -0.1354053 0.964829 -0.2253009 -0.1353578 0.9648409 0.2725005 0.2295128 0.9343807 0.2725021 0.2295106 0.9343808 0.6662963 0.5067482 0.5470426 0.2725825 0.2295362 0.9343511 0.2725811 0.2295385 0.934351 0.2725314 0.2295312 0.9343672 0.6662814 0.5067692 0.5470414 0.6662827 0.5067669 0.5470417 0.8055785 0.590443 -0.0491997 0.6663152 0.5067574 0.547011 0.6663137 0.5067596 0.547011 0.6663001 0.5067797 0.5470087 0.8055623 0.5904648 -0.0492022 0.8055639 0.5904626 -0.04920232 0.6370705 0.4487194 -0.6267313 0.8055777 0.5904367 -0.04928648 0.8055762 0.5904389 -0.04928666 0.8055601 0.5904569 -0.04933327 0.6371418 0.4486243 -0.626727 0.6371433 0.4486222 -0.6267269 0.2253679 0.1354082 -0.9648181 0.6371397 0.448585 -0.6267571 0.6371382 0.4485872 -0.6267572 0.6371231 0.448606 -0.626759 0.2253507 0.1354289 -0.9648192 0.2253524 0.1354268 -0.9648191 -0.2725024 -0.229511 -0.9343807 0.2253388 0.1353836 -0.9648284 0.2253373 0.1353857 -0.9648284 0.2252859 0.135379 -0.9648414 -0.272518 -0.229488 -0.9343817 -0.2725166 -0.2294901 -0.9343816 -0.6662821 -0.5067673 -0.5470422 -0.2725658 -0.2295588 -0.9343504 -0.2725674 -0.2295567 -0.9343505 -0.2725827 -0.2295377 -0.9343507 -0.6662768 -0.5067312 -0.5470821 -0.6662752 -0.5067334 -0.547082 -0.8055633 -0.5904633 0.04920125 -0.6663199 -0.5067963 -0.5469693 -0.6663215 -0.506794 -0.5469694 -0.6663725 -0.5066814 -0.5470116 -0.8055794 -0.5904415 0.04920166 -0.8055778 -0.5904436 0.04920172 -0.6371653 -0.4486407 0.6266912 -0.8055594 -0.5904615 0.04928773 -0.8055611 -0.5904594 0.04928749 -0.8055753 -0.5904361 0.0493341 -0.6371591 -0.4485993 0.6267273 -0.6371574 -0.4486014 0.6267275 -0.2253523 -0.1354278 0.964819 -0.6371217 -0.4486085 0.6267586 -0.6371234 -0.4486063 0.6267585 -0.6371374 -0.4485867 0.6267583 -0.2254047 -0.1354334 0.964806 -0.2254034 -0.1354357 0.964806 0.2225168 -0.634282 0.7403869 0.5958861 -0.360597 0.7175581 0.5231737 -0.1852676 0.8318446 0.5231717 -0.1852698 0.8318454 0.0864377 -0.5053896 0.8585512 0.2225175 -0.6342818 0.7403869 0.5959605 -0.3605629 0.7175135 0.8912668 -0.15262 0.4270256 0.8686436 0.05797696 0.4920334 0.8686423 0.05797338 0.4920362 0.5232192 -0.1852466 0.8318207 0.5959603 -0.3605642 0.7175129 0.8913061 -0.1526175 0.4269445 0.9957506 -0.08983874 -0.02024656 0.9908416 0.1314013 -0.03109329 0.9908403 0.1314096 -0.03109538 0.8686713 0.05798846 0.4919832 0.8913098 -0.1526069 0.4269405 0.9957466 -0.08986306 -0.0203371 0.8694289 -0.1962229 -0.4534204 0.8430901 0.006970345 -0.5377274 0.8430902 0.006975591 -0.5377272 0.9908405 0.1313953 -0.03115373 0.995747 -0.08985704 -0.02034097 0.8693838 -0.196283 -0.4534808 0.5605494 -0.4311512 -0.7070312 0.4818249 -0.2678007 -0.8343425 0.4818283 -0.2677907 -0.8343438 0.8430643 0.006941854 -0.537768 0.8693842 -0.1962748 -0.4534836 0.560488 -0.4312114 -0.7070431 0.1870995 -0.7048698 -0.6842167 0.04503935 -0.5879416 -0.8076486 0.04504227 -0.5879425 -0.8076478 0.4817872 -0.2678376 -0.8343526 0.5604878 -0.4312143 -0.7070416 0.1870443 -0.704929 -0.6841707 -0.1082819 -0.9128457 -0.3936849 -0.3004316 -0.8311849 -0.4678383 -0.3004286 -0.8311879 -0.4678347 0.0450046 -0.5879836 -0.80762 0.1870447 -0.704934 -0.6841655 -0.1083031 -0.9128805 -0.3935984 -0.2127661 -0.9756324 0.0535916 -0.4226289 -0.9046145 0.05529338 -0.4226272 -0.9046154 0.05529248 -0.3004472 -0.8312091 -0.4677851 -0.108303 -0.9128814 -0.3935964 -0.2127418 -0.9756329 0.05367898 -0.08644443 -0.8692471 0.4867616 -0.2748779 -0.7801828 0.5619225 -0.2748779 -0.7801812 0.5619247 -0.4226177 -0.9046162 0.05535227 -0.2127426 -0.9756323 0.05368542 -0.08638256 -0.8692168 0.4868266 0.2224306 -0.6343225 0.740378 0.08638417 -0.5054143 0.8585419 0.08638656 -0.5054172 0.8585399 -0.2748394 -0.7801649 0.5619663 -0.08637863 -0.8692174 0.4868264 0.5919823 -0.8055566 0.0252124 0.5919823 -0.8055567 0.02521026 -0.5919817 0.8055571 -0.02520966 -0.591982 0.8055568 -0.02520936 0.591982 -0.805557 0.02520853 0.5919826 -0.8055564 0.02521163 -0.5919799 0.8055585 -0.02520966 -0.5919827 0.8055564 -0.02520966 0.5919819 -0.8055569 0.02521085 0.591982 -0.805557 0.02520835 -0.5919849 0.8055548 -0.025209 -0.591978 0.8055598 -0.02520912 0.59198 -0.8055583 0.0252096 0.5919833 -0.8055559 0.025209 -0.5919801 0.8055582 -0.02521073 -0.5919812 0.8055574 -0.02521002 0.5919833 -0.8055559 0.02520847 0.591982 -0.805557 0.02521038 -0.5919806 0.8055579 -0.0252093 -0.5919806 0.8055579 -0.02521139 0.5919812 -0.8055575 0.02520883 0.5919821 -0.8055568 0.02520966 -0.5919836 0.8055557 -0.02521187 -0.5919824 0.8055565 -0.02520883 0.5919828 -0.8055563 0.0252096 0.5919824 -0.8055567 0.02520912 -0.5919815 0.8055573 -0.02520906 -0.591983 0.8055562 -0.02520847 0.5919806 -0.8055579 0.02520883 0.5919827 -0.8055564 0.02520948 -0.5919821 0.8055568 -0.02520883 -0.5919817 0.8055572 -0.02520883 0.5919822 -0.8055567 0.02520912 0.5919826 -0.8055565 0.02520942 -0.5919822 0.8055568 -0.02521061 -0.5919815 0.8055573 -0.02520972 0.591982 -0.8055568 0.02521055 0.5919823 -0.8055567 0.02520924 -0.5919815 0.8055573 -0.02520829 -0.5919835 0.8055558 -0.02520936 -0.5919736 0.8055641 -0.02518087 -0.6331744 0.6927481 0.3452396 -0.4430006 0.8321374 0.3336131 -0.5919591 0.8055742 -0.02519357 -0.4429979 0.8321396 0.3336115 -0.2925832 0.938044 0.1856575 -0.5919573 0.805575 -0.02521163 -0.2925866 0.9380429 0.1856571 -0.2393846 0.9700113 -0.04211068 -0.5919629 0.8055701 -0.02523052 -0.239386 0.9700108 -0.042113 -0.3037179 0.9158312 -0.2626955 -0.5919762 0.8055602 -0.02524042 -0.3037195 0.9158306 -0.2626951 -0.4610124 0.796198 -0.3918372 -0.5919928 0.805548 -0.0252391 -0.4610147 0.7961971 -0.3918364 -0.6511878 0.6568066 -0.3802099 -0.5920028 0.8055411 -0.02522605 -0.6511871 0.6568086 -0.380208 -0.8016008 0.5509033 -0.2322539 -0.5920071 0.8055387 -0.02520602 -0.8016012 0.5509038 -0.2322512 -0.8548021 0.518935 -0.004483222 -0.5920021 0.8055428 -0.02518773 -0.8548019 0.5189352 -0.004482269 -0.7904691 0.5731137 0.2161001 -0.5919877 0.8055537 -0.02517879 -0.7904675 0.5731164 0.2160989 -0.6331739 0.6927478 0.3452411 -0.6331505 0.6927356 0.3453083 -0.5511404 0.4095638 0.7269814 -0.1677299 0.6905939 0.7035245 -0.6331561 0.6927282 0.345313 -0.1677333 0.6905878 0.7035298 -0.4429775 0.8321232 0.3336795 -0.4429458 0.8321477 0.3336606 -0.1677079 0.6906044 0.7035195 0.135535 0.9041197 0.4052135 -0.4429483 0.832143 0.333669 0.1355347 0.9041165 0.4052208 -0.2925335 0.9380499 0.1857054 -0.2925179 0.9380623 0.1856674 0.13555 0.9041254 0.4051956 0.2427951 0.9685725 -0.05401742 -0.2925134 0.9380614 0.1856793 0.242801 0.9685716 -0.05400758 -0.2393159 0.9700288 -0.04209727 -0.2393209 0.9700255 -0.04214274 0.242802 0.9685695 -0.0540415 0.1130847 0.8593329 -0.4987576 -0.2393138 0.9700276 -0.04213678 0.113092 0.8593339 -0.498754 -0.303654 0.9158443 -0.2627237 -0.303678 0.9158277 -0.2627536 0.1130785 0.8593219 -0.4987777 -0.2040547 0.6181284 -0.7591304 -0.3036692 0.9158304 -0.2627544 -0.2040468 0.6181284 -0.7591325 -0.4609712 0.7961937 -0.3918946 -0.4610064 0.7961695 -0.3919025 -0.2040699 0.6181096 -0.7591417 -0.5874861 0.3370875 -0.7356848 -0.4609979 0.7961731 -0.3919047 -0.5874797 0.3370903 -0.7356886 -0.6511781 0.6567805 -0.3802716 -0.6512108 0.6567582 -0.3802542 -0.587503 0.3370702 -0.7356793 -0.890751 0.1235624 -0.4373729 -0.6512055 0.6567575 -0.3802642 -0.890747 0.12356 -0.4373819 -0.8016219 0.550853 -0.2323004 -0.8016406 0.5508419 -0.232262 -0.8907613 0.1235479 -0.4373561 -0.9980123 0.05910885 0.0218569 -0.8016405 0.5508382 -0.232271 -0.9980127 0.05910396 0.02185052 -0.8548391 0.5188738 -0.004494071 -0.8548356 0.51888 -0.004451692 -0.998012 0.05910462 0.02188104 -0.8683006 0.1683491 0.4665969 -0.8548383 0.5188753 -0.004457592 -0.8683033 0.168345 0.4665934 -0.7904996 0.5730608 0.2161291 -0.7904772 0.5730801 0.2161598 -0.8682877 0.1683555 0.4666186 -0.5511599 0.409557 0.7269704 -0.7904859 0.573068 0.21616 -0.5511667 0.4095448 0.7269721 -0.6331859 0.692707 0.3453009 -0.2253273 -0.1353976 0.9648291 -0.225304 -0.1353514 0.9648411 0.2724916 0.2294516 0.9343984 -0.2253503 -0.135369 0.9648277 0.2724684 0.2294804 0.934398 0.2725184 0.229488 0.9343816 0.2725816 0.2295454 0.9343491 0.2725321 0.2295381 0.9343653 0.6663105 0.5067341 0.5470384 0.2725597 0.2295672 0.9343501 0.6662905 0.5067563 0.5470422 0.6663564 0.5066659 0.5470455 0.6663392 0.5067687 0.5469713 0.6663253 0.5067871 0.5469712 0.8055958 0.5904153 -0.04924601 0.6662831 0.5068043 0.5470068 0.8055599 0.5904639 -0.04925054 0.8055735 0.5904453 -0.04925179 0.8055717 0.5904447 -0.04928749 0.8055569 0.5904608 -0.04933673 0.6371673 0.4485864 -0.6267281 0.8055509 0.590473 -0.04928833 0.6371467 0.4486148 -0.6267288 0.6371842 0.448615 -0.6266905 0.6371365 0.4485877 -0.6267586 0.6370466 0.4486593 -0.6267987 0.2253804 0.1353883 -0.964818 0.6371101 0.448625 -0.6267586 0.2253547 0.135426 -0.9648187 0.2253679 0.135407 -0.9648182 0.2252998 0.1353604 -0.9648407 0.2253234 0.1354067 -0.9648287 -0.2724515 -0.2295025 -0.9343976 0.2253101 0.1354234 -0.9648295 -0.2724784 -0.2294672 -0.9343985 -0.2725011 -0.229512 -0.9343808 -0.2725703 -0.2295539 -0.9343503 -0.2725476 -0.2295092 -0.9343679 -0.6662701 -0.5067844 -0.547041 -0.2725577 -0.2294961 -0.9343681 -0.6662936 -0.5067529 -0.5470416 -0.6662055 -0.5068282 -0.547079 -0.6663005 -0.5067789 -0.5470089 -0.666314 -0.5067602 -0.54701 -0.8055492 -0.5904828 0.04920232 -0.6663505 -0.5067533 -0.5469717 -0.805577 -0.590441 0.04924684 -0.8055634 -0.5904595 0.04924821 -0.8055641 -0.5904512 0.04933565 -0.8055789 -0.5904349 0.04928761 -0.6371304 -0.4486368 0.6267296 -0.8055864 -0.5904209 0.04933339 -0.6371765 -0.4486262 0.6266903 -0.6371393 -0.4486264 0.6267279 -0.6371015 -0.4485835 0.6267971 -0.6371148 -0.4485647 0.626797 -0.2253718 -0.1353974 0.9648187 -0.6371534 -0.4485668 0.6267562 -0.2253676 -0.1354086 0.9648181 -0.2253543 -0.1354274 0.9648186 -0.1677215 0.6905441 0.7035754 -0.5511087 0.4095206 0.7270298 -0.4573518 0.2230653 0.8608549 -0.4573549 0.2230718 0.8608517 -0.007645428 0.5527073 0.8333404 -0.1677118 0.6905455 0.7035764 0.1355699 0.9040882 0.4052722 -0.1676545 0.6905744 0.7035616 -0.007563948 0.5527385 0.8333205 -0.007561206 0.5527463 0.8333153 0.3481178 0.8031911 0.4834232 0.1355849 0.9040895 0.405264 0.2428612 0.968558 -0.05398011 0.1356257 0.9041068 0.4052117 0.3481775 0.8032075 0.4833533 0.3481655 0.8032127 0.4833532 0.4739544 0.878813 -0.05527162 0.2428622 0.9685575 -0.05398541 0.1131529 0.8593276 -0.4987509 0.2428684 0.9685521 -0.05405497 0.4739697 0.8787989 -0.0553646 0.473968 0.8788 -0.05536246 0.3218159 0.7506813 -0.5769854 0.1131614 0.8593226 -0.4987577 -0.2039898 0.618116 -0.759158 0.1131338 0.859292 -0.4988169 0.3217864 0.7506337 -0.5770637 0.3217834 0.7506369 -0.5770613 -0.05019527 0.4677394 -0.88244 -0.2039871 0.618108 -0.7591651 -0.5874386 0.3370605 -0.7357351 -0.2040357 0.6180626 -0.7591891 -0.05025351 0.4676722 -0.8824723 -0.05025947 0.4676802 -0.8824678 -0.499985 0.1380668 -0.8549577 -0.5874435 0.3370545 -0.735734 -0.8907316 0.1235166 -0.4374253 -0.5874924 0.3370076 -0.7357164 -0.5000449 0.1379971 -0.8549339 -0.5000457 0.1380002 -0.8549329 -0.8557413 -0.1124236 -0.5050422 -0.8907335 0.1235057 -0.4374247 -0.9980168 0.05904394 0.02182203 -0.8907653 0.1234729 -0.4373692 -0.8557883 -0.1124334 -0.5049605 -0.8557799 -0.112461 -0.5049688 -0.9815849 -0.1880385 0.03365534 -0.9980167 0.05904346 0.02182859 -0.8683183 0.1682749 0.4665909 -0.9980161 0.05902987 0.02189582 -0.9815773 -0.1880619 0.03374469 -0.9815783 -0.1880559 0.03374874 -0.8294418 -0.05991452 0.5553707 -0.8683127 0.1682708 0.4666026 -0.551171 0.4094868 0.7270015 -0.868278 0.1682894 0.4666604 -0.8293911 -0.05989837 0.5554482 -0.8293946 -0.05989116 0.5554438 -0.4574319 0.2230279 0.8608221 -0.5511652 0.4094862 0.7270063 0.5919827 -0.8055564 0.025209 0.5919821 -0.805557 0.02520847 -0.591983 0.8055563 -0.02520847 -0.5919822 0.8055567 -0.02520871 0.5919832 -0.805556 0.02520728 0.5919807 -0.8055577 0.02521044 -0.5919832 0.8055561 -0.02520972 -0.5919822 0.8055568 -0.02520823 0.5919833 -0.8055559 0.0252093 0.5919831 -0.8055561 0.02520936 -0.5919839 0.8055556 -0.02520924 -0.5919831 0.805556 -0.02520972 0.5919811 -0.8055577 0.02520805 0.591983 -0.8055561 0.02521032 -0.5919819 0.8055569 -0.02521085 -0.591982 0.8055569 -0.02520763 0.5919829 -0.8055562 0.0252093 0.591982 -0.805557 0.02521061 -0.591982 0.8055568 -0.02521002 -0.5919833 0.8055561 -0.02520585 0.5919822 -0.8055567 0.02520942 0.5919822 -0.8055567 0.025209 -0.5919823 0.8055567 -0.02520829 -0.591983 0.8055561 -0.02520984 0.591982 -0.8055568 0.02520972 0.5919824 -0.8055565 0.02521008 -0.591982 0.8055568 -0.02520912 -0.5919814 0.8055574 -0.02520793 0.5919819 -0.805557 0.02520924 0.5919838 -0.8055555 0.02520978 -0.5919809 0.8055577 -0.02520924 -0.5919835 0.8055558 -0.0252093 0.5919833 -0.8055559 0.02520924 0.5919829 -0.8055562 0.02520871 -0.5919812 0.8055574 -0.02520883 -0.5919815 0.8055572 -0.0252096 0.5919823 -0.8055568 0.02520817 0.5919822 -0.8055568 0.02520835 -0.591982 0.8055568 -0.02520972 -0.591981 0.8055577 -0.02520966 -0.7877935 0.2892513 0.5437969 -0.115463 0.8046182 -0.5824584 -0.8946342 0.2613915 0.3623592 -0.7877911 0.2892531 0.5437995 -0.2835179 0.7716084 -0.5694191 -0.1154826 0.8046033 -0.582475 -0.2835141 0.7716138 -0.5694136 0.8859835 -0.1740127 -0.4298289 -0.1155444 0.8046265 -0.5824309 -0.2835198 0.7716365 -0.5693801 0.6681969 -0.5232319 -0.5289058 0.8859682 -0.1740528 -0.4298445 0.668191 -0.5232132 -0.5289318 0.0152449 -0.7800632 0.625515 0.8859755 -0.1739819 -0.4298579 0.6682037 -0.5232319 -0.5288973 0.02426779 -0.8154097 0.5783755 0.01525437 -0.780074 0.6255015 0.02432942 -0.8154613 0.5783001 -0.8945075 0.2615919 0.3625274 0.01536911 -0.7800562 0.6255207 0.02433425 -0.8154569 0.5783061 -0.787778 0.2893332 0.5437757 -0.8946376 0.2614264 0.3623257 -0.8946232 0.2614039 0.3623775 -0.197439 0.6294488 -0.7515398 -0.9774821 0.08574026 0.1928147 -0.894651 0.2613549 0.3623442 -0.1154229 0.8046196 -0.5824648 -0.1974667 0.6294003 -0.7515733 -0.1155501 0.8046215 -0.5824367 0.9605333 -0.01593774 -0.2777081 -0.1975009 0.6294553 -0.7515182 -0.1155328 0.8046462 -0.5824061 0.8859739 -0.1740212 -0.4298452 0.9605419 -0.01589852 -0.2776806 0.8859487 -0.174005 -0.4299037 0.08928763 -0.6231458 0.7769923 0.9605024 -0.01592016 -0.2778159 0.8859633 -0.1739816 -0.4298831 0.0152893 -0.7800204 0.6255672 0.08933436 -0.6230567 0.7770585 0.01537948 -0.7800445 0.6255351 -0.9774843 0.08578121 0.1927855 0.08939391 -0.6231065 0.7770116 0.01535171 -0.7800789 0.6254928 -0.8946555 0.2614039 0.3622979 -0.9774908 0.08575493 0.1927642 -0.9774778 0.08575576 0.1928293 -0.2094484 0.4106789 -0.8873975 -0.989472 -0.1330416 0.05696654 -0.9774878 0.0856989 0.1928041 -0.1974628 0.6294184 -0.751559 -0.2094571 0.4106212 -0.8874221 -0.1975089 0.6294353 -0.7515327 0.9712476 0.1795627 -0.1563178 -0.2095152 0.4106743 -0.8873838 -0.197513 0.6294083 -0.7515543 0.9605293 -0.01595282 -0.2777211 0.9712434 0.1796065 -0.1562941 0.9605048 -0.01595121 -0.2778062 0.1000169 -0.4276742 0.8983827 0.9712324 0.1795517 -0.1564255 0.9605207 -0.01584458 -0.277757 0.0893051 -0.6230701 0.777051 0.1000326 -0.4275671 0.8984319 0.08938074 -0.623161 0.7769695 -0.989479 -0.1330065 0.05692869 0.1001086 -0.4276074 0.8984043 0.0893892 -0.623122 0.7769998 -0.9774956 0.08573526 0.1927481 -0.9894757 -0.1330373 0.05691283 -0.9894741 -0.1330211 0.0569781 -0.1491059 0.1751701 -0.9731819 -0.9291837 -0.3685017 -0.02871084 -0.9894665 -0.1330832 0.05696409 -0.2094607 0.4106411 -0.8874121 -0.1491104 0.1752198 -0.9731722 -0.2095121 0.4106501 -0.8873959 0.9109868 0.4040076 -0.08295238 -0.1492171 0.1751433 -0.9731696 -0.2095081 0.4106205 -0.8874104 0.9712498 0.1795456 -0.1563241 0.9109844 0.4040135 -0.08294981 0.9712402 0.1795237 -0.1564094 0.04018485 -0.2135932 0.9760959 0.9109733 0.4040136 -0.08306974 0.9712232 0.1796395 -0.1563817 0.1000068 -0.4275856 0.8984261 0.04017072 -0.213501 0.9761166 0.1001148 -0.4276676 0.8983749 -0.9291653 -0.3685375 -0.0288437 0.04024398 -0.2135486 0.9761033 0.1001098 -0.4276248 0.8983958 -0.9894731 -0.1330605 0.05690187 -0.9291979 -0.3684569 -0.02882522 -0.9291758 -0.3685214 -0.02871239 0.1338059 0.5174614 -0.8451803 -0.8630746 0.5040017 -0.03293561 -0.929167 -0.3685435 -0.02871221 -0.1491056 0.1751902 -0.9731783 0.1337654 0.5175049 -0.8451601 -0.1492072 0.1751211 -0.9731751 0.9109741 0.4040376 -0.08294486 0.1338561 0.5175015 -0.8451479 0.1338565 0.517498 -0.8451498 0.9109733 0.4040396 -0.08294403 0.8059342 0.5919726 -0.006215453 0.9109744 0.4040215 -0.08302038 0.0401678 -0.2135593 0.976104 0.630777 0.5682319 0.5284249 0.6307602 0.5682564 0.5284187 0.04017627 -0.2135466 0.9761064 -0.4329252 0.7646471 0.477379 0.04025477 -0.2135737 0.9760972 -0.9291933 -0.3684687 -0.02882641 -0.4330499 0.7646085 0.4773278 -0.4330018 0.7646099 0.4773691 -0.9291615 -0.3685469 -0.02884685 -0.863104 0.5039584 -0.03282415 0.2168478 -0.9760202 0.01901429 0.1514772 -0.2339341 -0.96038 -0.6285707 -0.7775885 -0.01596975 0.2167921 -0.9760318 0.01905918 0.5587963 -0.06080985 -0.8270725 0.1514759 -0.2339335 -0.9603802 0.5588474 -0.06079745 -0.8270389 0.6603128 0.7451266 -0.09366655 0.1514092 -0.2339664 -0.9603828 0.5588296 -0.06079345 -0.8270512 0.8059545 0.5919449 -0.006214499 0.6603429 0.7451012 -0.09365612 0.8060017 0.59188 -0.006280183 0.7146002 0.4532599 0.5328247 0.6603751 0.7450654 -0.09371459 -0.2207307 0.1415991 0.9650014 0.5812677 -0.6203863 0.5265443 -0.6283829 -0.77774 -0.01598167 -0.6284996 -0.7776467 -0.01593929 0.3554372 -0.3580841 -0.8633888 -0.4245306 -0.90178 0.08103513 -0.628533 -0.7776192 -0.01596474 0.1515215 -0.2339622 -0.9603661 0.3554803 -0.3581197 -0.8633564 0.1514797 -0.234025 -0.9603574 0.4664238 0.8665033 -0.1778225 0.3554005 -0.3581426 -0.8633797 0.1516072 -0.2341272 -0.9603124 0.6603329 0.7451097 -0.09365922 0.466382 0.8665213 -0.1778447 0.6603795 0.7450655 -0.09368282 -0.4047104 0.2592253 0.8769332 0.4665018 0.86645 -0.1778783 0.6602914 0.7451356 -0.09374588 -0.2208334 0.1415919 0.9649789 -0.4047932 0.2592896 0.8768759 -0.2207084 0.1415824 0.9650089 -0.4245224 -0.9017881 0.08098703 -0.4047182 0.2593347 0.8768972 -0.2207165 0.1415883 0.9650062 -0.6285144 -0.7776328 -0.01602733 -0.4244951 -0.9017997 0.08100301 -0.4245501 -0.9017717 0.08102673 0.5636276 -0.4063056 -0.7191938 -0.2163385 -0.9499804 0.2252439 -0.4245062 -0.9017884 0.08106982 0.3554602 -0.3581132 -0.8633672 0.5636717 -0.4063218 -0.7191501 0.3554211 -0.3581489 -0.8633686 0.2803833 0.9095771 -0.3066834 0.5636043 -0.4063656 -0.7191781 0.3554502 -0.3581608 -0.8633517 0.4664384 0.8664976 -0.1778119 0.2803447 0.9095785 -0.3067148 0.4665079 0.8664529 -0.1778474 -0.5907311 0.3023125 0.7480936 0.2804811 0.9095349 -0.3067192 0.4664227 0.8664827 -0.1779258 -0.4047898 0.2592597 0.8768864 -0.5908166 0.3023412 0.7480145 -0.4046633 0.2593105 0.8769298 -0.2163206 -0.9499955 0.2251974 -0.5907586 0.3024061 0.7480341 -0.4047027 0.2593272 0.8769065 -0.424474 -0.9018086 0.08101397 -0.2162941 -0.9499964 0.2252193 -0.2163561 -0.9499797 0.2252302 0.7502048 -0.3734389 -0.5456522 -0.02909225 -0.9163861 0.3992372 -0.2163191 -0.9499759 0.2252817 0.5636531 -0.4063233 -0.7191639 0.750238 -0.3734375 -0.5456075 0.5636246 -0.4063661 -0.719162 0.1118149 0.879385 -0.4627953 0.7502335 -0.3735104 -0.5455638 0.5636506 -0.4063687 -0.7191401 0.2803996 0.909576 -0.3066717 0.1118449 0.8793972 -0.4627649 0.2804819 0.9095457 -0.3066867 -0.7580406 0.2723152 0.5926373 0.1119186 0.8793509 -0.462835 0.2804058 0.909538 -0.306779 -0.5908057 0.3023146 0.7480338 -0.7581159 0.2723065 0.592545 -0.5907026 0.3024054 0.7480785 -0.02906608 -0.9164035 0.399199 -0.758078 0.2723881 0.5925559 -0.5907419 0.3024043 0.748048 -0.2162728 -0.9499977 0.2252346 -0.02904164 -0.9163945 0.3992215 -0.02909857 -0.9163843 0.3992406 0.6681104 -0.5233525 -0.5288957 0.02398759 -0.8154351 0.5783513 -0.02907836 -0.9163673 0.3992812 0.7502382 -0.3734415 -0.5456044 0.6680988 -0.5233617 -0.5289013 0.7502257 -0.3735234 -0.5455656 -0.2833592 0.771732 -0.5693306 0.6681556 -0.5233384 -0.5288526 0.7502373 -0.3735105 -0.5455585 0.1117951 0.8793748 -0.4628195 -0.2833873 0.7716551 -0.5694209 0.1118967 0.8793528 -0.4628368 -0.7876992 0.2894896 0.5438067 -0.2833716 0.7716454 -0.5694418 0.1118597 0.8793315 -0.462886 -0.7580862 0.2722954 0.5925881 -0.7876538 0.2895247 0.5438539 -0.7580595 0.2723951 0.5925762 0.02410942 -0.8154092 0.5783827 -0.7877324 0.2895706 0.5437157 -0.7579081 0.2724621 0.5927394 -0.0290265 -0.9163867 0.3992406 0.02408558 -0.8154335 0.5783495 0.8059391 0.5919659 -0.006215751 0.5587844 -0.06078314 -0.8270825 0.1338546 0.5174676 -0.8451687 -0.008710622 -0.8214669 -0.5701898 -0.7688732 0.2144417 -0.6023694 -0.07631999 0.6557158 -0.7511405 -0.008699357 -0.8214579 -0.5702028 -0.07623195 0.6556828 -0.7511783 0.6246097 -0.2975175 -0.7220431 -0.8630794 0.5039991 -0.03284454 0.1338021 0.5175634 -0.8451185 -0.08832788 0.9847949 -0.1495904 -0.08833444 0.9847889 -0.1496261 -0.6417663 0.7668629 0.007571458 -0.8630803 0.5039991 -0.03282243 0.5589051 -0.0607835 -0.8270009 0.2168917 -0.9760094 0.0190711 0.5339713 -0.8434891 0.05831652 0.5339745 -0.8434865 0.05832654 0.9172663 -0.3836576 -0.1069085 0.5588699 -0.0608108 -0.8270227 0.133856 0.5174992 -0.8451493 0.5588565 -0.06079906 -0.8270326 0.9172337 -0.3837171 -0.1069756 0.9172503 -0.3836838 -0.1069521 -0.08828538 0.9847882 -0.1496598 0.1338485 0.5174881 -0.8451573 -0.08255487 -0.9346018 0.3459831 -0.9264687 0.2190065 0.3060913 -0.8702393 0.2661119 0.4145698 -0.8586151 0.1901979 0.4760302 -0.08905023 -0.8601266 0.5022473 -0.02749592 -0.8894625 0.4561803 -0.2369849 -0.9531713 0.1878904 -0.9962009 0.0736671 0.04644423 -0.9855509 0.06553 0.1561905 -0.9944793 -0.103569 -0.01686912 -0.3961756 -0.9181345 0.008611559 -0.2370008 -0.9531614 0.1879208 -0.7688155 0.2143931 -0.6024603 -0.6672428 0.7448107 -0.00664407 0.03086102 0.9690433 0.2449545 -0.08832508 0.9847821 -0.1496761 0.03087437 0.9690459 0.2449427 -0.6672417 0.7448114 -0.006678164 0.4586899 0.8324562 0.3108383 0.9221982 0.2008678 0.3304584 0.9666301 -0.02144777 -0.2552769 0.9666425 -0.02148348 -0.2552272 0.2763798 0.917912 -0.284696 0.458706 0.8324457 0.3108422 0.9260022 -0.2490863 0.2836831 0.9172627 -0.3836752 -0.1068761 0.5086776 -0.8597115 0.04629588 0.508678 -0.8597101 0.04631733 0.6245667 -0.2975366 -0.7220724 0.9260033 -0.2490967 0.2836703 0.02422672 -0.8154478 0.5783235 0.6682078 -0.5232122 -0.5289117 0.1520086 -0.692512 0.7052096 -0.2835134 0.7715733 -0.5694689 -0.7877445 0.28929 0.5438473 -0.6361786 0.3798844 0.6715391 -0.7878093 0.2893046 0.5437458 0.1521182 -0.6925154 0.7051826 -0.6362025 0.3799548 0.6714766 -0.7878073 0.2893335 0.5437332 0.02438503 -0.8154359 0.5783337 0.1521438 -0.6925024 0.7051898 0.1519364 -0.6925678 0.7051704 0.6681855 -0.5232272 -0.5289248 0.3811103 -0.5224395 0.7627661 -0.2835214 0.7716057 -0.5694211 -0.6361568 0.3798993 0.6715513 -0.4070751 0.5500486 0.7292027 -0.6361963 0.3799536 0.6714832 0.3811286 -0.5225282 0.7626962 -0.4071063 0.5501171 0.7291335 -0.6361679 0.3799856 0.6714919 0.1520944 -0.6925336 0.7051699 0.3811573 -0.5224961 0.7627037 0.3811209 -0.5224316 0.7627662 0.3031553 -0.790516 -0.5321478 0.6120702 -0.3543712 0.7069591 0.3811633 -0.5223975 0.7627682 0.6682348 -0.5231928 -0.5288965 0.303162 -0.7905129 -0.5321486 0.6682047 -0.523227 -0.5289008 -0.6474347 0.5030573 -0.5725049 0.3031319 -0.7905273 -0.5321444 0.6681336 -0.5233168 -0.5289019 -0.2835109 0.7716355 -0.5693858 -0.647513 0.5029584 -0.5725032 -0.2835075 0.7716152 -0.5694151 -0.1760132 0.7181018 0.6733122 -0.6475053 0.5029634 -0.5725075 -0.2834863 0.7716329 -0.5694018 -0.4070494 0.550067 0.7292031 -0.1759498 0.7181458 0.6732818 -0.4071066 0.5501126 0.7291367 0.6120508 -0.3544766 0.7069231 -0.1760405 0.718173 0.673229 -0.4070769 0.5501427 0.7291306 0.3811566 -0.5225024 0.7626997 0.6120865 -0.3544394 0.7069107 0.6120766 -0.3543646 0.7069568 0.3032141 -0.7904772 -0.532172 0.768203 -0.268675 0.5811007 -0.6474668 0.5029889 -0.5725287 -0.1759598 0.7181432 0.673282 -0.04357391 0.8361663 0.5467426 -0.1760129 0.7181717 0.6732376 0.7682133 -0.2687528 0.5810512 -0.04367762 0.8361617 0.5467413 -0.1760458 0.7181468 0.6732556 0.6120576 -0.3544625 0.7069243 0.7681966 -0.2687531 0.5810729 0.024028 -0.8154043 0.5783931 0.6681498 -0.5233233 -0.5288748 0.1519899 -0.6926178 0.7051097 -0.2833148 0.7716888 -0.5694113 -0.7876781 0.2895221 0.5438201 -0.6360524 0.3798892 0.6716558 -0.7877361 0.2895517 0.5437203 0.1520707 -0.6926401 0.7050704 -0.6360263 0.3799874 0.671625 -0.7876616 0.2895948 0.5438052 0.02414649 -0.8154204 0.5783653 0.1520466 -0.6926562 0.7050597 0.1521631 -0.6924874 0.7052004 0.6681187 -0.5233474 -0.5288904 0.3811087 -0.5224391 0.7627671 -0.2833085 0.771691 -0.5694114 -0.6360511 0.379893 0.6716551 -0.4070725 0.5500497 0.7292032 -0.6360623 0.3799572 0.671608 0.3811305 -0.5225269 0.7626961 -0.4071043 0.5501193 0.729133 -0.63603 0.3799951 0.6716172 0.1520663 -0.6926599 0.7050519 0.3811558 -0.522497 0.7627039 0.3811195 -0.5224326 0.7627663 0.3032042 -0.7904466 -0.5322232 0.6121771 -0.3543851 0.7068597 0.3811645 -0.5223981 0.7627673 0.6681789 -0.523302 -0.5288591 0.3031355 -0.7904979 -0.532186 0.668148 -0.5233431 -0.5288575 -0.6471891 0.5030553 -0.5727841 0.3031271 -0.7905036 -0.5321823 0.6681529 -0.523331 -0.5288633 -0.2833999 0.7716783 -0.5693832 -0.6472038 0.5030434 -0.5727781 -0.283376 0.7716411 -0.5694455 -0.1760525 0.7179856 0.6734257 -0.6472398 0.5029735 -0.5727987 -0.2833499 0.7716602 -0.5694327 -0.4070513 0.5500663 0.7292025 -0.1759807 0.7180398 0.6733868 -0.4071057 0.5501115 0.729138 0.6121928 -0.3544741 0.7068013 -0.1760718 0.7180509 0.6733511 -0.4070802 0.5501437 0.7291281 0.3811532 -0.5225023 0.7627015 0.6122188 -0.3544413 0.7067953 0.6122096 -0.3543605 0.7068437 0.3032097 -0.7904439 -0.5322239 0.768113 -0.268415 0.5813397 -0.6471907 0.5030115 -0.5728208 -0.1759778 0.7180395 0.6733879 -0.04377144 0.8363671 0.5464195 -0.1761163 0.7180227 0.6733695 0.7680917 -0.2685143 0.581322 -0.04393035 0.8363436 0.5464425 -0.1760345 0.7181056 0.6733025 0.6122403 -0.3544317 0.7067815 0.7681081 -0.2685145 0.5813002 -0.7291314 0.3540758 -0.5856601 0.208967 0.957799 0.1973672 -0.5378818 0.3790689 -0.7529874 -0.729179 0.3540732 -0.5856024 0.01561874 0.9305106 0.365932 0.2090057 0.9578009 0.1973179 0.01561623 0.9305355 0.3658687 0.5640073 -0.2741318 0.7789401 0.2089232 0.957819 0.197317 0.01571899 0.9305767 0.3657596 0.7369028 -0.2497203 0.6281832 0.5641395 -0.2741394 0.7788417 0.7369749 -0.2496153 0.6281403 -0.2701572 -0.9204438 -0.282486 0.5642441 -0.2740558 0.7787954 0.736903 -0.2496137 0.6282254 -0.09343355 -0.8955215 -0.4350993 -0.2702309 -0.9204509 -0.2823922 -0.09339731 -0.8955511 -0.4350463 -0.5380294 0.3791677 -0.7528322 -0.2701513 -0.9204791 -0.2823767 -0.09339272 -0.8955503 -0.4350489 -0.729182 0.3541515 -0.5855513 -0.5379045 0.3791574 -0.7529265 -0.5378793 0.3790497 -0.7529988 0.2089863 0.9578029 0.197328 0.2063076 0.7968812 0.5678182 0.2090089 0.9578131 0.1972551 0.5641736 -0.2741438 0.7788154 0.2062997 0.7968599 0.567851 0.2062892 0.7968564 0.5678598 0.5642091 -0.2741435 0.7787897 0.373777 -0.2264356 0.8994541 0.5642554 -0.2740775 0.7787796 -0.4605115 -0.8727728 -0.1618541 0.3738875 -0.2263773 0.8994228 0.5641676 -0.2740477 0.7788535 -0.2702325 -0.9204403 -0.2824256 -0.4605998 -0.8727396 -0.1617819 -0.2701037 -0.9204826 -0.2824106 -0.7522147 0.05370509 -0.6567258 -0.4604951 -0.8727983 -0.1617636 -0.4605029 -0.872795 -0.1617591 -0.7521955 0.05371367 -0.6567472 -0.125741 -0.3400391 -0.9319671 0.8543363 0.4140594 0.3141087 0.3737943 -0.2264434 0.8994449 0.1886489 -0.1124543 0.9755848 0.3738915 -0.2264117 0.8994126 -0.6456475 -0.7588104 -0.08571022 0.1887538 -0.1124188 0.9755687 0.3738049 -0.2263488 0.8994644 -0.4605941 -0.8727361 -0.1618174 -0.6457322 -0.7587437 -0.08566188 -0.460514 -0.87279 -0.161755 -0.1257673 -0.3399718 -0.9319881 -0.645662 -0.7588095 -0.08560907 -0.1257244 -0.3399741 -0.9319931 0.7380882 0.6736764 -0.03722989 -0.01560455 0.08982914 -0.995835 -0.1257181 -0.3399769 -0.931993 0.8543933 0.4139952 0.3140388 0.7380555 0.6737129 -0.03721499 0.8543352 0.4140614 0.3141092 0.1886535 -0.1124604 0.9755832 0.7380472 0.6737172 -0.0373041 0.7381048 0.6736537 -0.03730851 0.188636 -0.1124476 0.9755881 0.04282015 -0.01160699 0.9990154 0.1887508 -0.1124493 0.9755657 -0.7679183 -0.6397314 -0.03233158 0.04296326 -0.01158738 0.9990095 0.1886807 -0.1123594 0.9755896 -0.645718 -0.7587528 -0.08568882 -0.7679755 -0.6396632 -0.03231966 -0.6456291 -0.7588365 -0.08561795 -0.01550453 0.08983963 -0.9958356 -0.7679455 -0.6397048 -0.03221201 -0.6456923 -0.7587848 -0.08559828 -0.1257436 -0.3400352 -0.9319682 -0.01554721 0.08988499 -0.9958308 0.1106879 -0.08192455 -0.990473 0.641111 0.7042428 0.3049901 -0.3340276 -0.05646735 -0.9408704 0.11071 -0.08199882 -0.9904643 0.8643386 0.5018972 -0.03190648 0.641145 0.7042016 0.3050137 0.8643705 0.5018374 -0.03198552 -0.07994902 0.2530488 0.9641445 0.6411026 0.7042371 0.3050208 0.8643223 0.5019196 -0.03199553 -0.02795481 0.08485507 0.9960011 -0.07997262 0.2531039 0.964128 -0.02787262 0.08481627 0.9960067 -0.9142456 -0.393348 -0.09712195 -0.07984381 0.2530459 0.964154 -0.0279113 0.08489006 0.9959994 -0.8387694 -0.5433372 -0.03536343 -0.9142919 -0.3932384 -0.09712886 -0.8387982 -0.543296 -0.03531378 0.1108094 -0.08197277 -0.9904554 -0.9142736 -0.3933042 -0.09703415 -0.9142865 -0.3932709 -0.0970475 0.1108099 -0.08196663 -0.9904559 -0.334081 -0.05652022 -0.9408482 0.6410837 0.7042518 0.3050268 -0.07995826 0.2530784 0.9641359 -0.1310099 0.46051 0.8779333 -0.07986539 0.2530182 0.9641594 -0.9653127 -0.1859267 -0.18331 -0.1309147 0.4604675 0.8779699 -0.07987916 0.253131 0.9641287 -0.9142791 -0.3932631 -0.09714865 -0.9653289 -0.1858144 -0.1833388 -0.9142806 -0.3932858 -0.09704279 -0.3340803 -0.05652356 -0.9408483 -0.9653404 -0.1858535 -0.1832388 0.6410928 0.7042452 0.3050224 -0.1310135 0.4605323 0.8779212 0.8047963 -0.01732796 0.593298 0.8048239 -0.01730537 0.5932614 -0.1310148 0.46053 0.8779222 -0.1159608 0.651349 0.7498651 -0.130939 0.4604455 0.8779779 -0.9502708 0.004939436 -0.3113857 -0.1158709 0.651332 0.7498937 -0.1309199 0.4605526 0.8779246 -0.9653213 -0.18584 -0.1833531 -0.9502533 0.00504601 -0.3114378 -0.9653444 -0.1858041 -0.1832675 -0.15413 -0.7601117 -0.6312481 -0.950276 0.005066394 -0.3113677 -0.9653394 -0.1858624 -0.1832352 -0.3340404 -0.05655425 -0.9408606 -0.1541415 -0.7601224 -0.6312324 0.2232281 -0.6563975 -0.7206328 0.8812415 -0.2473602 0.4027734 0.1369081 -0.8247458 -0.5486808 0.2232481 -0.6563631 -0.7206579 0.9702033 -0.07779151 0.2294646 0.8812636 -0.247325 0.4027467 0.9702107 -0.0778436 0.2294158 -0.03654676 0.8026622 0.5953133 0.8812466 -0.2474057 0.4027345 0.9702338 -0.07776165 0.2293459 -0.1159545 0.6513695 0.7498483 -0.03652334 0.8026902 0.5952768 -0.1158987 0.6513208 0.7498992 -0.8691541 0.1597371 -0.4680335 -0.03645652 0.8026776 0.5952979 -0.1158477 0.6514064 0.7498327 -0.9502518 0.00501281 -0.3114426 -0.8691627 0.1597224 -0.4680226 -0.9502964 0.004997193 -0.3113069 0.1370074 -0.8247616 -0.5486323 -0.8691729 0.1597942 -0.467979 -0.9502854 0.005033731 -0.3113397 0.2233381 -0.6563682 -0.7206254 0.1369878 -0.8247873 -0.5485985 0.0427953 -0.01157778 0.9990169 -0.02795368 0.0848512 0.9960016 0.8643086 0.5019432 -0.03199923 0.04279679 -0.01157999 0.9990168 0.8643442 0.5018824 -0.03198903 0.7381398 0.6736153 -0.03731334 -0.7679948 -0.6396397 -0.03232806 -0.8387901 -0.5433052 -0.03536576 -0.0278691 0.08482676 0.9960059 -0.7679046 -0.6397484 -0.03231859 -0.02785933 0.0848118 0.9960075 0.04292124 -0.01155769 0.9990116 -0.8387767 -0.5433293 -0.03531229 -0.7679688 -0.6396771 -0.03220838 -0.0155341 0.08986824 -0.9958326 -0.8387871 -0.5433132 -0.03531473 -0.01551228 0.0898447 -0.995835 0.1107605 -0.08188349 -0.9904683 0.110718 -0.08197361 -0.9904656 -0.01555919 0.08977782 -0.9958403 0.7380797 0.673685 -0.03724074 0.1106883 -0.08194202 -0.9904714 0.738129 0.6736316 -0.0372312 0.864349 0.5018793 -0.03190404 0.015643 0.9305082 0.3659369 -0.7291408 0.3540981 -0.585635 -0.6475036 0.5029411 -0.572529 -0.6474555 0.5029762 -0.5725525 -0.04360395 0.8361521 0.5467618 0.01567602 0.9305431 0.3658468 -0.09343641 -0.8955234 -0.435095 0.7369331 -0.2496 0.6281954 0.7681585 -0.2687215 0.581138 0.7681913 -0.2686944 0.5811072 0.3032071 -0.7904753 -0.5321788 -0.09342545 -0.8955288 -0.4350861 -0.7291707 0.3541471 -0.5855681 -0.09336298 -0.8955436 -0.435069 0.3032255 -0.7904877 -0.53215 0.3031662 -0.7905367 -0.5321111 -0.6475155 0.502965 -0.5724945 -0.7291917 0.3541385 -0.5855472 0.1368966 -0.8247442 -0.5486859 0.8812591 -0.2473511 0.4027405 0.768067 -0.2684533 0.5813828 0.7681359 -0.2684209 0.5813066 0.3031791 -0.7904623 -0.5322141 0.1369335 -0.8247396 -0.5486839 0.881187 -0.2475143 0.4027979 -0.0365256 0.8026865 0.5952816 -0.04386997 0.8363577 0.5464259 -0.04388505 0.8363981 0.5463628 0.7681432 -0.2684968 0.581262 0.8812151 -0.247438 0.4027832 -0.03646039 0.8026688 0.5953096 -0.8691766 0.1597052 -0.4680026 -0.6471724 0.503044 -0.5728129 -0.6471673 0.5030257 -0.572835 -0.04381221 0.8363479 0.5464456 -0.03643637 0.8026995 0.5952696 -0.869198 0.1597696 -0.4679406 0.1370045 -0.8247605 -0.5486346 0.303214 -0.7904637 -0.5321923 0.3031722 -0.7905307 -0.5321164 -0.6471567 0.5030521 -0.5728236 -0.8691625 0.1598371 -0.4679836 -0.04370552 0.8361617 0.5467392 0.768209 -0.2687693 0.581049 0.7369225 -0.2497126 0.6281631 -0.04367721 0.8361338 0.5467841 0.7368184 -0.2497556 0.6282681 0.0156117 0.9305335 0.3658741 -0.7688711 0.2144421 -0.6023719 -0.008695542 -0.8214668 -0.5701902 -0.3961334 -0.9181524 0.008639097 -0.3962302 -0.9181103 0.008675038 -0.9944817 -0.1035508 -0.01683545 -0.7688663 0.2144464 -0.6023766 -0.08905929 -0.8601534 0.5021998 -0.8586301 0.1902047 0.4760007 -0.9679893 0.04726797 0.2465006 -0.9679837 0.04727357 0.2465217 -0.2249376 -0.9348304 0.2747642 -0.08907592 -0.8601319 0.5022337 -0.6672977 0.7447617 -0.006623923 -0.7688625 0.2143587 -0.6024125 -0.9944733 -0.103623 -0.0168876 -0.6672772 0.7447801 -0.006624937 -0.996206 0.07355213 0.04651564 -0.6418045 0.7668306 0.007600307 0.5086431 -0.8597301 0.04633104 0.5339239 -0.8435168 0.05834937 -0.2284281 -0.9701067 0.08193796 0.5086035 -0.8597526 0.04634672 -0.3962637 -0.9180958 0.008674383 -0.008698582 -0.8214275 -0.5702467 -0.0882638 0.9847905 -0.1496577 0.9172718 -0.3836562 -0.1068668 0.9259631 -0.2491711 0.2837361 0.925989 -0.2491727 0.2836501 0.03085923 0.9690683 0.2448559 -0.08828628 0.984786 -0.1496736 -0.0763536 0.6556445 -0.7511995 -0.7688435 0.2144051 -0.6024204 0.03088831 0.9690532 0.2449123 0.5339619 -0.8434945 0.05832672 0.5086699 -0.8597146 0.04632228 0.9172555 -0.3836797 -0.1069223 0.03086113 0.9690517 0.244921 0.9260125 -0.2490743 0.2836596 0.9221855 0.200928 0.330457 0.9222019 0.2008993 0.3304288 0.4587723 0.8324314 0.3107824 0.03091466 0.9690682 0.2448495 0.926 -0.2491308 0.2836508 0.6245633 -0.2974874 -0.7220955 0.9666179 -0.02138406 -0.2553285 0.9666285 -0.02146685 -0.2552815 0.9221727 0.2009558 0.3304761 0.9259834 -0.2491871 0.2836557 0.6245627 -0.2975496 -0.7220705 -0.07636421 0.6556598 -0.7511849 0.2763952 0.9179115 -0.2846826 0.2763884 0.9179138 -0.284682 0.966632 -0.02146643 -0.255268 0.6245492 -0.2975417 -0.7220854 0.276399 0.9179176 -0.2846595 0.03084486 0.9690654 0.244869 0.4587493 0.8324261 0.3108308 0.03086948 0.9690483 0.2449339 0.2764836 0.9178712 -0.2847265 -0.07634305 0.6556285 -0.7512145 0.206339 0.7968816 0.5678065 0.3738465 -0.2264643 0.899418 0.8543591 0.4139989 0.3141268 -0.2701749 -0.9204785 -0.2823561 -0.5378662 0.3791543 -0.7529556 -0.7522044 0.05370968 -0.6567372 -0.5379695 0.3790779 -0.7529203 0.2062806 0.7968847 0.5678233 -0.7521936 0.05376708 -0.6567451 0.8047973 -0.01732629 0.5932968 -0.1159555 0.6513763 0.7498422 0.9702005 -0.07787853 0.229447 -0.1540982 -0.7600849 -0.6312882 0.8047948 -0.01741957 0.5932975 0.9701777 -0.07785743 0.2295504 -0.1540755 -0.7601901 -0.631167 0.9702002 -0.07772916 0.2294991 0.2232429 -0.6563996 -0.7206263 -0.9502829 0.005042076 -0.311347 -0.154156 -0.760133 -0.6312161 0.2233432 -0.6563496 -0.7206407 0.5068337 0.8618807 -0.01677054 0.6581187 -0.2946066 0.6928829 0.8038417 -0.3448385 0.4846908 0.3583063 0.9136365 0.1920546 0.6581655 -0.2946227 0.6928316 0.5067945 0.8619045 -0.01673787 -0.7514664 0.4428355 -0.4890759 0.3583891 0.9135983 0.1920814 0.5067414 0.8619405 -0.01649093 -0.6218357 0.4014838 -0.672407 0.3583505 0.913605 0.1921216 -0.751446 0.442822 -0.4891192 -0.419724 -0.9048667 0.07104933 -0.6218178 0.4015668 -0.6723741 -0.7513856 0.442902 -0.4891396 -0.2872641 -0.9510577 -0.1138792 -0.6218287 0.4015688 -0.6723628 -0.4196381 -0.9049146 0.0709477 0.8038552 -0.344787 0.4847048 -0.2872886 -0.9510411 -0.1139568 -0.4197445 -0.9048646 0.07095575 0.6581562 -0.2945349 0.6928778 -0.2872676 -0.9510457 -0.1139719 0.8038607 -0.3447867 0.484696 0.5724468 0.7801554 -0.2523139 0.8038437 -0.3448446 0.4846829 0.8694657 -0.4265601 0.2491506 0.5068119 0.8618943 -0.01673972 0.8038286 -0.3448219 0.4847242 0.572433 0.780179 -0.2522722 -0.8101018 0.5158674 -0.2785966 0.5068518 0.861871 -0.01672226 0.5724584 0.7802405 -0.2520246 -0.7514474 0.4428234 -0.4891159 0.5068557 0.8618685 -0.01673418 -0.8100974 0.5158472 -0.2786471 -0.4783306 -0.8318347 0.2815157 -0.7514252 0.442924 -0.4890589 -0.8100387 0.5159154 -0.2786911 -0.4196745 -0.9048916 0.07102566 -0.7513849 0.4428578 -0.4891806 -0.4782884 -0.8319002 0.2813939 0.8694869 -0.4265125 0.2491579 -0.4197454 -0.9048638 0.07095938 -0.4783794 -0.8318353 0.2814309 0.803879 -0.3447995 0.4846566 -0.4197239 -0.9048773 0.07091552 0.8694878 -0.4265173 0.2491465 0.5511087 0.6771009 -0.4876614 0.8694599 -0.4265741 0.2491469 0.8481259 -0.5296149 0.0138036 0.5724328 0.7801787 -0.2522737 0.8694675 -0.4265338 0.249189 0.5511022 0.6771379 -0.4876174 -0.7910304 0.6079529 -0.06829541 0.5724822 0.7801442 -0.252268 0.5511623 0.6771088 -0.4875898 -0.8100982 0.5158492 -0.2786408 0.5724814 0.7801409 -0.2522803 -0.7910446 0.6079297 -0.06833779 -0.4592384 -0.739751 0.4918015 -0.8100469 0.5159496 -0.2786042 -0.7909945 0.6079873 -0.06840431 -0.4782964 -0.8318666 0.2814795 -0.8100547 0.5158714 -0.2787261 -0.459244 -0.7398285 0.4916795 0.8481566 -0.5295661 0.01379978 -0.4783807 -0.8318328 0.2814357 -0.4593111 -0.7397496 0.4917357 0.8694915 -0.4265337 0.2491057 -0.478376 -0.8318518 0.2813876 0.848153 -0.529572 0.01378691 0.4608638 0.6096466 -0.6449307 0.8481217 -0.5296218 0.01380461 0.7657645 -0.6298604 -0.1299249 0.5511155 0.6771231 -0.4876229 0.8481403 -0.5295909 0.0138415 0.4608781 0.6096673 -0.644901 -0.7404277 0.6654438 0.09461271 0.5511505 0.6770915 -0.4876272 0.4609365 0.6096127 -0.6449108 -0.7910423 0.6079329 -0.06833589 0.5511475 0.6770851 -0.4876394 -0.7404693 0.6654068 0.09454643 -0.4177202 -0.6457599 0.6391433 -0.7909728 0.6080248 -0.06832337 -0.7404319 0.665458 0.09447896 -0.4592198 -0.7397886 0.4917623 -0.7910263 0.6079431 -0.06843012 -0.4177138 -0.6457511 0.6391562 0.7657806 -0.6298155 -0.1300488 -0.459304 -0.7397488 0.4917433 -0.4177749 -0.6457249 0.6391428 0.8481428 -0.5295892 0.0137515 -0.459323 -0.7397699 0.4916939 0.7657859 -0.6298118 -0.1300347 -0.4914687 0.8498659 0.1902276 -0.7404465 0.6654335 0.09453821 0.3848129 0.5498605 -0.7413316 0.3847902 0.5498222 -0.7413717 -0.7404348 0.6654409 0.09457713 0.4609379 0.6095933 -0.6449281 -0.1352455 -0.5962761 0.791305 -0.4177785 -0.6457923 0.6390723 -0.4914906 0.8498654 0.1901732 -0.4914566 0.849875 0.1902182 -0.4177437 -0.6457706 0.6391172 -0.7404025 0.6654843 0.0945239 -0.4178107 -0.6456955 0.6391491 -0.1352697 -0.5962599 0.7913131 0.765763 -0.629832 -0.1300724 0.7658197 -0.629776 -0.1300094 -0.1352518 -0.5962939 0.7912904 0.6896206 -0.687788 -0.2266521 0.7657168 -0.6299008 -0.1300114 0.6895869 -0.6878365 -0.2266076 0.460866 0.6096925 -0.6448857 0.4608343 0.6096777 -0.6449223 0.6896022 -0.6878262 -0.2265922 0.3848125 0.549937 -0.741275 0.6581043 -0.2946267 0.6928882 0.358272 0.9136416 0.1920948 0.8047893 -0.01733535 0.5933076 0.6410834 0.704263 0.3050014 0.8047994 -0.01735264 0.5932933 0.3582626 0.9136542 0.1920523 -0.62181 0.4015883 -0.6723684 -0.28724 -0.9510604 -0.113918 -0.3340787 -0.05649447 -0.9408506 -0.1540991 -0.7601198 -0.631246 -0.3340947 -0.05649024 -0.9408453 -0.2872588 -0.951058 -0.1138908 -0.2873507 -0.9510257 -0.1139292 0.6581196 -0.2945297 0.6929147 -0.1540741 -0.7601378 -0.6312304 0.8047683 -0.01738744 0.5933344 -0.1541099 -0.7601649 -0.6311891 0.6581331 -0.2945322 0.692901 -0.3341139 -0.05648249 -0.9408388 0.6409972 0.7043192 0.3050529 -0.621852 0.401489 -0.6723888 -0.6218262 0.4014904 -0.6724119 0.641108 0.7042799 0.3049104 0.3583354 0.913609 0.1921306 -0.1352862 -0.5962917 0.7912862 0.3415405 -0.8473746 -0.406579 0.5359228 -0.7590503 -0.3696344 0.03710138 0.389136 -0.9204329 -0.4915285 0.8498347 0.1902121 0.2415884 0.4367371 -0.8665425 0.5359581 -0.7590762 -0.3695299 0.03712153 0.389253 -0.9203827 0.2415564 0.4367921 -0.8665237 0.3415098 -0.8474318 -0.4064857 0.03711497 0.3892481 -0.920385 0.5359489 -0.7590826 -0.3695303 -0.1352477 -0.5962606 0.7913163 0.5359359 -0.7590529 -0.3696098 0.6896142 -0.687791 -0.2266623 0.2415722 0.4366984 -0.8665664 -0.4914354 0.8498743 0.1902765 0.3847909 0.5498483 -0.7413522 0.6896123 -0.6878308 -0.2265474 0.2415122 0.4367833 -0.8665404 0.3847336 0.549907 -0.7413382 0.535938 -0.7590906 -0.3695296 0.2414799 0.4367643 -0.8665589 0.6895268 -0.6878905 -0.2266262 0.129225 -0.4823001 0.8664223 -0.3139827 -0.9385897 -0.1430537 0.1333909 -0.8887297 -0.438596 -0.2347744 -0.0692225 -0.969582 0.2785404 0.9295727 0.2414746 -0.1617437 0.3102063 -0.936809 0.1333752 -0.8887723 -0.4385146 -0.2348651 -0.06934064 -0.9695517 -0.1618545 0.3102914 -0.9367616 -0.3138792 -0.9386281 -0.1430285 -0.2348693 -0.06933736 -0.9695509 0.1333483 -0.8887952 -0.4384763 0.129207 -0.4823099 0.8664195 0.133289 -0.8887533 -0.4385793 -0.1352561 -0.5962773 0.7913022 0.3414604 -0.8474005 -0.4065923 -0.1352346 -0.5962662 0.7913144 0.1332808 -0.8887555 -0.4385774 0.2785391 0.9295669 0.2414984 0.1292421 -0.4823309 0.8664026 -0.4915339 0.8498325 0.1902079 -0.1351686 -0.5962918 0.7913063 -0.4914234 0.849897 0.1902054 0.1292347 -0.4823344 0.8664017 -0.1617843 0.3101998 -0.9368041 0.2785349 0.9295722 0.2414826 0.03708589 0.3891286 -0.9204367 -0.4914922 0.8498522 0.1902283 0.0371108 0.3891373 -0.920432 0.2785384 0.9295717 0.2414805 0.1333932 -0.8887811 -0.4384912 -0.1618331 0.3102699 -0.9367725 0.3415257 -0.8474249 -0.4064864 0.03709834 0.3892426 -0.9203879 0.3414942 -0.8474366 -0.4064887 -0.161772 0.310302 -0.9367724 -0.7160097 -0.6966295 0.04513972 -0.2348549 -0.06925982 -0.9695598 -0.3138831 -0.9386253 -0.1430385 0.2784388 0.9296172 0.2414205 0.04280328 -0.1370491 0.9896391 0.129249 -0.4822933 0.8664224 0.04283738 -0.1369796 0.9896473 -0.3138953 -0.9386112 -0.143104 0.1292265 -0.4823711 0.8663825 0.04287856 -0.1369544 0.9896489 -0.715994 -0.6966519 0.04504138 -0.3138673 -0.9386199 -0.1431087 -0.1048157 0.7436232 0.6603319 0.9741348 0.2259455 0.003190159 -0.1029099 0.8890576 0.4460787 -0.1048145 0.743598 0.6603605 0.9728218 0.07742428 0.2182273 0.9741244 0.2259909 0.003144025 0.9728083 0.07748687 0.2182661 0.2121757 -0.8684632 -0.4480548 0.9741212 0.2260039 0.003225028 0.9728047 0.07746088 0.2182906 0.2169795 -0.7399727 -0.6366791 0.2121779 -0.8684865 -0.4480088 0.2170693 -0.7399768 -0.6366439 -0.9907006 -0.1278244 0.0466206 0.2122675 -0.8684158 -0.4481034 0.2170677 -0.7399919 -0.6366268 -0.9895976 0.00466448 -0.1437881 -0.9906868 -0.1278966 0.04671531 -0.9895898 0.004619419 -0.1438437 -0.1028583 0.8890597 0.4460864 -0.9906859 -0.1279324 0.0466336 -0.9895861 0.004640638 -0.143868 -0.1047286 0.743591 0.660382 -0.102863 0.8890733 0.4460582 -0.1029065 0.88905 0.4460948 0.9228616 0.3033233 -0.2373218 -0.1541953 0.9664211 0.2055584 -0.1029329 0.8890737 0.4460411 0.9741269 0.2259798 0.003162145 0.9228387 0.3033519 -0.2373738 0.9741194 0.2260114 0.00320065 0.2580016 -0.937596 -0.2331284 0.9228467 0.3033856 -0.2372999 0.9741152 0.2260304 0.003172993 0.2121748 -0.8684555 -0.4480703 0.2580204 -0.9376023 -0.2330824 0.212239 -0.8684142 -0.4481199 -0.9448879 -0.1969643 0.2615187 0.25808 -0.9375552 -0.2332062 0.2122738 -0.8684602 -0.4480144 -0.9906912 -0.1278645 0.04671025 -0.9448502 -0.1970047 0.2616245 -0.9906921 -0.1279075 0.04657065 -0.1541513 0.9664277 0.2055604 -0.9448561 -0.1970679 0.2615559 -0.9906881 -0.1279226 0.04661643 -0.1028645 0.8890861 0.4460322 -0.1541547 0.9664342 0.2055271 -0.1541936 0.9664164 0.2055813 0.8252312 0.3041322 -0.4759171 -0.2518411 0.9672045 -0.03303772 -0.1542229 0.9664232 0.2055275 0.9228464 0.3033457 -0.237352 0.8251996 0.3041346 -0.4759705 0.9228393 0.3033908 -0.2373219 0.3452546 -0.9382978 -0.01991951 0.8252127 0.3041937 -0.4759098 0.9228295 0.3033974 -0.2373521 0.2579998 -0.9375929 -0.2331427 0.3452798 -0.9382895 -0.01987177 0.2580485 -0.9375622 -0.2332124 -0.857655 -0.1976799 0.4747111 0.3453111 -0.9382749 -0.02001124 0.2581097 -0.9375699 -0.2331142 -0.9448587 -0.1969798 0.2616124 -0.8575956 -0.1976935 0.4748127 -0.9448761 -0.1970545 0.2614928 -0.2517914 0.9672172 -0.03304678 -0.8576042 -0.1977668 0.4747667 -0.9448614 -0.197063 0.2615403 -0.1541655 0.9664371 0.2055051 -0.2518083 0.9672117 -0.033077 -0.2518318 0.9672077 -0.0330159 0.7386018 0.2317949 -0.6330391 -0.3677589 0.9126827 -0.1782237 -0.2518714 0.9671957 -0.03306525 0.8252079 0.30414 -0.4759524 0.7385559 0.2317715 -0.6331012 0.8251987 0.3041923 -0.475935 0.4103609 -0.9005457 0.1436023 0.7385432 0.2318605 -0.6330835 0.8251851 0.3041873 -0.4759618 0.345248 -0.9382998 -0.01993769 0.4103707 -0.9005385 0.1436194 0.3452789 -0.9382866 -0.02001833 -0.7599289 -0.18011 0.6245546 0.4103847 -0.9005532 0.1434871 0.3453532 -0.9382612 -0.0199294 -0.857612 -0.1976652 0.4747948 -0.7599136 -0.1801036 0.6245751 -0.8576359 -0.1977763 0.4747057 -0.3677564 0.9126641 -0.1783241 -0.7598881 -0.1802213 0.6245722 -0.8575152 -0.1977395 0.4749388 -0.2518205 0.9672078 -0.0331003 -0.36776 0.9126622 -0.1783269 0.4103751 -0.9005446 0.1435689 0.6578768 -0.7141396 0.2391712 0.661672 0.1731457 -0.7295278 0.4103735 -0.9005427 0.1435844 0.6616742 0.1731783 -0.7295181 0.7385201 0.2318669 -0.6331081 -0.7598814 -0.180074 0.6246228 -0.6327693 0.08074837 0.7701187 0.6578693 -0.714164 0.2391188 -0.7599325 -0.1801266 0.6245454 0.6578776 -0.7141512 0.2391343 0.4104198 -0.90053 0.1435323 -0.632711 0.08077543 0.7701638 -0.7598835 -0.1802147 0.6245797 -0.3677095 0.9126964 -0.1782559 -0.6327816 0.08069539 0.7701142 -0.3677539 0.9126579 -0.1783615 -0.442932 0.8533765 -0.2748814 -0.443008 0.853343 -0.274863 -0.3677859 0.9126729 -0.1782184 0.7385973 0.2317656 -0.633055 -0.4429857 0.8533666 -0.2748258 0.738585 0.2317553 -0.6330733 0.66173 0.1731144 -0.7294826 0.9728201 0.0774458 0.2182278 -0.1048034 0.7436264 0.6603304 0.2062628 0.7968462 0.5678837 0.2063232 0.796851 0.567855 0.8543606 0.4140169 0.3140988 0.9728251 0.07734072 0.218243 -0.9895898 0.004705309 -0.1438405 0.2170812 -0.7399893 -0.6366252 -0.1257198 -0.3400388 -0.93197 -0.1257262 -0.3400352 -0.9319706 -0.7521961 0.05374789 -0.6567438 -0.9895939 0.004686415 -0.1438128 -0.1047335 0.7435626 0.6604131 -0.9895908 0.004573345 -0.1438376 -0.7522 0.05379647 -0.6567353 -0.7522543 0.05371868 -0.6566794 0.2062808 0.7968854 0.5678222 -0.1047408 0.7435618 0.6604129 0.8543738 0.4139413 0.3141626 -0.1256626 -0.3399428 -0.9320129 0.2169813 -0.7399854 -0.6366637 0.8543682 0.4139611 0.3141518 0.2169898 -0.7399846 -0.6366618 0.9727999 0.0774331 0.2183219 -0.6939337 0.5615499 -0.450686 -0.6328527 0.08064889 0.7700605 -0.5526085 0.722201 -0.4159924 0.6578847 -0.7141255 0.2391914 0.409753 -0.1178309 -0.9045543 0.5146628 0.06514525 -0.8549142 0.4098271 -0.1179091 -0.9045105 -0.5527127 0.7221717 -0.4159048 0.5147053 0.06509566 -0.8548925 0.4098147 -0.11792 -0.9045147 -0.6939557 0.5616074 -0.4505804 -0.552641 0.7222367 -0.4158871 -0.5526095 0.7222158 -0.4159654 -0.6327481 0.08074915 0.7701361 -0.4429853 0.8533291 -0.2749432 0.6578845 -0.7141177 0.2392152 0.5146254 0.06513857 -0.8549373 0.6616889 0.1731537 -0.7295106 0.5146927 0.06506311 -0.8549025 -0.4430636 0.8533222 -0.2748384 0.6616767 0.1730435 -0.7295478 0.5147435 0.06508427 -0.8548702 -0.55269 0.7221643 -0.4159479 -0.4429973 0.8533695 -0.2747979 -0.984942 -0.02596682 -0.1709242 -0.4467984 0.3014349 0.8423231 -0.7946275 0.3740662 -0.4781647 0.9623385 -0.002018809 0.2718467 -0.1075852 -0.2428128 -0.964089 0.2754102 -0.284762 -0.918183 -0.1076421 -0.242805 -0.9640845 -0.7947272 0.3740305 -0.4780272 0.2754585 -0.2848309 -0.9181471 -0.1076509 -0.2428488 -0.9640725 -0.9849517 -0.02596288 -0.1708687 -0.7947071 0.3740416 -0.4780518 -0.7946597 0.3740264 -0.4781426 -0.4467611 0.3014971 0.8423207 -0.6327892 0.08071929 0.7701054 -0.6327769 0.08073621 0.7701138 -0.6939364 0.5615448 -0.4506882 -0.7946615 0.3740212 -0.4781436 -0.4468079 0.3014573 0.8423101 0.9623429 -0.002125203 0.2718302 0.6579194 -0.7141081 0.2391481 0.6579365 -0.7140921 0.2391486 -0.6327991 0.08070892 0.7700983 -0.4467326 0.3015588 0.8423137 0.9623369 -0.002022027 0.2718521 0.2754206 -0.2847427 -0.9181858 0.4097573 -0.1178237 -0.9045532 0.4096961 -0.1179133 -0.9045693 0.6578575 -0.7141569 0.2391726 0.9623355 -0.002027571 0.2718574 0.2754628 -0.2848178 -0.9181498 -0.7946993 0.3740381 -0.4780675 -0.6939603 0.5616002 -0.4505822 -0.6939558 0.5616055 -0.4505825 0.4098079 -0.1179319 -0.9045163 0.2754509 -0.2848307 -0.9181495 -0.1499617 0.1208834 0.981274 -0.4467817 0.3014625 0.8423221 -0.9849499 -0.02594113 -0.1708829 -0.9849534 -0.02587884 -0.1708717 -0.1076401 -0.2427777 -0.9640917 -0.8798417 -0.4736729 0.03889185 -0.4467191 0.3014273 0.8423679 -0.1500447 0.120876 0.9812623 0.9623372 -0.002095282 0.2718508 -0.8797967 -0.4737645 0.0387957 -0.1499601 0.1208794 0.9812747 -0.9849441 -0.02593719 -0.1709172 0.9623571 -0.002048552 0.2717807 0.149035 0.5110304 0.8465439 0.2784803 0.929607 0.2414116 -0.1500437 0.1209053 0.9812588 0.1490241 0.511039 0.8465407 0.9623495 -0.002048671 0.2718073 -0.5012766 -0.755745 -0.421392 -0.7160072 -0.6966373 0.04505848 0.04289734 -0.1369741 0.9896454 -0.8798536 -0.4736577 0.03880953 0.1489013 0.5110639 0.8465471 -0.1499477 0.1209145 0.9812723 -0.2348275 -0.06928896 -0.9695644 -0.5013219 -0.7556785 -0.4214578 -0.1076357 -0.2427988 -0.9640868 -0.7159996 -0.6966396 0.04514503 -0.5012917 -0.7556852 -0.4214814 -0.234816 -0.069292 -0.969567 -0.2348957 -0.06930214 -0.9695469 -0.1076304 -0.242879 -0.9640672 0.9623473 -0.002086877 0.271815 -0.2348967 -0.06932985 -0.9695447 0.9623373 -0.001937031 0.2718515 0.2784999 0.9295879 0.241463 0.5062388 0.02606159 0.8619994 -0.5013508 -0.7556679 -0.4214423 0.04290014 -0.1370456 0.9896354 -0.5013242 -0.7556539 -0.421499 -0.8582421 -0.2698491 -0.4365799 -0.1076311 -0.2427808 -0.9640919 0.5062865 0.0260517 0.8619719 0.04278928 -0.1370349 0.9896416 0.2784704 0.9296137 0.2413973 -0.8582242 -0.2699217 -0.4365702 -0.8797852 -0.4737771 0.03890073 -0.1076232 -0.2428068 -0.9640862 -0.8798275 -0.4737048 0.03882414 -0.858237 -0.2699389 -0.4365346 0.1490034 0.511007 0.8465636 0.1490121 0.5109991 0.8465668 0.5063174 0.02605235 0.8619536 0.2784364 0.929619 0.2414162 -0.501302 -0.7557041 -0.4214353 0.5062333 0.02595245 0.862006 0.3274917 -0.4497022 0.8309736 0.3274664 -0.4497128 0.8309779 -0.3161376 -0.9486392 0.01186007 -0.5013315 -0.7557112 -0.4213875 -0.8582332 -0.2699089 -0.4365605 -0.501313 -0.7556731 -0.4214777 -0.316199 -0.9486181 0.01191192 -0.3161998 -0.948618 0.01189965 -0.9996861 -0.01835072 -0.01705777 -0.8582322 -0.2699247 -0.4365528 0.1489557 0.5110422 0.8465508 -0.858261 -0.2698561 -0.4365383 -0.9996848 -0.01841497 -0.01706969 -0.9996845 -0.01842159 -0.01708048 -0.3563528 0.480239 0.8014882 0.1490229 0.5110784 0.8465171 0.506259 0.02607518 0.8619872 0.1490131 0.511051 0.8465354 -0.356403 0.48018 0.8015012 -0.3564388 0.4802144 0.8014647 0.3274737 -0.4497306 0.8309654 0.506229 0.0260412 0.862006 -0.3962687 -0.9180939 0.008641183 0.5086103 -0.8597485 0.04634803 -0.2370802 -0.9531289 0.1879847 0.6245256 -0.2975637 -0.7220968 0.5086617 -0.8597194 0.04632425 -0.008762776 -0.8214597 -0.5701993 -0.2370966 -0.9531347 0.1879346 0.5086437 -0.8597301 0.04632526 -0.2284073 -0.9701108 0.08194565 -0.9962023 0.07364398 0.04644972 -0.237026 -0.9531461 0.1879659 -0.2283709 -0.9701246 0.08188557 -0.9855561 0.06547904 0.1561782 -0.6673032 0.7447566 -0.006639897 -0.99447 -0.103654 -0.01689016 -0.6672346 0.744818 -0.006638407 -0.6417719 0.7668582 0.007583975 -0.08831369 0.9847853 -0.1496622 -0.6672765 0.7447807 -0.006624519 -0.9855539 0.06548237 0.1561907 -0.9962038 0.0735976 0.04649031 -0.2369983 -0.9531604 0.1879286 -0.9855535 0.06553035 0.1561737 -0.9944821 -0.1035469 -0.01684027 -0.8702111 0.2660646 0.4146592 -0.6418004 0.766834 0.007612884 -0.8585983 0.1901317 0.4760869 -0.8702377 0.2660353 0.4146224 -0.9265063 0.2189058 0.3060497 -0.8630707 0.504014 -0.03284662 -0.08914393 -0.8600988 0.502278 0.5339451 -0.843503 0.05835539 -0.02752792 -0.8894351 0.4562318 0.2169046 -0.976006 0.01909613 -0.0275796 -0.8894677 0.4561652 0.5339641 -0.8434922 0.05833894 -0.6418091 0.7668271 0.007580876 -0.9962101 0.07354795 0.0464363 -0.967983 0.04718238 0.2465417 -0.9679858 0.04720139 0.246527 -0.8586063 0.1901305 0.4760733 -0.6418212 0.7668165 0.007614135 -0.9961988 0.07366299 0.04649657 -0.2283728 -0.9701253 0.08186966 -0.224891 -0.9348528 0.274726 -0.2249051 -0.9348337 0.2747794 -0.9679638 0.04724889 0.2466045 -0.9961989 0.0736674 0.04648625 -0.2284179 -0.9701085 0.08194398 0.5339561 -0.8434973 0.05833697 -0.08915692 -0.860115 0.5022482 -0.08913469 -0.8600981 0.5022813 -0.2249639 -0.9348028 0.2748363 -0.2284381 -0.9701054 0.08192348 0.5812765 -0.6203545 0.526572 0.2168503 -0.9760173 0.0191344 -0.6285576 -0.7775977 -0.01604306 0.6603991 0.7450422 -0.09372979 0.7145921 0.4532784 0.5328197 -0.2207954 0.1415714 0.9649906 -0.4329951 0.7646032 0.4773858 -0.863079 0.5040003 -0.03283828 -0.9264743 0.2189363 0.3061245 0.2168942 -0.9760086 0.01908218 0.5812744 -0.6203948 0.5265267 -0.08263468 -0.9345972 0.3459766 0.7146193 0.4532356 0.5328196 0.9798186 -0.1962473 -0.03798335 0.5812911 -0.620366 0.5265423 0.7145936 0.4532833 0.5328135 0.5813525 -0.6203297 0.5265173 -0.220755 0.1414826 0.965013 0.8059477 0.5919533 -0.006303727 0.6307467 0.5682557 0.5284355 0.7146041 0.4532586 0.5328205 0.9109811 0.4040107 -0.08299857 0.6307736 0.5682553 0.5284038 0.8060005 0.5918816 -0.006292819 0.7146073 0.4532203 0.5328488 0.1382107 0.9687963 -0.2057467 0.9798123 -0.196272 -0.03801673 -0.9265264 0.2188723 0.3060127 -0.9752336 0.1598398 0.1528751 0.1383446 0.9687718 -0.2057716 -0.08261609 -0.9345734 0.3460453 0.5812993 -0.620365 0.5265345 0.9798334 -0.1961733 -0.03798204 0.1382799 0.9687644 -0.2058501 -0.4329704 0.7646357 0.4773563 -0.9265145 0.2189112 0.3060209 -0.9264906 0.2189816 0.3060433 -0.08254683 -0.9346001 0.3459894 -0.9752191 0.1599345 0.1528675 0.7146036 0.4532637 0.5328168 0.6307674 0.5682451 0.5284223 0.1382126 0.9687666 -0.2058851 0.6307731 0.5682985 0.5283581 -0.4329533 0.7646321 0.4773775 0.1382703 0.9687703 -0.2058289 -0.9752256 0.1599408 0.1528206 -0.08254367 -0.9346277 0.3459156 -0.06514757 -0.9527913 0.2965543 0.9798274 -0.1961932 -0.03803402 -0.06522017 -0.9527708 0.2966044 -0.0826562 -0.9345946 0.345978 -0.6417718 0.7668582 0.007587552 -0.8702148 0.2660518 0.4146599 -0.8630911 0.5039826 -0.03279334 -0.02750515 -0.889468 0.4561691 -0.8701804 0.2661618 0.4146614 -0.8586488 0.1901637 0.4759833 -0.02755784 -0.8894585 0.4561843 0.2168939 -0.9760089 0.01907235 -0.08260816 -0.9345604 0.3460822 -0.8702498 0.2661104 0.4145487 -0.02749985 -0.8894719 0.4561618 -0.0825383 -0.9345878 0.3460245 -0.3161178 -0.9486458 0.0118668 0.3274995 -0.4496599 0.8309934 -0.3563801 0.4802541 0.8014671 -0.3161005 -0.948652 0.01182925 -0.3564012 0.4802199 0.801478 -0.9996827 -0.01846653 -0.01712912 0.5040579 0.7199662 0.4770476 -0.3069807 -0.3594536 0.8812242 0.7410115 0.4013625 0.5383402 0.5040358 0.7199807 0.4770491 -0.561945 -0.05413824 0.8254011 -0.3068836 -0.3595445 0.8812209 -0.5619205 -0.05411517 0.8254192 -0.7781757 -0.4446134 -0.443578 -0.3068909 -0.3594455 0.8812587 -0.5619113 -0.0541051 0.8254262 -0.8230267 -0.2870357 -0.4901403 -0.7781534 -0.4446225 -0.4436082 -0.8230691 -0.2870423 -0.4900653 0.3923904 0.4054939 -0.8255933 -0.7781865 -0.4446556 -0.4435168 -0.8230419 -0.287119 -0.4900661 0.2426773 0.4869881 -0.8390176 0.3923901 0.4055376 -0.8255722 0.2426531 0.4869545 -0.839044 0.7409839 0.4013519 0.5383861 0.392325 0.4055182 -0.8256126 0.2426857 0.4868957 -0.8390687 0.5039521 0.7200095 0.4770941 0.7410243 0.4012929 0.5383744 0.7409985 0.401382 0.5383437 -0.1815691 -0.5690158 0.8020309 0.8675134 0.1911203 0.4592314 0.7410395 0.4013373 0.5383204 -0.3069466 -0.3595008 0.8812167 -0.1815291 -0.5690599 0.8020089 -0.3068558 -0.3595011 0.8812482 -0.8922929 -0.2556331 -0.3721091 -0.1815145 -0.568994 0.8020589 -0.3068673 -0.3594772 0.881254 -0.7781916 -0.4445913 -0.4435726 -0.8923132 -0.2556003 -0.3720829 -0.7782203 -0.4446176 -0.4434956 0.2794108 0.5933302 -0.7549099 -0.8922851 -0.2557358 -0.3720571 -0.7782325 -0.4446051 -0.4434869 0.3923529 0.4055457 -0.8255858 0.2793377 0.5934145 -0.7548707 0.3923208 0.4055212 -0.8256132 0.8674941 0.1911028 0.4592754 0.2793008 0.593359 -0.754928 0.3923538 0.4054738 -0.8256206 0.7410153 0.4013056 0.5383775 0.8675073 0.1910768 0.4592611 0.8675058 0.1911382 0.4592383 -0.09642332 -0.7564716 0.6468797 0.952647 0.003670454 0.3040565 0.867534 0.1910979 0.4592019 -0.1815395 -0.5690423 0.8020189 -0.09639799 -0.7565104 0.646838 -0.1815006 -0.5690144 0.8020476 -0.9683666 -0.08813381 -0.2334494 -0.09636092 -0.7564615 0.6469008 -0.1814894 -0.5690401 0.8020317 -0.8922846 -0.2556492 -0.3721179 -0.9683784 -0.08809709 -0.2334141 -0.8922739 -0.2557327 -0.3720862 0.2033353 0.7608227 -0.6162822 -0.9683623 -0.08823955 -0.2334274 -0.8923268 -0.255658 -0.3720105 0.2793701 0.5934046 -0.7548665 0.2032815 0.7608975 -0.6162075 0.2793288 0.5933035 -0.7549611 0.9526938 0.003474891 0.3039121 0.2032266 0.7608618 -0.6162697 0.2793087 0.5933434 -0.7549373 0.8675199 0.1910544 0.4592468 0.9526413 0.003619134 0.304075 0.9526409 0.003688156 0.3040754 -0.06296277 -0.8985334 0.4343657 0.9861499 -0.1382765 0.09158599 0.9526583 0.003657817 0.3040211 -0.09639972 -0.7564948 0.6468561 -0.06297916 -0.8985118 0.4344079 -0.09635657 -0.756477 0.6468833 -0.9982951 0.03884452 -0.043567 -0.06285172 -0.8985303 0.4343882 -0.09634804 -0.7564995 0.6468583 -0.9683625 -0.08814501 -0.2334623 -0.9982913 0.03877031 -0.04371839 -0.968356 -0.088229 -0.2334578 0.1733381 0.8877005 -0.4265463 -0.998295 0.03869992 -0.04369878 -0.9683853 -0.08817809 -0.2333554 0.2033099 0.7608873 -0.6162106 0.1733031 0.8877583 -0.4264401 0.2032451 0.7608188 -0.6163168 0.9861252 -0.1383033 0.09181147 0.1732556 0.8877235 -0.4265323 0.2031799 0.7609906 -0.6161259 0.9526469 0.00360459 0.3040574 0.9861296 -0.1383752 0.09165596 0.9861506 -0.1382845 0.09156709 -0.06523388 -0.9527773 0.2965805 0.9798371 -0.1961532 -0.03798979 0.9861524 -0.1382875 0.09154272 -0.06297057 -0.8985251 0.4343816 -0.06522935 -0.9527658 0.2966187 -0.06284886 -0.8985413 0.4343656 -0.998291 0.03876167 -0.04373288 -0.06515014 -0.9527849 0.2965744 -0.06514221 -0.95275 0.2966884 -0.998291 0.03876852 -0.04372757 -0.9752267 0.1599298 0.1528248 -0.9982932 0.03871148 -0.04372721 0.138293 0.9687698 -0.2058159 -0.9752422 0.1598147 0.1528463 -0.9982968 0.03873407 -0.04362523 0.1733266 0.8877514 -0.4264451 0.1382908 0.968781 -0.2057646 0.1732507 0.8877913 -0.4263929 0.9861296 -0.1383813 0.09164625 0.1382331 0.9687791 -0.2058126 0.1382245 0.9687748 -0.2058383 0.9861319 -0.1384166 0.091569 0.9798167 -0.1962491 -0.0380221 -0.05940967 0.9576748 0.2816551 -0.2222573 0.8124316 -0.5390331 -0.7242466 0.475784 0.4990957 -0.2222651 0.812431 -0.5390307 -0.8872811 0.3304324 -0.3217871 -0.72432 0.4757584 0.4990136 0.5040096 0.7199669 0.4770975 0.2426951 0.4868736 -0.8390788 -0.2222914 0.8124658 -0.5389675 -0.2223161 0.8124743 -0.5389444 -0.05950951 0.9576444 0.2817374 0.5039899 0.7199676 0.4771174 -0.8229947 -0.2870997 -0.4901567 -0.5618976 -0.05413925 0.8254334 -0.7242945 0.4758281 0.4989843 -0.7242658 0.4758009 0.4990516 -0.8872276 0.3305309 -0.3218331 -0.822987 -0.2870776 -0.4901827 0.2427631 0.4869547 -0.8390121 -0.8230141 -0.2871294 -0.4901066 -0.8872604 0.3305243 -0.3217493 -0.8872496 0.3305248 -0.3217787 -0.222227 0.8124853 -0.5389644 0.2427599 0.4869449 -0.8390187 -0.5620108 -0.05413842 0.8253563 0.5040607 0.7199501 0.4770689 -0.05951464 0.9576793 0.2816176 -0.05947381 0.9576743 0.2816433 -0.7243203 0.475762 0.4990097 -0.5619565 -0.05417323 0.8253911 -0.6925984 0.712803 0.1105415 -0.7543082 0.6199905 0.2159419 -0.8019159 0.5011395 0.3252539 -0.5825857 0.8118989 -0.0376054 -0.5809754 0.812643 -0.04559725 -0.6858371 0.7213113 0.09663075 -0.582598 0.8118908 -0.03759241 -0.6858376 0.7213085 0.09664809 -0.6925346 0.7128728 0.1104907 -0.7595899 0.610004 0.2256513 -0.8225195 0.4185533 0.385065 -0.8019165 0.5011498 0.3252366 -0.5532852 0.8300017 -0.07051759 -0.5809651 0.8126494 -0.0456115 -0.5825925 0.8118941 -0.03760319 -0.6925819 0.7128232 0.1105144 -0.6858618 0.7212812 0.09668046 -0.7542782 0.6200318 0.2159284 -0.8225396 0.4184972 0.385083 -0.8263665 0.3714229 0.4232771 -0.8019303 0.5010861 0.3253008 -0.8225409 0.4184871 0.3850911 -0.8356781 0.3737435 0.4024399 -0.8280912 0.3750671 0.416641 -0.826364 0.3714379 0.4232688 -0.822537 0.4184825 0.3851045 -0.828085 0.3750658 0.4166547 -0.7542905 0.6200149 0.215934 -0.759575 0.610029 0.2256336 -0.8019191 0.50113 0.3252607 0.6928635 -0.7132002 -0.1062338 0.8019532 -0.5013952 -0.3247677 0.7546952 -0.6193741 -0.2163586 0.5875613 -0.8082135 0.03953373 0.6928471 -0.7132195 -0.1062125 0.5795506 -0.813869 0.04169529 0.7543101 -0.620059 -0.215739 0.801944 -0.5014171 -0.3247568 0.821829 -0.4199303 -0.3850402 0.5525568 -0.8304166 0.07134026 0.5875605 -0.8082138 0.03953599 0.5795257 -0.8138853 0.04172384 0.6928696 -0.7131946 -0.1062323 0.7547108 -0.6193467 -0.2163825 0.6842405 -0.7226639 -0.0978353 0.8218391 -0.4199023 -0.3850488 0.8022257 -0.5011654 -0.3244493 0.8264355 -0.3718045 -0.4228071 0.8218495 -0.4198687 -0.3850634 0.8271256 -0.3788498 -0.4151341 0.8336507 -0.3776156 -0.4030299 0.6928539 -0.7132143 -0.1062021 0.6842184 -0.7226966 -0.09774959 0.5795417 -0.8138758 0.04168421 0.8264349 -0.3718054 -0.4228076 0.8270932 -0.3788533 -0.4151952 0.8218417 -0.4198853 -0.3850618 0.7546939 -0.6193785 -0.2163503 0.8019508 -0.5014203 -0.3247351 0.7542192 -0.6202279 -0.2155711 0.6151869 0.5123602 0.599193 0.6130155 0.5060266 0.6067529 0.5577328 0.4318972 0.7088012 0.5575301 0.4320853 0.7088459 0.5570608 0.4323409 0.709059 0.6151934 0.5123448 0.5991996 -0.5574595 -0.4318551 -0.7090417 -0.5129558 -0.3702853 -0.7744451 0.7676317 0.6007903 0.2231427 0.7670396 0.5935178 0.2436946 0.6130584 0.5060132 0.6067208 0.6130215 0.506073 0.6067083 0.6151806 0.5123991 0.5991661 0.767598 0.6008355 0.2231371 -0.09619605 0.5302209 -0.8423848 -0.1104915 0.5466629 -0.8300309 -0.1751899 0.1789481 -0.9681354 -0.1751168 0.1789397 -0.9681501 -0.1542626 0.1705399 -0.9732005 -0.09615868 0.5302123 -0.8423945 0.7785218 0.4901721 -0.3919633 0.7807593 0.4872185 -0.3911945 0.7670152 0.5935798 0.2436201 0.767019 0.5935764 0.2436162 0.7676189 0.6008405 0.2230513 0.778534 0.4901452 -0.3919728 0.6189581 0.3530722 -0.7015917 0.7807296 0.4872232 -0.3912481 0.7807472 0.4871986 -0.3912434 0.7785068 0.490128 -0.3920482 0.6189962 0.3530181 -0.7015854 -0.3903237 -0.1628255 -0.9061653 -0.3929831 -0.1621168 -0.9051422 -0.5129231 -0.3702511 -0.7744832 -0.5129337 -0.3702076 -0.7744969 -0.5141009 -0.3760306 -0.7709094 -0.3903589 -0.1628122 -0.9061524 0.5570542 0.4323606 0.7090522 0.5575156 0.4320725 0.7088652 0.5510858 0.4359347 0.7115233 0.5511839 0.4358699 0.711487 0.5503299 0.4363825 0.7118338 0.5572292 0.4322497 0.7089822 -0.01579803 0.6585524 -0.7523691 -0.1104779 0.5467208 -0.8299946 -0.1104736 0.5467029 -0.8300069 -0.09617859 0.5302678 -0.8423573 -0.01612639 0.6586031 -0.7523177 -0.5129618 -0.3702654 -0.7744507 -0.5574842 -0.4318186 -0.7090445 -0.5141179 -0.3760649 -0.7708813 -0.1523643 0.1689105 -0.9737836 -0.1752057 0.1788855 -0.9681441 -0.3934487 -0.1616358 -0.905026 -0.3934592 -0.1616422 -0.9050203 -0.3902882 -0.1627318 -0.9061973 -0.1523818 0.1688821 -0.9737858 0.06246149 -0.8735671 0.4826793 0.06984984 -0.8756508 0.4778669 0.06994676 -0.8756788 0.4778015 0.06255882 -0.8735957 0.4826149 -0.4063889 -0.4691753 -0.7840424 -0.4060827 -0.4692306 -0.784168 -0.4100165 -0.4685146 -0.7825474 -0.4101453 -0.4684951 -0.7824918 -0.4104508 -0.4684411 -0.7823638 -0.4065616 -0.4691478 -0.7839694 0.5574656 0.4318457 0.7090426 0.5574586 0.4318674 0.7090349 0.5816137 0.4059535 -0.7049308 -0.794638 0.4690338 -0.3854321 -0.7946401 0.4690296 -0.3854331 0.5817757 0.4060595 -0.7047359 0.5921891 -0.8054125 0.02495908 -0.5924065 0.8052607 -0.02469563 -0.5924057 0.8052614 -0.02469491 -0.5819161 -0.4058747 0.7047265 0.5921584 -0.8054202 0.02543282 -0.5817617 -0.4060519 0.7047519 -0.5818356 -0.4058148 0.7048275 0.5814598 0.4064211 -0.7047882 0.2221486 -0.91275 -0.3428374 0.2202341 -0.9127776 -0.3439974 0.6529924 -0.715032 -0.2496601 0.6567647 -0.6586081 -0.3672813 0.5481783 -0.09770864 -0.8306345 0.7296679 -0.6645097 -0.1612816 0.5481757 -0.09765678 -0.8306423 0.6746821 -0.03170967 -0.7374269 0.6530355 -0.7150139 -0.2495992 0.5481594 -0.09770643 -0.8306472 0.7296626 -0.6645189 -0.1612676 0.6567692 -0.6586308 -0.3672327 0.6530233 -0.7150363 -0.2495667 0.3506885 -0.8830753 0.3117624 0.5759262 0.005823373 -0.8174811 0.5481972 -0.09767431 -0.830626 0.6567819 -0.6585994 -0.3672661 0.5481683 -0.09766501 -0.8306462 0.1000647 0.6506344 -0.7527695 0.6746885 -0.03172558 -0.7374206 0.04237973 0.5986246 -0.7999079 0.1000929 0.650638 -0.7527627 0.5481191 -0.09769624 -0.8306751 0.09446281 0.6748105 -0.7319205 0.5481669 -0.09769886 -0.8306431 0.5758959 0.005794942 -0.8175026 0.042355 0.5986049 -0.799924 0.5481906 -0.0976085 -0.8306381 0.09440523 0.6748331 -0.7319071 0.04229199 0.5985972 -0.799933 -0.5167132 0.8211209 -0.2424209 0.100048 0.6506021 -0.7527996 -0.4809947 0.8557905 -0.1904386 -0.5167505 0.8210998 -0.2424134 0.04230326 0.5985946 -0.7999343 -0.4104021 0.887485 -0.2096201 0.04231631 0.5986307 -0.7999067 0.09442186 0.6748241 -0.7319132 -0.4809542 0.8558116 -0.1904459 0.04232835 0.5986559 -0.7998872 -0.4104406 0.8874653 -0.2096277 -0.4809828 0.8558107 -0.1903776 -0.805503 0.3964668 0.4404307 -0.5167537 0.8211154 -0.2423531 -0.6647329 0.4734938 0.5778703 -0.805491 0.3964798 0.440441 -0.4810243 0.8557716 -0.1904489 -0.6575799 0.5790429 0.4819732 -0.4809958 0.8558041 -0.1903748 -0.4104621 0.88747 -0.2095664 -0.6646838 0.4735105 0.5779129 -0.481014 0.855777 -0.1904506 -0.6575736 0.5790693 0.4819499 -0.3024644 -0.3234076 0.8966175 -0.6575496 0.5790204 0.4820415 -0.5054685 -0.04330563 0.8617576 -0.6647049 0.4734651 0.5779259 -0.6576028 0.5790154 0.4819749 -0.3024659 -0.3233304 0.8966448 -0.8055195 0.3964399 0.4404247 -0.3024649 -0.3233434 0.8966405 -0.4087039 -0.4286153 0.8057606 -0.664725 0.4734483 0.5779166 -0.3024526 -0.3233275 0.8966503 -0.8055153 0.3964754 0.4404005 -0.3024497 -0.3233581 0.8966403 -0.5054365 -0.04335176 0.8617742 -0.1096934 -0.6151548 0.7807381 0.2775998 -0.8173549 0.504846 0.3506741 -0.8830986 0.3117125 0.6529871 -0.7150477 -0.2496291 0.294653 -0.8286781 0.4758911 0.6530106 -0.7150393 -0.2495917 0.729646 -0.6645352 -0.1612751 0.277591 -0.8173524 0.5048547 0.6530219 -0.7150204 -0.2496165 0.2946427 -0.8286768 0.4758995 -0.3024582 -0.3233465 0.8966415 0.2946021 -0.8286709 0.4759351 -0.408691 -0.428632 0.8057582 0.2775927 -0.8173264 0.5048961 0.2945893 -0.828681 0.4759256 -0.3024506 -0.3233962 0.8966262 0.350639 -0.8830875 0.3117831 -0.3024832 -0.3232998 0.89665 -0.1096422 -0.6151505 0.7807487 0.2775711 -0.8173381 0.5048889 -0.3024715 -0.3233744 0.896627 0.3506847 -0.8831056 0.3116808 0.8164021 0.1368415 -0.5610365 0.7296726 -0.6645115 -0.161253 0.674668 -0.03174483 -0.7374384 0.8298999 -0.556263 -0.04286873 0.7296913 -0.6644872 -0.1612679 0.8164098 0.1368431 -0.5610249 0.9083442 -0.406997 0.0962516 0.8164156 0.1368228 -0.5610214 0.8854677 0.3050987 -0.3505163 0.8299123 -0.5562473 -0.04283291 0.8164023 0.1368407 -0.5610365 0.9083425 -0.4070068 0.09622657 0.816409 0.1368295 -0.5610296 0.1974276 0.8233052 -0.5321568 0.8854623 0.3051245 -0.3505077 0.1678982 0.7480521 -0.6420501 0.1974393 0.8233353 -0.532106 0.8164002 0.1368537 -0.5610364 0.1000744 0.6506229 -0.7527782 0.8164127 0.1368466 -0.56102 0.6747002 -0.03172576 -0.7374099 0.1678789 0.7480165 -0.6420966 0.8164145 0.1368095 -0.5610262 0.1000676 0.6505883 -0.752809 0.167909 0.748023 -0.6420812 -0.6108473 0.7200949 -0.3291336 0.1973988 0.8233188 -0.5321465 -0.5583438 0.78137 -0.2787708 -0.610873 0.7200688 -0.3291432 0.1678907 0.7480431 -0.6420625 -0.5166979 0.8211266 -0.2424348 0.1678797 0.7480234 -0.6420883 0.1000359 0.6506081 -0.7527962 -0.5583245 0.7813908 -0.2787514 0.1679049 0.7480304 -0.6420736 -0.5167168 0.8211122 -0.2424426 -0.5583807 0.7813685 -0.2787013 -0.987831 0.08888006 0.1276335 -0.6109059 0.7200703 -0.3290789 -0.9192474 0.2726598 0.2839734 -0.9878241 0.08889424 0.1276769 -0.5584151 0.7813424 -0.2787057 -0.805526 0.396435 0.4404172 -0.5583599 0.781385 -0.278697 -0.5167582 0.8211001 -0.2423955 -0.9192482 0.2726507 0.2839795 -0.5584074 0.7813506 -0.2786977 -0.8055029 0.396473 0.4404251 -0.4930505 -0.5428884 0.6798334 -0.8055323 0.3964491 0.4403932 -0.408673 -0.4286156 0.805776 -0.919249 0.2726426 0.2839848 -0.8055236 0.3964564 0.4404023 -0.4930716 -0.5428951 0.6798127 -0.9878283 0.08888661 0.12765 -0.4930808 -0.5428481 0.6798436 -0.5269625 -0.6584416 0.5373689 -0.9192786 0.2725931 0.2839366 -0.4930701 -0.5428521 0.6798483 -0.9878279 0.08888977 0.1276504 0.8298804 -0.5562947 -0.04283243 0.2946503 -0.8286672 0.4759117 0.7296699 -0.6645227 -0.161219 0.3083537 -0.8293766 0.4658891 0.2946234 -0.8286682 0.4759267 0.8298744 -0.5563009 -0.04287236 0.3349433 -0.8149429 0.4729495 0.8298782 -0.5562962 -0.04285806 0.9083251 -0.4070414 0.09624427 0.3083453 -0.8293737 0.4658998 0.829891 -0.5562791 -0.04283255 0.3349725 -0.8149589 0.4729012 -0.4930897 -0.5428674 0.6798218 0.3348693 -0.8149735 0.4729492 -0.5269793 -0.6584414 0.5373526 0.3082622 -0.8294008 0.4659063 0.3349197 -0.8149382 0.4729742 -0.4930598 -0.5429041 0.6798141 0.2945691 -0.8286774 0.4759442 -0.4930716 -0.5428696 0.6798332 -0.4086746 -0.4286239 0.805771 0.3082717 -0.8293839 0.4659304 -0.4930632 -0.5428875 0.6798249 0.2946066 -0.8286477 0.4759725 0.8520343 0.4372564 -0.287827 0.90833 -0.4070305 0.09624391 0.8854699 0.3051006 -0.3505093 0.9409714 -0.2661677 0.2091118 0.9083263 -0.4070315 0.09627473 0.8520414 0.4372391 -0.2878322 0.746791 0.3733182 0.5503969 0.8520477 0.4372434 -0.2878072 0.6070061 0.7945271 0.01644748 0.9409624 -0.2661619 0.2091594 0.8520284 0.4372754 -0.2878158 0.7467896 0.3733868 0.5503524 0.8520374 0.4372349 -0.2878506 0.001596093 0.9723948 -0.2333361 0.6070691 0.7944778 0.01649993 0.08800697 0.8235498 -0.5603755 0.001639604 0.9724169 -0.2332439 0.8520096 0.4373112 -0.287817 0.1973972 0.8233074 -0.5321648 0.8519953 0.43733 -0.287831 0.8854517 0.3051465 -0.3505155 0.08807182 0.8235417 -0.5603771 0.8520303 0.437281 -0.2878017 0.1974182 0.823318 -0.5321406 0.08803218 0.8235544 -0.5603647 -0.5850878 0.8082082 -0.06687152 0.001737117 0.972405 -0.2332928 -0.7207652 0.5438565 -0.429788 -0.5851352 0.808174 -0.06686967 0.08801835 0.8235532 -0.5603687 -0.6108591 0.7200967 -0.3291077 0.08800363 0.8235422 -0.560387 0.1974059 0.8233212 -0.53214 -0.7207614 0.5438672 -0.429781 0.08799189 0.823544 -0.5603864 -0.6108565 0.7200781 -0.3291535 -0.7207806 0.5437952 -0.4298396 -0.8144145 0.3919378 0.427918 -0.585062 0.8082234 -0.0669133 -0.9863131 -0.1598542 0.04041242 -0.8144384 0.391902 0.4279054 -0.720793 0.5438137 -0.4297956 -0.9878371 0.08887243 0.1275913 -0.7208038 0.5438191 -0.4297706 -0.6108943 0.7200444 -0.3291569 -0.9863113 -0.1598699 0.04039305 -0.720799 0.5438391 -0.4297534 -0.9878346 0.08888858 0.1276001 -0.4473108 -0.7236008 0.5256569 -0.9878295 0.08888196 0.1276447 -0.5269883 -0.6584529 0.5373297 -0.9863119 -0.1598525 0.04044699 -0.9878204 0.08890503 0.1276982 -0.4473269 -0.7236007 0.5256432 -0.8144143 0.3919014 0.4279518 -0.4473413 -0.7235875 0.5256491 -0.3626868 0.03769123 0.9311485 -0.9863046 -0.1599057 0.04041647 -0.447339 -0.7235972 0.5256377 -0.814441 0.3919154 0.4278882 0.940954 -0.2661796 0.2091746 0.3349181 -0.8149504 0.4729543 0.9083216 -0.4070439 0.09626621 0.3892774 -0.726763 0.5659317 0.3349109 -0.8149743 0.4729183 0.9409496 -0.2662041 0.2091635 0.3307186 0.06798708 0.9412773 0.9409456 -0.2662028 0.2091829 0.7468639 0.3733496 0.5502767 0.3892449 -0.7267873 0.5659227 0.9409528 -0.2662013 0.2091524 0.3307483 0.0679965 0.9412662 -0.4473284 -0.7236179 0.5256182 0.3307626 0.06799846 0.9412611 -0.3626534 0.03765797 0.9311629 0.3892132 -0.726796 0.5659335 0.3307458 0.06798988 0.9412676 -0.4473442 -0.7235895 0.5256438 0.3348895 -0.8149533 0.4729696 -0.4473155 -0.723614 0.5256347 -0.5269722 -0.6584375 0.5373643 0.3892078 -0.7267951 0.5659382 -0.447336 -0.7236087 0.5256243 0.3348635 -0.8149814 0.4729396 0.3567861 -0.9242581 0.1358335 0.6567602 -0.6586543 -0.3672068 0.3506774 -0.8830996 0.311706 0.6567341 -0.6586578 -0.3672471 0.3567878 -0.924259 0.1358228 0.714868 -0.5856436 -0.3820803 0.714919 -0.5855539 -0.3821225 0.5759586 0.005819559 -0.8174582 0.6567826 -0.6585875 -0.3672863 0.5759695 0.005824983 -0.8174504 0.7148746 -0.5856047 -0.3821277 0.6700649 0.1676254 -0.7231286 0.6700179 0.1676876 -0.7231576 0.09445548 0.6748391 -0.7318951 0.5758865 0.005850315 -0.8175088 0.09445613 0.6748313 -0.7319021 0.6700662 0.1676827 -0.723114 0.1678025 0.8088781 -0.5635234 0.1677276 0.8088915 -0.5635263 -0.4104015 0.887488 -0.2096087 0.09441155 0.6748375 -0.7319023 -0.410425 0.8874752 -0.209617 0.1677486 0.8088902 -0.563522 -0.3784324 0.9194427 -0.1068379 -0.3785158 0.9194155 -0.1067746 -0.6575363 0.5790575 0.4820151 -0.4104443 0.8874834 -0.2095442 -0.6575478 0.5790692 0.4819853 -0.3784896 0.9194248 -0.1067876 -0.7337835 0.5445706 0.4062078 -0.7338027 0.5445454 0.4062069 -0.5054868 -0.04328972 0.8617478 -0.6575642 0.5790309 0.4820088 -0.5054737 -0.04329556 0.8617551 -0.7338259 0.5445186 0.4062008 -0.6622737 -0.191797 0.724298 -0.6622806 -0.1918444 0.7242791 -0.1097144 -0.6151634 0.7807285 -0.5054634 -0.0433377 0.861759 -0.1096973 -0.6151763 0.7807207 -0.6622446 -0.1918047 0.7243224 -0.1753607 -0.7937055 0.5824776 -0.1753188 -0.7937436 0.5824384 0.3506422 -0.8830957 0.3117566 -0.1096512 -0.6151779 0.7807258 0.3506203 -0.8831047 0.3117558 -0.1753306 -0.7937296 0.582454 0.3567383 -0.9242637 0.135921 0.7117451 0.3391442 -0.6151424 0.1678406 0.8088577 -0.5635412 0.6700515 0.1676762 -0.7231292 0.1678228 0.8088647 -0.5635367 0.7117546 0.3391429 -0.6151321 0.1691293 0.8763926 -0.450923 0.816316 -0.4251052 -0.3910421 0.6700644 0.1676335 -0.723127 0.7148862 -0.5855898 -0.3821287 0.6701138 0.1676347 -0.7230811 0.8163009 -0.4251575 -0.3910167 0.7117863 0.3390797 -0.6151303 0.16912 0.8764174 -0.4508781 -0.3784192 0.9194505 -0.1068168 0.1677708 0.8088928 -0.5635117 -0.3784659 0.9194306 -0.1068226 0.1690895 0.8764342 -0.4508569 -0.4520182 0.8906186 -0.04978245 0.4248763 -0.9027136 0.06773775 0.7148647 -0.5856247 -0.3821154 0.3567479 -0.924274 0.1358253 0.7148629 -0.5856528 -0.3820759 0.4248822 -0.9027101 0.06774634 0.8162947 -0.4251734 -0.3910125 -0.4520817 0.8905893 -0.04972714 -0.7338215 0.5445433 0.4061757 -0.3784891 0.9194278 -0.106765 -0.7338077 0.5445716 0.4061626 -0.4520776 0.8905909 -0.04973638 -0.8308055 0.4094711 0.3769556 -0.2020058 -0.8595516 0.4694302 0.3567235 -0.9242778 0.1358638 -0.1752989 -0.7937403 0.5824489 0.3567209 -0.9242737 0.1358981 -0.2020202 -0.8595628 0.4694036 0.4248149 -0.9027397 0.06777548 -0.731392 -0.3236655 0.6002554 -0.1754016 -0.793716 0.582451 -0.6622638 -0.1918 0.7243062 -0.1753882 -0.7937104 0.5824628 -0.7313963 -0.3236824 0.6002409 -0.2020608 -0.8595284 0.469449 -0.8308454 0.409366 0.376982 -0.6622512 -0.1917924 0.7243197 -0.7338346 0.5445035 0.4062053 -0.6622999 -0.1917788 0.7242788 -0.8308266 0.4094128 0.3769724 -0.7314035 -0.3236301 0.6002604 0.3105214 0.01336795 -0.9504725 0.1691823 0.876401 -0.4508868 0.7117613 0.3391684 -0.6151103 0.169172 0.8763973 -0.4508976 0.3106146 0.01336777 -0.950442 -0.1356872 0.4363978 -0.8894639 0.3704837 -0.5694034 -0.7338403 0.7117887 0.3391031 -0.6151146 0.8163089 -0.4251572 -0.3910002 0.7118002 0.3391602 -0.6150698 0.3704875 -0.5694036 -0.7338383 0.3105609 0.01333963 -0.95046 -0.1357267 0.4363921 -0.8894606 -0.4520621 0.8905947 -0.04980832 0.1691293 0.8764288 -0.4508525 -0.4520326 0.890612 -0.04976898 -0.1357003 0.43641 -0.8894559 -0.642231 0.4584838 -0.6142736 0.04183202 -0.9139447 -0.4036772 0.8163033 -0.4251965 -0.3909693 0.4248986 -0.9027022 0.06775009 0.8163087 -0.4251767 -0.3909795 0.04183757 -0.9139342 -0.4037004 0.3705077 -0.5693539 -0.7338666 -0.642198 0.4584545 -0.6143299 -0.8308475 0.4094285 0.3769095 -0.4520851 0.890585 -0.04977452 -0.8308025 0.4094402 0.3769963 -0.6421422 0.4585344 -0.6143286 -0.9555297 0.1101713 -0.2735425 -0.4511997 -0.8828412 -0.1304243 0.4248748 -0.9027083 0.06781697 -0.2020423 -0.8595569 0.4694048 0.4248247 -0.9027323 0.06781291 -0.4512631 -0.8828134 -0.1303925 0.04183477 -0.9139301 -0.4037098 -0.8842347 -0.463537 -0.05711913 -0.2020957 -0.8595166 0.4694558 -0.7314164 -0.3236787 0.6002185 -0.2021024 -0.8595337 0.4694216 -0.8842307 -0.4635414 -0.05714327 -0.4512361 -0.8828244 -0.1304108 -0.9555321 0.1101031 -0.2735611 -0.7314536 -0.3236261 0.6002014 -0.8308575 0.4093732 0.3769477 -0.7314406 -0.3236151 0.6002232 -0.9555209 0.1102281 -0.27355 -0.8842091 -0.4635844 -0.05712974 0.7468318 0.3733371 0.5503289 0.6070761 0.7944741 0.0164228 0.001660704 0.9723827 -0.2333863 0.7468618 0.3733273 0.5502946 0.001652657 0.9723884 -0.2333629 -0.5851233 0.8081789 -0.06691539 0.7468132 0.3732534 0.5504109 -0.5851553 0.8081548 -0.06692802 -0.8144675 0.3918777 0.4278722 0.3307048 0.06797003 0.9412834 -0.8144544 0.3918844 0.427891 -0.3627025 0.03764694 0.9311443 0.746864 0.3733589 0.5502702 -0.8144734 0.3919006 0.4278399 0.3307571 0.06801897 0.9412615 -0.4512014 -0.8828535 -0.1303344 -0.8842092 -0.4635971 -0.05702531 -0.9555721 0.1101438 -0.2734052 0.04193329 -0.9139533 -0.4036471 -0.4512478 -0.8828318 -0.1303209 -0.9555309 0.1102438 -0.273509 0.3705561 -0.5693655 -0.7338331 0.04197204 -0.9139397 -0.4036738 -0.9555649 0.1101438 -0.2734302 -0.1356945 0.4364882 -0.8894184 0.3105899 0.01342391 -0.9504492 0.3705355 -0.5693563 -0.7338507 -0.6421787 0.4585739 -0.614261 -0.1356718 0.436484 -0.889424 0.3705433 -0.569378 -0.73383 -0.9555655 0.1101477 -0.2734268 -0.6421926 0.4585373 -0.6142738 0.3705533 -0.5693576 -0.7338407 -0.0213716 -0.1059891 0.9941377 0.7728568 -0.468021 0.4285426 0.8613355 0.4427049 -0.2492263 -0.08836525 0.9099939 0.4050961 -0.02139192 -0.1059991 0.9941362 0.8613495 0.4426972 -0.2491914 0.7728567 -0.4679487 0.4286217 -0.02136445 -0.1059313 0.994144 0.3522034 -0.930785 0.09793937 -0.5234349 -0.3562243 0.7740285 0.3522607 -0.9307648 0.09792447 -0.0214352 -0.1059108 0.9941447 0.8613412 0.4426903 -0.2492319 0.7728434 -0.4679838 0.4286074 0.6275496 0.1153808 -0.7699798 0.3521777 -0.930792 0.09796541 0.6275503 0.1153969 -0.7699769 0.7727915 -0.4680704 0.4286064 -0.08828741 0.9100028 0.4050928 0.8613231 0.4427066 -0.2492656 -0.4774422 0.8764901 0.06175851 0.6275178 0.1153303 -0.7700132 -0.477417 0.876504 0.06175839 0.8613287 0.4426922 -0.249272 -0.02133804 -0.105922 0.9941455 -0.08836656 0.9099867 0.405112 -0.5233548 -0.3562818 0.7740563 -0.4774052 0.8765151 0.06169128 -0.5233324 -0.3562892 0.7740681 -0.08830916 0.9099977 0.4050998 0.3522195 -0.9307824 0.09790623 -0.5234077 -0.3562332 0.7740428 0.2852137 -0.9441202 0.1651982 -0.6614268 -0.2621876 0.7026894 0.2851554 -0.9441424 0.1651718 -0.5233926 -0.3562015 0.7740676 0.6275283 0.1153726 -0.7699983 0.3521535 -0.9308007 0.09796947 0.7079731 0.159802 -0.6879226 0.285109 -0.9441519 0.1651968 0.707947 0.1597942 -0.6879512 0.352149 -0.9308065 0.09793019 -0.4774266 0.8765006 0.06173056 0.6275061 0.1153172 -0.7700247 -0.4393384 0.8983088 -0.004824042 0.7079805 0.1597474 -0.6879277 -0.4393804 0.8982881 -0.004846513 0.6275743 0.1153413 -0.7699656 -0.523351 -0.3562654 0.7740663 -0.4774183 0.87651 0.061661 -0.6613439 -0.2622475 0.702745 -0.4393231 0.8983155 -0.004949867 -0.6613442 -0.2622486 0.7027443 -0.4773934 0.8765209 0.06169748 0.2851848 -0.9441276 0.1652054 -0.6613911 -0.2621817 0.7027252 -0.1138061 -0.9609703 -0.2521593 -0.9096049 -0.4055119 0.09043759 -0.1137504 -0.9609827 -0.2521371 -0.6614222 -0.2621874 0.7026938 0.7079554 0.1598063 -0.6879398 0.2851381 -0.9441441 0.1651917 0.3265436 -0.1629148 -0.931036 -0.1138215 -0.9609682 -0.2521605 0.3265611 -0.1629024 -0.9310321 0.2851435 -0.9441441 0.1651818 -0.439406 0.8982751 -0.004911363 0.7079924 0.1597429 -0.6879164 -0.6483901 0.5353906 -0.5412459 0.3265073 -0.1628899 -0.9310531 -0.6483613 0.5354331 -0.5412387 0.7079773 0.1597501 -0.6879304 -0.6613681 -0.2622964 0.702704 -0.4393324 0.898311 -0.004949033 -0.9095683 -0.4055755 0.09052127 -0.6483381 0.5353842 -0.5413147 -0.9095864 -0.4055446 0.090478 -0.4393634 0.8982956 -0.004974603 0.326548 -0.1630029 -0.9310191 -0.1137785 -0.9609777 -0.2521436 -0.9096351 -0.4054409 0.09045284 -0.9096018 -0.4055054 0.09049791 -0.6483395 0.5353858 -0.5413114 0.3265196 -0.1629185 -0.9310438 0.8918947 -0.053846 -0.4490262 0.7057738 -0.2047334 0.6782091 -0.01858359 -0.7371281 0.6754974 -0.01856982 -0.737119 0.6755079 -0.2126114 -0.8656503 -0.4532614 0.8918969 -0.05384254 -0.4490222 -0.6995747 0.6544409 -0.2868838 -0.7085932 -0.07492893 -0.7016277 -0.9861195 -0.003950536 -0.1659902 -0.7086288 -0.0749287 -0.7015918 -0.6995282 0.6544889 -0.2868877 0.2862373 0.656964 -0.6974716 -0.6995707 0.6544781 -0.2868089 -0.9861179 -0.003905951 -0.166001 -0.9708411 -0.0404039 0.2362947 -0.4240629 0.859819 -0.2843977 -0.7212997 0.6379343 0.2697528 -0.4289746 0.8609163 0.2735029 -0.7213131 0.6378868 0.2698296 -0.9708417 -0.04035431 0.2363007 -0.6068944 0.01997929 0.7945315 -0.4289363 0.8609215 0.2735467 0.1574942 0.5845558 0.795921 0.2968772 0.9233024 0.2436735 0.8170149 -0.1339415 -0.5608444 -0.1134436 -0.8176861 -0.5643757 -0.708634 -0.07490235 -0.7015893 -0.7086297 -0.07495206 -0.7015883 0.2861649 0.6570199 -0.6974487 0.8170292 -0.133848 -0.5608459 -0.01852762 -0.7371375 0.6754888 -0.5448052 -0.7856858 -0.2930619 -0.2126672 -0.8656707 -0.4531964 -0.1133961 -0.8176829 -0.5643901 -0.2686952 -0.9482318 -0.1692913 -0.9861235 -0.003884255 -0.1659681 -0.9861165 -0.003893315 -0.1660091 -0.7086167 -0.07482862 -0.7016147 -0.1133595 -0.817733 -0.5643247 -0.9708427 -0.04033571 0.2362995 -0.5447748 -0.7857142 -0.2930423 -0.6068471 0.02003043 0.7945662 -0.9708293 -0.04032391 0.236357 -0.986126 -0.003880918 -0.1659531 -0.2687009 -0.9482244 -0.1693236 -0.544832 -0.7856604 -0.2930801 -0.01853489 -0.7371062 0.6755228 -0.6068686 0.02004963 0.7945492 -0.544843 -0.7856747 -0.2930215 -0.9708268 -0.04032778 0.2363664 -0.2686932 -0.9482346 -0.1692787 -0.018592 -0.7371905 0.6754292 0.7057989 -0.2047591 0.6781753 0.1575626 0.5845806 0.7958893 0.1574954 0.5846005 0.7958879 -0.6069068 0.01997989 0.7945219 -0.01856487 -0.7371908 0.6754297 0.7057396 -0.2048235 0.6782175 0.8919058 -0.05381703 -0.4490078 0.9139149 0.2864928 -0.2875438 0.2968487 0.9232972 0.2437277 0.913926 0.2865106 -0.2874912 0.9860264 -0.02601706 -0.1645451 0.9139339 0.2864535 -0.2875227 0.157442 0.5845481 0.795937 0.7057147 -0.2048117 0.678247 0.2968544 0.9232901 0.2437476 0.9860357 -0.02603071 -0.1644877 0.2855389 0.944616 -0.1617662 0.9139494 0.2864223 -0.2875044 0.2968674 0.9233097 0.2436575 0.1574383 0.584553 0.7959341 0.9860185 -0.02600544 -0.1645946 0.8170061 -0.1338137 -0.5608878 0.2861252 0.6570614 -0.6974258 0.2861872 0.6569784 -0.6974785 0.2855412 0.9446126 -0.1617814 0.9860265 -0.02601772 -0.1645447 -0.1133592 -0.8176779 -0.5644046 0.8170626 -0.1338228 -0.5608034 0.9860233 -0.02592122 -0.1645792 -0.1133836 -0.8176946 -0.5643756 0.9860292 -0.02591633 -0.1645447 -0.268801 -0.948205 -0.169273 0.9860323 -0.02592056 -0.1645253 0.9139692 0.2864138 -0.2874499 -0.54479 -0.7856943 -0.2930678 0.9860418 -0.02596312 -0.1644614 -0.5447624 -0.7857486 -0.2929729 -0.2688062 -0.9481972 -0.1693082 -0.54484 -0.7856594 -0.2930676 0.9139336 0.2864412 -0.2875359 0.891871 -0.05381071 -0.4490774 -0.5447788 -0.7857026 -0.293066 0.8918653 -0.05392622 -0.4490749 -0.2126299 -0.8656446 -0.4532637 0.1575376 0.5845384 0.7959251 -0.4289764 0.8609006 0.2735499 -0.6068162 0.01994025 0.794592 -0.4289382 0.86094 0.2734852 0.2968995 0.9232794 0.2437334 0.2855624 0.9446143 -0.1617345 -0.4240155 0.8598408 -0.2844026 -0.4289287 0.8609319 0.2735259 0.2855609 0.9446175 -0.1617184 -0.4289543 0.8609087 0.273559 -0.7212993 0.6379054 0.2698226 -0.6068765 0.01993662 0.7945462 -0.7212839 0.6379466 0.2697662 -0.4240648 0.8598174 -0.2843998 -0.6995579 0.6544949 -0.2868021 -0.423983 0.859847 -0.2844324 0.2855593 0.94462 -0.1617065 0.2862051 0.6569697 -0.6974794 -0.6995483 0.6544609 -0.2869028 -0.424013 0.8598186 -0.2844734 0.286237 0.6569662 -0.6974697 -0.7213053 0.6379257 0.2697584 -0.6995659 0.6544779 -0.2868211 -0.9708359 -0.04037147 0.2363215 -0.5239225 0.7152475 -0.4625217 0.2405815 0.6019209 -0.7614538 -0.1978818 0.2740828 -0.9411278 -0.5239359 0.7152281 -0.4625366 -0.3170027 0.8699579 -0.3777336 0.2405654 0.6018634 -0.7615044 -0.3169837 0.869975 -0.37771 0.5053711 0.8111232 -0.2944132 0.2405793 0.6019185 -0.7614564 -0.3169866 0.8699634 -0.3777344 -0.1920214 0.9687015 -0.1573059 0.5053865 0.8110889 -0.2944813 -0.1920174 0.9687078 -0.1572719 0.4953495 0.8217844 0.2816015 0.5053709 0.8111222 -0.2944164 -0.1920078 0.9687055 -0.1572979 -0.1967437 0.9737392 0.1145597 0.4953984 0.8217756 0.281541 -0.1967567 0.973733 0.1145908 0.2143445 0.6298328 0.7465702 0.495351 0.8217851 0.2815968 -0.1967366 0.9737388 0.1145758 -0.3293666 0.8831462 0.3340217 0.2144154 0.6298403 0.7465435 -0.3293919 0.8831307 0.3340378 -0.2303106 0.3085859 0.9228932 0.2143464 0.6298339 0.7465687 -0.3293695 0.883139 0.334038 -0.539234 0.731525 0.4172504 -0.2302382 0.3085951 0.9229082 -0.5392593 0.7315092 0.4172455 -0.668771 -0.0192486 0.7432193 -0.2303072 0.3085887 0.9228931 -0.5392366 0.7315164 0.4172623 -0.7461759 0.5767949 0.3324594 -0.6687116 -0.01924914 0.7432727 -0.7461974 0.5767815 0.3324342 -0.9335604 -0.2284514 0.2761793 -0.6687679 -0.01924729 0.7432221 -0.7461872 0.576781 0.3324582 -0.8711583 0.4780511 0.1120294 -0.9335345 -0.2284747 0.2762477 -0.8711637 0.4780487 0.1119963 -0.9235388 -0.239113 -0.2998353 -0.9335595 -0.2284513 0.2761824 -0.8711655 0.4780402 0.1120203 -0.8664346 0.473015 -0.1598374 -0.923546 -0.2391598 -0.2997758 -0.8664245 0.4730236 -0.1598669 -0.6425334 -0.04716122 -0.764805 -0.9235396 -0.2391144 -0.2998316 -0.8664371 0.4730067 -0.1598483 -0.7338135 0.5636073 -0.3792949 -0.6425657 -0.04722511 -0.7647739 -0.7337906 0.5636249 -0.3793131 -0.1978796 0.2740849 -0.9411277 -0.6425361 -0.04716384 -0.7648026 -0.7338073 0.5636034 -0.3793129 -0.5239489 0.7152248 -0.4625269 -0.197912 0.2740153 -0.9411411 -0.1978444 0.2740285 -0.9411515 0.6689556 0.01877862 -0.7430652 0.230621 -0.3089702 -0.9226871 -0.197843 0.2740342 -0.9411501 0.2406069 0.6018787 -0.761479 0.6689521 0.01876342 -0.7430688 0.2406288 0.6018732 -0.7614765 0.9336995 0.2279437 -0.2761285 0.6689861 0.01879441 -0.7430374 0.2406286 0.6018786 -0.7614724 0.5054097 0.8110911 -0.2944357 0.9336996 0.227932 -0.276138 0.5054282 0.8110839 -0.2944239 0.9236903 0.2386109 0.2997685 0.9337117 0.2279475 -0.2760841 0.5054003 0.8111218 -0.2943671 0.4953978 0.8217591 0.2815903 0.9236967 0.2386019 0.2997559 0.4954093 0.8217468 0.281606 0.6427513 0.04670369 0.7646499 0.9236803 0.2385972 0.2998101 0.4953539 0.821765 0.2816504 0.2143955 0.629809 0.7465757 0.6427644 0.04670035 0.7646392 0.2143992 0.6297914 0.7465895 0.1981924 -0.2744735 0.9409486 0.6427249 0.04667818 0.7646738 0.214326 0.6297956 0.746607 -0.2302662 0.3085576 0.9229138 0.1982067 -0.2744753 0.940945 -0.2302666 0.3085363 0.9229207 -0.2401817 -0.6022442 0.7613243 0.1981597 -0.2745047 0.9409463 -0.2303389 0.3085405 0.9229013 -0.6687387 -0.01928615 0.7432473 -0.2401669 -0.6022451 0.7613283 -0.6687405 -0.01930886 0.7432452 -0.5049264 -0.8114099 0.2943867 -0.2402065 -0.60227 0.761296 -0.668794 -0.01929241 0.7431974 -0.9335413 -0.2284985 0.276205 -0.5049144 -0.8114134 0.2943978 -0.9335396 -0.2285187 0.2761941 -0.4949172 -0.8220766 -0.2815085 -0.5049313 -0.8114221 0.2943444 -0.9335662 -0.2284824 0.276134 -0.9235292 -0.2391668 -0.2998219 -0.4949113 -0.8220843 -0.2814966 -0.9235206 -0.2391821 -0.2998362 -0.2139782 -0.63017 -0.7463908 -0.4949004 -0.8220725 -0.2815504 -0.9235196 -0.2391251 -0.2998845 -0.642526 -0.04721617 -0.7648078 -0.2139784 -0.630182 -0.7463806 -0.6425101 -0.04722619 -0.7648206 0.2305815 -0.308992 -0.9226896 -0.2139444 -0.6301528 -0.746415 -0.6424927 -0.04715651 -0.7648394 -0.1978659 0.2740342 -0.9411453 0.2305776 -0.3090069 -0.9226856 0.2306213 -0.3090173 -0.9226713 0.7460463 -0.5772849 -0.3318995 0.5394347 -0.7317667 -0.4165667 0.2306328 -0.3089936 -0.9226763 0.6689647 0.01874715 -0.7430578 0.7460559 -0.5772731 -0.3318981 0.6689817 0.01874405 -0.7430425 0.8708316 -0.4786967 -0.1118126 0.7460567 -0.5772758 -0.3318917 0.668994 0.01876771 -0.743031 0.9337074 0.2279109 -0.2761288 0.8708389 -0.478686 -0.1118004 0.9337159 0.2279005 -0.2761085 0.8661147 -0.4736689 0.1596344 0.8708367 -0.4786914 -0.1117952 0.9337186 0.2279191 -0.2760844 0.9237008 0.2385798 0.2997608 0.8661149 -0.4736626 0.1596525 0.9236994 0.2385633 0.2997783 0.7336962 -0.5641213 0.3787574 0.8661112 -0.4736683 0.1596548 0.9236888 0.2385733 0.2998031 0.6427671 0.04667913 0.7646382 0.7336889 -0.5641205 0.3787725 0.6427612 0.0466544 0.7646446 0.5241554 -0.7155082 0.4618541 0.7336848 -0.5641291 0.3787678 0.6427384 0.04665565 0.7646638 0.1982144 -0.2744951 0.9409376 0.5241407 -0.7155125 0.4618641 0.1982075 -0.2745193 0.940932 0.3175294 -0.8700014 0.3771905 0.52414 -0.7155176 0.4618571 0.1981781 -0.2745229 0.9409372 -0.2401554 -0.6022619 0.7613187 0.317512 -0.8700079 0.3771902 -0.2401559 -0.6022809 0.7613034 0.1927422 -0.9685912 0.1571037 0.3175156 -0.8700099 0.3771828 -0.2401835 -0.6022863 0.7612904 -0.5048983 -0.8114269 0.2943879 0.1927284 -0.9685962 0.1570903 -0.5048905 -0.8114388 0.2943683 0.1974577 -0.9736201 -0.1143438 0.192734 -0.9685958 0.1570855 -0.504907 -0.8114364 0.2943466 -0.4948911 -0.8220957 -0.2814987 0.1974532 -0.9736192 -0.1143593 -0.4948733 -0.8221012 -0.2815139 0.3298773 -0.8831669 -0.3334624 0.1974612 -0.9736175 -0.1143594 -0.4948784 -0.8220884 -0.2815423 -0.2139579 -0.6301928 -0.7463773 0.32988 -0.8831591 -0.3334805 -0.2139344 -0.6301938 -0.7463833 0.5394182 -0.7317811 -0.4165627 0.3298871 -0.883158 -0.3334765 -0.2139278 -0.6301718 -0.7464036 0.2305948 -0.309019 -0.9226773 0.5394272 -0.7317683 -0.4165735 0.5394013 -0.7318131 -0.4165284 0.7460274 -0.5773187 -0.3318833 0.8708271 -0.4787165 -0.1117619 0.539436 -0.7317861 -0.4165308 0.8708217 -0.4787217 -0.1117824 0.8661022 -0.4736971 0.1596183 0.5394691 -0.7317623 -0.4165298 0.8660932 -0.4737054 0.1596431 0.7336704 -0.564162 0.3787468 0.5394439 -0.7317817 -0.4165284 0.7336922 -0.5641448 0.3787302 0.5241451 -0.7155353 0.4618239 0.539415 -0.7318026 -0.4165292 0.5241814 -0.7155091 0.4618232 0.3175794 -0.8699839 0.3771889 0.5394504 -0.7317758 -0.4165303 0.3175531 -0.8700042 0.3771642 0.1927709 -0.9685904 0.1570734 0.5394217 -0.731797 -0.41653 0.192783 -0.9685794 0.1571261 0.1974899 -0.9736154 -0.114328 0.5394619 -0.7317666 -0.4165316 0.1974883 -0.9736193 -0.1142971 0.3298916 -0.8831756 -0.3334252 -0.8711387 0.4781054 0.1119496 -0.7461909 0.5768234 0.3323763 -0.5392336 0.7315631 0.4171841 -0.8711305 0.4781103 0.1119921 -0.5392543 0.7315492 0.417182 -0.3294382 0.8831336 0.3339844 -0.8711196 0.4781196 0.1120372 -0.3294205 0.8831449 0.3339721 -0.1968135 0.9737277 0.1145372 -0.8711278 0.4781126 0.1120029 -0.1968214 0.973723 0.1145643 -0.1920611 0.9687176 -0.1571581 -0.8711362 0.4781052 0.11197 -0.1920825 0.9686996 -0.1572431 -0.317014 0.8699933 -0.3776425 -0.8711245 0.4781164 0.1120131 -0.3170375 0.8699744 -0.3776662 -0.5239648 0.7152561 -0.4624606 -0.8711337 0.478107 0.1119811 -0.5239212 0.7152888 -0.4624593 -0.7337828 0.5636702 -0.3792608 -0.8711256 0.4781125 0.1120218 -0.7337644 0.5636808 -0.3792805 -0.866395 0.4730798 -0.1598603 -0.890248 0.3901472 -0.2350402 -0.353154 -0.9317551 0.08434873 -0.8930993 0.4495832 0.0157625 0.7240908 -0.149273 -0.6733573 0.5375597 0.3098309 -0.7842413 0.4541112 0.5414402 -0.707549 0.6149678 0.4122043 0.6722368 -0.724134 0.149261 0.6733135 -0.6313587 -0.06998008 0.7723271 0.3531518 0.931758 -0.08432626 0.8931041 -0.4495755 -0.01572072 0.3560034 0.8723199 -0.335141 0.7241073 -0.1493132 -0.6733307 0.4541575 0.5413216 -0.70761 0.8046742 -0.3214093 -0.4991952 -0.4415665 -0.8035939 -0.3990688 -0.3828726 -0.9078943 -0.1706942 -0.8551846 0.2546039 -0.4514825 -0.3560135 -0.8723118 0.3351516 -0.8633734 0.4257138 0.27084 -0.3531641 -0.9317594 0.08425921 0.8931166 -0.4495464 -0.01584148 0.8902688 -0.3901064 0.2350291 -0.3560532 -0.8722987 0.3351438 -0.3910965 -0.7366813 0.551674 -0.8046905 0.3214253 0.4991585 -0.8633853 0.4257251 0.2707842 0.4415711 0.8035888 0.3990742 0.8551796 -0.2545862 0.4515017 0.3828783 0.9078887 0.1707112 -0.7921178 0.05919164 -0.6074914 -0.4415911 -0.8035449 -0.39914 -0.8551884 0.2545943 -0.4514803 0.6313586 0.06997388 -0.7723276 0.7241335 -0.1492665 -0.6733129 -0.522184 -0.6314709 -0.5732088 0.3910763 0.7367429 -0.551606 0.3560014 0.8723492 -0.335067 0.8633865 -0.4257221 -0.2707849 0.4541723 0.5413972 -0.7075428 0.5376163 0.3098026 -0.7842137 -0.7087001 -0.1724056 -0.6841203 0.8552073 -0.2545505 0.4514694 0.7921478 -0.05918008 0.6074534 -0.4541774 -0.5413631 0.7075656 -0.7240893 0.1493722 0.6733371 -0.454144 -0.5413662 0.7075846 -0.631307 -0.06989097 0.7723774 0.3531589 0.9317508 -0.08437681 0.8902454 -0.3901521 0.2350411 0.8930962 -0.4495893 -0.01577323 0.4415907 0.8035568 0.3991167 0.7921356 -0.05925089 0.6074625 0.8551663 -0.2545365 0.4515549 0.3829225 0.9078714 0.1707044 0.3532072 0.9317399 -0.08429461 -0.8931164 0.4495486 0.01578909 0.3532029 0.9317461 -0.08424359 -0.8902692 0.3901052 -0.2350294 -0.8931171 0.4495453 0.01584112 0.7241228 -0.1492328 -0.6733319 -0.4415991 -0.8035947 -0.3990312 -0.5221938 -0.6314432 -0.5732305 0.6313162 0.06990575 -0.7723686 0.537549 0.3097856 -0.7842665 0.7240839 -0.1493112 -0.6733563 -0.3828832 -0.9078821 -0.1707354 -0.353166 -0.9317581 0.08426535 -0.8902427 0.3901502 -0.235055 0.8046765 -0.3213848 -0.499207 0.4541268 0.5414202 -0.7075542 0.3910917 0.7367045 -0.5516464 0.5375978 0.3098435 -0.7842103 -0.614953 -0.4122502 -0.6722221 -0.7087181 -0.1723666 -0.6841115 -0.5221531 -0.6314538 -0.5732558 -0.4415741 -0.8035719 -0.399105 -0.7921083 0.05917626 -0.6075053 0.3560514 0.8723123 -0.3351098 0.3911221 0.7367288 -0.5515925 -0.855197 0.2545226 -0.4515047 0.3911083 0.7367592 -0.5515616 -0.7921491 0.05918145 -0.6074516 -0.8552084 0.2545517 -0.4514666 0.5221998 0.6314389 0.5732297 0.4416047 0.8035916 0.3990311 -0.8047223 0.3214078 0.4991183 0.4416103 0.80357 0.3990683 -0.8634091 0.42568 0.2707794 -0.8047137 0.3213788 0.4991508 -0.3910838 -0.7367129 0.5516408 -0.4541231 -0.541408 0.707566 -0.7240738 0.1492297 0.6733853 0.855207 -0.2545621 0.4514632 -0.4541783 -0.5413749 0.7075558 -0.3911179 -0.7367462 0.5515723 0.7087511 0.17237 0.6840764 0.6149537 0.4122493 0.6722221 -0.6313727 -0.06993407 0.7723199 0.7087211 0.1723576 0.6841107 -0.6313697 -0.0699439 0.7723214 -0.5376049 -0.3098267 0.7842121 0.6149129 0.4122561 0.6722552 0.7921088 -0.05917739 0.6075045 0.5221663 0.6314273 0.5732731 0.614965 0.4122237 0.6722275 0.52219 0.6314635 0.5732116 -0.7241374 0.149282 0.6733052 0.3828658 0.9078965 0.1706986 0.8551756 -0.2545691 0.451519 0.8902519 -0.3901741 0.2349803 0.8902688 -0.3901141 0.2350159 0.8551981 -0.2545307 0.4514979 -0.391126 -0.7367171 0.5516054 0.3828606 0.9079117 0.1706287 0.8902533 -0.3901883 0.2349517 0.3531604 0.9317576 -0.08429503 0.3532105 0.9317414 -0.08426356 0.3560591 0.8722999 -0.3351341 -0.8902635 0.3901053 -0.2350508 0.8046854 -0.3214221 -0.4991686 0.3910788 0.7367503 -0.5515943 0.8633787 -0.4257239 -0.2708072 0.5376077 0.3098317 -0.7842079 0.631373 0.06994819 -0.7723183 -0.6149432 -0.412262 -0.6722239 0.7241238 -0.1492537 -0.6733261 0.8047186 -0.3214049 -0.4991262 -0.4416009 -0.803604 -0.3990105 0.804708 -0.3213706 -0.4991654 -0.382914 -0.9078783 -0.1706866 -0.4416092 -0.8035761 -0.3990574 0.8634059 -0.4256761 -0.2707957 0.8931193 -0.4495425 -0.01579666 -0.3532002 -0.9317408 0.08431309 0.8931137 -0.4495517 -0.01585191 -0.3560569 -0.8723022 0.3351306 -0.3532083 -0.9317427 0.08425974 0.3829187 0.9078716 0.1707115 -0.8931185 0.449544 0.01579582 -0.8634046 0.4256785 0.270796 -0.3531673 -0.9317652 0.08418118 -0.8633815 0.4257227 0.2708003 -0.8930924 0.4495937 0.01585656 -0.7086653 -0.1724132 -0.6841544 -0.6149353 -0.4122119 -0.6722618 -0.7921242 0.05922436 -0.6074798 0.4541645 0.5414081 -0.7075393 -0.7087066 -0.1723958 -0.684116 -0.7921521 0.05919939 -0.607446 0.3560049 0.872357 -0.3350433 0.8930961 -0.4495887 -0.01579248 0.8633976 -0.4257432 -0.2707166 0.3911205 0.7367461 -0.5515705 0.4541818 0.5413752 -0.7075535 -0.7921375 0.05916923 -0.6074679 0.8634004 -0.4256778 -0.2708103 -0.3532063 -0.9317397 0.0842995 -0.3829202 -0.9078733 -0.1706998 0.8047131 -0.3213798 -0.4991513 0.8634086 -0.4256809 -0.2707794 -0.3829095 -0.9078835 -0.1706688 0.5221993 0.631435 0.5732345 -0.8047223 0.3214021 0.499122 -0.7241275 0.1492512 0.6733227 -0.3910931 -0.7366998 0.5516518 -0.7241173 0.149316 0.6733193 -0.8046765 0.321393 0.4992017 -0.6149135 -0.4122496 -0.6722586 -0.5221394 -0.6315028 -0.5732144 -0.7921093 0.05921357 -0.6075004 0.6313537 0.06998127 -0.7723311 -0.5221881 -0.631465 -0.5732117 -0.6149629 -0.412226 -0.672228 0.5221418 0.6314738 0.5732442 0.792097 -0.05915606 0.6075219 0.4415747 0.803569 0.3991101 0.4416136 0.8035781 0.3990488 0.3829184 0.9078784 0.1706767 -0.8634076 0.4256926 0.270764 0.7921586 -0.05921453 0.6074361 -0.5376124 -0.3098 0.7842174 -0.4541682 -0.5413946 0.7075473 -0.6313115 -0.06995099 0.7723681 -0.454116 -0.5413894 0.7075848 -0.5375499 -0.3098242 0.7842508 0.6149113 0.4122402 0.6722665 0.7086396 0.1723726 0.6841913 0.7920901 -0.05922055 0.6075247 0.7921538 -0.05920451 0.6074432 0.7087084 0.1723898 0.6841156 -0.5376181 -0.3097915 0.7842169 -0.8551682 0.2545495 -0.4515441 -0.3828747 -0.9078876 -0.1707255 -0.8902423 0.3901361 -0.2350798 0.3560532 0.8723154 -0.3351001 -0.8551968 0.2545297 -0.4515008 -0.890268 0.3901139 -0.2350192 -0.3910874 -0.73672 0.5516288 -0.8633801 0.4257181 0.2708116 -0.3560141 -0.8723068 0.3351639 0.8902697 -0.3901217 0.2350002 -0.3911234 -0.7367272 0.5515937 -0.3560529 -0.8723111 0.3351116 -0.02884721 -0.8434759 0.5363917 0.2340756 -0.644254 0.7281109 -0.1886436 -0.1845477 0.9645496 0.8291255 -0.2454617 -0.5022941 0.2612711 0.08580058 -0.9614446 0.6172379 0.3555459 -0.701858 0.970407 -0.119363 0.2099118 0.977038 -0.1264185 -0.1715084 0.8176282 0.5168151 -0.2537449 -0.1768928 -0.9625157 0.2056032 0.9770545 -0.1263118 -0.1714935 0.9704371 -0.1192413 0.2098413 -0.1701597 -0.9695937 -0.1758799 -0.7450531 -0.6155965 0.2567817 -0.7360847 -0.6251333 -0.2595913 0.2588137 -0.6706172 -0.6951892 -0.01074928 -0.862769 -0.5054841 -0.5200962 -0.4804017 -0.706197 -0.5919826 0.8055565 -0.02520823 0.5413939 -0.4183638 0.7292904 0.5926709 0.3816257 0.7092975 0.2277182 0.1214994 0.9661172 0.8291035 -0.2454902 -0.5023165 0.5661734 -0.4447044 -0.6940358 0.2612611 0.08580964 -0.9614465 0.8290998 -0.2454025 -0.5023656 -0.01080548 -0.8627136 -0.5055776 0.5661751 -0.4446144 -0.6940921 -0.1701627 -0.9696007 -0.1758387 -0.1768028 -0.9625371 0.2055799 -0.745065 -0.6155815 0.2567834 -0.1768904 -0.9625102 0.2056305 -0.1702721 -0.9695839 -0.1758254 0.8291149 -0.2453852 -0.5023493 0.5414351 -0.4183503 0.7292675 0.8109785 -0.2261559 0.5395993 0.5926712 0.3816382 0.7092907 -0.02892637 -0.8434222 0.5364722 0.970395 -0.1192674 0.2100211 0.2340083 -0.6441997 0.7281805 0.2588428 -0.6705809 -0.6952135 -0.5201066 -0.4803733 -0.7062087 -0.1551592 -0.2202371 -0.9630272 -0.5919845 0.8055551 -0.02521067 -0.5919817 0.8055572 -0.02520889 0.9704069 -0.1193031 0.209946 0.8176132 0.5168418 -0.253739 0.808645 0.5263956 0.262681 -0.5919846 0.8055551 -0.0252071 -0.02888906 -0.8434861 0.5363737 -0.188681 -0.1845822 0.9645357 -0.5446776 -0.4542871 0.7049465 0.566216 -0.4446814 -0.6940158 0.2587783 -0.6706366 -0.6951837 -0.1550472 -0.2201756 -0.9630593 0.5662 -0.4445897 -0.6940878 -0.01083934 -0.8627527 -0.50551 0.2587181 -0.670594 -0.6952471 -0.1767921 -0.9625491 0.205533 -0.02882516 -0.8434492 0.5364352 -0.5447075 -0.4543333 0.7048937 -0.1769114 -0.9625316 0.2055125 0.9704065 -0.1192597 0.2099725 -0.02889925 -0.8434031 0.5365037 0.9770473 -0.1264137 -0.1714596 0.8290727 -0.2455049 -0.5023603 0.6172842 0.3555704 -0.7018049 0.9770513 -0.1263153 -0.1715083 -0.1769028 -0.9625236 0.2055573 0.8290724 -0.2454155 -0.5024045 0.2340368 -0.6442888 0.7280926 0.5414689 -0.4183244 0.7292573 0.2276256 0.1214088 0.9661504 0.2339465 -0.6442479 0.7281578 0.8110082 -0.2261427 0.5395603 0.5414544 -0.4182868 0.7292896 -0.01068913 -0.862745 -0.5055264 -0.1701612 -0.9696093 -0.1757931 -0.7360385 -0.6251325 -0.2597247 0.8290882 -0.2453955 -0.5023882 -0.1702727 -0.9695926 -0.1757771 -0.01077258 -0.8626983 -0.5056042 0.8109535 -0.2262207 0.5396098 0.9704166 -0.1193473 0.2098764 0.8086326 0.5263712 0.2627676 0.2340306 -0.6441888 0.728183 0.9704233 -0.1192358 0.2099083 0.8109843 -0.2260881 0.539619 -0.5919779 0.8055598 -0.02521044 -0.01074701 -0.8627203 -0.5055673 -0.7360417 -0.6251347 -0.25971 -0.5201742 -0.4804384 -0.7061146 -0.5919823 0.8055567 -0.02520889 0.5662282 -0.4446523 -0.6940246 -0.1550558 -0.220191 -0.9630543 0.2611384 0.08573842 -0.9614862 -0.5919812 0.8055575 -0.02520883 0.9770562 -0.1264007 -0.1714178 0.6172711 0.3555367 -0.7018334 0.8176081 0.5168098 -0.2538203 -0.5919787 0.8055593 -0.02521002 0.8109373 -0.2262247 0.5396324 0.8086348 0.5263522 0.2627992 0.592739 0.3816967 0.7092024 -0.5919937 0.8055483 -0.02521055 0.2340053 -0.644297 0.7280954 0.2276423 0.1214076 0.9661465 -0.1885808 -0.1844816 0.9645745 -0.591985 0.8055547 -0.02521169 -0.1768083 -0.9625538 0.205497 -0.5446689 -0.4543239 0.7049296 -0.7450377 -0.6155586 0.2569172 -0.1767934 -0.962548 0.2055369 -0.02887243 -0.8434416 0.5364445 -0.5447061 -0.4543297 0.7048971 0.9770567 -0.1263884 -0.1714241 0.6172912 0.3555629 -0.7018025 0.8176026 0.5168172 -0.2538231 0.8109575 -0.2262214 0.5396033 0.970418 -0.1193491 0.2098683 0.8086358 0.5263696 0.2627607 -0.1702688 -0.9695882 -0.1758047 0.97042 -0.1192471 0.2099169 0.8110066 -0.2260816 0.5395882 -0.01069647 -0.8627262 -0.5055581 -0.73604 -0.6251354 -0.2597129 -0.5201712 -0.4804391 -0.7061164 0.5662094 -0.4446845 -0.6940192 0.2587731 -0.6706408 -0.6951816 -0.155056 -0.220181 -0.9630566 -0.5919815 0.8055572 -0.02521175 0.2340027 -0.6442994 0.7280941 0.2276373 0.1214057 0.966148 -0.1885852 -0.1844835 0.9645732 0.9770471 -0.126421 -0.1714551 0.8290725 -0.2455119 -0.5023573 0.6172884 0.3555651 -0.7018037 0.9770582 -0.1263071 -0.1714758 0.2587609 -0.6705591 -0.695265 0.829093 -0.2453989 -0.5023785 -0.01070737 -0.8627446 -0.5055267 -0.1701748 -0.9696069 -0.1757924 -0.7360481 -0.6251244 -0.2597166 -0.1702848 -0.9695902 -0.1757781 -0.01082074 -0.8627265 -0.5055553 0.977063 -0.126309 -0.1714469 0.2340431 -0.6442824 0.7280963 0.5414735 -0.4183167 0.7292583 0.2276339 0.1214184 0.9661473 -0.1768872 -0.9625201 0.205587 0.8109804 -0.2260944 0.5396223 -0.02890723 -0.8434156 0.5364834 0.5662362 -0.4446493 -0.6940199 -0.1550451 -0.2201856 -0.9630573 0.2611858 0.0857712 -0.9614704 -0.5919812 0.8055575 -0.02521026 -0.5919783 0.8055596 -0.02520924 0.8109351 -0.226218 0.5396385 0.8086301 0.5263565 0.2628049 0.5927315 0.3816993 0.7092074 -0.5919812 0.8055574 -0.02520853 -0.176814 -0.9625533 0.2054945 -0.5446759 -0.4543235 0.7049244 -0.7450422 -0.6155562 0.2569099 0.8291017 -0.2454931 -0.5023181 0.5661703 -0.4447064 -0.6940371 0.2612597 0.08580827 -0.9614471 0.829109 -0.2453666 -0.5023682 0.2586963 -0.6706028 -0.6952468 0.5661375 -0.4446254 -0.6941158 -0.1701566 -0.9696014 -0.1758406 -0.176797 -0.9625385 0.2055786 -0.7450536 -0.6155769 0.2568271 -0.1702538 -0.9695735 -0.1759003 0.810929 -0.2261404 0.5396803 -0.1768899 -0.9625118 0.2056234 0.9704043 -0.1193664 0.209922 0.9770397 -0.1264196 -0.171498 0.8176317 0.516816 -0.2537314 0.9704223 -0.1192486 0.2099057 -0.170261 -0.9695814 -0.1758497 0.9770505 -0.1263141 -0.1715147 -0.02886444 -0.8434779 0.536388 0.2340531 -0.6442561 0.7281163 -0.1886654 -0.1845486 0.9645451 -0.02895736 -0.8434478 0.5364302 0.5414769 -0.4182515 0.7292932 0.2340138 -0.6441922 0.7281855 0.2588226 -0.6706166 -0.6951864 -0.01074349 -0.8627685 -0.5054852 -0.5200897 -0.4804019 -0.7062017 0.9770537 -0.1263157 -0.1714948 -0.0108543 -0.8627501 -0.5055141 0.2587803 -0.6705434 -0.6952728 0.5414391 -0.4183518 0.7292637 0.8109962 -0.226193 0.5395572 0.5926765 0.3816357 0.7092875 -0.0289092 -0.84341 0.5364923 0.8109734 -0.2261083 0.539627 0.5414407 -0.4182429 0.729325 -0.5919799 0.8055585 -0.02520877 0.2588464 -0.6705829 -0.6952102 -0.520079 -0.480405 -0.7062074 -0.1551554 -0.220239 -0.9630273 -0.591979 0.805559 -0.02521049 0.8291237 -0.2454636 -0.5022963 0.2612677 0.08579766 -0.9614459 0.6172088 0.3555227 -0.7018952 -0.5919854 0.8055544 -0.02520918 0.970398 -0.1193565 0.2099569 0.8176465 0.5168128 -0.2536911 0.8086373 0.5263846 0.2627266 -0.5919877 0.8055527 -0.02520734 0.541391 -0.418361 0.7292941 0.5926654 0.381627 0.7093015 0.2277114 0.1214989 0.9661188 -0.5919736 0.805563 -0.02521288 -0.0288791 -0.843487 0.5363729 -0.1886699 -0.1845818 0.9645379 -0.544641 -0.4542673 0.7049876 -0.5919846 0.8055551 -0.0252068 -0.170159 -0.9695947 -0.1758754 -0.7450516 -0.6155962 0.2567868 -0.7360854 -0.6251348 -0.259586 -0.873228 -0.2041416 -0.442492 -0.979825 0.05588948 -0.1918837 -0.6762266 0.5587326 -0.4801411 -0.2010742 -0.574467 0.7934463 0.5359531 -0.6604191 0.5259287 0.3900818 -0.3043992 0.8690095 -0.63175 0.01157724 0.7750858 -0.3977523 -0.264734 0.8784697 0.1208031 0.1196818 0.9854354 -0.6766555 -0.5137143 -0.5274798 -0.397664 -0.2647457 0.8785062 -0.6316198 0.01151901 0.7751929 -0.4426255 -0.7901082 -0.4240422 -0.2610883 -0.2213384 -0.9395969 0.05923789 -0.5995735 -0.7981244 -0.1065815 -0.9752264 0.1938399 -0.2340504 -0.9589519 -0.1600992 0.3450031 -0.8308999 -0.4365527 0.7828058 0.5672649 -0.2557845 -0.9677988 0.1966722 0.1571159 -0.4852883 0.7292415 0.482392 -0.6597247 0.7515044 -0.00213027 -0.2011348 -0.5743587 0.7935093 -0.09455519 -0.8344385 0.5429288 0.5359476 -0.6603889 0.5259723 -0.2010329 -0.5744046 0.7935019 -0.2339339 -0.9589828 -0.1600847 -0.0944575 -0.8344689 0.5428991 -0.4426261 -0.7901113 -0.4240357 -0.6766695 -0.5138055 -0.5273731 -0.2610951 -0.221331 -0.9395967 -0.6766813 -0.5136817 -0.5274786 -0.4426564 -0.7900422 -0.424133 -0.2010642 -0.5743755 0.793515 -0.9678027 0.1966722 0.157093 -0.8403913 0.1804384 0.5110622 -0.4852896 0.7292512 0.4823764 -0.8732652 -0.2040635 -0.4424546 -0.6317269 0.01163333 0.7751038 -0.9798211 0.05603945 -0.1918601 -0.1065639 -0.9752086 0.1939387 0.3450072 -0.8309021 -0.4365455 0.5194578 -0.8531485 0.04797214 0.7828148 0.5672541 -0.2557807 0.782809 0.5672608 -0.2557838 -0.6316699 0.01149326 0.7751524 0.1208247 0.1196473 0.985437 -0.1995139 0.4979306 0.8439545 0.782799 0.5672754 -0.2557824 -0.8732336 -0.2041321 -0.4424855 -0.6762307 0.5587285 -0.4801402 -0.5303432 0.2027454 -0.8231831 -0.09452396 -0.8344822 0.5428672 -0.1065632 -0.9752296 0.193834 0.5194727 -0.8531334 0.04807949 -0.09448057 -0.83445 0.5429242 -0.2339943 -0.9589561 -0.1601556 -0.1065347 -0.9752364 0.1938157 -0.6766698 -0.5137462 -0.5274305 -0.8732985 -0.2040864 -0.4423783 -0.5303298 0.2026976 -0.8232035 -0.6765991 -0.5137924 -0.5274761 -0.6316999 0.0116018 0.7751263 -0.8732836 -0.2040258 -0.4424359 -0.3977585 -0.2646954 0.8784786 -0.2011268 -0.574381 0.7934951 0.3900288 -0.304309 0.8690649 -0.3976587 -0.2647587 0.8785047 -0.6766258 -0.5137529 -0.5274803 -0.2010267 -0.5744399 0.7934778 -0.979823 0.05587667 -0.1918976 -0.9678019 0.1966149 0.1571691 -0.6597582 0.7514747 -0.002238571 -0.9798192 0.05596876 -0.1918898 -0.8403106 0.1804711 0.5111832 -0.9677671 0.1967493 0.1572153 -0.2340149 -0.9589628 -0.1600854 -0.4427111 -0.7900367 -0.4240862 0.05927795 -0.5996229 -0.7980843 -0.201038 -0.5744188 0.7934903 -0.4426408 -0.7900177 -0.4241949 -0.2338898 -0.9589938 -0.160083 -0.8403651 0.1803978 0.5111196 -0.6316745 0.0114848 0.7751486 -0.1995785 0.4979944 0.8439018 -0.9798297 0.05602276 -0.191821 -0.631655 0.0115692 0.7751633 -0.8403192 0.1804878 0.5111634 0.7828098 0.5672591 -0.2557853 -0.23394 -0.9589891 -0.1600378 0.05930614 -0.5996541 -0.7980588 0.3449648 -0.8308701 -0.4366397 0.7828081 0.5672616 -0.2557848 -0.0945456 -0.8344297 0.5429441 0.5194662 -0.8531375 0.04807764 0.5359694 -0.6604529 0.5258696 0.7828102 0.5672596 -0.255783 -0.397714 -0.2647035 0.8784962 0.3900227 -0.3043194 0.869064 0.1208746 0.1195924 0.9854375 0.7828051 0.5672667 -0.2557826 -0.8403701 0.1804869 0.5110797 -0.1995834 0.497988 0.8439043 -0.4852271 0.729221 0.4824846 0.7828198 0.5672453 -0.2557854 -0.9798223 0.05589503 -0.1918962 -0.6597524 0.7514798 -0.002242624 -0.6762396 0.5588044 -0.4800394 0.7828139 0.5672538 -0.2557847 -0.676615 -0.5138235 -0.5274255 -0.5303116 0.2026603 -0.8232244 -0.2611475 -0.2212408 -0.9396035 -0.9300267 -0.3598215 0.07469159 -0.9300262 -0.3598232 0.07469058</float_array>
          <technique_common>
            <accessor source="#default_default-mesh-normals-array" count="6298" stride="3">
              <param name="X" type="float"/>
              <param name="Y" type="float"/>
              <param name="Z" type="float"/>
            </accessor>
          </technique_common>
        </source>
        <source id="default_default-mesh-map-0">
          <float_array id="default_default-mesh-map-0-array" count="13428">0.975586 0.37793 0.975586 0.430664 0.932617 0.37793 0.928711 0.428711 0.928711 0.379883 0.932617 0.37793 0.928711 0.428711 0.918945 0.40332 0.928711 0.379883 0.975586 0.37793 0.979492 0.379883 0.975586 0.430664 0.932617 0.37793 0.932617 0.430664 0.928711 0.428711 0.932617 0.37793 0.975586 0.430664 0.932617 0.430664 0.979492 0.428711 0.975586 0.430664 0.979492 0.379883 0.979492 0.379883 0.989258 0.40332 0.979492 0.428711 0.932617 0.157227 0.975586 0.157227 0.975586 0.374023 0.975586 0.374023 0.932617 0.374023 0.932617 0.157227 0.926758 0.157227 0.932617 0.157227 0.932617 0.374023 0.932617 0.374023 0.926758 0.374023 0.926758 0.157227 0.874023 0.157227 0.899414 0.157227 0.899414 0.374023 0.899414 0.374023 0.874023 0.374023 0.874023 0.157227 0.899414 0.157227 0.926758 0.157227 0.926758 0.374023 0.926758 0.374023 0.899414 0.374023 0.899414 0.157227 0.975586 0.157227 0.981445 0.157227 0.981445 0.374023 0.981445 0.374023 0.975586 0.374023 0.975586 0.157227 0.868164 0.157227 0.874023 0.157227 0.874023 0.374023 0.874023 0.374023 0.868164 0.374023 0.868164 0.157227 0.825195 0.157227 0.868164 0.157227 0.868164 0.374023 0.868164 0.374023 0.825195 0.374023 0.825195 0.157227 0.819336 0.157227 0.825195 0.157227 0.825195 0.374023 0.825195 0.374023 0.819336 0.374023 0.819336 0.157227 0.764648 0.157227 0.791992 0.157227 0.791992 0.374023 0.791992 0.374023 0.764648 0.374023 0.764648 0.157227 0.791992 0.157227 0.819336 0.157227 0.819336 0.374023 0.819336 0.374023 0.791992 0.374023 0.791992 0.157227 0.932617 0.157227 0.926758 0.155273 0.932617 0.09863299 0.926758 0.155273 0.926758 0.1005859 0.932617 0.09863299 0.926758 0.155273 0.915039 0.12793 0.926758 0.1005859 0.932617 0.157227 0.932617 0.09863299 0.975586 0.157227 0.932617 0.09863299 0.975586 0.09863299 0.975586 0.157227 0.975586 0.09863299 0.981445 0.1005859 0.981445 0.155273 0.975586 0.09863299 0.981445 0.155273 0.975586 0.157227 0.981445 0.1005859 0.993164 0.12793 0.981445 0.155273 0.932617 0.374023 0.975586 0.374023 0.975586 0.37793 0.975586 0.37793 0.932617 0.37793 0.932617 0.374023 0.924805 0.37793 0.932617 0.374023 0.932617 0.37793 0.932617 0.37793 0.928711 0.379883 0.924805 0.37793 0.924805 0.430664 0.913086 0.40332 0.918945 0.40332 0.918945 0.40332 0.928711 0.428711 0.924805 0.430664 0.913086 0.40332 0.924805 0.37793 0.928711 0.379883 0.928711 0.379883 0.918945 0.40332 0.913086 0.40332 0.975586 0.374023 0.983398 0.37793 0.979492 0.379883 0.979492 0.379883 0.975586 0.37793 0.975586 0.374023 0.932617 0.43457 0.924805 0.430664 0.928711 0.428711 0.928711 0.428711 0.932617 0.430664 0.932617 0.43457 0.975586 0.43457 0.932617 0.43457 0.932617 0.430664 0.932617 0.430664 0.975586 0.430664 0.975586 0.43457 0.983398 0.430664 0.975586 0.43457 0.975586 0.430664 0.975586 0.430664 0.979492 0.428711 0.983398 0.430664 0.983398 0.37793 0.995117 0.40332 0.989258 0.40332 0.989258 0.40332 0.979492 0.379883 0.983398 0.37793 0.995117 0.40332 0.983398 0.430664 0.979492 0.428711 0.979492 0.428711 0.989258 0.40332 0.995117 0.40332 0.21582 0.780273 0.249023 0.766602 0.229492 0.766602 0.21582 0.797852 0.249023 0.766602 0.21582 0.780273 0.229492 0.811523 0.249023 0.766602 0.21582 0.797852 0.249023 0.811523 0.249023 0.766602 0.229492 0.811523 0.262695 0.797852 0.249023 0.766602 0.249023 0.811523 0.262695 0.780273 0.249023 0.766602 0.262695 0.797852 0.676758 0.952148 0.698242 0.961914 0.698242 0.952148 0.676758 0.961914 0.698242 0.961914 0.676758 0.952148 0.657227 0.952148 0.676758 0.961914 0.676758 0.952148 0.657227 0.961914 0.676758 0.961914 0.657227 0.952148 0.637695 0.952148 0.657227 0.961914 0.657227 0.952148 0.637695 0.961914 0.657227 0.961914 0.637695 0.952148 0.618164 0.952148 0.637695 0.961914 0.637695 0.952148 0.618164 0.961914 0.637695 0.961914 0.618164 0.952148 0.59668 0.952148 0.618164 0.961914 0.618164 0.952148 0.59668 0.961914 0.618164 0.961914 0.59668 0.952148 0.567383 0.952148 0.59668 0.961914 0.59668 0.952148 0.567383 0.961914 0.59668 0.961914 0.567383 0.952148 0.698242 0.952148 0.729492 0.961914 0.729492 0.952148 0.698242 0.961914 0.729492 0.961914 0.698242 0.952148 0.249023 0.766602 0.262695 0.780273 0.229492 0.766602 0.229492 0.766602 0.262695 0.780273 0.21582 0.780273 0.21582 0.780273 0.262695 0.780273 0.21582 0.797852 0.21582 0.797852 0.262695 0.780273 0.229492 0.811523 0.229492 0.811523 0.262695 0.780273 0.249023 0.811523 0.249023 0.811523 0.262695 0.780273 0.262695 0.797852 0.262695 0.797852 0.249023 0.811523 0.282227 0.807617 0.272461 0.819336 0.282227 0.807617 0.249023 0.811523 0.567383 0.961914 0.567383 0.952148 0.547852 0.961914 0.547852 0.952148 0.547852 0.961914 0.567383 0.952148 0.249023 0.811523 0.262695 0.797852 0.272461 0.819336 0.282227 0.807617 0.272461 0.819336 0.262695 0.797852 0.729492 0.952148 0.729492 0.961914 0.733398 0.952148 0.733398 0.961914 0.733398 0.952148 0.729492 0.961914 0.272461 0.819336 0.282227 0.807617 0.282227 0.807617 0.282227 0.807617 0.272461 0.819336 0.272461 0.819336 0.249023 0.766602 0.21582 0.780273 0.229492 0.766602 0.249023 0.766602 0.21582 0.799805 0.21582 0.780273 0.249023 0.766602 0.229492 0.813477 0.21582 0.799805 0.249023 0.766602 0.249023 0.813477 0.229492 0.813477 0.249023 0.766602 0.262695 0.799805 0.249023 0.813477 0.249023 0.766602 0.262695 0.780273 0.262695 0.799805 0.698242 0.961914 0.676758 0.952148 0.698242 0.952148 0.698242 0.961914 0.676758 0.961914 0.676758 0.952148 0.676758 0.961914 0.657227 0.952148 0.676758 0.952148 0.676758 0.961914 0.657227 0.961914 0.657227 0.952148 0.657227 0.961914 0.637695 0.952148 0.657227 0.952148 0.657227 0.961914 0.637695 0.961914 0.637695 0.952148 0.637695 0.961914 0.618164 0.952148 0.637695 0.952148 0.637695 0.961914 0.618164 0.961914 0.618164 0.952148 0.618164 0.961914 0.59668 0.952148 0.618164 0.952148 0.618164 0.961914 0.59668 0.961914 0.59668 0.952148 0.59668 0.961914 0.567383 0.952148 0.59668 0.952148 0.59668 0.961914 0.567383 0.961914 0.567383 0.952148 0.729492 0.961914 0.698242 0.952148 0.729492 0.952148 0.729492 0.961914 0.698242 0.961914 0.698242 0.952148 0.262695 0.780273 0.249023 0.766602 0.229492 0.766602 0.262695 0.780273 0.229492 0.766602 0.21582 0.780273 0.262695 0.780273 0.21582 0.780273 0.21582 0.799805 0.262695 0.780273 0.21582 0.799805 0.229492 0.813477 0.262695 0.780273 0.229492 0.813477 0.249023 0.813477 0.262695 0.780273 0.249023 0.813477 0.262695 0.799805 0.249023 0.813477 0.262695 0.799805 0.282227 0.80957 0.282227 0.80957 0.272461 0.819336 0.249023 0.813477 0.567383 0.952148 0.567383 0.961914 0.547852 0.961914 0.547852 0.961914 0.547852 0.952148 0.567383 0.952148 0.262695 0.799805 0.249023 0.813477 0.272461 0.819336 0.272461 0.819336 0.282227 0.80957 0.262695 0.799805 0.729492 0.961914 0.729492 0.952148 0.733398 0.952148 0.733398 0.952148 0.733398 0.961914 0.729492 0.961914 0.282227 0.80957 0.272461 0.819336 0.282227 0.80957 0.272461 0.819336 0.282227 0.80957 0.272461 0.819336 0.260742 0.799805 0.249023 0.766602 0.260742 0.77832 0.260742 0.799805 0.227539 0.766602 0.249023 0.766602 0.260742 0.799805 0.21582 0.77832 0.227539 0.766602 0.260742 0.799805 0.21582 0.799805 0.21582 0.77832 0.260742 0.799805 0.227539 0.811523 0.21582 0.799805 0.260742 0.799805 0.249023 0.811523 0.227539 0.811523 0.618164 0.952148 0.641602 0.961914 0.618164 0.961914 0.618164 0.952148 0.641602 0.952148 0.641602 0.961914 0.641602 0.952148 0.665039 0.961914 0.641602 0.961914 0.641602 0.952148 0.665039 0.952148 0.665039 0.961914 0.665039 0.952148 0.686523 0.961914 0.665039 0.961914 0.665039 0.952148 0.686523 0.952148 0.686523 0.961914 0.686523 0.952148 0.709961 0.961914 0.686523 0.961914 0.686523 0.952148 0.709961 0.952148 0.709961 0.961914 0.709961 0.952148 0.733398 0.961914 0.709961 0.961914 0.709961 0.952148 0.733398 0.952148 0.733398 0.961914 0.547852 0.952148 0.573242 0.961914 0.547852 0.961914 0.547852 0.952148 0.573242 0.952148 0.573242 0.961914 0.573242 0.952148 0.59668 0.961914 0.573242 0.961914 0.573242 0.952148 0.59668 0.952148 0.59668 0.961914 0.59668 0.952148 0.618164 0.961914 0.59668 0.961914 0.59668 0.952148 0.618164 0.952148 0.618164 0.961914 0.227539 0.766602 0.249023 0.766602 0.260742 0.77832 0.227539 0.766602 0.260742 0.77832 0.260742 0.799805 0.227539 0.766602 0.260742 0.799805 0.249023 0.811523 0.227539 0.766602 0.249023 0.811523 0.227539 0.811523 0.227539 0.766602 0.227539 0.811523 0.21582 0.799805 0.227539 0.766602 0.21582 0.799805 0.21582 0.77832 0.249023 0.766602 0.260742 0.799805 0.260742 0.77832 0.227539 0.766602 0.260742 0.799805 0.249023 0.766602 0.21582 0.77832 0.260742 0.799805 0.227539 0.766602 0.21582 0.799805 0.260742 0.799805 0.21582 0.77832 0.227539 0.811523 0.260742 0.799805 0.21582 0.799805 0.249023 0.811523 0.260742 0.799805 0.227539 0.811523 0.641602 0.961914 0.618164 0.952148 0.618164 0.961914 0.641602 0.952148 0.618164 0.952148 0.641602 0.961914 0.665039 0.961914 0.641602 0.952148 0.641602 0.961914 0.665039 0.952148 0.641602 0.952148 0.665039 0.961914 0.686523 0.961914 0.665039 0.952148 0.665039 0.961914 0.686523 0.952148 0.665039 0.952148 0.686523 0.961914 0.709961 0.961914 0.686523 0.952148 0.686523 0.961914 0.709961 0.952148 0.686523 0.952148 0.709961 0.961914 0.733398 0.961914 0.709961 0.952148 0.709961 0.961914 0.733398 0.952148 0.709961 0.952148 0.733398 0.961914 0.573242 0.961914 0.547852 0.952148 0.547852 0.961914 0.573242 0.952148 0.547852 0.952148 0.573242 0.961914 0.59668 0.961914 0.573242 0.952148 0.573242 0.961914 0.59668 0.952148 0.573242 0.952148 0.59668 0.961914 0.618164 0.961914 0.59668 0.952148 0.59668 0.961914 0.618164 0.952148 0.59668 0.952148 0.618164 0.961914 0.249023 0.766602 0.227539 0.766602 0.260742 0.77832 0.260742 0.77832 0.227539 0.766602 0.260742 0.799805 0.260742 0.799805 0.227539 0.766602 0.249023 0.811523 0.249023 0.811523 0.227539 0.766602 0.227539 0.811523 0.227539 0.811523 0.227539 0.766602 0.21582 0.799805 0.21582 0.799805 0.227539 0.766602 0.21582 0.77832 0.936523 0.47168 0.944336 0.47168 0.936523 0.524414 0.944336 0.524414 0.936523 0.524414 0.944336 0.47168 0.87207 0.586914 0.879883 0.583008 0.879883 0.59082 0.87207 0.524414 0.87207 0.47168 0.879883 0.524414 0.879883 0.47168 0.879883 0.524414 0.87207 0.47168 0.879883 0.59082 0.879883 0.583008 0.936523 0.59082 0.936523 0.583008 0.879883 0.583008 0.879883 0.532227 0.879883 0.524414 0.879883 0.47168 0.936523 0.524414 0.936523 0.47168 0.936523 0.524414 0.879883 0.47168 0.936523 0.524414 0.879883 0.532227 0.879883 0.524414 0.936523 0.532227 0.936523 0.583008 0.879883 0.532227 0.879883 0.532227 0.936523 0.524414 0.936523 0.532227 0.879883 0.524414 0.879883 0.532227 0.87207 0.52832 0.879883 0.583008 0.936523 0.583008 0.936523 0.59082 0.87207 0.583008 0.87207 0.532227 0.879883 0.532227 0.879883 0.532227 0.879883 0.583008 0.87207 0.583008 0.94043 0.702148 0.913086 0.711914 0.928711 0.711914 0.94043 0.702148 0.901367 0.702148 0.913086 0.711914 0.94043 0.702148 0.895508 0.686523 0.901367 0.702148 0.924805 0.686523 0.916992 0.702148 0.916992 0.686523 0.924805 0.686523 0.924805 0.702148 0.916992 0.702148 0.924805 0.702148 0.916992 0.711914 0.916992 0.702148 0.924805 0.702148 0.924805 0.711914 0.916992 0.711914 0.924805 0.711914 0.916992 0.711914 0.916992 0.711914 0.924805 0.711914 0.924805 0.711914 0.916992 0.711914 0.924805 0.711914 0.916992 0.702148 0.916992 0.711914 0.924805 0.711914 0.924805 0.702148 0.916992 0.702148 0.924805 0.702148 0.916992 0.686523 0.916992 0.702148 0.924805 0.702148 0.924805 0.686523 0.916992 0.686523 0.913086 0.711914 0.94043 0.702148 0.928711 0.711914 0.901367 0.702148 0.94043 0.702148 0.913086 0.711914 0.895508 0.686523 0.94043 0.702148 0.901367 0.702148 0.946289 0.686523 0.94043 0.702148 0.895508 0.686523 0.895508 0.663086 0.946289 0.686523 0.946289 0.663086 0.895508 0.663086 0.895508 0.686523 0.946289 0.686523 0.94043 0.702148 0.946289 0.686523 0.895508 0.686523 0.924805 0.686523 0.916992 0.686523 0.916992 0.663086 0.916992 0.663086 0.924805 0.663086 0.924805 0.686523 0.916992 0.686523 0.924805 0.686523 0.924805 0.663086 0.924805 0.663086 0.916992 0.663086 0.916992 0.686523 0.946289 0.686523 0.895508 0.686523 0.895508 0.663086 0.895508 0.663086 0.946289 0.663086 0.946289 0.686523 0.916992 0.663086 0.895508 0.663086 0.946289 0.663086 0.916992 0.663086 0.946289 0.663086 0.916992 0.663086 0.942383 0.700195 0.911133 0.711914 0.930664 0.711914 0.942383 0.700195 0.899414 0.700195 0.911133 0.711914 0.942383 0.700195 0.895508 0.686523 0.899414 0.700195 0.924805 0.686523 0.916992 0.700195 0.916992 0.686523 0.924805 0.686523 0.924805 0.700195 0.916992 0.700195 0.924805 0.700195 0.916992 0.711914 0.916992 0.700195 0.924805 0.700195 0.924805 0.711914 0.916992 0.711914 0.924805 0.711914 0.916992 0.711914 0.916992 0.711914 0.924805 0.711914 0.924805 0.711914 0.916992 0.711914 0.924805 0.711914 0.916992 0.700195 0.916992 0.711914 0.924805 0.711914 0.924805 0.700195 0.916992 0.700195 0.924805 0.700195 0.916992 0.686523 0.916992 0.700195 0.924805 0.700195 0.924805 0.686523 0.916992 0.686523 0.911133 0.711914 0.942383 0.700195 0.930664 0.711914 0.899414 0.700195 0.942383 0.700195 0.911133 0.711914 0.895508 0.686523 0.942383 0.700195 0.899414 0.700195 0.946289 0.686523 0.942383 0.700195 0.895508 0.686523 0.895508 0.663086 0.946289 0.686523 0.946289 0.663086 0.895508 0.663086 0.895508 0.686523 0.946289 0.686523 0.942383 0.700195 0.946289 0.686523 0.895508 0.686523 0.924805 0.686523 0.916992 0.686523 0.916992 0.663086 0.916992 0.663086 0.924805 0.663086 0.924805 0.686523 0.916992 0.686523 0.924805 0.686523 0.924805 0.663086 0.924805 0.663086 0.916992 0.663086 0.916992 0.686523 0.946289 0.686523 0.895508 0.686523 0.895508 0.663086 0.895508 0.663086 0.946289 0.663086 0.946289 0.686523 0.916992 0.663086 0.895508 0.663086 0.946289 0.663086 0.916992 0.663086 0.946289 0.663086 0.916992 0.663086 0.606445 0.385742 0.569336 0.424805 0.569336 0.385742 0.606445 0.727539 0.571289 0.65918 0.606445 0.65918 0.657227 0.65918 0.657227 0.727539 0.620117 0.727539 0.362305 0.481445 0.399414 0.458008 0.485352 0.614258 0.485352 0.614258 0.44043 0.625977 0.362305 0.481445 0.399414 0.458008 0.362305 0.481445 0.44043 0.625977 0.44043 0.625977 0.485352 0.614258 0.399414 0.458008 0.606445 0.223633 0.620117 0.342773 0.606445 0.342773 0.620117 0.342773 0.606445 0.223633 0.620117 0.223633 0.44043 0.625977 0.485352 0.614258 0.524414 0.651367 0.524414 0.651367 0.454102 0.651367 0.44043 0.625977 0.620117 0.65918 0.657227 0.624023 0.657227 0.65918 0.606445 0.65918 0.571289 0.65918 0.571289 0.624023 0.485352 0.614258 0.44043 0.625977 0.454102 0.651367 0.454102 0.651367 0.524414 0.651367 0.485352 0.614258 0.40918 0.641602 0.44043 0.625977 0.450195 0.641602 0.40918 0.641602 0.405273 0.651367 0.450195 0.641602 0.616211 0.551758 0.643555 0.551758 0.643555 0.598633 0.616211 0.551758 0.583008 0.598633 0.583008 0.551758 0.524414 0.651367 0.485352 0.614258 0.52832 0.614258 0.524414 0.651367 0.52832 0.614258 0.485352 0.614258 0.657227 0.624023 0.571289 0.624023 0.583008 0.598633 0.583008 0.598633 0.643555 0.598633 0.657227 0.624023 0.485352 0.614258 0.52832 0.614258 0.518555 0.588867 0.518555 0.588867 0.47168 0.588867 0.485352 0.614258 0.52832 0.614258 0.485352 0.614258 0.47168 0.588867 0.47168 0.588867 0.518555 0.588867 0.52832 0.614258 0.657227 0.577148 0.643555 0.551758 0.657227 0.424805 0.657227 0.424805 0.616211 0.551758 0.569336 0.424805 0.643555 0.551758 0.616211 0.551758 0.657227 0.424805 0.569336 0.577148 0.569336 0.424805 0.583008 0.551758 0.598633 0.37793 0.569336 0.2412109 0.598633 0.2412109 0.569336 0.2412109 0.598633 0.37793 0.569336 0.385742 0.62793 0.37793 0.657227 0.385742 0.620117 0.385742 0.657227 0.385742 0.62793 0.37793 0.657227 0.2412109 0.598633 0.2412109 0.569336 0.2412109 0.598633 0.2255859 0.569336 0.217773 0.598633 0.2255859 0.569336 0.2412109 0.62793 0.2255859 0.657227 0.2412109 0.62793 0.2412109 0.62793 0.2255859 0.620117 0.217773 0.657227 0.217773 0.583008 0.598633 0.616211 0.551758 0.643555 0.598633 0.616211 0.551758 0.583008 0.551758 0.569336 0.424805 0.620117 0.385742 0.657227 0.385742 0.657227 0.424805 0.569336 0.424805 0.606445 0.385742 0.657227 0.424805 0.327148 0.506836 0.366211 0.487305 0.44043 0.625977 0.606445 0.774414 0.620117 0.790039 0.606445 0.790039 0.620117 0.790039 0.606445 0.774414 0.620117 0.774414 0.389648 0.624023 0.395508 0.635742 0.44043 0.625977 0.327148 0.506836 0.389648 0.624023 0.366211 0.487305 0.40918 0.641602 0.395508 0.635742 0.44043 0.625977 0.317383 0.506836 0.327148 0.506836 0.362305 0.481445 0.389648 0.624023 0.327148 0.506836 0.44043 0.625977 0.450195 0.641602 0.454102 0.651367 0.405273 0.651367 0.571289 0.65918 0.606445 0.727539 0.571289 0.727539 0.606445 0.727539 0.620117 0.774414 0.606445 0.774414 0.383789 0.625977 0.317383 0.506836 0.327148 0.506836 0.327148 0.506836 0.389648 0.624023 0.383789 0.625977 0.317383 0.506836 0.383789 0.625977 0.389648 0.624023 0.389648 0.624023 0.327148 0.506836 0.317383 0.506836 0.454102 0.651367 0.450195 0.641602 0.405273 0.651367 0.362305 0.481445 0.327148 0.506836 0.317383 0.506836 0.395508 0.635742 0.389648 0.641602 0.389648 0.624023 0.395508 0.635742 0.40918 0.641602 0.405273 0.651367 0.389648 0.641602 0.405273 0.651367 0.40918 0.641602 0.395508 0.635742 0.389648 0.624023 0.383789 0.625977 0.366211 0.487305 0.362305 0.481445 0.327148 0.506836 0.450195 0.641602 0.405273 0.651367 0.40918 0.641602 0.620117 0.65918 0.620117 0.727539 0.606445 0.727539 0.620117 0.727539 0.620117 0.774414 0.606445 0.727539 0.606445 0.342773 0.620117 0.342773 0.620117 0.385742 0.606445 0.342773 0.620117 0.385742 0.606445 0.385742 0.606445 0.385742 0.620117 0.385742 0.657227 0.424805 0.657227 0.2412109 0.62793 0.2255859 0.657227 0.217773 0.40918 0.641602 0.450195 0.641602 0.44043 0.625977 0.598633 0.2255859 0.569336 0.217773 0.606445 0.217773 0.389648 0.624023 0.44043 0.625977 0.366211 0.487305 0.62793 0.2412109 0.657227 0.2412109 0.62793 0.37793 0.327148 0.506836 0.362305 0.481445 0.366211 0.487305 0.598633 0.37793 0.606445 0.385742 0.569336 0.385742 0.389648 0.641602 0.395508 0.635742 0.383789 0.625977 0.395508 0.635742 0.40918 0.641602 0.44043 0.625977 0.395508 0.635742 0.389648 0.641602 0.40918 0.641602 0.620117 0.223633 0.606445 0.204102 0.620117 0.204102 0.606445 0.204102 0.620117 0.223633 0.606445 0.223633 0.389648 0.641602 0.383789 0.625977 0.389648 0.624023 0.389648 0.641602 0.395508 0.635742 0.405273 0.651367 0.395508 0.635742 0.389648 0.624023 0.44043 0.625977 0.657227 0.624023 0.620117 0.65918 0.571289 0.624023 0.620117 0.727539 0.620117 0.65918 0.657227 0.65918 0.606445 0.727539 0.606445 0.65918 0.620117 0.65918 0.620117 0.65918 0.606445 0.65918 0.571289 0.624023 0.520508 0.727539 0.50293 0.717773 0.520508 0.708008 0.520508 0.727539 0.50293 0.739258 0.50293 0.717773 0.520508 0.727539 0.520508 0.74707 0.50293 0.739258 0.520508 0.727539 0.540039 0.739258 0.520508 0.74707 0.520508 0.727539 0.540039 0.717773 0.540039 0.739258 0.520508 0.727539 0.520508 0.708008 0.540039 0.717773 0.540039 0.696289 0.557617 0.670898 0.557617 0.696289 0.540039 0.696289 0.540039 0.670898 0.557617 0.670898 0.540039 0.670898 0.557617 0.649414 0.557617 0.670898 0.540039 0.670898 0.540039 0.649414 0.557617 0.649414 0.540039 0.78418 0.557617 0.758789 0.557617 0.78418 0.540039 0.78418 0.540039 0.758789 0.557617 0.758789 0.540039 0.758789 0.557617 0.739258 0.557617 0.758789 0.540039 0.758789 0.540039 0.739258 0.557617 0.739258 0.540039 0.739258 0.557617 0.717773 0.557617 0.739258 0.540039 0.739258 0.540039 0.717773 0.557617 0.717773 0.540039 0.717773 0.557617 0.696289 0.557617 0.717773 0.540039 0.717773 0.540039 0.696289 0.557617 0.696289 0.577148 0.727539 0.577148 0.708008 0.594727 0.717773 0.577148 0.727539 0.594727 0.717773 0.594727 0.739258 0.577148 0.727539 0.594727 0.739258 0.577148 0.74707 0.577148 0.727539 0.577148 0.74707 0.557617 0.739258 0.577148 0.727539 0.557617 0.739258 0.557617 0.717773 0.577148 0.727539 0.557617 0.717773 0.577148 0.708008 0.28418 0.239258 0.274414 0.245117 0.250977 0.299805 0.28418 0.239258 0.40918 0.299805 0.374023 0.239258 0.374023 0.239258 0.40918 0.299805 0.385742 0.245117 0.40918 0.299805 0.28418 0.239258 0.250977 0.299805 0.40918 0.299805 0.28418 0.239258 0.374023 0.239258 0.385742 0.245117 0.40918 0.299805 0.374023 0.239258 0.250977 0.299805 0.28418 0.239258 0.40918 0.299805 0.28418 0.239258 0.250977 0.299805 0.274414 0.245117 0.416992 0.09081995 0.379883 0.08300799 0.379883 0.09081995 0.416992 0.09081995 0.416992 0.08300799 0.379883 0.08300799 0.416992 0.08300799 0.379883 0.04199194 0.379883 0.08300799 0.416992 0.08300799 0.416992 0.04199194 0.379883 0.04199194 0.416992 0.04199194 0.379883 0.004882991 0.379883 0.04199194 0.416992 0.04199194 0.416992 0.004882991 0.379883 0.004882991 0.416992 0.08300799 0.379883 0.09081995 0.379883 0.08300799 0.416992 0.08300799 0.416992 0.09081995 0.379883 0.09081995 0.416992 0.09081995 0.416992 0.155273 0.379883 0.09081995 0.416992 0.155273 0.379883 0.1630859 0.379883 0.155273 0.416992 0.155273 0.416992 0.1630859 0.379883 0.1630859 0.416992 0.1630859 0.379883 0.200195 0.379883 0.1630859 0.416992 0.1630859 0.416992 0.200195 0.379883 0.200195 0.416992 0.200195 0.379883 0.237305 0.379883 0.200195 0.416992 0.200195 0.416992 0.237305 0.379883 0.237305 0.416992 0.1630859 0.379883 0.155273 0.379883 0.1630859 0.416992 0.1630859 0.416992 0.155273 0.379883 0.155273 0.416992 0.155273 0.416992 0.09081995 0.379883 0.155273 0.379883 0.155273 0.338867 0.118164 0.338867 0.1474609 0.338867 0.118164 0.379883 0.09081995 0.338867 0.09667998 0.379883 0.155273 0.379883 0.09081995 0.338867 0.118164 0.379883 0.09081995 0.379883 0.08300799 0.338867 0.09667998 0.379883 0.08300799 0.379883 0.04199194 0.336914 0.05761694 0.379883 0.04199194 0.336914 0.03027296 0.336914 0.05761694 0.379883 0.04199194 0.379883 0.004882991 0.336914 0.03027296 0.379883 0.08300799 0.379883 0.09081995 0.338867 0.09667998 0.338867 0.09667998 0.379883 0.09081995 0.338867 0.118164 0.379883 0.155273 0.379883 0.09081995 0.416992 0.155273 0.338867 0.118164 0.379883 0.09081995 0.379883 0.155273 0.338867 0.118164 0.379883 0.155273 0.338867 0.1474609 0.379883 0.155273 0.379883 0.1630859 0.338867 0.1474609 0.379883 0.1630859 0.379883 0.155273 0.338867 0.1474609 0.379883 0.155273 0.416992 0.09081995 0.379883 0.09081995 0.338867 0.1474609 0.338867 0.118164 0.301758 0.137695 0.301758 0.137695 0.301758 0.1474609 0.338867 0.1474609 0.338867 0.118164 0.338867 0.09667998 0.301758 0.125977 0.301758 0.125977 0.301758 0.137695 0.338867 0.118164 0.336914 0.05761694 0.336914 0.03027296 0.301758 0.03613299 0.301758 0.03613299 0.301758 0.04980498 0.336914 0.05761694 0.301758 0.125977 0.338867 0.118164 0.301758 0.137695 0.338867 0.118164 0.301758 0.125977 0.338867 0.09667998 0.301758 0.137695 0.338867 0.1474609 0.301758 0.1474609 0.338867 0.1474609 0.301758 0.137695 0.338867 0.118164 0.301758 0.15918 0.301758 0.1474609 0.338867 0.1474609 0.338867 0.1474609 0.379883 0.1630859 0.301758 0.15918 0.301758 0.1943359 0.379883 0.200195 0.301758 0.206055 0.379883 0.200195 0.301758 0.1943359 0.379883 0.1630859 0.379883 0.200195 0.379883 0.237305 0.301758 0.206055 0.379883 0.1630859 0.338867 0.1474609 0.301758 0.15918 0.301758 0.1474609 0.301758 0.15918 0.338867 0.1474609 0.004882991 0.03808599 0.004882991 0.02050799 0.04980498 0.02050799 0.004882991 0.02050799 0.01855498 0.008788943 0.04980498 0.02050799 0.01855498 0.008788943 0.03613299 0.008788943 0.04980498 0.02050799 0.04980498 0.03808599 0.03613299 0.05175799 0.01855498 0.05175799 0.04980498 0.03808599 0.01855498 0.05175799 0.004882991 0.03808599 0.04980498 0.03808599 0.004882991 0.03808599 0.04980498 0.02050799 0.806869 0.706809 0.781777 0.48708 0.764033 0.706797 0.764034 0.490609 0.669339 0.490609 0.701261 0.689079 0.764033 0.706797 0.764034 0.490609 0.701261 0.689079 0.806869 0.706809 0.806869 0.461987 0.796818 0.477029 0.701261 0.689079 0.669339 0.490609 0.669353 0.655044 0.781777 0.48708 0.764034 0.490609 0.764033 0.706797 0.806869 0.706809 0.841288 0.706821 0.806869 0.461987 0.841367 0.443237 0.810398 0.444244 0.806869 0.461987 0.841367 0.443237 0.806869 0.461987 0.841288 0.706821 0.806869 0.706809 0.796818 0.477029 0.781777 0.48708 0.895508 0.62207 0.879883 0.475586 0.907227 0.475586 0.969727 0.618164 0.907227 0.475586 0.948242 0.487305 0.879883 0.637695 0.879883 0.475586 0.885742 0.62793 0.969727 0.618164 0.948242 0.487305 0.969727 0.508789 0.907227 0.618164 0.895508 0.62207 0.907227 0.475586 0.858398 0.475586 0.879883 0.475586 0.879883 0.637695 0.87793 0.649414 0.858398 0.649414 0.879883 0.637695 0.969727 0.618164 0.907227 0.618164 0.907227 0.475586 0.879883 0.637695 0.858398 0.649414 0.858398 0.475586 0.885742 0.62793 0.879883 0.475586 0.895508 0.62207 0.879883 0.520508 0.866211 0.555664 0.874023 0.557617 0.874023 0.557617 0.887695 0.522461 0.879883 0.520508 0.866211 0.631836 0.866211 0.555664 0.874023 0.631836 0.866211 0.555664 0.866211 0.608398 0.874023 0.608398 0.874023 0.608398 0.874023 0.557617 0.866211 0.555664 0.975586 0.499023 0.973633 0.489258 0.969727 0.489258 0.969727 0.489258 0.97168 0.499023 0.975586 0.499023 0.866211 0.608398 0.866211 0.631836 0.874023 0.631836 0.874023 0.631836 0.874023 0.608398 0.866211 0.608398 0.977539 0.508789 0.977539 0.618164 0.969727 0.618164 0.969727 0.618164 0.969727 0.508789 0.977539 0.508789 0.866211 0.555664 0.874023 0.536133 0.881836 0.538086 0.881836 0.538086 0.874023 0.557617 0.866211 0.555664 0.90332 0.491211 0.879883 0.520508 0.887695 0.522461 0.887695 0.522461 0.90918 0.49707 0.90332 0.491211 0.973633 0.489258 0.97168 0.477539 0.967773 0.477539 0.967773 0.477539 0.969727 0.489258 0.973633 0.489258 0.874023 0.557617 0.874023 0.631836 0.866211 0.555664 0.874023 0.536133 0.879883 0.520508 0.887695 0.522461 0.887695 0.522461 0.881836 0.538086 0.874023 0.536133 0.995117 0.475586 0.995117 0.651367 0.991211 0.651367 0.995117 0.475586 0.991211 0.651367 0.991211 0.477539 0.841367 0.443237 0.810398 0.444244 0.810398 0.444244 0.810398 0.444244 0.841367 0.443237 0.841367 0.443237 0.774414 0.125977 0.74707 0.133789 0.74707 0.125977 0.774414 0.09472697 0.774414 0.102539 0.74707 0.09472697 0.774414 0.118164 0.799805 0.102539 0.799805 0.118164 0.799805 0.102539 0.774414 0.118164 0.774414 0.102539 0.774414 0.125977 0.790039 0.133789 0.74707 0.133789 0.74707 0.125977 0.74707 0.118164 0.774414 0.118164 0.74707 0.118164 0.774414 0.102539 0.774414 0.118164 0.74707 0.102539 0.74707 0.09472697 0.774414 0.102539 0.790039 0.133789 0.799805 0.118164 0.799805 0.133789 0.790039 0.133789 0.774414 0.125977 0.774414 0.118164 0.799805 0.118164 0.774414 0.118164 0.774414 0.125977 0.74707 0.125977 0.774414 0.118164 0.774414 0.125977 0.74707 0.102539 0.774414 0.102539 0.74707 0.118164 0.774414 0.125977 0.74707 0.125977 0.74707 0.133789 0.799805 0.118164 0.790039 0.133789 0.799805 0.133789 0.790039 0.133789 0.774414 0.125977 0.74707 0.133789 0.790039 0.133789 0.799805 0.118164 0.774414 0.125977 0.807617 0.102539 0.807617 0.118164 0.799805 0.102539 0.799805 0.118164 0.790039 0.133789 0.774414 0.118164 0.74707 0.133789 0.504883 0.125977 0.74707 0.125977 0.504883 0.125977 0.512695 0.118164 0.74707 0.118164 0.74707 0.118164 0.74707 0.125977 0.504883 0.125977 0.512695 0.102539 0.504883 0.09472697 0.74707 0.09472697 0.74707 0.09472697 0.74707 0.102539 0.512695 0.102539 0.512695 0.118164 0.512695 0.102539 0.74707 0.102539 0.74707 0.102539 0.74707 0.118164 0.512695 0.118164 0.74707 0.133789 0.74707 0.125977 0.504883 0.125977 0.799805 0.118164 0.799805 0.102539 0.807617 0.118164 0.487305 0.161133 0.74707 0.161133 0.74707 0.133789 0.487305 0.196289 0.479492 0.186523 0.74707 0.186523 0.74707 0.186523 0.74707 0.196289 0.487305 0.196289 0.479492 0.170898 0.487305 0.161133 0.74707 0.161133 0.74707 0.161133 0.74707 0.170898 0.479492 0.170898 0.479492 0.186523 0.479492 0.170898 0.74707 0.170898 0.74707 0.170898 0.74707 0.186523 0.479492 0.186523 0.487305 0.161133 0.504883 0.125977 0.74707 0.133789 0.487305 0.161133 0.74707 0.133789 0.74707 0.161133 0.504883 0.125977 0.487305 0.161133 0.74707 0.133789 0.469727 0.110352 0.479492 0.104492 0.479492 0.1162109 0.479492 0.1162109 0.475586 0.124023 0.469727 0.110352 0.442383 0.104492 0.446289 0.09667998 0.452148 0.110352 0.452148 0.110352 0.442383 0.1162109 0.442383 0.104492 0.452148 0.110352 0.469727 0.110352 0.475586 0.124023 0.469727 0.110352 0.452148 0.110352 0.446289 0.09667998 0.473633 0.268555 0.46582 0.260742 0.46582 0.250977 0.46582 0.250977 0.473633 0.243164 0.473633 0.268555 0.504883 0.268555 0.473633 0.268555 0.473633 0.243164 0.473633 0.243164 0.504883 0.243164 0.504883 0.268555 0.530273 0.260742 0.522461 0.268555 0.522461 0.243164 0.522461 0.243164 0.530273 0.250977 0.530273 0.260742 0.522461 0.268555 0.504883 0.268555 0.504883 0.243164 0.504883 0.243164 0.522461 0.243164 0.522461 0.268555 0.512695 0.118164 0.504883 0.125977 0.475586 0.124023 0.475586 0.124023 0.479492 0.1162109 0.512695 0.118164 0.504883 0.09472697 0.512695 0.102539 0.479492 0.104492 0.479492 0.104492 0.475586 0.09667998 0.504883 0.09472697 0.512695 0.102539 0.512695 0.118164 0.479492 0.1162109 0.479492 0.1162109 0.479492 0.104492 0.512695 0.102539 0.479492 0.170898 0.487305 0.161133 0.463867 0.145508 0.463867 0.145508 0.459961 0.15332 0.479492 0.170898 0.487305 0.161133 0.479492 0.170898 0.459961 0.15332 0.459961 0.15332 0.463867 0.145508 0.487305 0.161133 0.479492 0.170898 0.479492 0.186523 0.461914 0.18457 0.461914 0.18457 0.461914 0.172852 0.479492 0.170898 0.504883 0.125977 0.487305 0.161133 0.463867 0.145508 0.463867 0.145508 0.475586 0.124023 0.504883 0.125977 0.487305 0.161133 0.504883 0.125977 0.475586 0.124023 0.475586 0.124023 0.463867 0.145508 0.487305 0.161133 0.446289 0.09667998 0.475586 0.09667998 0.469727 0.110352 0.479492 0.104492 0.469727 0.110352 0.475586 0.09667998 0.475586 0.124023 0.448242 0.124023 0.452148 0.110352 0.442383 0.1162109 0.452148 0.110352 0.448242 0.124023 0.694336 0.01464796 0.758789 0.002929985 0.694336 0.002929985 0.641602 0.01464796 0.694336 0.01464796 0.641602 0.002929985 0.641602 0.002929985 0.694336 0.01464796 0.694336 0.002929985 0.758789 0.06933599 0.694336 0.08105498 0.758789 0.08105498 0.758789 0.002929985 0.694336 0.01464796 0.758789 0.01464796 0.641602 0.01464796 0.641602 0.02636694 0.694336 0.01464796 0.694336 0.01464796 0.641602 0.02636694 0.694336 0.02636694 0.758789 0.01464796 0.694336 0.01464796 0.758789 0.02636694 0.758789 0.02636694 0.694336 0.01464796 0.694336 0.02636694 0.641602 0.02636694 0.641602 0.03613299 0.694336 0.02636694 0.694336 0.02636694 0.641602 0.03613299 0.694336 0.03613299 0.758789 0.02636694 0.694336 0.02636694 0.758789 0.03613299 0.758789 0.03613299 0.694336 0.02636694 0.694336 0.03613299 0.641602 0.03613299 0.641602 0.04785197 0.694336 0.03613299 0.694336 0.03613299 0.641602 0.04785197 0.694336 0.04785197 0.758789 0.03613299 0.694336 0.03613299 0.758789 0.04785197 0.758789 0.04785197 0.694336 0.03613299 0.694336 0.04785197 0.758789 0.05371099 0.758789 0.04785197 0.694336 0.05956995 0.694336 0.05956995 0.758789 0.04785197 0.694336 0.04785197 0.641602 0.05956995 0.694336 0.05956995 0.641602 0.04785197 0.641602 0.04785197 0.694336 0.05956995 0.694336 0.04785197 0.758789 0.05956995 0.758789 0.05371099 0.694336 0.05956995 0.694336 0.08105498 0.758789 0.06933599 0.694336 0.06933599 0.641602 0.08105498 0.694336 0.08105498 0.641602 0.06933599 0.641602 0.06933599 0.694336 0.08105498 0.694336 0.06933599 0.641602 0.05956995 0.641602 0.06933599 0.694336 0.05956995 0.694336 0.05956995 0.641602 0.06933599 0.694336 0.06933599 0.758789 0.05956995 0.694336 0.05956995 0.758789 0.06933599 0.758789 0.06933599 0.694336 0.05956995 0.694336 0.06933599 0.641602 0.01464796 0.641602 0.002929985 0.579102 0.01464796 0.579102 0.01464796 0.641602 0.002929985 0.579102 0.002929985 0.520508 0.01464796 0.579102 0.01464796 0.520508 0.002929985 0.520508 0.002929985 0.579102 0.01464796 0.579102 0.002929985 0.520508 0.01464796 0.520508 0.02636694 0.579102 0.01464796 0.579102 0.01464796 0.520508 0.02636694 0.579102 0.02636694 0.641602 0.01464796 0.579102 0.01464796 0.641602 0.02636694 0.641602 0.02636694 0.579102 0.01464796 0.579102 0.02636694 0.520508 0.02636694 0.520508 0.03613299 0.579102 0.02636694 0.579102 0.02636694 0.520508 0.03613299 0.577148 0.03613299 0.641602 0.02636694 0.579102 0.02636694 0.641602 0.03613299 0.641602 0.03613299 0.579102 0.02636694 0.577148 0.03613299 0.520508 0.03613299 0.520508 0.04785197 0.577148 0.03613299 0.577148 0.03613299 0.520508 0.04785197 0.577148 0.04785197 0.641602 0.03613299 0.577148 0.03613299 0.641602 0.04785197 0.641602 0.04785197 0.577148 0.03613299 0.577148 0.04785197 0.641602 0.05956995 0.641602 0.04785197 0.577148 0.05956995 0.577148 0.05956995 0.641602 0.04785197 0.577148 0.04785197 0.520508 0.05956995 0.577148 0.05956995 0.520508 0.04785197 0.520508 0.04785197 0.577148 0.05956995 0.577148 0.04785197 0.641602 0.08105498 0.641602 0.06933599 0.579102 0.08105498 0.579102 0.08105498 0.641602 0.06933599 0.577148 0.06933599 0.520508 0.08105498 0.579102 0.08105498 0.520508 0.06933599 0.520508 0.06933599 0.579102 0.08105498 0.577148 0.06933599 0.520508 0.05956995 0.520508 0.06933599 0.577148 0.05956995 0.577148 0.05956995 0.520508 0.06933599 0.577148 0.06933599 0.641602 0.05956995 0.577148 0.05956995 0.641602 0.06933599 0.641602 0.06933599 0.577148 0.05956995 0.577148 0.06933599 0.520508 0.01464796 0.520508 0.002929985 0.479492 0.01464796 0.479492 0.01464796 0.520508 0.002929985 0.479492 0.002929985 0.446289 0.01464796 0.479492 0.01464796 0.446289 0.002929985 0.446289 0.002929985 0.479492 0.01464796 0.479492 0.002929985 0.446289 0.01464796 0.446289 0.02636694 0.479492 0.01464796 0.479492 0.01464796 0.446289 0.02636694 0.479492 0.02636694 0.520508 0.01464796 0.479492 0.01464796 0.520508 0.02636694 0.520508 0.02636694 0.479492 0.01464796 0.479492 0.02636694 0.446289 0.02636694 0.446289 0.03613299 0.479492 0.02636694 0.479492 0.02636694 0.446289 0.03613299 0.479492 0.03613299 0.520508 0.02636694 0.479492 0.02636694 0.520508 0.03613299 0.520508 0.03613299 0.479492 0.02636694 0.479492 0.03613299 0.446289 0.03613299 0.446289 0.04785197 0.479492 0.03613299 0.479492 0.03613299 0.446289 0.04785197 0.479492 0.04785197 0.520508 0.03613299 0.479492 0.03613299 0.520508 0.04785197 0.520508 0.04785197 0.479492 0.03613299 0.479492 0.04785197 0.520508 0.05956995 0.520508 0.04785197 0.479492 0.05956995 0.479492 0.05956995 0.520508 0.04785197 0.479492 0.04785197 0.446289 0.05956995 0.479492 0.05956995 0.446289 0.04785197 0.446289 0.04785197 0.479492 0.05956995 0.479492 0.04785197 0.520508 0.08105498 0.520508 0.06933599 0.479492 0.08105498 0.479492 0.08105498 0.520508 0.06933599 0.479492 0.06933599 0.446289 0.08105498 0.479492 0.08105498 0.446289 0.06933599 0.446289 0.06933599 0.479492 0.08105498 0.479492 0.06933599 0.446289 0.05956995 0.446289 0.06933599 0.479492 0.05956995 0.479492 0.05956995 0.446289 0.06933599 0.479492 0.06933599 0.520508 0.05956995 0.479492 0.05956995 0.520508 0.06933599 0.520508 0.06933599 0.479492 0.05956995 0.479492 0.06933599 0.758789 0.06933599 0.758789 0.08105498 0.834961 0.06933599 0.834961 0.08105498 0.834961 0.06933599 0.758789 0.08105498 0.758789 0.002929985 0.758789 0.01464796 0.834961 0.002929985 0.834961 0.01464796 0.834961 0.002929985 0.758789 0.01464796 0.758789 0.01464796 0.758789 0.02636694 0.834961 0.01464796 0.834961 0.02636694 0.834961 0.01464796 0.758789 0.02636694 0.758789 0.02636694 0.758789 0.03613299 0.834961 0.02636694 0.834961 0.03613299 0.834961 0.02636694 0.758789 0.03613299 0.758789 0.03613299 0.758789 0.04785197 0.834961 0.03613299 0.834961 0.04785197 0.834961 0.03613299 0.758789 0.04785197 0.758789 0.04785197 0.758789 0.05371099 0.834961 0.04785197 0.834961 0.05371099 0.834961 0.04785197 0.758789 0.05371099 0.758789 0.05371099 0.758789 0.05956995 0.834961 0.05371099 0.834961 0.05956995 0.834961 0.05371099 0.758789 0.05956995 0.758789 0.05956995 0.758789 0.06933599 0.834961 0.05956995 0.834961 0.06933599 0.834961 0.05956995 0.758789 0.06933599 0.834961 0.01464796 0.834961 0.02636694 0.913086 0.01464796 0.913086 0.02636694 0.913086 0.01464796 0.834961 0.02636694 0.834961 0.002929985 0.834961 0.01464796 0.913086 0.002929985 0.913086 0.01464796 0.913086 0.002929985 0.834961 0.01464796 0.834961 0.02636694 0.834961 0.03613299 0.913086 0.02636694 0.913086 0.03613299 0.913086 0.02636694 0.834961 0.03613299 0.834961 0.06933599 0.834961 0.08105498 0.913086 0.06933599 0.913086 0.08105498 0.913086 0.06933599 0.834961 0.08105498 0.834961 0.03613299 0.834961 0.04785197 0.913086 0.03613299 0.913086 0.04785197 0.913086 0.03613299 0.834961 0.04785197 0.834961 0.05956995 0.834961 0.06933599 0.913086 0.05956995 0.913086 0.06933599 0.913086 0.05956995 0.834961 0.06933599 0.834961 0.05371099 0.834961 0.05956995 0.913086 0.05371099 0.913086 0.05956995 0.913086 0.05371099 0.834961 0.05956995 0.834961 0.04785197 0.834961 0.05371099 0.913086 0.04785197 0.913086 0.05371099 0.913086 0.04785197 0.834961 0.05371099 0.913086 0.01464796 0.913086 0.02636694 0.995117 0.01464796 0.995117 0.02636694 0.995117 0.01464796 0.913086 0.02636694 0.913086 0.002929985 0.913086 0.01464796 0.995117 0.002929985 0.995117 0.01464796 0.995117 0.002929985 0.913086 0.01464796 0.913086 0.02636694 0.913086 0.03613299 0.995117 0.02636694 0.995117 0.03613299 0.995117 0.02636694 0.913086 0.03613299 0.913086 0.06933599 0.913086 0.08105498 0.995117 0.06933599 0.995117 0.08105498 0.995117 0.06933599 0.913086 0.08105498 0.913086 0.03613299 0.913086 0.04785197 0.995117 0.03613299 0.995117 0.04785197 0.995117 0.03613299 0.913086 0.04785197 0.913086 0.05956995 0.913086 0.06933599 0.995117 0.05956995 0.995117 0.06933599 0.995117 0.05956995 0.913086 0.06933599 0.913086 0.05371099 0.913086 0.05956995 0.995117 0.05371099 0.995117 0.05956995 0.995117 0.05371099 0.913086 0.05956995 0.913086 0.04785197 0.913086 0.05371099 0.995117 0.04785197 0.995117 0.05371099 0.995117 0.04785197 0.913086 0.05371099 0.786133 0.311523 0.786133 0.323242 0.774414 0.327148 0.776367 0.305664 0.786133 0.311523 0.774414 0.327148 0.764648 0.305664 0.776367 0.305664 0.774414 0.327148 0.756836 0.31543 0.764648 0.305664 0.762695 0.323242 0.762695 0.323242 0.764648 0.305664 0.774414 0.327148 0.758789 0.21582 0.758789 0.206055 0.766602 0.198242 0.758789 0.21582 0.766602 0.198242 0.77832 0.198242 0.758789 0.21582 0.77832 0.198242 0.788086 0.206055 0.788086 0.206055 0.788086 0.21582 0.780273 0.223633 0.788086 0.206055 0.780273 0.223633 0.768555 0.223633 0.788086 0.206055 0.768555 0.223633 0.758789 0.21582 0.540039 0.301758 0.553711 0.293945 0.555664 0.297852 0.540039 0.301758 0.540039 0.297852 0.553711 0.293945 0.540039 0.297852 0.551758 0.290039 0.553711 0.293945 0.540039 0.297852 0.540039 0.293945 0.551758 0.290039 0.540039 0.293945 0.549805 0.286133 0.551758 0.290039 0.540039 0.293945 0.540039 0.288086 0.549805 0.286133 0.540039 0.288086 0.547852 0.282227 0.549805 0.286133 0.540039 0.288086 0.540039 0.28418 0.547852 0.282227 0.540039 0.28418 0.549805 0.286133 0.547852 0.282227 0.540039 0.28418 0.540039 0.288086 0.549805 0.286133 0.540039 0.288086 0.551758 0.290039 0.549805 0.286133 0.540039 0.288086 0.540039 0.293945 0.551758 0.290039 0.540039 0.293945 0.553711 0.293945 0.551758 0.290039 0.540039 0.293945 0.540039 0.297852 0.553711 0.293945 0.540039 0.297852 0.555664 0.297852 0.553711 0.293945 0.540039 0.297852 0.540039 0.301758 0.555664 0.297852 0.555664 0.297852 0.56543 0.282227 0.569336 0.28418 0.555664 0.297852 0.553711 0.293945 0.56543 0.282227 0.553711 0.293945 0.561523 0.280273 0.56543 0.282227 0.553711 0.293945 0.551758 0.290039 0.561523 0.280273 0.551758 0.290039 0.557617 0.27832 0.561523 0.280273 0.551758 0.290039 0.549805 0.286133 0.557617 0.27832 0.549805 0.286133 0.553711 0.276367 0.557617 0.27832 0.549805 0.286133 0.547852 0.282227 0.553711 0.276367 0.547852 0.282227 0.557617 0.27832 0.553711 0.276367 0.547852 0.282227 0.549805 0.286133 0.557617 0.27832 0.549805 0.286133 0.561523 0.280273 0.557617 0.27832 0.549805 0.286133 0.551758 0.290039 0.561523 0.280273 0.551758 0.290039 0.56543 0.282227 0.561523 0.280273 0.551758 0.290039 0.553711 0.293945 0.56543 0.282227 0.553711 0.293945 0.569336 0.28418 0.56543 0.282227 0.553711 0.293945 0.555664 0.297852 0.569336 0.28418 0.569336 0.28418 0.569336 0.264648 0.573242 0.264648 0.569336 0.28418 0.56543 0.282227 0.569336 0.264648 0.56543 0.282227 0.56543 0.264648 0.569336 0.264648 0.56543 0.282227 0.561523 0.280273 0.56543 0.264648 0.561523 0.280273 0.561523 0.264648 0.56543 0.264648 0.561523 0.280273 0.557617 0.27832 0.561523 0.264648 0.557617 0.27832 0.557617 0.264648 0.561523 0.264648 0.557617 0.27832 0.553711 0.276367 0.557617 0.264648 0.553711 0.276367 0.561523 0.264648 0.557617 0.264648 0.553711 0.276367 0.557617 0.27832 0.561523 0.264648 0.557617 0.27832 0.56543 0.264648 0.561523 0.264648 0.557617 0.27832 0.561523 0.280273 0.56543 0.264648 0.561523 0.280273 0.569336 0.264648 0.56543 0.264648 0.561523 0.280273 0.56543 0.282227 0.569336 0.264648 0.56543 0.282227 0.573242 0.264648 0.569336 0.264648 0.56543 0.282227 0.569336 0.28418 0.573242 0.264648 0.573242 0.24707 0.56543 0.229492 0.569336 0.227539 0.573242 0.24707 0.569336 0.24707 0.56543 0.229492 0.569336 0.24707 0.561523 0.231445 0.56543 0.229492 0.569336 0.24707 0.56543 0.24707 0.561523 0.231445 0.56543 0.24707 0.557617 0.233398 0.561523 0.231445 0.56543 0.24707 0.561523 0.24707 0.557617 0.233398 0.561523 0.24707 0.553711 0.235352 0.557617 0.233398 0.561523 0.24707 0.557617 0.24707 0.553711 0.235352 0.557617 0.24707 0.557617 0.233398 0.553711 0.235352 0.557617 0.24707 0.561523 0.24707 0.557617 0.233398 0.561523 0.24707 0.561523 0.231445 0.557617 0.233398 0.561523 0.24707 0.56543 0.24707 0.561523 0.231445 0.56543 0.24707 0.56543 0.229492 0.561523 0.231445 0.56543 0.24707 0.569336 0.24707 0.56543 0.229492 0.569336 0.24707 0.569336 0.227539 0.56543 0.229492 0.569336 0.24707 0.573242 0.24707 0.569336 0.227539 0.569336 0.227539 0.553711 0.219727 0.555664 0.21582 0.569336 0.227539 0.56543 0.229492 0.553711 0.219727 0.56543 0.229492 0.551758 0.223633 0.553711 0.219727 0.56543 0.229492 0.561523 0.231445 0.551758 0.223633 0.561523 0.231445 0.549805 0.227539 0.551758 0.223633 0.561523 0.231445 0.557617 0.233398 0.549805 0.227539 0.557617 0.233398 0.547852 0.231445 0.549805 0.227539 0.557617 0.233398 0.553711 0.235352 0.547852 0.231445 0.553711 0.235352 0.549805 0.227539 0.547852 0.231445 0.553711 0.235352 0.557617 0.233398 0.549805 0.227539 0.557617 0.233398 0.551758 0.223633 0.549805 0.227539 0.557617 0.233398 0.561523 0.231445 0.551758 0.223633 0.561523 0.231445 0.553711 0.219727 0.551758 0.223633 0.561523 0.231445 0.56543 0.229492 0.553711 0.219727 0.56543 0.229492 0.555664 0.21582 0.553711 0.219727 0.56543 0.229492 0.569336 0.227539 0.555664 0.21582 0.555664 0.21582 0.540039 0.213867 0.540039 0.2099609 0.555664 0.21582 0.553711 0.219727 0.540039 0.213867 0.553711 0.219727 0.540039 0.219727 0.540039 0.213867 0.553711 0.219727 0.551758 0.223633 0.540039 0.219727 0.551758 0.223633 0.540039 0.2255859 0.540039 0.219727 0.551758 0.223633 0.549805 0.227539 0.540039 0.2255859 0.549805 0.227539 0.540039 0.229492 0.540039 0.2255859 0.549805 0.227539 0.547852 0.231445 0.540039 0.229492 0.547852 0.231445 0.540039 0.2255859 0.540039 0.229492 0.547852 0.231445 0.549805 0.227539 0.540039 0.2255859 0.549805 0.227539 0.540039 0.219727 0.540039 0.2255859 0.549805 0.227539 0.551758 0.223633 0.540039 0.219727 0.551758 0.223633 0.540039 0.213867 0.540039 0.219727 0.551758 0.223633 0.553711 0.219727 0.540039 0.213867 0.553711 0.219727 0.540039 0.2099609 0.540039 0.213867 0.553711 0.219727 0.555664 0.21582 0.540039 0.2099609 0.459961 0.2099609 0.446289 0.219727 0.444336 0.21582 0.459961 0.2099609 0.459961 0.213867 0.446289 0.219727 0.459961 0.213867 0.448242 0.223633 0.446289 0.219727 0.459961 0.213867 0.459961 0.219727 0.448242 0.223633 0.459961 0.219727 0.450195 0.227539 0.448242 0.223633 0.459961 0.219727 0.459961 0.2255859 0.450195 0.227539 0.459961 0.2255859 0.452148 0.231445 0.450195 0.227539 0.459961 0.2255859 0.459961 0.229492 0.452148 0.231445 0.459961 0.229492 0.450195 0.227539 0.452148 0.231445 0.459961 0.229492 0.459961 0.2255859 0.450195 0.227539 0.459961 0.2255859 0.448242 0.223633 0.450195 0.227539 0.459961 0.2255859 0.459961 0.219727 0.448242 0.223633 0.459961 0.219727 0.446289 0.219727 0.448242 0.223633 0.459961 0.219727 0.459961 0.213867 0.446289 0.219727 0.459961 0.213867 0.444336 0.21582 0.446289 0.219727 0.459961 0.213867 0.459961 0.2099609 0.444336 0.21582 0.444336 0.21582 0.43457 0.231445 0.430664 0.229492 0.444336 0.21582 0.446289 0.219727 0.43457 0.231445 0.446289 0.219727 0.438477 0.233398 0.43457 0.231445 0.446289 0.219727 0.448242 0.223633 0.438477 0.233398 0.448242 0.223633 0.442383 0.235352 0.438477 0.233398 0.448242 0.223633 0.450195 0.227539 0.442383 0.235352 0.450195 0.227539 0.446289 0.237305 0.442383 0.235352 0.450195 0.227539 0.452148 0.231445 0.446289 0.237305 0.452148 0.231445 0.442383 0.235352 0.446289 0.237305 0.452148 0.231445 0.450195 0.227539 0.442383 0.235352 0.450195 0.227539 0.438477 0.233398 0.442383 0.235352 0.450195 0.227539 0.448242 0.223633 0.438477 0.233398 0.448242 0.223633 0.43457 0.231445 0.438477 0.233398 0.448242 0.223633 0.446289 0.219727 0.43457 0.231445 0.446289 0.219727 0.430664 0.229492 0.43457 0.231445 0.446289 0.219727 0.444336 0.21582 0.430664 0.229492 0.430664 0.229492 0.430664 0.24707 0.426758 0.24707 0.430664 0.229492 0.43457 0.231445 0.430664 0.24707 0.43457 0.231445 0.43457 0.24707 0.430664 0.24707 0.43457 0.231445 0.438477 0.233398 0.43457 0.24707 0.438477 0.233398 0.438477 0.24707 0.43457 0.24707 0.438477 0.233398 0.442383 0.235352 0.438477 0.24707 0.442383 0.235352 0.442383 0.24707 0.438477 0.24707 0.442383 0.235352 0.446289 0.237305 0.442383 0.24707 0.446289 0.237305 0.438477 0.24707 0.442383 0.24707 0.446289 0.237305 0.442383 0.235352 0.438477 0.24707 0.442383 0.235352 0.43457 0.24707 0.438477 0.24707 0.442383 0.235352 0.438477 0.233398 0.43457 0.24707 0.438477 0.233398 0.430664 0.24707 0.43457 0.24707 0.438477 0.233398 0.43457 0.231445 0.430664 0.24707 0.43457 0.231445 0.426758 0.24707 0.430664 0.24707 0.43457 0.231445 0.430664 0.229492 0.426758 0.24707 0.426758 0.264648 0.43457 0.282227 0.430664 0.28418 0.426758 0.264648 0.430664 0.264648 0.43457 0.282227 0.430664 0.264648 0.438477 0.280273 0.43457 0.282227 0.430664 0.264648 0.43457 0.264648 0.438477 0.280273 0.43457 0.264648 0.442383 0.27832 0.438477 0.280273 0.43457 0.264648 0.438477 0.264648 0.442383 0.27832 0.438477 0.264648 0.446289 0.276367 0.442383 0.27832 0.438477 0.264648 0.442383 0.264648 0.446289 0.276367 0.442383 0.264648 0.442383 0.27832 0.446289 0.276367 0.442383 0.264648 0.438477 0.264648 0.442383 0.27832 0.438477 0.264648 0.438477 0.280273 0.442383 0.27832 0.438477 0.264648 0.43457 0.264648 0.438477 0.280273 0.43457 0.264648 0.43457 0.282227 0.438477 0.280273 0.43457 0.264648 0.430664 0.264648 0.43457 0.282227 0.430664 0.264648 0.430664 0.28418 0.43457 0.282227 0.430664 0.264648 0.426758 0.264648 0.430664 0.28418 0.430664 0.28418 0.446289 0.293945 0.444336 0.297852 0.430664 0.28418 0.43457 0.282227 0.446289 0.293945 0.43457 0.282227 0.448242 0.290039 0.446289 0.293945 0.43457 0.282227 0.438477 0.280273 0.448242 0.290039 0.438477 0.280273 0.450195 0.286133 0.448242 0.290039 0.438477 0.280273 0.442383 0.27832 0.450195 0.286133 0.442383 0.27832 0.452148 0.282227 0.450195 0.286133 0.442383 0.27832 0.446289 0.276367 0.452148 0.282227 0.446289 0.276367 0.450195 0.286133 0.452148 0.282227 0.446289 0.276367 0.442383 0.27832 0.450195 0.286133 0.442383 0.27832 0.448242 0.290039 0.450195 0.286133 0.442383 0.27832 0.438477 0.280273 0.448242 0.290039 0.438477 0.280273 0.446289 0.293945 0.448242 0.290039 0.438477 0.280273 0.43457 0.282227 0.446289 0.293945 0.43457 0.282227 0.444336 0.297852 0.446289 0.293945 0.43457 0.282227 0.430664 0.28418 0.444336 0.297852 0.444336 0.297852 0.459961 0.297852 0.459961 0.301758 0.444336 0.297852 0.446289 0.293945 0.459961 0.297852 0.446289 0.293945 0.459961 0.293945 0.459961 0.297852 0.446289 0.293945 0.448242 0.290039 0.459961 0.293945 0.448242 0.290039 0.459961 0.288086 0.459961 0.293945 0.448242 0.290039 0.450195 0.286133 0.459961 0.288086 0.450195 0.286133 0.459961 0.28418 0.459961 0.288086 0.450195 0.286133 0.452148 0.282227 0.459961 0.28418 0.452148 0.282227 0.459961 0.288086 0.459961 0.28418 0.452148 0.282227 0.450195 0.286133 0.459961 0.288086 0.450195 0.286133 0.459961 0.293945 0.459961 0.288086 0.450195 0.286133 0.448242 0.290039 0.459961 0.293945 0.448242 0.290039 0.459961 0.297852 0.459961 0.293945 0.448242 0.290039 0.446289 0.293945 0.459961 0.297852 0.446289 0.293945 0.459961 0.301758 0.459961 0.297852 0.446289 0.293945 0.444336 0.297852 0.459961 0.301758 0.459961 0.297852 0.540039 0.297852 0.540039 0.301758 0.459961 0.297852 0.540039 0.301758 0.459961 0.301758 0.459961 0.301758 0.540039 0.301758 0.540039 0.297852 0.459961 0.301758 0.540039 0.297852 0.459961 0.297852 0.459961 0.293945 0.540039 0.293945 0.540039 0.297852 0.459961 0.293945 0.540039 0.297852 0.459961 0.297852 0.459961 0.2255859 0.540039 0.2255859 0.540039 0.229492 0.459961 0.2255859 0.540039 0.229492 0.459961 0.229492 0.459961 0.229492 0.540039 0.229492 0.540039 0.2255859 0.459961 0.229492 0.540039 0.2255859 0.459961 0.2255859 0.459961 0.219727 0.540039 0.219727 0.540039 0.2255859 0.459961 0.219727 0.540039 0.2255859 0.459961 0.2255859 0.540039 0.293945 0.459961 0.293945 0.459961 0.288086 0.540039 0.293945 0.459961 0.288086 0.540039 0.288086 0.540039 0.288086 0.459961 0.288086 0.459961 0.28418 0.540039 0.288086 0.459961 0.28418 0.540039 0.28418 0.540039 0.28418 0.459961 0.28418 0.459961 0.288086 0.540039 0.28418 0.459961 0.288086 0.540039 0.288086 0.540039 0.288086 0.459961 0.288086 0.459961 0.293945 0.540039 0.288086 0.459961 0.293945 0.540039 0.293945 0.540039 0.293945 0.459961 0.293945 0.459961 0.297852 0.540039 0.293945 0.459961 0.297852 0.540039 0.297852 0.540039 0.219727 0.459961 0.219727 0.459961 0.213867 0.540039 0.219727 0.459961 0.213867 0.540039 0.213867 0.540039 0.213867 0.459961 0.213867 0.459961 0.2099609 0.540039 0.213867 0.459961 0.2099609 0.540039 0.2099609 0.540039 0.2099609 0.459961 0.2099609 0.459961 0.213867 0.540039 0.2099609 0.459961 0.213867 0.540039 0.213867 0.540039 0.213867 0.459961 0.213867 0.459961 0.219727 0.540039 0.213867 0.459961 0.219727 0.540039 0.219727 0.540039 0.219727 0.459961 0.219727 0.459961 0.2255859 0.540039 0.219727 0.459961 0.2255859 0.540039 0.2255859 0.56543 0.264648 0.56543 0.24707 0.569336 0.24707 0.56543 0.264648 0.569336 0.24707 0.569336 0.264648 0.569336 0.264648 0.569336 0.24707 0.573242 0.24707 0.569336 0.264648 0.573242 0.24707 0.573242 0.264648 0.557617 0.264648 0.557617 0.24707 0.561523 0.24707 0.557617 0.264648 0.561523 0.24707 0.561523 0.264648 0.561523 0.264648 0.561523 0.24707 0.56543 0.24707 0.561523 0.264648 0.56543 0.24707 0.56543 0.264648 0.56543 0.264648 0.56543 0.24707 0.561523 0.24707 0.56543 0.264648 0.561523 0.24707 0.561523 0.264648 0.561523 0.264648 0.561523 0.24707 0.557617 0.24707 0.561523 0.264648 0.557617 0.24707 0.557617 0.264648 0.569336 0.264648 0.569336 0.24707 0.56543 0.24707 0.569336 0.264648 0.56543 0.24707 0.56543 0.264648 0.573242 0.264648 0.573242 0.24707 0.569336 0.24707 0.573242 0.264648 0.569336 0.24707 0.569336 0.264648 0.438477 0.24707 0.438477 0.264648 0.43457 0.264648 0.438477 0.24707 0.43457 0.264648 0.43457 0.24707 0.43457 0.24707 0.43457 0.264648 0.430664 0.264648 0.43457 0.24707 0.430664 0.264648 0.430664 0.24707 0.430664 0.24707 0.430664 0.264648 0.426758 0.264648 0.430664 0.24707 0.426758 0.264648 0.426758 0.24707 0.426758 0.24707 0.426758 0.264648 0.430664 0.264648 0.426758 0.24707 0.430664 0.264648 0.430664 0.24707 0.430664 0.24707 0.430664 0.264648 0.43457 0.264648 0.430664 0.24707 0.43457 0.264648 0.43457 0.24707 0.43457 0.24707 0.43457 0.264648 0.438477 0.264648 0.43457 0.24707 0.438477 0.264648 0.438477 0.24707 0.438477 0.24707 0.438477 0.264648 0.442383 0.264648 0.438477 0.24707 0.442383 0.264648 0.442383 0.24707 0.442383 0.24707 0.442383 0.264648 0.438477 0.264648 0.442383 0.24707 0.438477 0.264648 0.438477 0.24707 0.06738299 0.317383 0.06738299 0.313477 0.125977 0.313477 0.06738299 0.317383 0.125977 0.313477 0.125977 0.317383 0.125977 0.317383 0.125977 0.313477 0.186523 0.313477 0.125977 0.317383 0.186523 0.313477 0.186523 0.317383 0.186523 0.317383 0.186523 0.313477 0.245117 0.313477 0.186523 0.317383 0.245117 0.313477 0.245117 0.317383 0.245117 0.317383 0.245117 0.313477 0.303711 0.313477 0.245117 0.317383 0.303711 0.313477 0.303711 0.317383 0.303711 0.317383 0.303711 0.313477 0.245117 0.313477 0.303711 0.317383 0.245117 0.313477 0.245117 0.317383 0.245117 0.317383 0.245117 0.313477 0.186523 0.313477 0.245117 0.317383 0.186523 0.313477 0.186523 0.317383 0.186523 0.317383 0.186523 0.313477 0.125977 0.313477 0.186523 0.317383 0.125977 0.313477 0.125977 0.317383 0.125977 0.317383 0.125977 0.313477 0.06738299 0.313477 0.125977 0.317383 0.06738299 0.313477 0.06738299 0.317383 0.06738299 0.317383 0.06738299 0.313477 0.006835997 0.313477 0.06738299 0.317383 0.006835997 0.313477 0.006835997 0.317383 0.006835997 0.317383 0.006835997 0.313477 0.06738299 0.313477 0.006835997 0.317383 0.06738299 0.313477 0.06738299 0.317383 0.143555 0.274414 0.143555 0.2255859 0.102539 0.211914 0.143555 0.274414 0.102539 0.211914 0.07519495 0.250977 0.07519495 0.250977 0.102539 0.211914 0.07910197 0.1787109 0.07519495 0.250977 0.07910197 0.1787109 0.03417998 0.196289 0.03417998 0.196289 0.07910197 0.1787109 0.07910197 0.135742 0.03417998 0.196289 0.07910197 0.135742 0.03417998 0.120117 0.03417998 0.120117 0.07910197 0.135742 0.102539 0.102539 0.03417998 0.120117 0.102539 0.102539 0.07519495 0.06542998 0.07519495 0.06542998 0.102539 0.102539 0.143555 0.09081995 0.07519495 0.06542998 0.143555 0.09081995 0.143555 0.04199194 0.143555 0.04199194 0.143555 0.09081995 0.186523 0.102539 0.143555 0.04199194 0.186523 0.102539 0.211914 0.06542998 0.211914 0.06542998 0.186523 0.102539 0.208008 0.135742 0.211914 0.06542998 0.208008 0.135742 0.254883 0.12207 0.254883 0.12207 0.208008 0.135742 0.208008 0.1787109 0.254883 0.12207 0.208008 0.1787109 0.254883 0.192383 0.254883 0.192383 0.208008 0.1787109 0.18457 0.211914 0.254883 0.192383 0.18457 0.211914 0.211914 0.250977 0.211914 0.250977 0.18457 0.211914 0.143555 0.2255859 0.211914 0.250977 0.143555 0.2255859 0.143555 0.274414 0.143555 0.157227 0.102539 0.211914 0.143555 0.2255859 0.143555 0.157227 0.07910197 0.1787109 0.102539 0.211914 0.143555 0.157227 0.07910197 0.135742 0.07910197 0.1787109 0.143555 0.157227 0.102539 0.102539 0.07910197 0.135742 0.143555 0.157227 0.143555 0.09081995 0.102539 0.102539 0.143555 0.157227 0.186523 0.102539 0.143555 0.09081995 0.143555 0.157227 0.208008 0.135742 0.186523 0.102539 0.143555 0.157227 0.208008 0.1787109 0.208008 0.135742 0.143555 0.157227 0.18457 0.211914 0.208008 0.1787109 0.143555 0.157227 0.143555 0.2255859 0.18457 0.211914 0.125977 0.395508 0.06738299 0.395508 0.06738299 0.334961 0.06738299 0.334961 0.125977 0.334961 0.125977 0.395508 0.186523 0.395508 0.125977 0.395508 0.125977 0.334961 0.125977 0.334961 0.186523 0.334961 0.186523 0.395508 0.245117 0.395508 0.186523 0.395508 0.186523 0.334961 0.186523 0.334961 0.245117 0.334961 0.245117 0.395508 0.303711 0.395508 0.245117 0.395508 0.245117 0.334961 0.245117 0.334961 0.303711 0.334961 0.303711 0.395508 0.245117 0.395508 0.303711 0.395508 0.303711 0.334961 0.303711 0.334961 0.245117 0.334961 0.245117 0.395508 0.186523 0.395508 0.245117 0.395508 0.245117 0.334961 0.245117 0.334961 0.186523 0.334961 0.186523 0.395508 0.125977 0.395508 0.186523 0.395508 0.186523 0.334961 0.186523 0.334961 0.125977 0.334961 0.125977 0.395508 0.06738299 0.395508 0.125977 0.395508 0.125977 0.334961 0.125977 0.334961 0.06738299 0.334961 0.06738299 0.395508 0.006835997 0.395508 0.06738299 0.395508 0.06738299 0.334961 0.06738299 0.334961 0.006835997 0.334961 0.006835997 0.395508 0.06738299 0.395508 0.006835997 0.395508 0.006835997 0.334961 0.006835997 0.334961 0.06738299 0.334961 0.06738299 0.395508 0.143555 0.274414 0.07519495 0.250977 0.073242 0.254883 0.073242 0.254883 0.143555 0.27832 0.143555 0.274414 0.07519495 0.250977 0.03417998 0.196289 0.03027296 0.198242 0.03027296 0.198242 0.073242 0.254883 0.07519495 0.250977 0.03417998 0.196289 0.03417998 0.120117 0.03027296 0.118164 0.03027296 0.118164 0.03027296 0.198242 0.03417998 0.196289 0.03417998 0.120117 0.07519495 0.06542998 0.073242 0.06152296 0.073242 0.06152296 0.03027296 0.118164 0.03417998 0.120117 0.07519495 0.06542998 0.143555 0.04199194 0.143555 0.03808599 0.143555 0.03808599 0.073242 0.06152296 0.07519495 0.06542998 0.143555 0.04199194 0.211914 0.06542998 0.213867 0.06152296 0.213867 0.06152296 0.143555 0.03808599 0.143555 0.04199194 0.211914 0.06542998 0.254883 0.12207 0.258789 0.120117 0.258789 0.120117 0.213867 0.06152296 0.211914 0.06542998 0.254883 0.12207 0.254883 0.192383 0.258789 0.1943359 0.258789 0.1943359 0.258789 0.120117 0.254883 0.12207 0.254883 0.192383 0.211914 0.250977 0.213867 0.254883 0.213867 0.254883 0.258789 0.1943359 0.254883 0.192383 0.211914 0.250977 0.143555 0.274414 0.143555 0.27832 0.143555 0.27832 0.213867 0.254883 0.211914 0.250977 0.143555 0.27832 0.073242 0.254883 0.06152296 0.274414 0.06152296 0.274414 0.143555 0.301758 0.143555 0.27832 0.901367 0.72168 0.870117 0.696289 0.860352 0.704102 0.860352 0.704102 0.897461 0.733398 0.901367 0.72168 0.073242 0.254883 0.03027296 0.198242 0.008788943 0.202148 0.008788943 0.202148 0.06152296 0.274414 0.073242 0.254883 0.94043 0.72168 0.901367 0.72168 0.897461 0.733398 0.897461 0.733398 0.944336 0.733398 0.94043 0.72168 0.03027296 0.198242 0.03027296 0.118164 0.008788943 0.114258 0.008788943 0.114258 0.008788943 0.202148 0.03027296 0.198242 0.97168 0.696289 0.94043 0.72168 0.944336 0.733398 0.944336 0.733398 0.981445 0.704102 0.97168 0.696289 0.03027296 0.118164 0.073242 0.06152296 0.06152296 0.04199194 0.06152296 0.04199194 0.008788943 0.114258 0.03027296 0.118164 0.983398 0.661133 0.97168 0.696289 0.981445 0.704102 0.981445 0.704102 0.995117 0.661133 0.983398 0.661133 0.073242 0.06152296 0.143555 0.03808599 0.143555 0.01269495 0.143555 0.01269495 0.06152296 0.04199194 0.073242 0.06152296 0.97168 0.696289 0.983398 0.661133 0.995117 0.661133 0.995117 0.661133 0.981445 0.704102 0.97168 0.696289 0.143555 0.03808599 0.213867 0.06152296 0.231445 0.04199194 0.231445 0.04199194 0.143555 0.01269495 0.143555 0.03808599 0.94043 0.72168 0.97168 0.696289 0.981445 0.704102 0.981445 0.704102 0.944336 0.733398 0.94043 0.72168 0.213867 0.06152296 0.258789 0.120117 0.28418 0.114258 0.28418 0.114258 0.231445 0.04199194 0.213867 0.06152296 0.901367 0.72168 0.94043 0.72168 0.944336 0.733398 0.944336 0.733398 0.897461 0.733398 0.901367 0.72168 0.258789 0.120117 0.258789 0.1943359 0.28418 0.202148 0.28418 0.202148 0.28418 0.114258 0.258789 0.120117 0.870117 0.696289 0.901367 0.72168 0.897461 0.733398 0.897461 0.733398 0.860352 0.704102 0.870117 0.696289 0.258789 0.1943359 0.213867 0.254883 0.231445 0.274414 0.231445 0.274414 0.28418 0.202148 0.258789 0.1943359 0.860352 0.661133 0.870117 0.696289 0.860352 0.704102 0.860352 0.704102 0.84668 0.661133 0.860352 0.661133 0.213867 0.254883 0.143555 0.27832 0.143555 0.301758 0.143555 0.301758 0.231445 0.274414 0.213867 0.254883 0.870117 0.696289 0.860352 0.661133 0.84668 0.661133 0.84668 0.661133 0.860352 0.704102 0.870117 0.696289 0.143555 0.157227 0.143555 0.2255859 0.102539 0.211914 0.143555 0.157227 0.102539 0.211914 0.07910197 0.1787109 0.143555 0.157227 0.07910197 0.1787109 0.07910197 0.135742 0.143555 0.157227 0.07910197 0.135742 0.102539 0.102539 0.143555 0.157227 0.102539 0.102539 0.143555 0.09081995 0.143555 0.157227 0.143555 0.09081995 0.186523 0.102539 0.143555 0.157227 0.186523 0.102539 0.208008 0.135742 0.143555 0.157227 0.208008 0.135742 0.208008 0.1787109 0.143555 0.157227 0.208008 0.1787109 0.18457 0.211914 0.143555 0.157227 0.18457 0.211914 0.143555 0.2255859 0.143555 0.2255859 0.143555 0.274414 0.07519495 0.250977 0.143555 0.2255859 0.07519495 0.250977 0.102539 0.211914 0.102539 0.211914 0.07519495 0.250977 0.03417998 0.196289 0.102539 0.211914 0.03417998 0.196289 0.07910197 0.1787109 0.07910197 0.1787109 0.03417998 0.196289 0.03417998 0.120117 0.07910197 0.1787109 0.03417998 0.120117 0.07910197 0.135742 0.07910197 0.135742 0.03417998 0.120117 0.07519495 0.06542998 0.07910197 0.135742 0.07519495 0.06542998 0.102539 0.102539 0.102539 0.102539 0.07519495 0.06542998 0.143555 0.04199194 0.102539 0.102539 0.143555 0.04199194 0.143555 0.09081995 0.143555 0.09081995 0.143555 0.04199194 0.211914 0.06542998 0.143555 0.09081995 0.211914 0.06542998 0.186523 0.102539 0.186523 0.102539 0.211914 0.06542998 0.254883 0.12207 0.186523 0.102539 0.254883 0.12207 0.208008 0.135742 0.208008 0.135742 0.254883 0.12207 0.254883 0.192383 0.208008 0.135742 0.254883 0.192383 0.208008 0.1787109 0.208008 0.1787109 0.254883 0.192383 0.211914 0.250977 0.208008 0.1787109 0.211914 0.250977 0.18457 0.211914 0.18457 0.211914 0.211914 0.250977 0.143555 0.274414 0.18457 0.211914 0.143555 0.274414 0.143555 0.2255859 0.06738299 0.317383 0.06738299 0.313477 0.125977 0.313477 0.06738299 0.317383 0.125977 0.313477 0.125977 0.317383 0.125977 0.317383 0.125977 0.313477 0.186523 0.313477 0.125977 0.317383 0.186523 0.313477 0.186523 0.317383 0.186523 0.317383 0.186523 0.313477 0.245117 0.313477 0.186523 0.317383 0.245117 0.313477 0.245117 0.317383 0.245117 0.317383 0.245117 0.313477 0.303711 0.313477 0.245117 0.317383 0.303711 0.313477 0.303711 0.317383 0.303711 0.317383 0.303711 0.313477 0.245117 0.313477 0.303711 0.317383 0.245117 0.313477 0.245117 0.317383 0.245117 0.317383 0.245117 0.313477 0.186523 0.313477 0.245117 0.317383 0.186523 0.313477 0.186523 0.317383 0.186523 0.317383 0.186523 0.313477 0.125977 0.313477 0.186523 0.317383 0.125977 0.313477 0.125977 0.317383 0.125977 0.317383 0.125977 0.313477 0.06738299 0.313477 0.125977 0.317383 0.06738299 0.313477 0.06738299 0.317383 0.06738299 0.317383 0.06738299 0.313477 0.006835997 0.313477 0.06738299 0.317383 0.006835997 0.313477 0.006835997 0.317383 0.006835997 0.317383 0.006835997 0.313477 0.06738299 0.313477 0.006835997 0.317383 0.06738299 0.313477 0.06738299 0.317383 0.07519495 0.250977 0.143555 0.274414 0.143555 0.27832 0.143555 0.27832 0.073242 0.254883 0.07519495 0.250977 0.03417998 0.196289 0.07519495 0.250977 0.073242 0.254883 0.073242 0.254883 0.03027296 0.198242 0.03417998 0.196289 0.03417998 0.120117 0.03417998 0.196289 0.03027296 0.198242 0.03027296 0.198242 0.03027296 0.118164 0.03417998 0.120117 0.07519495 0.06542998 0.03417998 0.120117 0.03027296 0.118164 0.03027296 0.118164 0.073242 0.06152296 0.07519495 0.06542998 0.143555 0.04199194 0.07519495 0.06542998 0.073242 0.06152296 0.073242 0.06152296 0.143555 0.03808599 0.143555 0.04199194 0.211914 0.06542998 0.143555 0.04199194 0.143555 0.03808599 0.143555 0.03808599 0.213867 0.06152296 0.211914 0.06542998 0.254883 0.12207 0.211914 0.06542998 0.213867 0.06152296 0.213867 0.06152296 0.258789 0.120117 0.254883 0.12207 0.254883 0.192383 0.254883 0.12207 0.258789 0.120117 0.258789 0.120117 0.258789 0.1943359 0.254883 0.192383 0.211914 0.250977 0.254883 0.192383 0.258789 0.1943359 0.258789 0.1943359 0.213867 0.254883 0.211914 0.250977 0.143555 0.274414 0.211914 0.250977 0.213867 0.254883 0.213867 0.254883 0.143555 0.27832 0.143555 0.274414 0.870117 0.696289 0.901367 0.72168 0.897461 0.733398 0.897461 0.733398 0.860352 0.704102 0.870117 0.696289 0.073242 0.254883 0.143555 0.27832 0.143555 0.301758 0.143555 0.301758 0.06090795 0.274973 0.073242 0.254883 0.901367 0.72168 0.94043 0.72168 0.944336 0.733398 0.944336 0.733398 0.897461 0.733398 0.901367 0.72168 0.03027296 0.198242 0.073242 0.254883 0.06090795 0.274973 0.06090795 0.274973 0.008397996 0.202699 0.03027296 0.198242 0.94043 0.72168 0.97168 0.696289 0.981445 0.704102 0.981445 0.704102 0.944336 0.733398 0.94043 0.72168 0.03027296 0.118164 0.03027296 0.198242 0.008397996 0.202699 0.008397996 0.202699 0.008397996 0.113364 0.03027296 0.118164 0.97168 0.696289 0.983398 0.661133 0.995117 0.661133 0.995117 0.661133 0.981445 0.704102 0.97168 0.696289 0.073242 0.06152296 0.03027296 0.118164 0.008397996 0.113364 0.008397996 0.113364 0.06090795 0.04108995 0.073242 0.06152296 0.983398 0.661133 0.97168 0.696289 0.981445 0.704102 0.981445 0.704102 0.995117 0.661133 0.983398 0.661133 0.143555 0.03808599 0.073242 0.06152296 0.06090795 0.04108995 0.06090795 0.04108995 0.143555 0.01269495 0.143555 0.03808599 0.97168 0.696289 0.94043 0.72168 0.944336 0.733398 0.944336 0.733398 0.981445 0.704102 0.97168 0.696289 0.213867 0.06152296 0.143555 0.03808599 0.143555 0.01269495 0.143555 0.01269495 0.230834 0.04108995 0.213867 0.06152296 0.94043 0.72168 0.901367 0.72168 0.897461 0.733398 0.897461 0.733398 0.944336 0.733398 0.94043 0.72168 0.258789 0.120117 0.213867 0.06152296 0.230834 0.04108995 0.230834 0.04108995 0.283344 0.113364 0.258789 0.120117 0.901367 0.72168 0.870117 0.696289 0.860352 0.704102 0.860352 0.704102 0.897461 0.733398 0.901367 0.72168 0.258789 0.1943359 0.258789 0.120117 0.283344 0.113364 0.283344 0.113364 0.283344 0.202699 0.258789 0.1943359 0.870117 0.696289 0.860352 0.661133 0.84668 0.661133 0.84668 0.661133 0.860352 0.704102 0.870117 0.696289 0.213867 0.254883 0.258789 0.1943359 0.283344 0.202699 0.283344 0.202699 0.230834 0.274973 0.213867 0.254883 0.860352 0.661133 0.870117 0.696289 0.860352 0.704102 0.860352 0.704102 0.84668 0.661133 0.860352 0.661133 0.143555 0.27832 0.213867 0.254883 0.230834 0.274973 0.230834 0.274973 0.143555 0.301758 0.143555 0.27832 0.227539 0.993164 0.08300799 0.975586 0.08300799 0.993164 0.227539 0.993164 0.231445 0.975586 0.08300799 0.975586 0.854492 0.745117 0.709961 0.762695 0.706055 0.745117 0.854492 0.745117 0.854492 0.762695 0.709961 0.762695 0.176758 0.938477 0.03417998 0.958008 0.03417998 0.938477 0.176758 0.938477 0.174805 0.958008 0.03417998 0.958008 0.19043 0.631836 0.334961 0.612305 0.331055 0.631836 0.19043 0.631836 0.19043 0.612305 0.334961 0.612305 0.08300799 0.993164 0.06738299 0.975586 0.06738299 0.993164 0.08300799 0.993164 0.08300799 0.975586 0.06738299 0.975586 0.706055 0.745117 0.698242 0.768555 0.688477 0.750977 0.706055 0.745117 0.709961 0.762695 0.698242 0.768555 0.03417998 0.938477 0.02246099 0.958008 0.02246099 0.938477 0.03417998 0.938477 0.03417998 0.958008 0.02246099 0.958008 0.331055 0.631836 0.352539 0.618164 0.342773 0.637695 0.331055 0.631836 0.334961 0.612305 0.352539 0.618164 0.06738299 0.993164 0.05175799 0.975586 0.05175799 0.993164 0.06738299 0.993164 0.06738299 0.975586 0.05175799 0.975586 0.688477 0.750977 0.686523 0.776367 0.672852 0.764648 0.688477 0.750977 0.698242 0.768555 0.686523 0.776367 0.02246099 0.938477 0.01074194 0.958008 0.01074194 0.938477 0.02246099 0.938477 0.02246099 0.958008 0.01074194 0.958008 0.342773 0.637695 0.368164 0.631836 0.354492 0.645508 0.342773 0.637695 0.352539 0.618164 0.368164 0.631836 0.05175799 0.993164 0.03222697 0.975586 0.03222697 0.993164 0.05175799 0.993164 0.05175799 0.975586 0.03222697 0.975586 0.672852 0.764648 0.680664 0.788086 0.663086 0.782227 0.672852 0.764648 0.686523 0.776367 0.680664 0.788086 0.864258 0.930664 0.875977 0.913086 0.875977 0.930664 0.864258 0.930664 0.864258 0.913086 0.875977 0.913086 0.354492 0.645508 0.37793 0.649414 0.360352 0.657227 0.354492 0.645508 0.368164 0.631836 0.37793 0.649414 0.03222697 0.993164 0.01269495 0.975586 0.01269495 0.993164 0.03222697 0.993164 0.03222697 0.975586 0.01269495 0.975586 0.663086 0.782227 0.680664 0.788086 0.65918 0.801758 0.65918 0.801758 0.680664 0.788086 0.678711 0.811523 0.875977 0.930664 0.875977 0.913086 0.891602 0.920898 0.891602 0.920898 0.875977 0.913086 0.889648 0.913086 0.360352 0.657227 0.37793 0.649414 0.362305 0.668945 0.362305 0.668945 0.37793 0.649414 0.381836 0.668945 0.01269495 0.993164 0.03222697 0.975586 0.03222697 0.993164 0.01269495 0.993164 0.01269495 0.975586 0.03222697 0.975586 0.65918 0.821289 0.680664 0.834961 0.663086 0.84082 0.65918 0.821289 0.678711 0.811523 0.680664 0.834961 0.899414 0.930664 0.907227 0.920898 0.922852 0.930664 0.360352 0.702148 0.362305 0.69043 0.37793 0.709961 0.03222697 0.993164 0.05175799 0.975586 0.05175799 0.993164 0.03222697 0.993164 0.03222697 0.975586 0.05175799 0.975586 0.663086 0.84082 0.686523 0.84668 0.672852 0.858398 0.663086 0.84082 0.680664 0.834961 0.686523 0.84668 0.922852 0.930664 0.93457 0.913086 0.93457 0.930664 0.922852 0.930664 0.922852 0.913086 0.93457 0.913086 0.360352 0.702148 0.368164 0.727539 0.354492 0.713867 0.360352 0.702148 0.37793 0.709961 0.368164 0.727539 0.05175799 0.993164 0.06738299 0.975586 0.06738299 0.993164 0.05175799 0.993164 0.05175799 0.975586 0.06738299 0.975586 0.672852 0.858398 0.698242 0.856445 0.688477 0.87207 0.672852 0.858398 0.686523 0.84668 0.698242 0.856445 0.01074194 0.938477 0.02246099 0.958008 0.02246099 0.938477 0.01074194 0.938477 0.01074194 0.958008 0.02246099 0.958008 0.354492 0.713867 0.352539 0.739258 0.342773 0.723633 0.354492 0.713867 0.368164 0.727539 0.352539 0.739258 0.06738299 0.993164 0.08300799 0.975586 0.08300799 0.993164 0.06738299 0.993164 0.06738299 0.975586 0.08300799 0.975586 0.688477 0.87207 0.709961 0.860352 0.706055 0.87793 0.688477 0.87207 0.698242 0.856445 0.709961 0.860352 0.02246099 0.938477 0.03417998 0.958008 0.03417998 0.938477 0.02246099 0.938477 0.02246099 0.958008 0.03417998 0.958008 0.342773 0.723633 0.334961 0.74707 0.331055 0.727539 0.342773 0.723633 0.352539 0.739258 0.334961 0.74707 0.08300799 0.993164 0.231445 0.975586 0.227539 0.993164 0.08300799 0.993164 0.08300799 0.975586 0.231445 0.975586 0.706055 0.87793 0.854492 0.860352 0.854492 0.87793 0.706055 0.87793 0.709961 0.860352 0.854492 0.860352 0.03417998 0.938477 0.174805 0.958008 0.176758 0.938477 0.03417998 0.938477 0.03417998 0.958008 0.174805 0.958008 0.331055 0.727539 0.19043 0.74707 0.19043 0.727539 0.331055 0.727539 0.334961 0.74707 0.19043 0.74707 0.678711 0.811523 0.65918 0.821289 0.65918 0.801758 0.489258 0.977539 0.489258 0.993164 0.454102 0.993164 0.489258 0.977539 0.454102 0.993164 0.454102 0.977539 0.774414 0.918945 0.774414 0.899414 0.618164 0.899414 0.618164 0.899414 0.618164 0.918945 0.774414 0.918945 0.774414 0.899414 0.774414 0.918945 0.618164 0.918945 0.618164 0.918945 0.618164 0.899414 0.774414 0.899414 0.65918 0.801758 0.65918 0.821289 0.50293 0.821289 0.50293 0.821289 0.50293 0.801758 0.65918 0.801758 0.791992 0.977539 0.791992 0.993164 0.743164 0.993164 0.616211 0.993164 0.616211 0.977539 0.743164 0.977539 0.555664 0.977539 0.573242 0.993164 0.555664 0.993164 0.500977 0.993164 0.500977 0.977539 0.555664 0.977539 0.499023 0.866211 0.567383 0.897461 0.610352 0.885742 0.618164 0.899414 0.610352 0.885742 0.567383 0.897461 0.364258 0.993164 0.364258 0.977539 0.424805 0.977539 0.424805 0.977539 0.424805 0.993164 0.364258 0.993164 0.610352 0.885742 0.618164 0.899414 0.567383 0.897461 0.567383 0.897461 0.522461 0.844727 0.610352 0.885742 0.174805 0.958008 0.176758 0.938477 0.18457 0.956055 0.231445 0.975586 0.227539 0.993164 0.237305 0.991211 0.19043 0.612305 0.1787109 0.631836 0.1787109 0.612305 0.19043 0.612305 0.19043 0.631836 0.1787109 0.631836 0.18457 0.956055 0.176758 0.938477 0.1943359 0.950195 0.231445 0.975586 0.237305 0.991211 0.24707 0.985352 0.1787109 0.612305 0.170898 0.631836 0.170898 0.612305 0.1787109 0.612305 0.1787109 0.631836 0.170898 0.631836 0.1943359 0.950195 0.182617 0.932617 0.200195 0.94043 0.1943359 0.950195 0.176758 0.938477 0.182617 0.932617 0.854492 0.762695 0.860352 0.745117 0.860352 0.762695 0.854492 0.762695 0.854492 0.745117 0.860352 0.745117 0.231445 0.975586 0.25293 0.975586 0.237305 0.969727 0.231445 0.975586 0.24707 0.985352 0.25293 0.975586 0.170898 0.612305 0.161133 0.631836 0.161133 0.612305 0.170898 0.612305 0.170898 0.631836 0.161133 0.631836 0.200195 0.94043 0.182617 0.932617 0.202148 0.928711 0.237305 0.969727 0.25293 0.975586 0.254883 0.96582 0.161133 0.612305 0.151367 0.631836 0.151367 0.612305 0.161133 0.612305 0.161133 0.631836 0.151367 0.631836 0.227539 0.993164 0.231445 0.975586 0.237305 0.991211 0.176758 0.938477 0.174805 0.958008 0.18457 0.956055 0.19043 0.727539 0.1787109 0.74707 0.1787109 0.727539 0.19043 0.727539 0.19043 0.74707 0.1787109 0.74707 0.237305 0.991211 0.231445 0.975586 0.24707 0.985352 0.176758 0.938477 0.18457 0.956055 0.1943359 0.950195 0.1787109 0.727539 0.170898 0.74707 0.170898 0.727539 0.1787109 0.727539 0.1787109 0.74707 0.170898 0.74707 0.24707 0.985352 0.237305 0.969727 0.25293 0.975586 0.24707 0.985352 0.231445 0.975586 0.237305 0.969727 0.854492 0.87793 0.860352 0.860352 0.860352 0.87793 0.854492 0.87793 0.854492 0.860352 0.860352 0.860352 0.176758 0.938477 0.200195 0.94043 0.182617 0.932617 0.176758 0.938477 0.1943359 0.950195 0.200195 0.94043 0.170898 0.727539 0.161133 0.74707 0.161133 0.727539 0.170898 0.727539 0.170898 0.74707 0.161133 0.74707 0.25293 0.975586 0.237305 0.969727 0.254883 0.96582 0.182617 0.932617 0.200195 0.94043 0.202148 0.928711 0.161133 0.727539 0.151367 0.74707 0.151367 0.727539 0.161133 0.727539 0.161133 0.74707 0.151367 0.74707 0.237305 0.920898 0.254883 0.90332 0.237305 0.90332 0.237305 0.920898 0.254883 0.920898 0.254883 0.90332 0.106445 0.612305 0.09667998 0.635742 0.088867 0.620117 0.106445 0.612305 0.110352 0.631836 0.09667998 0.635742 0.202148 0.889648 0.182617 0.875977 0.202148 0.875977 0.202148 0.889648 0.182617 0.889648 0.182617 0.875977 0.905273 0.762695 0.926758 0.750977 0.916992 0.768555 0.905273 0.762695 0.90918 0.745117 0.926758 0.750977 0.237305 0.90332 0.254883 0.90332 0.254883 0.893555 0.088867 0.620117 0.09667998 0.635742 0.07910197 0.625977 0.07910197 0.625977 0.09667998 0.635742 0.086914 0.643555 0.202148 0.875977 0.182617 0.866211 0.202148 0.866211 0.202148 0.875977 0.182617 0.875977 0.182617 0.866211 0.916992 0.768555 0.936523 0.758789 0.928711 0.776367 0.928711 0.776367 0.936523 0.758789 0.948242 0.772461 0.06738299 0.641602 0.086914 0.643555 0.08105498 0.655273 0.899414 0.84668 0.879883 0.834961 0.899414 0.834961 0.899414 0.84668 0.879883 0.84668 0.879883 0.834961 0.928711 0.776367 0.948242 0.772461 0.93457 0.788086 0.84082 0.772461 0.860352 0.801758 0.84082 0.801758 0.84082 0.772461 0.860352 0.772461 0.860352 0.801758 0.06738299 0.641602 0.08105498 0.655273 0.05956995 0.668945 0.05956995 0.668945 0.08105498 0.655273 0.07910197 0.668945 0.899414 0.834961 0.879883 0.821289 0.899414 0.821289 0.899414 0.834961 0.879883 0.834961 0.879883 0.821289 0.93457 0.788086 0.956055 0.801758 0.936523 0.801758 0.93457 0.788086 0.948242 0.772461 0.956055 0.801758 0.84082 0.821289 0.860352 0.850586 0.84082 0.850586 0.84082 0.821289 0.860352 0.821289 0.860352 0.850586 0.05956995 0.69043 0.08105498 0.704102 0.06738299 0.717773 0.05956995 0.69043 0.07910197 0.69043 0.08105498 0.704102 0.899414 0.799805 0.879883 0.788086 0.899414 0.788086 0.899414 0.799805 0.879883 0.799805 0.879883 0.788086 0.936523 0.821289 0.956055 0.821289 0.93457 0.834961 0.93457 0.834961 0.956055 0.821289 0.948242 0.850586 0.06738299 0.717773 0.08105498 0.704102 0.086914 0.71582 0.899414 0.788086 0.879883 0.776367 0.899414 0.776367 0.899414 0.788086 0.879883 0.788086 0.879883 0.776367 0.93457 0.834961 0.948242 0.850586 0.928711 0.84668 0.06738299 0.717773 0.086914 0.71582 0.07910197 0.733398 0.07910197 0.733398 0.086914 0.71582 0.09667998 0.723633 0.202148 0.866211 0.182617 0.875977 0.202148 0.875977 0.202148 0.866211 0.182617 0.866211 0.182617 0.875977 0.928711 0.84668 0.936523 0.864258 0.916992 0.856445 0.928711 0.84668 0.948242 0.850586 0.936523 0.864258 0.237305 0.90332 0.254883 0.920898 0.237305 0.920898 0.237305 0.90332 0.254883 0.90332 0.254883 0.920898 0.088867 0.739258 0.110352 0.727539 0.106445 0.74707 0.088867 0.739258 0.09667998 0.723633 0.110352 0.727539 0.202148 0.875977 0.182617 0.889648 0.202148 0.889648 0.202148 0.875977 0.182617 0.875977 0.182617 0.889648 0.916992 0.856445 0.90918 0.87793 0.905273 0.860352 0.916992 0.856445 0.926758 0.87207 0.90918 0.87793 0.07910197 0.668945 0.07910197 0.69043 0.05956995 0.69043 0.07910197 0.668945 0.05956995 0.69043 0.05956995 0.668945 0.879883 0.821289 0.879883 0.799805 0.899414 0.799805 0.879883 0.821289 0.899414 0.799805 0.899414 0.821289 0.936523 0.821289 0.936523 0.801758 0.956055 0.801758 0.936523 0.821289 0.956055 0.801758 0.956055 0.821289 0.84082 0.821289 0.84082 0.801758 0.860352 0.801758 0.84082 0.821289 0.860352 0.801758 0.860352 0.821289 0.254883 0.920898 0.237305 0.920898 0.237305 0.969727 0.237305 0.969727 0.254883 0.96582 0.254883 0.920898 0.182617 0.889648 0.202148 0.889648 0.202148 0.928711 0.202148 0.928711 0.182617 0.932617 0.182617 0.889648 0.90918 0.745117 0.905273 0.762695 0.860352 0.762695 0.860352 0.762695 0.860352 0.745117 0.90918 0.745117 0.237305 0.920898 0.254883 0.920898 0.254883 0.96582 0.254883 0.96582 0.237305 0.969727 0.237305 0.920898 0.106445 0.74707 0.110352 0.727539 0.151367 0.727539 0.151367 0.727539 0.151367 0.74707 0.106445 0.74707 0.202148 0.889648 0.182617 0.889648 0.182617 0.932617 0.182617 0.932617 0.202148 0.928711 0.202148 0.889648 0.905273 0.860352 0.90918 0.87793 0.860352 0.87793 0.860352 0.87793 0.860352 0.860352 0.905273 0.860352 0.151367 0.612305 0.151367 0.631836 0.110352 0.631836 0.151367 0.612305 0.110352 0.631836 0.106445 0.612305 0.489258 0.993164 0.489258 0.977539 0.500977 0.977539 0.500977 0.977539 0.500977 0.993164 0.489258 0.993164 0.616211 0.977539 0.616211 0.993164 0.59082 0.993164 0.59082 0.993164 0.59082 0.977539 0.616211 0.977539 0.567383 0.897461 0.499023 0.866211 0.50293 0.87793 0.567383 0.897461 0.575195 0.918945 0.618164 0.918945 0.567383 0.897461 0.618164 0.918945 0.575195 0.918945 0.567383 0.897461 0.50293 0.87793 0.499023 0.866211 0.34668 0.993164 0.34668 0.977539 0.360352 0.977539 0.360352 0.977539 0.360352 0.993164 0.34668 0.993164 0.522461 0.844727 0.499023 0.866211 0.610352 0.885742 0.618164 0.918945 0.567383 0.897461 0.618164 0.899414 0.360352 0.993164 0.360352 0.977539 0.364258 0.977539 0.364258 0.977539 0.364258 0.993164 0.360352 0.993164 0.610352 0.885742 0.522461 0.844727 0.551758 0.836914 0.551758 0.836914 0.612305 0.881836 0.610352 0.885742 0.454102 0.977539 0.454102 0.993164 0.424805 0.993164 0.424805 0.993164 0.424805 0.977539 0.454102 0.977539 0.551758 0.836914 0.610352 0.885742 0.612305 0.881836 0.610352 0.885742 0.551758 0.836914 0.522461 0.844727 0.07910197 0.625977 0.086914 0.643555 0.06738299 0.641602 0.916992 0.768555 0.926758 0.750977 0.936523 0.758789 0.237305 0.90332 0.254883 0.893555 0.237305 0.893555 0.07910197 0.733398 0.09667998 0.723633 0.088867 0.739258 0.237305 0.893555 0.254883 0.893555 0.254883 0.90332 0.237305 0.893555 0.254883 0.90332 0.237305 0.90332 0.916992 0.856445 0.936523 0.864258 0.926758 0.87207 0.024414 0.743164 0.04980498 0.750977 0.03417998 0.758789 0.040039 0.733398 0.04980498 0.750977 0.024414 0.743164 0.504883 0.932617 0.52832 0.938477 0.522461 0.924805 0.510742 0.942383 0.52832 0.938477 0.504883 0.932617 0.973633 0.885742 0.97168 0.864258 0.983398 0.870117 0.961914 0.879883 0.97168 0.864258 0.973633 0.885742 0.249023 0.848633 0.237305 0.868164 0.233398 0.856445 0.254883 0.864258 0.237305 0.868164 0.249023 0.848633 0.01074194 0.750977 0.03417998 0.758789 0.02050799 0.766602 0.024414 0.743164 0.03417998 0.758789 0.01074194 0.750977 0.49707 0.924805 0.522461 0.924805 0.508789 0.911133 0.504883 0.932617 0.522461 0.924805 0.49707 0.924805 0.981445 0.891602 0.983398 0.870117 0.991211 0.875977 0.973633 0.885742 0.983398 0.870117 0.981445 0.891602 0.235352 0.834961 0.233398 0.856445 0.223633 0.848633 0.249023 0.848633 0.233398 0.856445 0.235352 0.834961 0.141602 0.805664 0.15918 0.793945 0.141602 0.790039 0.15918 0.811523 0.15918 0.793945 0.141602 0.805664 0.485352 0.918945 0.508789 0.911133 0.491211 0.90332 0.49707 0.924805 0.508789 0.911133 0.485352 0.918945 0.155273 0.924805 0.166992 0.905273 0.155273 0.90918 0.166992 0.920898 0.166992 0.905273 0.155273 0.924805 0.217773 0.827148 0.223633 0.848633 0.211914 0.842773 0.235352 0.834961 0.223633 0.848633 0.217773 0.827148 0.12207 0.803711 0.141602 0.790039 0.12207 0.788086 0.141602 0.805664 0.141602 0.790039 0.12207 0.803711 0.47168 0.916992 0.491211 0.90332 0.47168 0.899414 0.485352 0.918945 0.491211 0.90332 0.47168 0.916992 0.141602 0.926758 0.155273 0.90918 0.141602 0.911133 0.155273 0.924805 0.155273 0.90918 0.141602 0.926758 0.198242 0.823242 0.211914 0.842773 0.198242 0.84082 0.217773 0.827148 0.211914 0.842773 0.198242 0.823242 0.385742 0.916992 0.47168 0.916992 0.389648 0.899414 0.389648 0.899414 0.47168 0.916992 0.47168 0.899414 0.055664 0.926758 0.141602 0.926758 0.055664 0.911133 0.055664 0.911133 0.141602 0.926758 0.141602 0.911133 0.198242 0.84082 0.112305 0.84082 0.198242 0.823242 0.198242 0.823242 0.112305 0.84082 0.1162109 0.823242 0.12207 0.788086 0.040039 0.788086 0.12207 0.803711 0.12207 0.803711 0.040039 0.788086 0.040039 0.803711 0.04980498 0.750977 0.040039 0.733398 0.07910197 0.733398 0.06738299 0.717773 0.07910197 0.733398 0.040039 0.733398 0.97168 0.864258 0.961914 0.879883 0.948242 0.850586 0.936523 0.864258 0.948242 0.850586 0.961914 0.879883 0.237305 0.868164 0.254883 0.864258 0.237305 0.893555 0.254883 0.893555 0.237305 0.893555 0.254883 0.864258 0.510742 0.961914 0.52832 0.961914 0.510742 0.942383 0.510742 0.942383 0.52832 0.961914 0.52832 0.938477 0.112305 0.84082 0.09472697 0.831055 0.104492 0.825195 0.368164 0.907227 0.385742 0.916992 0.37793 0.901367 0.02831995 0.790039 0.01855498 0.807617 0.02831995 0.805664 0.01855498 0.791992 0.01855498 0.807617 0.02831995 0.790039 0.112305 0.84082 0.104492 0.825195 0.1162109 0.823242 0.37793 0.901367 0.385742 0.916992 0.389648 0.899414 0.040039 0.788086 0.02831995 0.805664 0.040039 0.803711 0.02831995 0.790039 0.02831995 0.805664 0.040039 0.788086 0.02831995 0.915039 0.008788943 0.918945 0.01660197 0.901367 0.280273 0.989258 0.299805 0.985352 0.288086 0.97168 0.415039 0.819336 0.407227 0.793945 0.424805 0.803711 0.397461 0.80957 0.407227 0.793945 0.415039 0.819336 0.02831995 0.915039 0.01660197 0.901367 0.112305 0.84082 0.09472697 0.831055 0.112305 0.84082 0.01660197 0.901367 0.34668 0.874023 0.356445 0.889648 0.274414 0.916992 0.28418 0.932617 0.274414 0.916992 0.356445 0.889648 0.288086 0.97168 0.299805 0.985352 0.368164 0.907227 0.385742 0.916992 0.368164 0.907227 0.299805 0.985352 0.415039 0.819336 0.424805 0.803711 0.485352 0.860352 0.495117 0.842773 0.485352 0.860352 0.424805 0.803711 0.391602 0.793945 0.407227 0.793945 0.397461 0.80957 0.34668 0.874023 0.366211 0.87207 0.356445 0.889648 0.15918 0.874023 0.139648 0.889648 0.15918 0.891602 0.15918 0.874023 0.139648 0.874023 0.139648 0.889648 0.04980498 0.610352 0.024414 0.616211 0.03417998 0.600586 0.04980498 0.610352 0.040039 0.625977 0.024414 0.616211 0.52832 0.938477 0.504883 0.932617 0.522461 0.924805 0.52832 0.938477 0.510742 0.942383 0.504883 0.932617 0.97168 0.758789 0.973633 0.737305 0.983398 0.75293 0.97168 0.758789 0.961914 0.743164 0.973633 0.737305 0.237305 0.868164 0.249023 0.848633 0.233398 0.856445 0.237305 0.868164 0.254883 0.864258 0.249023 0.848633 0.03417998 0.600586 0.01074194 0.608398 0.02050799 0.592773 0.03417998 0.600586 0.024414 0.616211 0.01074194 0.608398 0.522461 0.924805 0.49707 0.924805 0.508789 0.911133 0.522461 0.924805 0.504883 0.932617 0.49707 0.924805 0.983398 0.75293 0.981445 0.731445 0.991211 0.74707 0.983398 0.75293 0.973633 0.737305 0.981445 0.731445 0.233398 0.856445 0.235352 0.834961 0.223633 0.848633 0.233398 0.856445 0.249023 0.848633 0.235352 0.834961 0.15918 0.793945 0.141602 0.805664 0.141602 0.790039 0.15918 0.793945 0.15918 0.811523 0.141602 0.805664 0.508789 0.911133 0.485352 0.918945 0.491211 0.90332 0.508789 0.911133 0.49707 0.924805 0.485352 0.918945 0.166992 0.905273 0.155273 0.924805 0.155273 0.90918 0.166992 0.905273 0.166992 0.920898 0.155273 0.924805 0.223633 0.848633 0.217773 0.827148 0.211914 0.842773 0.223633 0.848633 0.235352 0.834961 0.217773 0.827148 0.141602 0.790039 0.12207 0.803711 0.12207 0.788086 0.141602 0.790039 0.141602 0.805664 0.12207 0.803711 0.491211 0.90332 0.47168 0.916992 0.47168 0.899414 0.491211 0.90332 0.485352 0.918945 0.47168 0.916992 0.155273 0.90918 0.141602 0.926758 0.141602 0.911133 0.155273 0.90918 0.155273 0.924805 0.141602 0.926758 0.211914 0.842773 0.198242 0.823242 0.198242 0.84082 0.211914 0.842773 0.217773 0.827148 0.198242 0.823242 0.47168 0.916992 0.385742 0.916992 0.389648 0.899414 0.47168 0.916992 0.389648 0.899414 0.47168 0.899414 0.141602 0.926758 0.055664 0.926758 0.055664 0.911133 0.141602 0.926758 0.055664 0.911133 0.141602 0.911133 0.112305 0.84082 0.198242 0.84082 0.198242 0.823242 0.112305 0.84082 0.198242 0.823242 0.1162109 0.823242 0.040039 0.788086 0.12207 0.788086 0.12207 0.803711 0.040039 0.788086 0.12207 0.803711 0.040039 0.803711 0.040039 0.625977 0.04980498 0.610352 0.07910197 0.625977 0.07910197 0.625977 0.06738299 0.641602 0.040039 0.625977 0.961914 0.743164 0.97168 0.758789 0.948242 0.772461 0.948242 0.772461 0.936523 0.758789 0.961914 0.743164 0.254883 0.864258 0.237305 0.868164 0.237305 0.893555 0.237305 0.893555 0.254883 0.893555 0.254883 0.864258 0.52832 0.961914 0.510742 0.961914 0.510742 0.942383 0.52832 0.961914 0.510742 0.942383 0.52832 0.938477 0.09472697 0.831055 0.112305 0.84082 0.104492 0.825195 0.385742 0.916992 0.368164 0.907227 0.37793 0.901367 0.01855498 0.807617 0.02831995 0.790039 0.02831995 0.805664 0.01855498 0.807617 0.01855498 0.791992 0.02831995 0.790039 0.104492 0.825195 0.112305 0.84082 0.1162109 0.823242 0.385742 0.916992 0.37793 0.901367 0.389648 0.899414 0.02831995 0.805664 0.040039 0.788086 0.040039 0.803711 0.02831995 0.805664 0.02831995 0.790039 0.040039 0.788086 0.008788943 0.918945 0.02831995 0.915039 0.01660197 0.901367 0.299805 0.985352 0.280273 0.989258 0.288086 0.97168 0.407227 0.74707 0.415039 0.72168 0.424805 0.737305 0.407227 0.74707 0.397461 0.731445 0.415039 0.72168 0.01660197 0.901367 0.02831995 0.915039 0.112305 0.84082 0.112305 0.84082 0.09472697 0.831055 0.01660197 0.901367 0.356445 0.807617 0.34668 0.823242 0.274414 0.780273 0.274414 0.780273 0.28418 0.764648 0.356445 0.807617 0.299805 0.985352 0.288086 0.97168 0.368164 0.907227 0.368164 0.907227 0.385742 0.916992 0.299805 0.985352 0.424805 0.737305 0.415039 0.72168 0.485352 0.680664 0.485352 0.680664 0.495117 0.696289 0.424805 0.737305 0.15918 0.874023 0.15918 0.891602 0.139648 0.889648 0.397461 0.731445 0.407227 0.74707 0.391602 0.74707 0.356445 0.807617 0.366211 0.825195 0.34668 0.823242 0.139648 0.874023 0.15918 0.874023 0.139648 0.889648 0.34668 0.823242 0.366211 0.836914 0.34668 0.874023 0.366211 0.825195 0.366211 0.836914 0.34668 0.823242 0.139648 0.860352 0.139648 0.874023 0.15918 0.874023 0.139648 0.874023 0.15918 0.860352 0.15918 0.874023 0.407227 0.793945 0.391602 0.780273 0.407227 0.74707 0.391602 0.793945 0.391602 0.780273 0.407227 0.793945 0.331055 0.87207 0.331055 0.825195 0.34668 0.823242 0.331055 0.87207 0.34668 0.823242 0.34668 0.874023 0.15918 0.860352 0.139648 0.860352 0.15918 0.874023 0.391602 0.780273 0.391602 0.760742 0.407227 0.74707 0.366211 0.858398 0.366211 0.87207 0.34668 0.874023 0.391602 0.760742 0.391602 0.74707 0.407227 0.74707 0.139648 0.874023 0.139648 0.860352 0.15918 0.860352 0.366211 0.836914 0.366211 0.858398 0.34668 0.874023 0.01855498 0.655273 0.03808599 0.655273 0.03808599 0.706055 0.03808599 0.706055 0.01855498 0.706055 0.01855498 0.655273 0.391602 0.760742 0.391602 0.780273 0.34082 0.780273 0.34082 0.780273 0.34082 0.760742 0.391602 0.760742 0.03808599 0.655273 0.01855498 0.655273 0.01855498 0.706055 0.01855498 0.706055 0.03808599 0.706055 0.03808599 0.655273 0.366211 0.858398 0.366211 0.836914 0.416992 0.836914 0.416992 0.836914 0.416992 0.858398 0.366211 0.858398 0.50293 0.87793 0.567383 0.897461 0.557617 0.90332 0.522461 0.844727 0.567383 0.897461 0.499023 0.866211 0.557617 0.90332 0.567383 0.897461 0.575195 0.918945 0.573242 0.993164 0.555664 0.977539 0.573242 0.977539 0.557617 0.90332 0.567383 0.897461 0.50293 0.87793 0.567383 0.897461 0.618164 0.918945 0.618164 0.899414 0.567383 0.897461 0.557617 0.90332 0.575195 0.918945 0.555664 0.977539 0.555664 0.993164 0.500977 0.993164 0.745117 0.938477 0.618164 0.918945 0.618164 0.938477 0.745117 0.938477 0.791992 0.948242 0.774414 0.918945 0.618164 0.938477 0.618164 0.918945 0.745117 0.938477 0.774414 0.918945 0.745117 0.938477 0.618164 0.918945 0.618164 0.918945 0.575195 0.918945 0.592773 0.93457 0.592773 0.93457 0.618164 0.938477 0.618164 0.918945 0.573242 0.993164 0.573242 0.977539 0.59082 0.977539 0.59082 0.977539 0.59082 0.993164 0.573242 0.993164 0.575195 0.918945 0.618164 0.918945 0.618164 0.938477 0.618164 0.938477 0.592773 0.93457 0.575195 0.918945 0.362305 0.69043 0.381836 0.69043 0.37793 0.709961 0.922852 0.930664 0.907227 0.920898 0.922852 0.913086 0.793945 0.918945 0.774414 0.918945 0.791992 0.948242 0.774414 0.918945 0.793945 0.918945 0.791992 0.948242 0.793945 0.90918 0.842773 0.94043 0.793945 0.918945 0.907227 0.920898 0.90918 0.913086 0.922852 0.913086 0.899414 0.930664 0.891602 0.920898 0.907227 0.920898 0.875977 0.930664 0.891602 0.920898 0.899414 0.930664 0.120117 0.688477 0.168945 0.672852 0.168945 0.688477 0.791992 0.948242 0.833008 0.963867 0.84082 0.944336 0.791992 0.948242 0.793945 0.918945 0.84082 0.944336 0.84082 0.944336 0.793945 0.918945 0.791992 0.948242 0.791992 0.993164 0.791992 0.977539 0.831055 0.993164 0.120117 0.688477 0.120117 0.672852 0.168945 0.672852 0.793945 0.90918 0.793945 0.918945 0.842773 0.94043 0.831055 0.993164 0.791992 0.977539 0.831055 0.977539 0.84082 0.944336 0.833008 0.963867 0.791992 0.948242 0.618164 0.918945 0.745117 0.938477 0.774414 0.918945 0.743164 0.977539 0.743164 0.993164 0.616211 0.993164 0.745117 0.938477 0.774414 0.918945 0.791992 0.948242 0.743164 0.993164 0.743164 0.977539 0.791992 0.977539 0.489258 0.52832 0.489258 0.520508 0.49707 0.520508 0.489258 0.52832 0.49707 0.520508 0.49707 0.52832 0.692383 0.446289 0.672852 0.301758 0.692383 0.301758 0.692383 0.446289 0.672852 0.446289 0.672852 0.301758 0.749023 0.446289 0.731445 0.301758 0.749023 0.301758 0.749023 0.446289 0.731445 0.446289 0.731445 0.301758 0.731445 0.446289 0.711914 0.301758 0.731445 0.301758 0.731445 0.446289 0.711914 0.446289 0.711914 0.301758 0.711914 0.446289 0.692383 0.301758 0.711914 0.301758 0.711914 0.446289 0.692383 0.446289 0.692383 0.301758 0.692383 0.301758 0.672852 0.290039 0.692383 0.290039 0.692383 0.301758 0.672852 0.301758 0.672852 0.290039 0.749023 0.301758 0.731445 0.290039 0.749023 0.290039 0.749023 0.301758 0.731445 0.301758 0.731445 0.290039 0.731445 0.301758 0.711914 0.290039 0.731445 0.290039 0.731445 0.301758 0.711914 0.301758 0.711914 0.290039 0.711914 0.301758 0.692383 0.290039 0.711914 0.290039 0.711914 0.301758 0.692383 0.301758 0.692383 0.290039 0.692383 0.290039 0.672852 0.27832 0.692383 0.27832 0.692383 0.290039 0.672852 0.290039 0.672852 0.27832 0.749023 0.290039 0.731445 0.27832 0.749023 0.27832 0.749023 0.290039 0.731445 0.290039 0.731445 0.27832 0.731445 0.290039 0.711914 0.27832 0.731445 0.27832 0.731445 0.290039 0.711914 0.290039 0.711914 0.27832 0.711914 0.290039 0.692383 0.27832 0.711914 0.27832 0.711914 0.290039 0.692383 0.290039 0.692383 0.27832 0.692383 0.27832 0.672852 0.249023 0.692383 0.249023 0.692383 0.27832 0.672852 0.27832 0.672852 0.249023 0.749023 0.27832 0.731445 0.249023 0.749023 0.249023 0.749023 0.27832 0.731445 0.27832 0.731445 0.249023 0.731445 0.27832 0.711914 0.249023 0.731445 0.249023 0.731445 0.27832 0.711914 0.27832 0.711914 0.249023 0.711914 0.27832 0.692383 0.249023 0.711914 0.249023 0.711914 0.27832 0.692383 0.27832 0.692383 0.249023 0.692383 0.249023 0.672852 0.223633 0.692383 0.223633 0.692383 0.249023 0.672852 0.249023 0.672852 0.223633 0.749023 0.249023 0.731445 0.249023 0.749023 0.223633 0.749023 0.223633 0.731445 0.249023 0.731445 0.223633 0.731445 0.249023 0.711914 0.223633 0.731445 0.223633 0.731445 0.249023 0.711914 0.249023 0.711914 0.223633 0.711914 0.249023 0.692383 0.249023 0.711914 0.223633 0.711914 0.223633 0.692383 0.249023 0.692383 0.223633 0.629883 0.864258 0.629883 0.852539 0.641602 0.864258 0.629883 0.852539 0.641602 0.852539 0.641602 0.864258 0.625977 0.868164 0.625977 0.848633 0.629883 0.852539 0.629883 0.852539 0.629883 0.864258 0.625977 0.868164 0.645508 0.848633 0.645508 0.868164 0.641602 0.864258 0.641602 0.864258 0.641602 0.852539 0.645508 0.848633 0.625977 0.848633 0.645508 0.848633 0.641602 0.852539 0.641602 0.852539 0.629883 0.852539 0.625977 0.848633 0.645508 0.868164 0.625977 0.868164 0.629883 0.864258 0.629883 0.864258 0.641602 0.864258 0.645508 0.868164 0.764033 0.706797 0.781777 0.48708 0.806869 0.706809 0.701261 0.689079 0.669339 0.490609 0.764034 0.490609 0.701261 0.689079 0.764034 0.490609 0.764033 0.706797 0.796818 0.477029 0.806869 0.461987 0.806869 0.706809 0.669353 0.655044 0.669339 0.490609 0.701261 0.689079 0.764033 0.706797 0.764034 0.490609 0.781777 0.48708 0.806869 0.461987 0.841288 0.706821 0.806869 0.706809 0.806869 0.461987 0.810398 0.444244 0.841367 0.443237 0.841288 0.706821 0.806869 0.461987 0.841367 0.443237 0.781777 0.48708 0.796818 0.477029 0.806869 0.706809 0.907227 0.473633 0.879883 0.473633 0.895508 0.620117 0.948242 0.485352 0.907227 0.473633 0.969727 0.618164 0.885742 0.62793 0.879883 0.473633 0.879883 0.637695 0.969727 0.508789 0.948242 0.485352 0.969727 0.618164 0.907227 0.473633 0.895508 0.620117 0.907227 0.618164 0.879883 0.637695 0.879883 0.473633 0.858398 0.473633 0.879883 0.637695 0.858398 0.649414 0.87793 0.649414 0.907227 0.473633 0.907227 0.618164 0.969727 0.618164 0.858398 0.473633 0.858398 0.649414 0.879883 0.637695 0.895508 0.620117 0.879883 0.473633 0.885742 0.62793 0.874023 0.555664 0.866211 0.553711 0.879883 0.518555 0.879883 0.518555 0.887695 0.520508 0.874023 0.555664 0.874023 0.629883 0.866211 0.553711 0.866211 0.629883 0.874023 0.606445 0.866211 0.606445 0.866211 0.553711 0.866211 0.553711 0.874023 0.555664 0.874023 0.606445 0.967773 0.487305 0.97168 0.487305 0.973633 0.49707 0.973633 0.49707 0.969727 0.49707 0.967773 0.487305 0.874023 0.629883 0.866211 0.629883 0.866211 0.606445 0.866211 0.606445 0.874023 0.606445 0.874023 0.629883 0.969727 0.618164 0.979492 0.618164 0.979492 0.508789 0.979492 0.508789 0.969727 0.508789 0.969727 0.618164 0.881836 0.536133 0.874023 0.53418 0.866211 0.553711 0.866211 0.553711 0.874023 0.555664 0.881836 0.536133 0.887695 0.520508 0.879883 0.518555 0.90332 0.489258 0.90332 0.489258 0.90918 0.495117 0.887695 0.520508 0.96582 0.477539 0.969727 0.475586 0.97168 0.487305 0.97168 0.487305 0.967773 0.487305 0.96582 0.477539 0.866211 0.553711 0.874023 0.629883 0.874023 0.555664 0.887695 0.520508 0.879883 0.518555 0.874023 0.53418 0.874023 0.53418 0.881836 0.536133 0.887695 0.520508 0.989258 0.643555 0.995117 0.643555 0.995117 0.467773 0.989258 0.467773 0.989258 0.643555 0.995117 0.467773 0.810398 0.444244 0.810398 0.444244 0.841367 0.443237 0.841367 0.443237 0.841367 0.443237 0.810398 0.444244 0.928711 0.514648 0.936523 0.461914 0.928711 0.461914 0.936523 0.461914 0.928711 0.514648 0.936523 0.514648 0.87207 0.581055 0.87207 0.573242 0.864258 0.577148 0.87207 0.514648 0.864258 0.461914 0.864258 0.514648 0.864258 0.461914 0.87207 0.514648 0.87207 0.461914 0.928711 0.581055 0.87207 0.573242 0.87207 0.581055 0.87207 0.522461 0.87207 0.573242 0.928711 0.573242 0.928711 0.514648 0.87207 0.461914 0.87207 0.514648 0.87207 0.461914 0.928711 0.514648 0.928711 0.461914 0.87207 0.514648 0.87207 0.522461 0.928711 0.514648 0.87207 0.522461 0.928711 0.573242 0.928711 0.522461 0.928711 0.522461 0.928711 0.514648 0.87207 0.522461 0.864258 0.518555 0.87207 0.522461 0.87207 0.514648 0.928711 0.581055 0.928711 0.573242 0.87207 0.573242 0.87207 0.522461 0.864258 0.522461 0.864258 0.573242 0.864258 0.573242 0.87207 0.573242 0.87207 0.522461 0.694336 0.002929985 0.758789 0.002929985 0.694336 0.01464796 0.641602 0.002929985 0.694336 0.01464796 0.641602 0.01464796 0.694336 0.002929985 0.694336 0.01464796 0.641602 0.002929985 0.758789 0.08105498 0.694336 0.08105498 0.758789 0.06933599 0.758789 0.01464796 0.694336 0.01464796 0.758789 0.002929985 0.694336 0.01464796 0.641602 0.02636694 0.641602 0.01464796 0.694336 0.02636694 0.641602 0.02636694 0.694336 0.01464796 0.758789 0.02636694 0.694336 0.01464796 0.758789 0.01464796 0.694336 0.02636694 0.694336 0.01464796 0.758789 0.02636694 0.694336 0.02636694 0.641602 0.03613299 0.641602 0.02636694 0.694336 0.03613299 0.641602 0.03613299 0.694336 0.02636694 0.758789 0.03613299 0.694336 0.02636694 0.758789 0.02636694 0.694336 0.03613299 0.694336 0.02636694 0.758789 0.03613299 0.694336 0.03613299 0.641602 0.04785197 0.641602 0.03613299 0.694336 0.04785197 0.641602 0.04785197 0.694336 0.03613299 0.758789 0.04785197 0.694336 0.03613299 0.758789 0.03613299 0.694336 0.04785197 0.694336 0.03613299 0.758789 0.04785197 0.694336 0.05956995 0.758789 0.04785197 0.758789 0.05371099 0.694336 0.04785197 0.758789 0.04785197 0.694336 0.05956995 0.641602 0.04785197 0.694336 0.05956995 0.641602 0.05956995 0.694336 0.04785197 0.694336 0.05956995 0.641602 0.04785197 0.694336 0.05956995 0.758789 0.05371099 0.758789 0.05956995 0.694336 0.06933599 0.758789 0.06933599 0.694336 0.08105498 0.641602 0.06933599 0.694336 0.08105498 0.641602 0.08105498 0.694336 0.06933599 0.694336 0.08105498 0.641602 0.06933599 0.694336 0.05956995 0.641602 0.06933599 0.641602 0.05956995 0.694336 0.06933599 0.641602 0.06933599 0.694336 0.05956995 0.758789 0.06933599 0.694336 0.05956995 0.758789 0.05956995 0.694336 0.06933599 0.694336 0.05956995 0.758789 0.06933599 0.579102 0.01464796 0.641602 0.002929985 0.641602 0.01464796 0.579102 0.002929985 0.641602 0.002929985 0.579102 0.01464796 0.520508 0.002929985 0.579102 0.01464796 0.520508 0.01464796 0.579102 0.002929985 0.579102 0.01464796 0.520508 0.002929985 0.579102 0.01464796 0.520508 0.02636694 0.520508 0.01464796 0.579102 0.02636694 0.520508 0.02636694 0.579102 0.01464796 0.641602 0.02636694 0.579102 0.01464796 0.641602 0.01464796 0.579102 0.02636694 0.579102 0.01464796 0.641602 0.02636694 0.579102 0.02636694 0.520508 0.03613299 0.520508 0.02636694 0.577148 0.03613299 0.520508 0.03613299 0.579102 0.02636694 0.641602 0.03613299 0.579102 0.02636694 0.641602 0.02636694 0.577148 0.03613299 0.579102 0.02636694 0.641602 0.03613299 0.577148 0.03613299 0.520508 0.04785197 0.520508 0.03613299 0.577148 0.04785197 0.520508 0.04785197 0.577148 0.03613299 0.641602 0.04785197 0.577148 0.03613299 0.641602 0.03613299 0.577148 0.04785197 0.577148 0.03613299 0.641602 0.04785197 0.577148 0.05956995 0.641602 0.04785197 0.641602 0.05956995 0.577148 0.04785197 0.641602 0.04785197 0.577148 0.05956995 0.520508 0.04785197 0.577148 0.05956995 0.520508 0.05956995 0.577148 0.04785197 0.577148 0.05956995 0.520508 0.04785197 0.579102 0.08105498 0.641602 0.06933599 0.641602 0.08105498 0.577148 0.06933599 0.641602 0.06933599 0.579102 0.08105498 0.520508 0.06933599 0.579102 0.08105498 0.520508 0.08105498 0.577148 0.06933599 0.579102 0.08105498 0.520508 0.06933599 0.577148 0.05956995 0.520508 0.06933599 0.520508 0.05956995 0.577148 0.06933599 0.520508 0.06933599 0.577148 0.05956995 0.641602 0.06933599 0.577148 0.05956995 0.641602 0.05956995 0.577148 0.06933599 0.577148 0.05956995 0.641602 0.06933599 0.479492 0.01464796 0.520508 0.002929985 0.520508 0.01464796 0.479492 0.002929985 0.520508 0.002929985 0.479492 0.01464796 0.446289 0.002929985 0.479492 0.01464796 0.446289 0.01464796 0.479492 0.002929985 0.479492 0.01464796 0.446289 0.002929985 0.479492 0.01464796 0.446289 0.02636694 0.446289 0.01464796 0.479492 0.02636694 0.446289 0.02636694 0.479492 0.01464796 0.520508 0.02636694 0.479492 0.01464796 0.520508 0.01464796 0.479492 0.02636694 0.479492 0.01464796 0.520508 0.02636694 0.479492 0.02636694 0.446289 0.03613299 0.446289 0.02636694 0.479492 0.03613299 0.446289 0.03613299 0.479492 0.02636694 0.520508 0.03613299 0.479492 0.02636694 0.520508 0.02636694 0.479492 0.03613299 0.479492 0.02636694 0.520508 0.03613299 0.479492 0.03613299 0.446289 0.04785197 0.446289 0.03613299 0.479492 0.04785197 0.446289 0.04785197 0.479492 0.03613299 0.520508 0.04785197 0.479492 0.03613299 0.520508 0.03613299 0.479492 0.04785197 0.479492 0.03613299 0.520508 0.04785197 0.479492 0.05956995 0.520508 0.04785197 0.520508 0.05956995 0.479492 0.04785197 0.520508 0.04785197 0.479492 0.05956995 0.446289 0.04785197 0.479492 0.05956995 0.446289 0.05956995 0.479492 0.04785197 0.479492 0.05956995 0.446289 0.04785197 0.479492 0.08105498 0.520508 0.06933599 0.520508 0.08105498 0.479492 0.06933599 0.520508 0.06933599 0.479492 0.08105498 0.446289 0.06933599 0.479492 0.08105498 0.446289 0.08105498 0.479492 0.06933599 0.479492 0.08105498 0.446289 0.06933599 0.479492 0.05956995 0.446289 0.06933599 0.446289 0.05956995 0.479492 0.06933599 0.446289 0.06933599 0.479492 0.05956995 0.520508 0.06933599 0.479492 0.05956995 0.520508 0.05956995 0.479492 0.06933599 0.479492 0.05956995 0.520508 0.06933599 0.834961 0.06933599 0.758789 0.08105498 0.758789 0.06933599 0.758789 0.08105498 0.834961 0.06933599 0.834961 0.08105498 0.834961 0.002929985 0.758789 0.01464796 0.758789 0.002929985 0.758789 0.01464796 0.834961 0.002929985 0.834961 0.01464796 0.834961 0.01464796 0.758789 0.02636694 0.758789 0.01464796 0.758789 0.02636694 0.834961 0.01464796 0.834961 0.02636694 0.834961 0.02636694 0.758789 0.03613299 0.758789 0.02636694 0.758789 0.03613299 0.834961 0.02636694 0.834961 0.03613299 0.834961 0.03613299 0.758789 0.04785197 0.758789 0.03613299 0.758789 0.04785197 0.834961 0.03613299 0.834961 0.04785197 0.834961 0.04785197 0.758789 0.05371099 0.758789 0.04785197 0.758789 0.05371099 0.834961 0.04785197 0.834961 0.05371099 0.834961 0.05371099 0.758789 0.05956995 0.758789 0.05371099 0.758789 0.05956995 0.834961 0.05371099 0.834961 0.05956995 0.834961 0.05956995 0.758789 0.06933599 0.758789 0.05956995 0.758789 0.06933599 0.834961 0.05956995 0.834961 0.06933599 0.913086 0.01464796 0.834961 0.02636694 0.834961 0.01464796 0.834961 0.02636694 0.913086 0.01464796 0.913086 0.02636694 0.913086 0.002929985 0.834961 0.01464796 0.834961 0.002929985 0.834961 0.01464796 0.913086 0.002929985 0.913086 0.01464796 0.913086 0.02636694 0.834961 0.03613299 0.834961 0.02636694 0.834961 0.03613299 0.913086 0.02636694 0.913086 0.03613299 0.913086 0.06933599 0.834961 0.08105498 0.834961 0.06933599 0.834961 0.08105498 0.913086 0.06933599 0.913086 0.08105498 0.913086 0.03613299 0.834961 0.04785197 0.834961 0.03613299 0.834961 0.04785197 0.913086 0.03613299 0.913086 0.04785197 0.913086 0.05956995 0.834961 0.06933599 0.834961 0.05956995 0.834961 0.06933599 0.913086 0.05956995 0.913086 0.06933599 0.913086 0.05371099 0.834961 0.05956995 0.834961 0.05371099 0.834961 0.05956995 0.913086 0.05371099 0.913086 0.05956995 0.913086 0.04785197 0.834961 0.05371099 0.834961 0.04785197 0.834961 0.05371099 0.913086 0.04785197 0.913086 0.05371099 0.995117 0.01464796 0.913086 0.02636694 0.913086 0.01464796 0.913086 0.02636694 0.995117 0.01464796 0.995117 0.02636694 0.995117 0.002929985 0.913086 0.01464796 0.913086 0.002929985 0.913086 0.01464796 0.995117 0.002929985 0.995117 0.01464796 0.995117 0.02636694 0.913086 0.03613299 0.913086 0.02636694 0.913086 0.03613299 0.995117 0.02636694 0.995117 0.03613299 0.995117 0.06933599 0.913086 0.08105498 0.913086 0.06933599 0.913086 0.08105498 0.995117 0.06933599 0.995117 0.08105498 0.995117 0.03613299 0.913086 0.04785197 0.913086 0.03613299 0.913086 0.04785197 0.995117 0.03613299 0.995117 0.04785197 0.995117 0.05956995 0.913086 0.06933599 0.913086 0.05956995 0.913086 0.06933599 0.995117 0.05956995 0.995117 0.06933599 0.995117 0.05371099 0.913086 0.05956995 0.913086 0.05371099 0.913086 0.05956995 0.995117 0.05371099 0.995117 0.05956995 0.995117 0.04785197 0.913086 0.05371099 0.913086 0.04785197 0.913086 0.05371099 0.995117 0.04785197 0.995117 0.05371099 0.774414 0.327148 0.786133 0.323242 0.786133 0.311523 0.774414 0.327148 0.786133 0.311523 0.776367 0.305664 0.774414 0.327148 0.776367 0.305664 0.764648 0.305664 0.762695 0.323242 0.764648 0.305664 0.756836 0.31543 0.774414 0.327148 0.764648 0.305664 0.762695 0.323242 0.766602 0.198242 0.758789 0.206055 0.758789 0.21582 0.77832 0.198242 0.766602 0.198242 0.758789 0.21582 0.788086 0.206055 0.77832 0.198242 0.758789 0.21582 0.780273 0.223633 0.788086 0.21582 0.788086 0.206055 0.768555 0.223633 0.780273 0.223633 0.788086 0.206055 0.758789 0.21582 0.768555 0.223633 0.788086 0.206055 0.901367 0.04589796 0.901367 0.02831995 0.918945 0.02831995 0.918945 0.04589796 0.901367 0.04589796 0.918945 0.02831995 0.901367 0.02831995 0.901367 0.04589796 0.799805 0.02831995 0.799805 0.04589796 0.799805 0.02831995 0.901367 0.04589796 0.901367 0.01074194 0.901367 0.02831995 0.799805 0.01074194 0.799805 0.02831995 0.799805 0.01074194 0.901367 0.02831995 0.901367 0.06347697 0.901367 0.07910197 0.799805 0.06347697 0.799805 0.07910197 0.799805 0.06347697 0.901367 0.07910197 0.901367 0.04589796 0.901367 0.06347697 0.799805 0.04589796 0.799805 0.06347697 0.799805 0.04589796 0.901367 0.06347697 0.799805 0.02831995 0.799805 0.04589796 0.700195 0.02831995 0.700195 0.04589796 0.700195 0.02831995 0.799805 0.04589796 0.799805 0.01074194 0.799805 0.02831995 0.700195 0.01074194 0.700195 0.02831995 0.700195 0.01074194 0.799805 0.02831995 0.799805 0.06347697 0.799805 0.07910197 0.700195 0.06347697 0.700195 0.07910197 0.700195 0.06347697 0.799805 0.07910197 0.799805 0.04589796 0.799805 0.06347697 0.700195 0.04589796 0.700195 0.06347697 0.700195 0.04589796 0.799805 0.06347697 0.700195 0.02831995 0.700195 0.04589796 0.600586 0.02831995 0.600586 0.04589796 0.600586 0.02831995 0.700195 0.04589796 0.700195 0.01074194 0.700195 0.02831995 0.600586 0.01074194 0.600586 0.02831995 0.600586 0.01074194 0.700195 0.02831995 0.700195 0.06347697 0.700195 0.07910197 0.600586 0.06347697 0.600586 0.07910197 0.600586 0.06347697 0.700195 0.07910197 0.700195 0.04589796 0.700195 0.06347697 0.600586 0.04589796 0.600586 0.06347697 0.600586 0.04589796 0.700195 0.06347697 0.600586 0.07910197 0.581055 0.07910197 0.581055 0.06347697 0.581055 0.06347697 0.600586 0.06347697 0.600586 0.07910197 0.385742 0.356445 0.364258 0.348633 0.364258 0.323242 0.364258 0.323242 0.385742 0.31543 0.385742 0.356445 0.540409 0.383789 0.551758 0.354492 0.551758 0.383789 0.551758 0.354492 0.540409 0.383789 0.508789 0.354492 0.540409 0.383789 0.551758 0.383789 0.551758 0.415039 0.52097 0.383789 0.541279 0.415039 0.521586 0.415039 0.541279 0.415039 0.551758 0.415039 0.543945 0.43457 0.521586 0.415039 0.518555 0.43457 0.508789 0.415039 0.47168 0.356445 0.47168 0.31543 0.493164 0.31543 0.493164 0.31543 0.493164 0.356445 0.47168 0.356445 0.422852 0.461914 0.450195 0.481445 0.422852 0.481445 0.47168 0.541992 0.47168 0.512695 0.508789 0.512695 0.508789 0.512695 0.493164 0.541992 0.47168 0.541992 0.508789 0.481445 0.450195 0.481445 0.49707 0.461914 0.508789 0.481445 0.508789 0.512695 0.47168 0.512695 0.450195 0.481445 0.422852 0.461914 0.49707 0.461914 0.450195 0.481445 0.508789 0.481445 0.47168 0.512695 0.422852 0.461914 0.422852 0.436523 0.49707 0.436523 0.49707 0.436523 0.49707 0.461914 0.422852 0.461914 0.422852 0.436523 0.422852 0.415039 0.450195 0.415039 0.508789 0.415039 0.450195 0.415039 0.47168 0.383789 0.450195 0.415039 0.49707 0.436523 0.422852 0.436523 0.508789 0.415039 0.47168 0.383789 0.508789 0.383789 0.450195 0.415039 0.508789 0.415039 0.49707 0.436523 0.47168 0.383789 0.47168 0.356445 0.493164 0.356445 0.493164 0.356445 0.508789 0.383789 0.47168 0.383789 0.47168 0.31543 0.47168 0.356445 0.444336 0.356445 0.47168 0.31543 0.444336 0.356445 0.444336 0.31543 0.444336 0.356445 0.413086 0.356445 0.413086 0.31543 0.444336 0.356445 0.413086 0.31543 0.444336 0.31543 0.413086 0.31543 0.413086 0.356445 0.385742 0.356445 0.413086 0.31543 0.385742 0.356445 0.385742 0.31543 0.518555 0.43457 0.521586 0.415039 0.543945 0.43457 0.521586 0.415039 0.508789 0.415039 0.508789 0.383789 0.52097 0.383789 0.521586 0.415039 0.508789 0.383789 0.521586 0.415039 0.541279 0.415039 0.543945 0.43457 0.541279 0.415039 0.52097 0.383789 0.540409 0.383789 0.52097 0.383789 0.508789 0.383789 0.508789 0.354492 0.540409 0.383789 0.52097 0.383789 0.508789 0.354492 0.541279 0.415039 0.540409 0.383789 0.551758 0.415039 0.02246099 0.571289 0.06738299 0.555664 0.006835997 0.555664 0.02246099 0.571289 0.05175799 0.571289 0.06738299 0.555664 0.08300799 0.571289 0.12793 0.555664 0.06738299 0.555664 0.08300799 0.571289 0.112305 0.571289 0.12793 0.555664 0.143555 0.571289 0.186523 0.555664 0.12793 0.555664 0.143555 0.571289 0.170898 0.571289 0.186523 0.555664 0.202148 0.571289 0.24707 0.555664 0.186523 0.555664 0.202148 0.571289 0.231445 0.571289 0.24707 0.555664 0.262695 0.571289 0.305664 0.555664 0.24707 0.555664 0.262695 0.571289 0.290039 0.571289 0.305664 0.555664 0.290039 0.571289 0.24707 0.555664 0.305664 0.555664 0.290039 0.571289 0.262695 0.571289 0.24707 0.555664 0.231445 0.571289 0.186523 0.555664 0.24707 0.555664 0.231445 0.571289 0.202148 0.571289 0.186523 0.555664 0.170898 0.571289 0.12793 0.555664 0.186523 0.555664 0.170898 0.571289 0.143555 0.571289 0.12793 0.555664 0.112305 0.571289 0.06738299 0.555664 0.12793 0.555664 0.112305 0.571289 0.08300799 0.571289 0.06738299 0.555664 0.05175799 0.571289 0.006835997 0.555664 0.06738299 0.555664 0.05175799 0.571289 0.02246099 0.571289 0.006835997 0.555664 0.006835997 0.555664 0.06738299 0.444336 0.006835997 0.444336 0.006835997 0.555664 0.06738299 0.555664 0.06738299 0.444336 0.06738299 0.555664 0.12793 0.444336 0.06738299 0.444336 0.06738299 0.555664 0.12793 0.555664 0.12793 0.444336 0.12793 0.555664 0.186523 0.444336 0.12793 0.444336 0.12793 0.555664 0.186523 0.555664 0.186523 0.444336 0.186523 0.555664 0.24707 0.444336 0.186523 0.444336 0.186523 0.555664 0.24707 0.555664 0.24707 0.444336 0.24707 0.555664 0.305664 0.444336 0.24707 0.444336 0.24707 0.555664 0.305664 0.555664 0.305664 0.444336 0.305664 0.555664 0.24707 0.444336 0.305664 0.444336 0.305664 0.555664 0.24707 0.555664 0.24707 0.444336 0.24707 0.555664 0.186523 0.444336 0.24707 0.444336 0.24707 0.555664 0.186523 0.555664 0.186523 0.444336 0.186523 0.555664 0.12793 0.444336 0.186523 0.444336 0.186523 0.555664 0.12793 0.555664 0.12793 0.444336 0.12793 0.555664 0.06738299 0.444336 0.12793 0.444336 0.12793 0.555664 0.06738299 0.555664 0.06738299 0.444336 0.06738299 0.555664 0.006835997 0.444336 0.06738299 0.444336 0.06738299 0.555664 0.006835997 0.555664 0.006835997 0.444336 0.006835997 0.444336 0.05175799 0.428711 0.02246099 0.428711 0.006835997 0.444336 0.06738299 0.444336 0.05175799 0.428711 0.06738299 0.444336 0.112305 0.428711 0.08300799 0.428711 0.06738299 0.444336 0.12793 0.444336 0.112305 0.428711 0.12793 0.444336 0.170898 0.428711 0.143555 0.428711 0.12793 0.444336 0.186523 0.444336 0.170898 0.428711 0.186523 0.444336 0.231445 0.428711 0.202148 0.428711 0.186523 0.444336 0.24707 0.444336 0.231445 0.428711 0.24707 0.444336 0.290039 0.428711 0.262695 0.428711 0.24707 0.444336 0.305664 0.444336 0.290039 0.428711 0.305664 0.444336 0.262695 0.428711 0.290039 0.428711 0.305664 0.444336 0.24707 0.444336 0.262695 0.428711 0.24707 0.444336 0.202148 0.428711 0.231445 0.428711 0.24707 0.444336 0.186523 0.444336 0.202148 0.428711 0.186523 0.444336 0.143555 0.428711 0.170898 0.428711 0.186523 0.444336 0.12793 0.444336 0.143555 0.428711 0.12793 0.444336 0.08300799 0.428711 0.112305 0.428711 0.12793 0.444336 0.06738299 0.444336 0.08300799 0.428711 0.06738299 0.444336 0.02246099 0.428711 0.05175799 0.428711 0.06738299 0.444336 0.006835997 0.444336 0.02246099 0.428711 0.004882991 0.299805 0.02050799 0.293945 0.03027296 0.282227 0.004882991 0.299805 0.03027296 0.282227 0.03027296 0.262695 0.004882991 0.299805 0.03027296 0.262695 0.02050799 0.250977 0.004882991 0.299805 0.02050799 0.250977 0.004882991 0.245117 0.004882991 0.299805 0.004882991 0.245117 0.02050799 0.250977 0.004882991 0.299805 0.02050799 0.250977 0.03027296 0.262695 0.004882991 0.299805 0.03027296 0.262695 0.03027296 0.282227 0.004882991 0.299805 0.03027296 0.282227 0.02050799 0.293945 0.004882991 0.299805 0.02050799 0.293945 0.03027296 0.282227 0.004882991 0.299805 0.03027296 0.282227 0.03027296 0.262695 0.004882991 0.299805 0.03027296 0.262695 0.02050799 0.250977 0.004882991 0.299805 0.02050799 0.250977 0.004882991 0.245117 0.004882991 0.299805 0.004882991 0.245117 0.02050799 0.250977 0.004882991 0.299805 0.02050799 0.250977 0.03027296 0.262695 0.004882991 0.299805 0.03027296 0.262695 0.03027296 0.282227 0.004882991 0.299805 0.03027296 0.282227 0.02050799 0.293945 0.37793 0.375977 0.366211 0.446289 0.366211 0.374023 0.09081995 0.604492 0.09277296 0.592773 0.09081995 0.586914 0.290039 0.584961 0.280273 0.59668 0.290039 0.59668 0.07714796 0.579102 0.07714796 0.612305 0.08300799 0.581055 0.09081995 0.604492 0.09081995 0.586914 0.086914 0.608398 0.387695 0.438477 0.37793 0.444336 0.387695 0.381836 0.352539 0.444336 0.352539 0.375977 0.366211 0.446289 0.262695 0.584961 0.270508 0.584961 0.270508 0.59668 0.342773 0.438477 0.342773 0.381836 0.352539 0.375977 0.06542998 0.583008 0.06542998 0.608398 0.071289 0.581055 0.397461 0.391602 0.387695 0.438477 0.387695 0.381836 0.223633 0.584961 0.233398 0.584961 0.233398 0.59668 0.086914 0.583008 0.08300799 0.581055 0.08300799 0.610352 0.223633 0.584961 0.21582 0.584961 0.21582 0.59668 0.280273 0.584961 0.290039 0.584961 0.290039 0.59668 0.333008 0.391602 0.333008 0.428711 0.329102 0.40332 0.07714796 0.579102 0.071289 0.610352 0.07714796 0.612305 0.06542998 0.583008 0.06152296 0.604492 0.06542998 0.608398 0.260742 0.584961 0.25293 0.584961 0.25293 0.59668 0.25293 0.584961 0.243164 0.59668 0.25293 0.59668 0.233398 0.584961 0.243164 0.59668 0.233398 0.59668 0.09277296 0.598633 0.09277296 0.592773 0.09081995 0.604492 0.37793 0.444336 0.366211 0.446289 0.37793 0.375977 0.086914 0.608398 0.09081995 0.586914 0.086914 0.583008 0.21582 0.584961 0.223633 0.59668 0.21582 0.59668 0.397461 0.428711 0.387695 0.438477 0.397461 0.391602 0.243164 0.584961 0.233398 0.584961 0.233398 0.59668 0.233398 0.584961 0.223633 0.59668 0.233398 0.59668 0.280273 0.584961 0.270508 0.584961 0.270508 0.59668 0.270508 0.584961 0.260742 0.59668 0.270508 0.59668 0.342773 0.438477 0.333008 0.428711 0.333008 0.391602 0.280273 0.584961 0.290039 0.59668 0.280273 0.59668 0.299805 0.584961 0.290039 0.584961 0.290039 0.59668 0.299805 0.584961 0.290039 0.59668 0.299805 0.59668 0.05956995 0.592773 0.06152296 0.604492 0.06152296 0.586914 0.290039 0.584961 0.280273 0.584961 0.280273 0.59668 0.071289 0.581055 0.06542998 0.608398 0.071289 0.610352 0.270508 0.584961 0.280273 0.584961 0.280273 0.59668 0.071289 0.581055 0.071289 0.610352 0.07714796 0.579102 0.25293 0.584961 0.243164 0.584961 0.243164 0.59668 0.086914 0.608398 0.086914 0.583008 0.08300799 0.610352 0.21582 0.584961 0.223633 0.584961 0.223633 0.59668 0.233398 0.584961 0.243164 0.584961 0.243164 0.59668 0.243164 0.584961 0.25293 0.59668 0.243164 0.59668 0.25293 0.584961 0.262695 0.584961 0.262695 0.59668 0.262695 0.584961 0.270508 0.59668 0.262695 0.59668 0.260742 0.584961 0.25293 0.59668 0.260742 0.59668 0.366211 0.446289 0.352539 0.375977 0.366211 0.374023 0.401367 0.40332 0.401367 0.416992 0.397461 0.391602 0.223633 0.584961 0.21582 0.59668 0.223633 0.59668 0.08300799 0.581055 0.07714796 0.612305 0.08300799 0.610352 0.233398 0.584961 0.223633 0.584961 0.223633 0.59668 0.25293 0.584961 0.262695 0.59668 0.25293 0.59668 0.243164 0.584961 0.25293 0.584961 0.25293 0.59668 0.280273 0.584961 0.270508 0.59668 0.280273 0.59668 0.342773 0.438477 0.333008 0.391602 0.342773 0.381836 0.401367 0.416992 0.397461 0.428711 0.397461 0.391602 0.223633 0.584961 0.233398 0.59668 0.223633 0.59668 0.06152296 0.586914 0.06152296 0.604492 0.06542998 0.583008 0.270508 0.584961 0.260742 0.584961 0.260742 0.59668 0.290039 0.584961 0.299805 0.59668 0.290039 0.59668 0.329102 0.40332 0.333008 0.428711 0.329102 0.416992 0.05956995 0.592773 0.05956995 0.598633 0.06152296 0.604492 0.290039 0.584961 0.299805 0.584961 0.299805 0.59668 0.387695 0.381836 0.37793 0.444336 0.37793 0.375977 0.243164 0.584961 0.233398 0.59668 0.243164 0.59668 0.342773 0.438477 0.352539 0.375977 0.352539 0.444336 0.270508 0.584961 0.280273 0.59668 0.270508 0.59668 0.2255859 0.700195 0.208008 0.700195 0.208008 0.663086 0.264648 0.700195 0.28418 0.663086 0.264648 0.663086 0.2255859 0.700195 0.245117 0.700195 0.245117 0.663086 0.491211 0.768555 0.436523 0.768555 0.44043 0.754883 0.264648 0.700195 0.245117 0.663086 0.264648 0.663086 0.303711 0.700195 0.28418 0.700195 0.28418 0.663086 0.323242 0.342773 0.342773 0.348633 0.325195 0.348633 0.188477 0.700195 0.208008 0.663086 0.188477 0.663086 0.264648 0.700195 0.28418 0.700195 0.28418 0.663086 0.44043 0.782227 0.477539 0.791992 0.450195 0.791992 0.264648 0.700195 0.245117 0.700195 0.245117 0.663086 0.491211 0.768555 0.487305 0.782227 0.44043 0.782227 0.188477 0.700195 0.208008 0.700195 0.208008 0.663086 0.487305 0.754883 0.44043 0.754883 0.477539 0.745117 0.303711 0.700195 0.28418 0.663086 0.303711 0.663086 0.329102 0.352539 0.342773 0.348633 0.338867 0.352539 0.323242 0.342773 0.342773 0.338867 0.342773 0.342773 0.2255859 0.700195 0.245117 0.663086 0.2255859 0.663086 0.342773 0.338867 0.325195 0.338867 0.329102 0.334961 0.2255859 0.700195 0.208008 0.663086 0.2255859 0.663086 0.28418 0.700195 0.303711 0.700195 0.303711 0.663086 0.450195 0.791992 0.477539 0.791992 0.463867 0.795898 0.245117 0.700195 0.2255859 0.700195 0.2255859 0.663086 0.491211 0.768555 0.44043 0.754883 0.487305 0.754883 0.245117 0.700195 0.264648 0.700195 0.264648 0.663086 0.436523 0.768555 0.491211 0.768555 0.44043 0.782227 0.208008 0.700195 0.188477 0.700195 0.188477 0.663086 0.477539 0.745117 0.450195 0.745117 0.463867 0.741211 0.28418 0.700195 0.264648 0.700195 0.264648 0.663086 0.44043 0.782227 0.487305 0.782227 0.477539 0.791992 0.208008 0.700195 0.2255859 0.700195 0.2255859 0.663086 0.477539 0.745117 0.44043 0.754883 0.450195 0.745117 0.325195 0.348633 0.342773 0.348633 0.329102 0.352539 0.28418 0.700195 0.264648 0.663086 0.28418 0.663086 0.333008 0.354492 0.329102 0.352539 0.338867 0.352539 0.28418 0.700195 0.303711 0.663086 0.28418 0.663086 0.323242 0.342773 0.342773 0.342773 0.342773 0.348633 0.245117 0.700195 0.264648 0.663086 0.245117 0.663086 0.342773 0.338867 0.329102 0.334961 0.338867 0.334961 0.208008 0.700195 0.2255859 0.663086 0.208008 0.663086 0.338867 0.334961 0.329102 0.334961 0.333008 0.333008 0.208008 0.700195 0.188477 0.663086 0.208008 0.663086 0.323242 0.342773 0.325195 0.338867 0.342773 0.338867 0.245117 0.700195 0.2255859 0.663086 0.245117 0.663086 0.2255859 0.700195 0.208008 0.700195 0.208008 0.663086 0.264648 0.700195 0.28418 0.663086 0.264648 0.663086 0.2255859 0.700195 0.245117 0.700195 0.245117 0.663086 0.489258 0.768555 0.43457 0.768555 0.438477 0.754883 0.264648 0.700195 0.245117 0.663086 0.264648 0.663086 0.303711 0.700195 0.28418 0.700195 0.28418 0.663086 0.323242 0.342773 0.342773 0.348633 0.325195 0.348633 0.188477 0.700195 0.208008 0.663086 0.188477 0.663086 0.264648 0.700195 0.28418 0.700195 0.28418 0.663086 0.438477 0.782227 0.475586 0.791992 0.448242 0.791992 0.264648 0.700195 0.245117 0.700195 0.245117 0.663086 0.489258 0.768555 0.485352 0.782227 0.438477 0.782227 0.188477 0.700195 0.208008 0.700195 0.208008 0.663086 0.485352 0.754883 0.438477 0.754883 0.475586 0.745117 0.303711 0.700195 0.28418 0.663086 0.303711 0.663086 0.329102 0.352539 0.342773 0.348633 0.338867 0.352539 0.323242 0.342773 0.342773 0.338867 0.342773 0.342773 0.2255859 0.700195 0.245117 0.663086 0.2255859 0.663086 0.342773 0.338867 0.325195 0.338867 0.329102 0.334961 0.2255859 0.700195 0.208008 0.663086 0.2255859 0.663086 0.28418 0.700195 0.303711 0.700195 0.303711 0.663086 0.448242 0.791992 0.475586 0.791992 0.461914 0.795898 0.245117 0.700195 0.2255859 0.700195 0.2255859 0.663086 0.489258 0.768555 0.438477 0.754883 0.485352 0.754883 0.245117 0.700195 0.264648 0.700195 0.264648 0.663086 0.43457 0.768555 0.489258 0.768555 0.438477 0.782227 0.208008 0.700195 0.188477 0.700195 0.188477 0.663086 0.475586 0.745117 0.448242 0.745117 0.461914 0.741211 0.28418 0.700195 0.264648 0.700195 0.264648 0.663086 0.438477 0.782227 0.485352 0.782227 0.475586 0.791992 0.208008 0.700195 0.2255859 0.700195 0.2255859 0.663086 0.475586 0.745117 0.438477 0.754883 0.448242 0.745117 0.325195 0.348633 0.342773 0.348633 0.329102 0.352539 0.28418 0.700195 0.264648 0.663086 0.28418 0.663086 0.333008 0.354492 0.329102 0.352539 0.338867 0.352539 0.28418 0.700195 0.303711 0.663086 0.28418 0.663086 0.323242 0.342773 0.342773 0.342773 0.342773 0.348633 0.245117 0.700195 0.264648 0.663086 0.245117 0.663086 0.342773 0.338867 0.329102 0.334961 0.338867 0.334961 0.208008 0.700195 0.2255859 0.663086 0.208008 0.663086 0.338867 0.334961 0.329102 0.334961 0.333008 0.333008 0.208008 0.700195 0.188477 0.663086 0.208008 0.663086 0.323242 0.342773 0.325195 0.338867 0.342773 0.338867 0.245117 0.700195 0.2255859 0.663086 0.245117 0.663086 0.875977 0.991211 0.862305 0.991211 0.862305 0.96582 0.90332 0.991211 0.916992 0.96582 0.90332 0.96582 0.875977 0.991211 0.889648 0.991211 0.889648 0.96582 0.991211 0.963867 0.936523 0.963867 0.94043 0.950195 0.90332 0.991211 0.889648 0.96582 0.90332 0.96582 0.930664 0.991211 0.916992 0.991211 0.916992 0.96582 0.323242 0.342773 0.342773 0.348633 0.325195 0.348633 0.848633 0.991211 0.862305 0.96582 0.848633 0.96582 0.90332 0.991211 0.916992 0.991211 0.916992 0.96582 0.94043 0.977539 0.977539 0.987305 0.950195 0.987305 0.90332 0.991211 0.889648 0.991211 0.889648 0.96582 0.991211 0.963867 0.987305 0.977539 0.94043 0.977539 0.848633 0.991211 0.862305 0.991211 0.862305 0.96582 0.987305 0.950195 0.94043 0.950195 0.977539 0.94043 0.930664 0.991211 0.916992 0.96582 0.930664 0.96582 0.329102 0.352539 0.342773 0.348633 0.338867 0.352539 0.323242 0.342773 0.342773 0.338867 0.342773 0.342773 0.875977 0.991211 0.889648 0.96582 0.875977 0.96582 0.342773 0.338867 0.325195 0.338867 0.329102 0.334961 0.875977 0.991211 0.862305 0.96582 0.875977 0.96582 0.916992 0.991211 0.930664 0.991211 0.930664 0.96582 0.950195 0.987305 0.977539 0.987305 0.963867 0.991211 0.889648 0.991211 0.875977 0.991211 0.875977 0.96582 0.991211 0.963867 0.94043 0.950195 0.987305 0.950195 0.889648 0.991211 0.90332 0.991211 0.90332 0.96582 0.936523 0.963867 0.991211 0.963867 0.94043 0.977539 0.862305 0.991211 0.848633 0.991211 0.848633 0.96582 0.977539 0.94043 0.950195 0.94043 0.963867 0.936523 0.916992 0.991211 0.90332 0.991211 0.90332 0.96582 0.94043 0.977539 0.987305 0.977539 0.977539 0.987305 0.862305 0.991211 0.875977 0.991211 0.875977 0.96582 0.977539 0.94043 0.94043 0.950195 0.950195 0.94043 0.325195 0.348633 0.342773 0.348633 0.329102 0.352539 0.916992 0.991211 0.90332 0.96582 0.916992 0.96582 0.333008 0.354492 0.329102 0.352539 0.338867 0.352539 0.916992 0.991211 0.930664 0.96582 0.916992 0.96582 0.323242 0.342773 0.342773 0.342773 0.342773 0.348633 0.889648 0.991211 0.90332 0.96582 0.889648 0.96582 0.342773 0.338867 0.329102 0.334961 0.338867 0.334961 0.862305 0.991211 0.875977 0.96582 0.862305 0.96582 0.338867 0.334961 0.329102 0.334961 0.333008 0.333008 0.862305 0.991211 0.848633 0.96582 0.862305 0.96582 0.323242 0.342773 0.325195 0.338867 0.342773 0.338867 0.889648 0.991211 0.875977 0.96582 0.889648 0.96582 0.003905951 0.007812976 1.003906 0.007812976 1.003906 0.992188 0.003905951 0.992188 0.003905951 0.007812976 1.003906 0.992188</float_array>
          <technique_common>
            <accessor source="#default_default-mesh-map-0-array" count="6714" stride="2">
              <param name="S" type="float"/>
              <param name="T" type="float"/>
            </accessor>
          </technique_common>
        </source>
        <vertices id="default_default-mesh-vertices">
          <input semantic="POSITION" source="#default_default-mesh-positions"/>
        </vertices>
        <triangles material="flamethrower_ammo-material" count="132">
          <input semantic="VERTEX" source="#default_default-mesh-vertices" offset="0"/>
          <input semantic="NORMAL" source="#default_default-mesh-normals" offset="1"/>
          <input semantic="TEXCOORD" source="#default_default-mesh-map-0" offset="2" set="0"/>
          <p>0 0 0 1 1 1 2 2 2 3 3 3 4 4 4 5 5 5 6 6 6 7 7 7 8 8 8 9 9 9 10 10 10 11 11 11 12 12 12 13 13 13 14 14 14 15 15 15 16 16 16 17 17 17 18 18 18 19 19 19 20 20 20 21 21 21 22 22 22 23 23 23 24 24 24 25 25 25 26 26 26 27 27 27 28 28 28 29 29 29 30 30 30 31 31 31 32 32 32 33 33 33 34 34 34 35 35 35 36 36 36 37 37 37 38 38 38 39 39 39 40 40 40 41 41 41 42 42 42 43 43 43 44 44 44 45 45 45 46 46 46 47 47 47 48 48 48 49 49 49 50 50 50 51 51 51 52 52 52 53 53 53 54 54 54 55 55 55 56 56 56 57 57 57 58 58 58 59 59 59 60 60 60 61 61 61 62 62 62 63 63 63 64 64 64 65 65 65 66 66 66 67 67 67 68 68 68 69 69 69 70 70 70 71 71 71 72 72 72 73 73 73 74 74 74 75 75 75 76 76 76 77 77 77 78 78 78 79 79 79 80 80 80 81 81 81 82 82 82 83 83 83 84 84 84 85 84 85 86 84 86 87 85 87 88 85 88 89 85 89 90 86 90 91 86 91 92 86 92 93 87 93 94 87 94 95 87 95 96 88 96 97 88 97 98 88 98 99 89 99 100 89 100 101 89 101 102 90 102 103 90 103 104 90 104 105 91 105 106 91 106 107 91 107 108 92 108 109 93 109 110 94 110 111 95 111 112 96 112 113 97 113 114 98 114 115 99 115 116 100 116 117 101 117 118 102 118 119 103 119 120 104 120 121 105 121 122 106 122 123 107 123 124 108 124 125 109 125 126 110 126 127 111 127 128 112 128 129 113 129 130 114 130 131 115 131 132 116 132 133 117 133 134 118 134 135 119 135 136 120 136 137 121 137 138 122 138 139 123 139 140 124 140 141 125 141 142 126 142 143 127 143 144 128 144 145 129 145 146 130 146 147 131 147 148 132 148 149 133 149 150 134 150 151 135 151 152 136 152 153 137 153 154 138 154 155 139 155 156 140 156 157 141 157 158 142 158 159 143 159 160 144 160 161 145 161 162 146 162 163 147 163 164 148 164 165 149 165 166 150 166 167 151 167 5880 5528 5880 5881 5529 5881 5882 5530 5882 5883 5531 5883 5884 5532 5884 5885 5533 5885 5886 5534 5886 5887 5535 5887 5888 5536 5888 5889 5537 5889 5890 5538 5890 5891 5539 5891 5892 5540 5892 5893 5541 5893 5894 5542 5894 5895 5543 5895 5896 5544 5896 5897 5545 5897 5898 5546 5898 5899 5547 5899 5900 5548 5900 5901 5549 5901 5902 5550 5902 5903 5551 5903 5904 5552 5904 5905 5553 5905 5906 5554 5906 5907 5555 5907 5908 5556 5908 5909 5557 5909 5910 5558 5910 5911 5559 5911 5912 5560 5912 5913 5561 5913 5914 5562 5914 5915 5563 5915 5916 5564 5916 5917 5565 5917 5918 5566 5918 5919 5567 5919 5920 5568 5920 5921 5569 5921 5922 5570 5922 5923 5571 5923 5924 5572 5924 5925 5573 5925 5926 5574 5926 5927 5575 5927 5928 5576 5928 5929 5577 5929 5930 5578 5930 5931 5579 5931 5932 5580 5932 5933 5581 5933 5934 5582 5934 5935 5583 5935 5936 5584 5936 5937 5585 5937 5938 5586 5938 5939 5587 5939 5940 5588 5940 5941 5589 5941 5942 5590 5942 5943 5591 5943 5944 5592 5944 5945 5593 5945 5946 5594 5946 5947 5595 5947 5948 5596 5948 5949 5597 5949 5950 5598 5950 5951 5599 5951 5952 5600 5952 5953 5601 5953 5954 5602 5954 5955 5603 5955 5956 5604 5956 5957 5605 5957 5958 5606 5958 5959 5607 5959 5960 5608 5960 5961 5609 5961 5962 5610 5962 5963 5611 5963 5964 5612 5964 5965 5613 5965 5966 5614 5966 5967 5615 5967 5968 5616 5968 5969 5617 5969 5970 5618 5970 5971 5619 5971 5972 5620 5972 5973 5621 5973 5974 5622 5974 5975 5623 5975 5976 5624 5976 5977 5625 5977 5978 5626 5978 5979 5627 5979 5980 5628 5980 5981 5629 5981 5982 5630 5982 5983 5631 5983 5984 5632 5984 5985 5633 5985 5986 5634 5986 5987 5635 5987 5988 5636 5988 5989 5637 5989 5990 5638 5990 5991 5639 5991 5992 5640 5992 5993 5641 5993 5994 5642 5994 5995 5643 5995 5996 5644 5996 5997 5645 5997 5998 5646 5998 5999 5647 5999 6000 5648 6000 6001 5649 6001 6002 5650 6002 6003 5651 6003 6004 5652 6004 6005 5653 6005 6006 5654 6006 6007 5655 6007 6008 5656 6008 6009 5657 6009 6010 5658 6010 6011 5659 6011 6012 5660 6012 6013 5661 6013 6014 5662 6014 6015 5663 6015 6016 5664 6016 6017 5665 6017 6018 5666 6018 6019 5667 6019 6020 5668 6020 6021 5669 6021 6022 5670 6022 6023 5671 6023 6024 5672 6024 6025 5673 6025 6026 5674 6026 6027 5675 6027 6028 5676 6028 6029 5677 6029 6030 5678 6030 6031 5679 6031 6032 5680 6032 6033 5681 6033 6034 5682 6034 6035 5683 6035 6036 5684 6036 6037 5685 6037 6038 5686 6038 6039 5687 6039 6040 5688 6040 6041 5689 6041 6042 5690 6042 6043 5691 6043 6044 5692 6044 6045 5693 6045 6046 5694 6046 6047 5695 6047 6048 5696 6048 6049 5697 6049 6050 5698 6050 6051 5699 6051 6052 5700 6052 6053 5701 6053 6054 5702 6054 6055 5703 6055 6056 5704 6056 6057 5705 6057 6058 5706 6058 6059 5707 6059 6060 5708 6060 6061 5709 6061 6062 5710 6062 6063 5711 6063 6064 5712 6064 6065 5713 6065 6066 5714 6066 6067 5715 6067 6068 5716 6068 6069 5717 6069 6070 5718 6070 6071 5719 6071 6072 5720 6072 6073 5721 6073 6074 5722 6074 6075 5723 6075 6076 5724 6076 6077 5725 6077 6078 5726 6078 6079 5727 6079 6080 5728 6080 6081 5729 6081 6082 5730 6082 6083 5731 6083 6084 5732 6084 6085 5733 6085 6086 5734 6086 6087 5735 6087 6088 5736 6088 6089 5737 6089 6090 5738 6090 6091 5739 6091 6092 5740 6092 6093 5741 6093 6094 5742 6094 6095 5743 6095 6096 5744 6096 6097 5745 6097 6098 5746 6098 6099 5747 6099 6100 5748 6100 6101 5749 6101 6102 5750 6102 6103 5751 6103 6104 5752 6104 6105 5753 6105 6106 5754 6106 6107 5755 6107</p>
        </triangles>
        <triangles material="flamethrower_metal_bare-material" count="964">
          <input semantic="VERTEX" source="#default_default-mesh-vertices" offset="0"/>
          <input semantic="NORMAL" source="#default_default-mesh-normals" offset="1"/>
          <input semantic="TEXCOORD" source="#default_default-mesh-map-0" offset="2" set="0"/>
          <p>168 152 168 169 153 169 170 154 170 171 155 171 172 156 172 173 157 173 174 158 174 175 159 175 176 160 176 177 161 177 178 162 178 179 163 179 180 164 180 181 165 181 182 166 182 183 167 183 184 168 184 185 169 185 186 170 186 187 171 187 188 172 188 189 173 189 190 174 190 191 175 191 192 176 192 193 177 193 194 178 194 195 179 195 196 180 196 197 181 197 198 182 198 199 183 199 200 184 200 201 185 201 202 186 202 203 187 203 204 188 204 205 189 205 206 190 206 207 191 207 208 192 208 209 193 209 210 194 210 211 195 211 212 196 212 213 197 213 214 198 214 215 199 215 216 200 216 217 201 217 218 202 218 219 203 219 220 204 220 221 205 221 222 206 222 223 207 223 224 208 224 225 209 225 226 210 226 227 211 227 228 212 228 229 213 229 230 214 230 231 215 231 232 216 232 233 217 233 234 218 234 235 219 235 236 220 236 237 221 237 238 222 238 239 223 239 240 224 240 241 225 241 242 226 242 243 227 243 244 228 244 245 229 245 246 230 246 247 231 247 248 232 248 249 233 249 250 234 250 251 235 251 252 236 252 253 237 253 254 238 254 255 239 255 256 240 256 257 241 257 258 242 258 259 243 259 260 244 260 261 245 261 262 246 262 263 247 263 264 248 264 265 249 265 266 250 266 267 251 267 268 252 268 269 253 269 270 254 270 271 255 271 272 256 272 273 257 273 274 258 274 275 259 275 276 260 276 277 261 277 278 262 278 279 263 279 280 264 280 281 265 281 282 266 282 283 267 283 284 268 284 285 269 285 286 270 286 287 271 287 288 272 288 289 273 289 290 274 290 291 275 291 292 276 292 293 277 293 294 278 294 295 279 295 296 280 296 297 281 297 298 282 298 299 283 299 300 284 300 301 285 301 302 286 302 303 287 303 304 288 304 305 289 305 306 290 306 307 291 307 308 292 308 309 293 309 310 294 310 311 295 311 312 296 312 313 297 313 314 298 314 315 299 315 316 300 316 317 301 317 318 302 318 319 303 319 320 304 320 321 305 321 322 306 322 323 307 323 324 308 324 325 309 325 326 310 326 327 311 327 328 312 328 329 313 329 330 314 330 331 315 331 332 316 332 333 317 333 334 318 334 335 319 335 336 320 336 337 321 337 338 322 338 339 323 339 340 324 340 341 325 341 342 326 342 343 327 343 344 328 344 345 329 345 346 330 346 347 331 347 348 332 348 349 333 349 350 334 350 351 335 351 352 336 352 353 337 353 354 338 354 355 339 355 356 340 356 357 341 357 358 342 358 359 343 359 360 344 360 361 345 361 362 346 362 363 347 363 364 348 364 365 349 365 366 350 366 367 351 367 368 352 368 369 353 369 370 354 370 371 355 371 372 356 372 373 357 373 374 358 374 375 359 375 376 360 376 377 361 377 378 362 378 379 363 379 380 364 380 381 365 381 382 366 382 383 367 383 384 368 384 385 369 385 386 370 386 387 371 387 388 372 388 389 373 389 390 374 390 391 375 391 392 376 392 393 377 393 394 378 394 395 379 395 396 380 396 397 381 397 398 382 398 399 383 399 400 384 400 401 385 401 402 386 402 403 387 403 404 388 404 405 389 405 406 390 406 407 391 407 408 392 408 409 393 409 410 394 410 411 395 411 412 396 412 413 397 413 414 398 414 415 399 415 416 400 416 417 401 417 418 402 418 419 403 419 420 404 420 421 405 421 422 406 422 423 407 423 424 408 424 425 409 425 426 410 426 427 411 427 428 412 428 429 413 429 430 414 430 431 415 431 432 416 432 433 417 433 434 418 434 435 419 435 436 420 436 437 421 437 438 422 438 439 423 439 440 424 440 441 425 441 442 426 442 443 427 443 444 428 444 445 429 445 446 430 446 447 431 447 448 432 448 449 433 449 450 434 450 451 435 451 452 436 452 453 437 453 454 438 454 455 439 455 456 440 456 457 441 457 458 442 458 459 443 459 460 444 460 461 445 461 462 446 462 463 447 463 464 448 464 465 449 465 466 450 466 467 451 467 468 452 468 469 453 469 470 454 470 471 455 471 472 456 472 473 457 473 474 458 474 475 459 475 476 460 476 477 461 477 478 462 478 479 463 479 480 464 480 481 465 481 482 466 482 483 467 483 484 468 484 485 469 485 486 470 486 487 471 487 488 472 488 489 473 489 490 474 490 491 475 491 492 476 492 493 477 493 494 478 494 495 479 495 496 480 496 497 481 497 498 482 498 499 483 499 500 484 500 501 485 501 502 486 502 503 487 503 504 488 504 505 489 505 506 490 506 507 491 507 508 492 508 509 493 509 510 494 510 511 495 511 512 496 512 513 497 513 514 498 514 515 499 515 516 500 516 517 501 517 518 502 518 519 503 519 520 504 520 521 505 521 522 506 522 523 507 523 524 508 524 525 509 525 526 510 526 527 511 527 528 512 528 529 513 529 530 514 530 531 515 531 532 516 532 533 517 533 534 518 534 535 519 535 536 520 536 537 521 537 538 522 538 539 523 539 540 524 540 541 525 541 542 526 542 543 527 543 544 528 544 545 529 545 546 530 546 547 531 547 548 532 548 549 533 549 550 534 550 551 535 551 1038 922 1038 1039 923 1039 1040 924 1040 1041 925 1041 1042 926 1042 1043 927 1043 1044 928 1044 1045 929 1045 1046 930 1046 1047 931 1047 1048 932 1048 1049 933 1049 1050 934 1050 1051 935 1051 1052 936 1052 1053 937 1053 1054 938 1054 1055 939 1055 1056 940 1056 1057 941 1057 1058 942 1058 1059 943 1059 1060 944 1060 1061 945 1061 1062 946 1062 1063 947 1063 1064 948 1064 1065 949 1065 1066 950 1066 1067 951 1067 1068 952 1068 1069 953 1069 1070 954 1070 1071 955 1071 1072 956 1072 1073 957 1073 1074 958 1074 1075 959 1075 1076 960 1076 1077 961 1077 1078 962 1078 1079 963 1079 1080 964 1080 1081 965 1081 1082 966 1082 1083 967 1083 1084 968 1084 1085 969 1085 1086 970 1086 1087 971 1087 1088 972 1088 1089 973 1089 1090 974 1090 1091 975 1091 1092 976 1092 1093 977 1093 1094 978 1094 1095 979 1095 1096 980 1096 1097 981 1097 1098 982 1098 1099 983 1099 1100 984 1100 1101 985 1101 1102 986 1102 1103 987 1103 1104 988 1104 1105 989 1105 1106 990 1106 1107 991 1107 1108 992 1108 1109 993 1109 1650 1495 1650 1651 1496 1651 1652 1497 1652 1653 1498 1653 1654 1499 1654 1655 1500 1655 1656 1501 1656 1657 1502 1657 1658 1503 1658 1659 1504 1659 1660 1505 1660 1661 1506 1661 1662 1507 1662 1663 1508 1663 1664 1509 1664 1665 1510 1665 1666 1511 1666 1667 1512 1667 1668 1513 1668 1669 1514 1669 1670 1515 1670 1671 1516 1671 1672 1517 1672 1673 1518 1673 1674 1519 1674 1675 1520 1675 1676 1521 1676 1677 1522 1677 1678 1523 1678 1679 1524 1679 1680 1525 1680 1681 1526 1681 1682 1527 1682 1683 1528 1683 1684 1529 1684 1685 1530 1685 1686 1531 1686 1687 1532 1687 1688 1533 1688 1689 1534 1689 1690 1535 1690 1691 1536 1691 1692 1537 1692 1693 1538 1693 1694 1539 1694 1695 1540 1695 1696 1541 1696 1697 1542 1697 1698 1543 1698 1699 1544 1699 1700 1545 1700 1701 1546 1701 1702 1547 1702 1703 1548 1703 1704 1549 1704 1705 1550 1705 1706 1551 1706 1707 1552 1707 1708 1553 1708 1709 1554 1709 1710 1555 1710 1711 1556 1711 1712 1557 1712 1713 1558 1713 1714 1559 1714 1715 1560 1715 1716 1561 1716 1717 1562 1717 1718 1563 1718 1719 1564 1719 1720 1565 1720 1721 1566 1721 1722 1567 1722 1723 1568 1723 1724 1569 1724 1725 1570 1725 1726 1571 1726 1727 1572 1727 1728 1573 1728 1729 1574 1729 1730 1575 1730 1731 1576 1731 1732 1577 1732 1733 1578 1733 1734 1579 1734 1735 1580 1735 1736 1581 1736 1737 1582 1737 1738 1583 1738 1739 1584 1739 1740 1585 1740 1741 1586 1741 1742 1587 1742 1743 1588 1743 1744 1589 1744 1745 1590 1745 1746 1591 1746 1747 1592 1747 1748 1593 1748 1749 1594 1749 1750 1595 1750 1751 1596 1751 1752 1597 1752 1753 1598 1753 1754 1599 1754 1755 1600 1755 1756 1601 1756 1757 1602 1757 1758 1603 1758 1759 1604 1759 1760 1605 1760 1761 1606 1761 1762 1607 1762 1763 1608 1763 1764 1609 1764 1765 1610 1765 1766 1611 1766 1767 1612 1767 1768 1613 1768 1769 1614 1769 1770 1615 1770 1771 1616 1771 1772 1617 1772 1773 1618 1773 1774 1619 1774 1775 1620 1775 1776 1621 1776 1777 1622 1777 1778 1623 1778 1779 1624 1779 1780 1625 1780 1781 1626 1781 1782 1627 1782 1783 1628 1783 1784 1629 1784 1785 1630 1785 1786 1631 1786 1787 1632 1787 1788 1633 1788 1789 1634 1789 1790 1635 1790 1791 1636 1791 1792 1637 1792 1793 1638 1793 1794 1639 1794 1795 1640 1795 1796 1641 1796 1797 1642 1797 1798 1643 1798 1799 1644 1799 1800 1645 1800 1801 1646 1801 1802 1647 1802 1803 1648 1803 1804 1649 1804 1805 1650 1805 1806 1651 1806 1807 1652 1807 1808 1653 1808 1809 1654 1809 1810 1655 1810 1811 1656 1811 1812 1657 1812 1813 1658 1813 1814 1659 1814 1815 1660 1815 1816 1661 1816 1817 1662 1817 1818 1663 1818 1819 1664 1819 1820 1665 1820 1821 1666 1821 1822 1667 1822 1823 1668 1823 1824 1669 1824 1825 1670 1825 1826 1671 1826 1827 1672 1827 1828 1673 1828 1829 1674 1829 1830 1675 1830 1831 1676 1831 1832 1677 1832 1833 1678 1833 1834 1679 1834 1835 1680 1835 1836 1681 1836 1837 1682 1837 1838 1683 1838 1839 1684 1839 1840 1685 1840 1841 1686 1841 1842 1687 1842 1843 1688 1843 1844 1689 1844 1845 1690 1845 1846 1691 1846 1847 1692 1847 1848 1693 1848 1849 1694 1849 1850 1695 1850 1851 1696 1851 1852 1697 1852 1853 1698 1853 1854 1699 1854 1855 1700 1855 1856 1701 1856 1857 1702 1857 1858 1703 1858 1859 1704 1859 1860 1705 1860 1861 1706 1861 1862 1707 1862 1863 1708 1863 1864 1709 1864 1865 1710 1865 1866 1711 1866 1867 1712 1867 1868 1713 1868 1869 1714 1869 1870 1715 1870 1871 1716 1871 1872 1717 1872 1873 1718 1873 1874 1719 1874 1875 1720 1875 1876 1721 1876 1877 1722 1877 1878 1723 1878 1879 1724 1879 1880 1725 1880 1881 1726 1881 1882 1727 1882 1883 1728 1883 1884 1729 1884 1885 1730 1885 1886 1731 1886 1887 1732 1887 1888 1733 1888 1889 1734 1889 1890 1735 1890 1891 1736 1891 1892 1737 1892 1893 1738 1893 1894 1739 1894 1895 1740 1895 1896 1741 1896 1897 1742 1897 1898 1743 1898 1899 1744 1899 1900 1745 1900 1901 1746 1901 1902 1747 1902 1903 1748 1903 1904 1749 1904 1905 1750 1905 1906 1751 1906 1907 1752 1907 1908 1753 1908 1909 1754 1909 1910 1755 1910 1911 1756 1911 1912 1757 1912 1913 1758 1913 1914 1759 1914 1915 1760 1915 1916 1761 1916 1917 1762 1917 1918 1763 1918 1919 1764 1919 1920 1765 1920 1921 1766 1921 1922 1767 1922 1923 1768 1923 1924 1769 1924 1925 1770 1925 1926 1771 1926 1927 1772 1927 1928 1773 1928 1929 1774 1929 1930 1775 1930 1931 1776 1931 1932 1777 1932 1933 1778 1933 1934 1779 1934 1935 1780 1935 1936 1781 1936 1937 1782 1937 1938 1783 1938 1939 1784 1939 1940 1785 1940 1941 1786 1941 1942 1787 1942 1943 1788 1943 1944 1789 1944 1945 1790 1945 1946 1791 1946 1947 1792 1947 1948 1793 1948 1949 1794 1949 1950 1795 1950 1951 1796 1951 1952 1797 1952 1953 1798 1953 1954 1799 1954 1955 1800 1955 1956 1801 1956 1957 1802 1957 1958 1803 1958 1959 1804 1959 1960 1805 1960 1961 1806 1961 1962 1807 1962 1963 1808 1963 1964 1809 1964 1965 1810 1965 1966 1811 1966 1967 1812 1967 1968 1813 1968 1969 1814 1969 1970 1815 1970 1971 1816 1971 1972 1817 1972 1973 1818 1973 1974 1819 1974 1975 1820 1975 1976 1821 1976 1977 1822 1977 1978 1823 1978 1979 1824 1979 1980 1825 1980 1981 1826 1981 1982 1827 1982 1983 1828 1983 1984 1829 1984 1985 1830 1985 1986 1831 1986 1987 1832 1987 1988 1833 1988 1989 1834 1989 1990 1835 1990 1991 1836 1991 1992 1837 1992 1993 1838 1993 1994 1839 1994 1995 1840 1995 1996 1841 1996 1997 1842 1997 1998 1843 1998 1999 1844 1999 2000 1845 2000 2001 1846 2001 2002 1847 2002 2003 1848 2003 2004 1849 2004 2005 1850 2005 2006 1851 2006 2007 1852 2007 2008 1853 2008 2009 1854 2009 2010 1855 2010 2011 1856 2011 2012 1857 2012 2013 1858 2013 2014 1859 2014 2015 1860 2015 2016 1861 2016 2017 1862 2017 2018 1863 2018 2019 1864 2019 2020 1865 2020 2021 1866 2021 2022 1867 2022 2023 1868 2023 2024 1869 2024 2025 1870 2025 2026 1871 2026 2027 1872 2027 2028 1873 2028 2029 1874 2029 2030 1875 2030 2031 1876 2031 2032 1877 2032 2033 1878 2033 2034 1879 2034 2035 1880 2035 2036 1881 2036 2037 1882 2037 2038 1883 2038 2039 1884 2039 2040 1885 2040 2041 1886 2041 2042 1887 2042 2043 1888 2043 2044 1889 2044 2045 1890 2045 2046 1891 2046 2047 1892 2047 2048 1893 2048 2049 1894 2049 2050 1895 2050 2051 1896 2051 2052 1897 2052 2053 1898 2053 2054 1899 2054 2055 1900 2055 2056 1901 2056 2057 1902 2057 2058 1903 2058 2059 1904 2059 2060 1905 2060 2061 1906 2061 2062 1907 2062 2063 1908 2063 2064 1909 2064 2065 1910 2065 2066 1911 2066 2067 1912 2067 2068 1913 2068 2069 1914 2069 2070 1915 2070 2071 1916 2071 2072 1917 2072 2073 1918 2073 2074 1919 2074 2075 1920 2075 2076 1921 2076 2077 1922 2077 2078 1923 2078 2079 1924 2079 2080 1925 2080 2081 1926 2081 2082 1927 2082 2083 1928 2083 2084 1929 2084 2085 1930 2085 2086 1931 2086 2087 1932 2087 2088 1933 2088 2089 1934 2089 2090 1935 2090 2091 1936 2091 2092 1937 2092 2093 1938 2093 2094 1939 2094 2095 1940 2095 2096 1941 2096 2097 1942 2097 2098 1943 2098 2099 1944 2099 2100 1945 2100 2101 1946 2101 2102 1947 2102 2103 1948 2103 2104 1949 2104 2105 1950 2105 2106 1951 2106 2107 1952 2107 2108 1953 2108 2109 1954 2109 2110 1955 2110 2111 1956 2111 2112 1957 2112 2113 1958 2113 2114 1959 2114 2115 1960 2115 2116 1961 2116 2117 1962 2117 2118 1963 2118 2119 1964 2119 2120 1965 2120 2121 1966 2121 2122 1967 2122 2123 1968 2123 2124 1969 2124 2125 1970 2125 2126 1971 2126 2127 1972 2127 2128 1973 2128 2129 1974 2129 2130 1975 2130 2131 1976 2131 2132 1977 2132 2133 1978 2133 2134 1979 2134 2135 1980 2135 2136 1981 2136 2137 1982 2137 2138 1983 2138 2139 1984 2139 2140 1985 2140 2141 1986 2141 2142 1987 2142 2143 1988 2143 2144 1989 2144 2145 1990 2145 2146 1991 2146 2147 1992 2147 2148 1993 2148 2149 1994 2149 2150 1995 2150 2151 1996 2151 2152 1997 2152 2153 1998 2153 2154 1999 2154 2155 2000 2155 2156 2001 2156 2157 2002 2157 2158 2003 2158 2159 2004 2159 2160 2005 2160 2161 2006 2161 2162 2007 2162 2163 2008 2163 2164 2009 2164 2165 2010 2165 2166 2011 2166 2167 2012 2167 2168 2013 2168 2169 2014 2169 2170 2015 2170 2171 2016 2171 2172 2017 2172 2173 2018 2173 2174 2019 2174 2175 2020 2175 2176 2021 2176 2177 2022 2177 2178 2023 2178 2179 2024 2179 2180 2025 2180 2181 2026 2181 2182 2027 2182 2183 2028 2183 2184 2029 2184 2185 2030 2185 2186 2031 2186 2187 2032 2187 2188 2033 2188 2189 2034 2189 2190 2035 2190 2191 2036 2191 2192 2037 2192 2193 2038 2193 2194 2039 2194 2195 2040 2195 2196 2041 2196 2197 2042 2197 2198 2043 2198 2199 2044 2199 2200 2045 2200 2201 2046 2201 2202 2047 2202 2203 2048 2203 2204 2049 2204 2205 2050 2205 2206 2051 2206 2207 2052 2207 2208 2053 2208 2209 2054 2209 2210 2055 2210 2211 2056 2211 2212 2057 2212 2213 2058 2213 2214 2059 2214 2215 2060 2215 2216 2061 2216 2217 2062 2217 2218 2063 2218 2219 2064 2219 2220 2065 2220 2221 2066 2221 2222 2067 2222 2223 2068 2223 2224 2069 2224 2225 2070 2225 2226 2071 2226 2227 2072 2227 2228 2073 2228 2229 2074 2229 2230 2075 2230 2231 2076 2231 2232 2077 2232 2233 2078 2233 2234 2079 2234 2235 2080 2235 2236 2081 2236 2237 2082 2237 2238 2083 2238 2239 2084 2239 2240 2085 2240 2241 2086 2241 2242 2087 2242 2243 2088 2243 2244 2089 2244 2245 2090 2245 2246 2091 2246 2247 2092 2247 2248 2093 2248 2249 2094 2249 2250 2095 2250 2251 2096 2251 2252 2097 2252 2253 2098 2253 2254 2099 2254 2255 2100 2255 2256 2101 2256 2257 2102 2257 2258 2103 2258 2259 2104 2259 2260 2105 2260 2261 2106 2261 2262 2107 2262 2263 2108 2263 2264 2109 2264 2265 2110 2265 2266 2111 2266 2267 2112 2267 2268 2113 2268 2269 2114 2269 2270 2115 2270 2271 2116 2271 2272 2117 2272 2273 2118 2273 2274 2119 2274 2275 2120 2275 2276 2121 2276 2277 2122 2277 2278 2123 2278 2279 2124 2279 2280 2125 2280 2281 2126 2281 2282 2127 2282 2283 2128 2283 2284 2129 2284 2285 2130 2285 2286 2131 2286 2287 2132 2287 2288 2133 2288 2289 2134 2289 2290 2135 2290 2291 2136 2291 2292 2137 2292 2293 2138 2293 2294 2139 2294 2295 2140 2295 2296 2141 2296 2297 2142 2297 2298 2143 2298 2299 2144 2299 2300 2145 2300 2301 2146 2301 2302 2147 2302 2303 2148 2303 2304 2149 2304 2305 2150 2305 2306 2151 2306 2307 2152 2307 2308 2153 2308 2309 2154 2309 2310 2155 2310 2311 2156 2311 2312 2157 2312 2313 2158 2313 2314 2159 2314 2315 2160 2315 2316 2161 2316 2317 2162 2317 2318 2163 2318 2319 2164 2319 2320 2165 2320 2321 2166 2321 2322 2167 2322 2323 2168 2323 2324 2169 2324 2325 2170 2325 2326 2171 2326 2327 2172 2327 2328 2173 2328 2329 2174 2329 2330 2175 2330 2331 2176 2331 2332 2177 2332 2333 2178 2333 2334 2179 2334 2335 2180 2335 2336 2181 2336 2337 2182 2337 2338 2183 2338 2339 2184 2339 2340 2185 2340 2341 2186 2341 2342 2187 2342 2343 2188 2343 2344 2189 2344 2345 2190 2345 2346 2191 2346 2347 2192 2347 2348 2193 2348 2349 2194 2349 2350 2195 2350 2351 2196 2351 2352 2197 2352 2353 2198 2353 2354 2199 2354 2355 2200 2355 2356 2201 2356 2357 2202 2357 2358 2203 2358 2359 2204 2359 2360 2205 2360 2361 2206 2361 2362 2207 2362 2363 2208 2363 2364 2209 2364 2365 2210 2365 2366 2211 2366 2367 2212 2367 2368 2213 2368 2369 2214 2369 2370 2215 2370 2371 2216 2371 2372 2217 2372 2373 2218 2373 2374 2219 2374 2375 2220 2375 2376 2221 2376 2377 2222 2377 2378 2223 2378 2379 2224 2379 2380 2225 2380 2381 2226 2381 2382 2227 2382 2383 2228 2383 2384 2229 2384 2385 2230 2385 2386 2231 2386 2387 2232 2387 2388 2233 2388 2389 2234 2389 2390 2235 2390 2391 2236 2391 2392 2237 2392 2393 2238 2393 2394 2239 2394 2395 2240 2395 2396 2241 2396 2397 2242 2397 2398 2243 2398 2399 2244 2399 2400 2245 2400 2401 2246 2401 2402 2247 2402 2403 2248 2403 2404 2249 2404 2405 2250 2405 2406 2251 2406 2407 2252 2407 2408 2253 2408 2409 2254 2409 2410 2255 2410 2411 2256 2411 2412 2257 2412 2413 2258 2413 2414 2259 2414 2415 2260 2415 2416 2261 2416 2417 2262 2417 2418 2263 2418 2419 2264 2419 2420 2265 2420 2421 2266 2421 2422 2267 2422 2423 2268 2423 2424 2269 2424 2425 2270 2425 2426 2271 2426 2427 2272 2427 2428 2273 2428 2429 2274 2429 2430 2275 2430 2431 2276 2431 2432 2277 2432 2433 2278 2433 2434 2279 2434 2435 2280 2435 2436 2281 2436 2437 2282 2437 2438 2283 2438 2439 2284 2439 2440 2285 2440 2441 2286 2441 2442 2287 2442 2443 2288 2443 2444 2289 2444 2445 2290 2445 2446 2291 2446 2447 2292 2447 2448 2293 2448 2449 2294 2449 2450 2295 2450 2451 2296 2451 2452 2297 2452 2453 2298 2453 2454 2299 2454 2455 2300 2455 2456 2301 2456 2457 2302 2457 2458 2303 2458 2459 2304 2459 2460 2305 2460 2461 2306 2461 2462 2307 2462 2463 2308 2463 2464 2309 2464 2465 2310 2465 2466 2311 2466 2467 2312 2467 2468 2313 2468 2469 2314 2469 2470 2315 2470 2471 2316 2471 2472 2317 2472 2473 2318 2473 2474 2319 2474 2475 2320 2475 2476 2321 2476 2477 2322 2477 2478 2323 2478 2479 2324 2479 2480 2325 2480 2481 2326 2481 2482 2327 2482 2483 2328 2483 2484 2329 2484 2485 2330 2485 2486 2331 2486 2487 2332 2487 2488 2333 2488 2489 2334 2489 2490 2335 2490 2491 2336 2491 2492 2337 2492 2493 2338 2493 2494 2339 2494 2495 2340 2495 2496 2341 2496 2497 2342 2497 2498 2343 2498 2499 2344 2499 2500 2345 2500 2501 2346 2501 2502 2347 2502 2503 2348 2503 2504 2349 2504 2505 2350 2505 2506 2351 2506 2507 2352 2507 2508 2353 2508 2509 2354 2509 2510 2355 2510 2511 2356 2511 2512 2357 2512 2513 2358 2513 2514 2359 2514 2515 2360 2515 2516 2361 2516 2517 2362 2517 2518 2363 2518 2519 2364 2519 2520 2365 2520 2521 2366 2521 2522 2367 2522 2523 2368 2523 2524 2369 2524 2525 2370 2525 2526 2371 2526 2527 2372 2527 2528 2373 2528 2529 2374 2529 2530 2375 2530 2531 2376 2531 2532 2377 2532 2533 2378 2533 2534 2379 2534 2535 2380 2535 2536 2381 2536 2537 2382 2537 2538 2383 2538 2539 2384 2539 2540 2385 2540 2541 2386 2541 2542 2387 2542 2543 2388 2543 2544 2389 2544 2545 2390 2545 2546 2391 2546 2547 2392 2547 2548 2393 2548 2549 2394 2549 2550 2395 2550 2551 2396 2551 2552 2397 2552 2553 2398 2553 2554 2399 2554 2555 2400 2555 2556 2401 2556 2557 2402 2557 2558 2403 2558 2559 2404 2559 2560 2405 2560 2561 2406 2561 2562 2407 2562 2563 2408 2563 2564 2409 2564 2565 2410 2565 2566 2411 2566 2567 2412 2567 2568 2413 2568 2569 2414 2569 2570 2415 2570 2571 2416 2571 2572 2417 2572 2573 2418 2573 2574 2419 2574 2575 2420 2575 2576 2421 2576 2577 2422 2577 2578 2423 2578 2579 2424 2579 2580 2425 2580 2581 2426 2581 2582 2427 2582 2583 2428 2583 2584 2429 2584 2585 2430 2585 2586 2431 2586 2587 2432 2587 2588 2433 2588 2589 2434 2589 2590 2435 2590 2591 2436 2591 2592 2437 2592 2593 2438 2593 2594 2439 2594 2595 2440 2595 2596 2441 2596 2597 2442 2597 2598 2443 2598 2599 2444 2599 2600 2445 2600 2601 2446 2601 2602 2447 2602 2603 2448 2603 2604 2449 2604 2605 2450 2605 2606 2451 2606 2607 2452 2607 2608 2453 2608 2609 2454 2609 2610 2455 2610 2611 2456 2611 2612 2457 2612 2613 2458 2613 2614 2459 2614 2615 2460 2615 2616 2461 2616 2617 2462 2617 2618 2463 2618 2619 2464 2619 2620 2465 2620 2621 2466 2621 2622 2467 2622 2623 2468 2623 2624 2469 2624 2625 2470 2625 2626 2471 2626 2627 2472 2627 2628 2473 2628 2629 2474 2629 2630 2475 2630 2631 2476 2631 2632 2477 2632 2633 2478 2633 2634 2479 2634 2635 2480 2635 2636 2481 2636 2637 2482 2637 2638 2483 2638 2639 2484 2639 2640 2485 2640 2641 2486 2641 2642 2487 2642 2643 2488 2643 2644 2489 2644 2645 2490 2645 2646 2491 2646 2647 2492 2647 2648 2493 2648 2649 2494 2649 2650 2495 2650 2651 2496 2651 2652 2497 2652 2653 2498 2653 2654 2499 2654 2655 2500 2655 2656 2501 2656 2657 2502 2657 2658 2503 2658 2659 2504 2659 2660 2505 2660 2661 2506 2661 2662 2507 2662 2663 2508 2663 2664 2509 2664 2665 2510 2665 2666 2511 2666 2667 2512 2667 2668 2513 2668 2669 2514 2669 2670 2515 2670 2671 2516 2671 2672 2517 2672 2673 2518 2673 2674 2519 2674 2675 2520 2675 2676 2521 2676 2677 2522 2677 2678 2523 2678 2679 2524 2679 2680 2525 2680 2681 2526 2681 2682 2527 2682 2683 2528 2683 2684 2529 2684 2685 2530 2685 2686 2531 2686 2687 2532 2687 2688 2533 2688 2689 2534 2689 2690 2535 2690 2691 2536 2691 2692 2537 2692 2693 2538 2693 2694 2539 2694 2695 2540 2695 2696 2541 2696 2697 2542 2697 2698 2543 2698 2699 2544 2699 2700 2545 2700 2701 2546 2701 2702 2547 2702 2703 2548 2703 2704 2549 2704 2705 2550 2705 2706 2551 2706 2707 2552 2707 2708 2553 2708 2709 2554 2709 2710 2555 2710 2711 2556 2711 2712 2557 2712 2713 2558 2713 2714 2559 2714 2715 2560 2715 2716 2561 2716 2717 2562 2717 2718 2563 2718 2719 2564 2719 2720 2565 2720 2721 2566 2721 2722 2567 2722 2723 2568 2723 2724 2569 2724 2725 2570 2725 2726 2571 2726 2727 2572 2727 2728 2573 2728 2729 2574 2729 2730 2575 2730 2731 2576 2731 2732 2577 2732 2733 2578 2733 2734 2579 2734 2735 2580 2735 2736 2581 2736 2737 2582 2737 2738 2583 2738 2739 2584 2739 2740 2585 2740 2741 2586 2741 2742 2587 2742 2743 2588 2743 2744 2589 2744 2745 2590 2745 2746 2591 2746 2747 2592 2747 2748 2593 2748 2749 2594 2749 2750 2595 2750 2751 2596 2751 2752 2597 2752 2753 2598 2753 2754 2599 2754 2755 2600 2755 2756 2601 2756 2757 2602 2757 2758 2603 2758 2759 2604 2759 2760 2605 2760 2761 2606 2761 2762 2607 2762 2763 2608 2763 2764 2609 2764 2765 2610 2765 2766 2611 2766 2767 2612 2767 2768 2613 2768 2769 2614 2769 2770 2615 2770 2771 2616 2771 2772 2617 2772 2773 2618 2773 2774 2619 2774 2775 2620 2775 2776 2621 2776 2777 2622 2777 2778 2623 2778 2779 2624 2779 2780 2625 2780 2781 2626 2781 2782 2627 2782 2783 2628 2783 2784 2629 2784 2785 2630 2785 2786 2631 2786 2787 2632 2787 2788 2633 2788 2789 2634 2789 2790 2635 2790 2791 2636 2791 2792 2637 2792 2793 2638 2793 2794 2639 2794 2795 2640 2795 2796 2641 2796 2797 2642 2797 2798 2643 2798 2799 2644 2799 2800 2645 2800 2801 2646 2801 2802 2647 2802 2803 2648 2803 2804 2649 2804 2805 2650 2805 2806 2651 2806 2807 2652 2807 2808 2653 2808 2809 2654 2809 2810 2655 2810 2811 2656 2811 2812 2657 2812 2813 2658 2813 2814 2659 2814 2815 2660 2815 2816 2661 2816 2817 2662 2817 2818 2663 2818 2819 2664 2819 2820 2665 2820 2821 2666 2821 2822 2667 2822 2823 2668 2823 2824 2669 2824 2825 2670 2825 2826 2671 2826 2827 2672 2827 2828 2673 2828 2829 2674 2829 2830 2675 2830 2831 2676 2831 2832 2677 2832 2833 2678 2833 2834 2679 2834 2835 2680 2835 2836 2681 2836 2837 2682 2837 2838 2683 2838 2839 2684 2839 2840 2685 2840 2841 2686 2841 2842 2687 2842 2843 2688 2843 2844 2689 2844 2845 2690 2845 2846 2691 2846 2847 2692 2847 2848 2693 2848 2849 2694 2849 2850 2695 2850 2851 2696 2851 2852 2697 2852 2853 2698 2853 2854 2699 2854 2855 2700 2855 2856 2701 2856 2857 2702 2857 2858 2703 2858 2859 2704 2859 2860 2705 2860 2861 2706 2861 2862 2707 2862 2863 2708 2863 2864 2709 2864 2865 2710 2865 2866 2711 2866 2867 2712 2867 2868 2713 2868 2869 2714 2869 2870 2715 2870 2871 2716 2871 2872 2717 2872 2873 2718 2873 2874 2719 2874 2875 2720 2875 2876 2721 2876 2877 2722 2877 2878 2723 2878 2879 2724 2879 2880 2725 2880 2881 2726 2881 2882 2727 2882 2883 2728 2883 2884 2729 2884 2885 2730 2885 2886 2731 2886 2887 2732 2887 2888 2733 2888 2889 2734 2889 2890 2735 2890 2891 2736 2891 2892 2737 2892 2893 2738 2893 2894 2739 2894 2895 2740 2895 2896 2741 2896 2897 2742 2897 2898 2743 2898 2899 2744 2899 2900 2745 2900 2901 2746 2901 2902 2747 2902 2903 2748 2903 2904 2749 2904 2905 2750 2905 2906 2751 2906 2907 2752 2907 2908 2753 2908 2909 2754 2909 2910 2755 2910 2911 2756 2911 2912 2757 2912 2913 2758 2913 2914 2759 2914 2915 2760 2915 2916 2761 2916 2917 2762 2917 2918 2763 2918 2919 2764 2919 2920 2765 2920 2921 2766 2921 2922 2767 2922 2923 2768 2923 2924 2769 2924 2925 2770 2925 2926 2771 2926 2927 2772 2927 2928 2773 2928 2929 2774 2929 2930 2775 2930 2931 2776 2931 2932 2777 2932 2933 2778 2933 2934 2779 2934 2935 2780 2935 2936 2781 2936 2937 2782 2937 2938 2783 2938 2939 2784 2939 2940 2785 2940 2941 2786 2941 2942 2787 2942 2943 2788 2943 2944 2789 2944 2945 2790 2945 2946 2791 2946 2947 2792 2947 2948 2793 2948 2949 2794 2949 2950 2795 2950 2951 2796 2951 2952 2797 2952 2953 2798 2953 2954 2799 2954 2955 2800 2955 2956 2801 2956 2957 2802 2957 2958 2803 2958 2959 2804 2959 2960 2805 2960 2961 2806 2961 2962 2807 2962 2963 2808 2963 2964 2809 2964 2965 2810 2965 2966 2811 2966 2967 2812 2967 2968 2813 2968 2969 2814 2969 2970 2815 2970 2971 2816 2971 2972 2817 2972 2973 2818 2973 2974 2819 2974 2975 2820 2975 2976 2821 2976 2977 2822 2977 2978 2823 2978 2979 2824 2979 2980 2825 2980 2981 2826 2981 2982 2827 2982 2983 2828 2983 2984 2829 2984 2985 2830 2985 2986 2831 2986 2987 2832 2987 2988 2833 2988 2989 2834 2989 2990 2835 2990 2991 2836 2991 2992 2837 2992 2993 2838 2993 2994 2839 2994 2995 2840 2995 2996 2841 2996 2997 2842 2997 2998 2843 2998 2999 2844 2999 3000 2845 3000 3001 2846 3001 3002 2847 3002 3003 2848 3003 3004 2849 3004 3005 2850 3005 3006 2851 3006 3007 2852 3007 3008 2853 3008 3009 2854 3009 3010 2855 3010 3011 2856 3011 3012 2857 3012 3013 2858 3013 3014 2859 3014 3015 2860 3015 3016 2861 3016 3017 2862 3017 3018 2863 3018 3019 2864 3019 3020 2865 3020 3021 2866 3021 3022 2867 3022 3023 2868 3023 3024 2869 3024 3025 2870 3025 3026 2871 3026 3027 2872 3027 3028 2873 3028 3029 2874 3029 3030 2875 3030 3031 2876 3031 3032 2877 3032 3033 2878 3033 3034 2879 3034 3035 2880 3035 3036 2881 3036 3037 2882 3037 3038 2883 3038 3039 2884 3039 3040 2885 3040 3041 2886 3041 3042 2887 3042 3043 2888 3043 3044 2889 3044 3045 2890 3045 3046 2891 3046 3047 2892 3047 3048 2893 3048 3049 2894 3049 3050 2895 3050 3051 2896 3051 3052 2897 3052 3053 2898 3053 3054 2899 3054 3055 2900 3055 3056 2901 3056 3057 2902 3057 3058 2903 3058 3059 2904 3059 3060 2905 3060 3061 2906 3061 3062 2907 3062 3063 2908 3063 3064 2909 3064 3065 2910 3065 3066 2911 3066 3067 2912 3067 3068 2913 3068 3069 2914 3069 3070 2915 3070 3071 2916 3071 3072 2917 3072 3073 2918 3073 3074 2919 3074 3075 2920 3075 3076 2921 3076 3077 2922 3077 3078 2923 3078 3079 2924 3079 3080 2925 3080 3081 2926 3081 3082 2927 3082 3083 2928 3083 3084 2929 3084 3085 2930 3085 3086 2931 3086 3087 2932 3087 3088 2933 3088 3089 2934 3089 3090 2935 3090 3091 2936 3091 3092 2937 3092 3093 2938 3093 3094 2939 3094 3095 2940 3095 3096 2941 3096 3097 2942 3097 3098 2943 3098 3099 2944 3099 3100 2945 3100 3101 2946 3101 3102 2947 3102 3103 2948 3103 3104 2949 3104 3105 2950 3105 3106 2951 3106 3107 2952 3107 3108 2953 3108 3109 2954 3109 3110 2955 3110 3111 2956 3111 3112 2957 3112 3113 2958 3113 3114 2959 3114 3115 2960 3115 3116 2961 3116 3117 2962 3117 3118 2963 3118 3119 2964 3119 3120 2965 3120 3121 2965 3121 3122 2965 3122 3123 2966 3123 3124 2966 3124 3125 2966 3125 3126 2967 3126 3127 2967 3127 3128 2967 3128 3129 2968 3129 3130 2968 3130 3131 2968 3131 3132 2969 3132 3133 2969 3133 3134 2969 3134 3135 2970 3135 3136 2970 3136 3137 2970 3137 3138 2971 3138 3139 2971 3139 3140 2971 3140 3141 2972 3141 3142 2972 3142 3143 2972 3143 3144 2973 3144 3145 2973 3145 3146 2973 3146 3147 2974 3147 3148 2974 3148 3149 2974 3149 3150 2975 3150 3151 2975 3151 3152 2975 3152 3153 2976 3153 3154 2976 3154 3155 2976 3155 3156 2977 3156 3157 2977 3157 3158 2977 3158 3159 2978 3159 3160 2978 3160 3161 2978 3161 3162 2979 3162 3163 2979 3163 3164 2979 3164 3165 2980 3165 3166 2980 3166 3167 2980 3167 3168 2981 3168 3169 2981 3169 3170 2981 3170 3171 2982 3171 3172 2982 3172 3173 2982 3173 3174 2983 3174 3175 2983 3175 3176 2983 3176 3177 2984 3177 3178 2984 3178 3179 2984 3179 3180 2985 3180 3181 2985 3181 3182 2985 3182 3183 2986 3183 3184 2986 3184 3185 2986 3185 3186 2987 3186 3187 2987 3187 3188 2987 3188 3189 2988 3189 3190 2988 3190 3191 2988 3191 3192 2989 3192 3193 2989 3193 3194 2989 3194 3195 2990 3195 3196 2990 3196 3197 2990 3197 3198 2991 3198 3199 2991 3199 3200 2991 3200 3201 2992 3201 3202 2992 3202 3203 2992 3203 3204 2993 3204 3205 2993 3205 3206 2993 3206 3207 2994 3207 3208 2994 3208 3209 2994 3209 3210 2995 3210 3211 2995 3211 3212 2995 3212 3213 2996 3213 3214 2996 3214 3215 2996 3215 3216 2997 3216 3217 2997 3217 3218 2997 3218 3219 2998 3219 3220 2998 3220 3221 2998 3221 3222 2999 3222 3223 2999 3223 3224 2999 3224 3225 3000 3225 3226 3000 3226 3227 3000 3227 3228 3001 3228 3229 3001 3229 3230 3001 3230 3231 3002 3231 3232 3002 3232 3233 3002 3233 3234 3003 3234 3235 3003 3235 3236 3003 3236 3237 3004 3237 3238 3004 3238 3239 3004 3239 3240 3005 3240 3241 3006 3241 3242 3007 3242 3243 3008 3243 3244 3009 3244 3245 3010 3245 3246 3011 3246 3247 3012 3247 3248 3013 3248 3249 3014 3249 3250 3015 3250 3251 3016 3251 3252 3017 3252 3253 3018 3253 3254 3019 3254 3255 3020 3255 3256 3021 3256 3257 3022 3257 3258 3023 3258 3259 3024 3259 3260 3025 3260 3261 3026 3261 3262 3027 3262 3263 3028 3263 3264 3029 3264 3265 3030 3265 3266 3031 3266 3267 3032 3267 3268 3033 3268 3269 3034 3269 3270 3035 3270 3271 3036 3271 3272 3037 3272 3273 3038 3273 3274 3039 3274 3275 3040 3275 3276 3041 3276 3277 3042 3277 3278 3043 3278 3279 3044 3279 3280 3045 3280 3281 3046 3281 3282 3047 3282 3283 3048 3283 3284 3049 3284 3285 3050 3285 3286 3051 3286 3287 3052 3287 3288 3053 3288 3289 3054 3289 3290 3055 3290 3291 3056 3291 3292 3057 3292 3293 3058 3293 3294 3059 3294 3295 3060 3295 3296 3061 3296 3297 3062 3297 3298 3063 3298 3299 3064 3299 3300 3065 3300 3301 3066 3301 3302 3067 3302 3303 3068 3303 3304 3069 3304 3305 3070 3305 3306 3071 3306 3307 3072 3307 3308 3073 3308 3309 3074 3309 3310 3075 3310 3311 3076 3311 3312 3077 3312 3313 3078 3313 3314 3079 3314 3315 3080 3315 3316 3081 3316 3317 3082 3317 3318 3083 3318 3319 3084 3319 3320 3085 3320 3321 3086 3321 3322 3087 3322 3323 3088 3323 3324 3089 3324 3325 3090 3325 3326 3091 3326 3327 3092 3327 3328 3093 3328 3329 3094 3329 3330 3095 3330 3331 3096 3331 3332 3097 3332 3333 3098 3333 3334 3099 3334 3335 3100 3335 3336 3101 3336 3337 3102 3337 3338 3103 3338 3339 3104 3339 3340 3105 3340 3341 3106 3341 3342 3107 3342 3343 3108 3343 3344 3109 3344 3345 3110 3345 3346 3111 3346 3347 3112 3347 3348 3113 3348 3349 3114 3349 3350 3115 3350 3351 3116 3351 3352 3117 3352 3353 3118 3353 3354 3119 3354 3355 3120 3355 3356 3121 3356 3357 3122 3357 3358 3123 3358 3359 3124 3359 3360 3125 3360 3361 3126 3361 3362 3127 3362 3363 3128 3363 3364 3129 3364 3365 3130 3365 3366 3131 3366 3367 3132 3367 3368 3133 3368 3369 3134 3369 3370 3135 3370 3371 3136 3371 3372 3137 3372 3373 3138 3373 3374 3139 3374 3375 3140 3375 3376 3141 3376 3377 3142 3377 3378 3143 3378 3379 3144 3379 3380 3145 3380 3381 3146 3381 3382 3147 3382 3383 3148 3383 3384 3149 3384 3385 3150 3385 3386 3151 3386 3387 3152 3387 3388 3153 3388 3389 3154 3389 3390 3155 3390 3391 3156 3391 3392 3157 3392 3393 3158 3393 3394 3159 3394 3395 3160 3395 3396 3161 3396 3397 3162 3397 3398 3163 3398 3399 3164 3399 3400 3165 3400 3401 3166 3401 3402 3167 3402 3403 3168 3403 3404 3169 3404 3405 3170 3405 3406 3171 3406 3407 3172 3407 3408 3173 3408 3409 3174 3409 3410 3175 3410 3411 3176 3411 3412 3177 3412 3413 3178 3413 3414 3179 3414 3415 3180 3415 3416 3181 3416 3417 3182 3417 3418 3183 3418 3419 3184 3419 3420 3185 3420 3421 3186 3421 3422 3187 3422 3423 3188 3423 3424 3189 3424 3425 3190 3425 3426 3191 3426 3427 3192 3427 3428 3193 3428 3429 3194 3429 3430 3195 3430 3431 3196 3431 3432 3197 3432 3433 3198 3433 3434 3199 3434 3435 3200 3435 3436 3201 3436 3437 3202 3437 3438 3203 3438 3439 3204 3439 3440 3205 3440 3441 3206 3441 3442 3207 3442 3443 3208 3443 3444 3209 3444 3445 3210 3445 3446 3211 3446 3447 3212 3447 3448 3213 3448 3449 3214 3449 3450 3215 3450 3451 3215 3451 3452 3215 3452 3453 3216 3453 3454 3216 3454 3455 3216 3455 3456 3217 3456 3457 3217 3457 3458 3217 3458 3459 3218 3459 3460 3218 3460 3461 3218 3461 3462 3219 3462 3463 3219 3463 3464 3219 3464 3465 3220 3465 3466 3220 3466 3467 3220 3467 3468 3221 3468 3469 3221 3469 3470 3221 3470 3471 3222 3471 3472 3222 3472 3473 3222 3473 3474 3223 3474 3475 3223 3475 3476 3223 3476 3477 3224 3477 3478 3224 3478 3479 3224 3479 3480 3225 3480 3481 3225 3481 3482 3225 3482 3483 3226 3483 3484 3226 3484 3485 3226 3485 3486 3227 3486 3487 3227 3487 3488 3227 3488 3489 3228 3489 3490 3228 3490 3491 3228 3491 3492 3229 3492 3493 3229 3493 3494 3229 3494 3495 3230 3495 3496 3230 3496 3497 3230 3497 3498 3231 3498 3499 3231 3499 3500 3231 3500 3501 3232 3501 3502 3232 3502 3503 3232 3503 3504 3233 3504 3505 3233 3505 3506 3233 3506 3507 3234 3507 3508 3234 3508 3509 3234 3509 3510 3235 3510 3511 3235 3511 3512 3235 3512 3513 3236 3513 3514 3236 3514 3515 3236 3515 3516 3237 3516 3517 3237 3517 3518 3237 3518 3519 3238 3519 3520 3238 3520 3521 3238 3521 3522 3239 3522 3523 3239 3523 3524 3239 3524 3525 3240 3525 3526 3240 3526 3527 3240 3527 3528 3241 3528 3529 3241 3529 3530 3241 3530 3531 3242 3531 3532 3242 3532 3533 3242 3533 3534 3243 3534 3535 3243 3535 3536 3243 3536 3537 3244 3537 3538 3244 3538 3539 3244 3539 3540 3245 3540 3541 3245 3541 3542 3245 3542 3543 3246 3543 3544 3246 3544 3545 3246 3545 3546 3247 3546 3547 3247 3547 3548 3247 3548 3549 3248 3549 3550 3248 3550 3551 3248 3551 3552 3249 3552 3553 3249 3553 3554 3249 3554 3555 3250 3555 3556 3250 3556 3557 3250 3557 3558 3251 3558 3559 3251 3559 3560 3251 3560 3561 3252 3561 3562 3252 3562 3563 3252 3563 3564 3253 3564 3565 3253 3565 3566 3253 3566 3567 3254 3567 3568 3254 3568 3569 3254 3569 5244 4892 5244 5245 4893 5245 5246 4894 5246 5247 4895 5247 5248 4896 5248 5249 4897 5249 5250 4898 5250 5251 4899 5251 5252 4900 5252 5253 4901 5253 5254 4902 5254 5255 4903 5255 5256 4904 5256 5257 4905 5257 5258 4906 5258 5259 4907 5259 5260 4908 5260 5261 4909 5261 5262 4910 5262 5263 4911 5263 5264 4912 5264 5265 4913 5265 5266 4914 5266 5267 4915 5267 5268 4916 5268 5269 4917 5269 5270 4918 5270 5271 4919 5271 5272 4920 5272 5273 4921 5273 5274 4922 5274 5275 4923 5275 5276 4924 5276 5277 4925 5277 5278 4926 5278 5279 4927 5279 5280 4928 5280 5281 4929 5281 5282 4930 5282 5283 4931 5283 5284 4932 5284 5285 4933 5285 5286 4934 5286 5287 4935 5287 5288 4936 5288 5289 4937 5289 5290 4938 5290 5291 4939 5291 5292 4940 5292 5293 4941 5293 5294 4942 5294 5295 4943 5295 5296 4944 5296 5297 4945 5297 5298 4946 5298 5299 4947 5299 5300 4948 5300 5301 4949 5301 5302 4950 5302 5303 4951 5303 5304 4952 5304 5305 4953 5305 5306 4954 5306 5307 4955 5307 5308 4956 5308 5309 4957 5309 5310 4958 5310 5311 4959 5311 5312 4960 5312 5313 4961 5313 5314 4962 5314 5315 4963 5315 5316 4964 5316 5317 4965 5317 5318 4966 5318 5319 4967 5319 5320 4968 5320 5321 4969 5321 5322 4970 5322 5323 4971 5323 5324 4972 5324 5325 4973 5325 5326 4974 5326 5327 4975 5327 5328 4976 5328 5329 4977 5329 5330 4978 5330 5331 4979 5331 5332 4980 5332 5333 4981 5333 5334 4982 5334 5335 4983 5335 5336 4984 5336 5337 4985 5337 5338 4986 5338 5339 4987 5339 5340 4988 5340 5341 4989 5341 5342 4990 5342 5343 4991 5343 5344 4992 5344 5345 4993 5345 5346 4994 5346 5347 4995 5347 5348 4996 5348 5349 4997 5349 5350 4998 5350 5351 4999 5351 5352 5000 5352 5353 5001 5353 5354 5002 5354 5355 5003 5355 5356 5004 5356 5357 5005 5357 5358 5006 5358 5359 5007 5359 5360 5008 5360 5361 5009 5361 5362 5010 5362 5363 5011 5363 5364 5012 5364 5365 5013 5365 5366 5014 5366 5367 5015 5367 5368 5016 5368 5369 5017 5369 5370 5018 5370 5371 5019 5371 5372 5020 5372 5373 5021 5373 5374 5022 5374 5375 5023 5375 5376 5024 5376 5377 5025 5377 5378 5026 5378 5379 5027 5379 5380 5028 5380 5381 5029 5381 5382 5030 5382 5383 5031 5383 5384 5032 5384 5385 5033 5385 5386 5034 5386 5387 5035 5387 5388 5036 5388 5389 5037 5389 5390 5038 5390 5391 5039 5391 5392 5040 5392 5393 5041 5393 5394 5042 5394 5395 5043 5395 5396 5044 5396 5397 5045 5397 5398 5046 5398 5399 5047 5399 5400 5048 5400 5401 5049 5401 5402 5050 5402 5403 5051 5403 5404 5052 5404 5405 5053 5405 5406 5054 5406 5407 5055 5407 5408 5056 5408 5409 5057 5409 5410 5058 5410 5411 5059 5411 5412 5060 5412 5413 5061 5413 5414 5062 5414 5415 5063 5415 5416 5064 5416 5417 5065 5417 5418 5066 5418 5419 5067 5419 5420 5068 5420 5421 5069 5421 5422 5070 5422 5423 5071 5423 5424 5072 5424 5425 5073 5425 5426 5074 5426 5427 5075 5427 5428 5076 5428 5429 5077 5429 5430 5078 5430 5431 5079 5431 5432 5080 5432 5433 5081 5433 5434 5082 5434 5435 5083 5435 5436 5084 5436 5437 5085 5437 5438 5086 5438 5439 5087 5439 5440 5088 5440 5441 5089 5441 5442 5090 5442 5443 5091 5443 5444 5092 5444 5445 5093 5445 5446 5094 5446 5447 5095 5447 5448 5096 5448 5449 5097 5449 5450 5098 5450 5451 5099 5451 5452 5100 5452 5453 5101 5453 5454 5102 5454 5455 5103 5455 5456 5104 5456 5457 5105 5457 5458 5106 5458 5459 5107 5459 5460 5108 5460 5461 5109 5461 5462 5110 5462 5463 5111 5463 5464 5112 5464 5465 5113 5465 5466 5114 5466 5467 5115 5467 5468 5116 5468 5469 5117 5469 5470 5118 5470 5471 5119 5471 5472 5120 5472 5473 5121 5473 5474 5122 5474 5475 5123 5475 5476 5124 5476 5477 5125 5477 5478 5126 5478 5479 5127 5479 5480 5128 5480 5481 5129 5481 5482 5130 5482 5483 5131 5483 5484 5132 5484 5485 5133 5485 5486 5134 5486 5487 5135 5487 5488 5136 5488 5489 5137 5489 5490 5138 5490 5491 5139 5491 5492 5140 5492 5493 5141 5493 5494 5142 5494 5495 5143 5495 5496 5144 5496 5497 5145 5497 5498 5146 5498 5499 5147 5499 5500 5148 5500 5501 5149 5501 5502 5150 5502 5503 5151 5503 5504 5152 5504 5505 5153 5505 5506 5154 5506 5507 5155 5507 5508 5156 5508 5509 5157 5509 5510 5158 5510 5511 5159 5511 5512 5160 5512 5513 5161 5513 5514 5162 5514 5515 5163 5515 5516 5164 5516 5517 5165 5517 5518 5166 5518 5519 5167 5519 5520 5168 5520 5521 5169 5521 5522 5170 5522 5523 5171 5523 5524 5172 5524 5525 5173 5525 5526 5174 5526 5527 5175 5527 5528 5176 5528 5529 5177 5529 5530 5178 5530 5531 5179 5531 5532 5180 5532 5533 5181 5533 5534 5182 5534 5535 5183 5535 5536 5184 5536 5537 5185 5537 5538 5186 5538 5539 5187 5539 5540 5188 5540 5541 5189 5541 5542 5190 5542 5543 5191 5543 5544 5192 5544 5545 5193 5545 5546 5194 5546 5547 5195 5547 5548 5196 5548 5549 5197 5549 5550 5198 5550 5551 5199 5551 5552 5200 5552 5553 5201 5553 5554 5202 5554 5555 5203 5555 5556 5204 5556 5557 5205 5557 5558 5206 5558 5559 5207 5559 5560 5208 5560 5561 5209 5561 5562 5210 5562 5563 5211 5563 5564 5212 5564 5565 5213 5565 5566 5214 5566 5567 5215 5567 5568 5216 5568 5569 5217 5569 5570 5218 5570 5571 5219 5571 5572 5220 5572 5573 5221 5573 5574 5222 5574 5575 5223 5575 5576 5224 5576 5577 5225 5577 5578 5226 5578 5579 5227 5579 5580 5228 5580 5581 5229 5581 5582 5230 5582 5583 5231 5583 5584 5232 5584 5585 5233 5585 5586 5234 5586 5587 5235 5587 5588 5236 5588 5589 5237 5589 5590 5238 5590 5591 5239 5591 5592 5240 5592 5593 5241 5593 5594 5242 5594 5595 5243 5595 5596 5244 5596 5597 5245 5597 5598 5246 5598 5599 5247 5599 5600 5248 5600 5601 5249 5601 5602 5250 5602 5603 5251 5603 5604 5252 5604 5605 5253 5605 5606 5254 5606 5607 5255 5607 5608 5256 5608 5609 5257 5609 5610 5258 5610 5611 5259 5611 5612 5260 5612 5613 5261 5613 5614 5262 5614 5615 5263 5615 5616 5264 5616 5617 5265 5617 5618 5266 5618 5619 5267 5619 5620 5268 5620 5621 5269 5621 5622 5270 5622 5623 5271 5623 5624 5272 5624 5625 5273 5625 5626 5274 5626 5627 5275 5627 5628 5276 5628 5629 5277 5629 5630 5278 5630 5631 5279 5631 5632 5280 5632 5633 5281 5633 5634 5282 5634 5635 5283 5635 5636 5284 5636 5637 5285 5637 5638 5286 5638 5639 5287 5639 5640 5288 5640 5641 5289 5641 5642 5290 5642 5643 5291 5643 5644 5292 5644 5645 5293 5645 5646 5294 5646 5647 5295 5647 5648 5296 5648 5649 5297 5649 5650 5298 5650 5651 5299 5651 5652 5300 5652 5653 5301 5653 5654 5302 5654 5655 5303 5655 5656 5304 5656 5657 5305 5657 5658 5306 5658 5659 5307 5659 5660 5308 5660 5661 5309 5661 5662 5310 5662 5663 5311 5663 5664 5312 5664 5665 5313 5665 5666 5314 5666 5667 5315 5667 5668 5316 5668 5669 5317 5669 5670 5318 5670 5671 5319 5671 5672 5320 5672 5673 5321 5673 5674 5322 5674 5675 5323 5675 5676 5324 5676 5677 5325 5677 5678 5326 5678 5679 5327 5679 5680 5328 5680 5681 5329 5681 5682 5330 5682 5683 5331 5683 5684 5332 5684 5685 5333 5685 5686 5334 5686 5687 5335 5687 5688 5336 5688 5689 5337 5689 5690 5338 5690 5691 5339 5691 5692 5340 5692 5693 5341 5693 5694 5342 5694 5695 5343 5695 5696 5344 5696 5697 5345 5697 5698 5346 5698 5699 5347 5699 5700 5348 5700 5701 5349 5701 5702 5350 5702 5703 5351 5703 5704 5352 5704 5705 5353 5705 5706 5354 5706 5707 5355 5707 5708 5356 5708 5709 5357 5709 5710 5358 5710 5711 5359 5711 5712 5360 5712 5713 5361 5713 5714 5362 5714 5715 5363 5715 5716 5364 5716 5717 5365 5717 5718 5366 5718 5719 5367 5719 5720 5368 5720 5721 5369 5721 5722 5370 5722 5723 5371 5723 5724 5372 5724 5725 5373 5725 5726 5374 5726 5727 5375 5727 5728 5376 5728 5729 5377 5729 5730 5378 5730 5731 5379 5731 5732 5380 5732 5733 5381 5733 5734 5382 5734 5735 5383 5735 5736 5384 5736 5737 5385 5737 5738 5386 5738 5739 5387 5739 5740 5388 5740 5741 5389 5741 5742 5390 5742 5743 5391 5743 5744 5392 5744 5745 5393 5745 5746 5394 5746 5747 5395 5747 5748 5396 5748 5749 5397 5749 5750 5398 5750 5751 5399 5751 5752 5400 5752 5753 5401 5753 5754 5402 5754 5755 5403 5755 5756 5404 5756 5757 5405 5757 5758 5406 5758 5759 5407 5759</p>
        </triangles>
        <triangles material="flamethrower_metal-material" count="1140">
          <input semantic="VERTEX" source="#default_default-mesh-vertices" offset="0"/>
          <input semantic="NORMAL" source="#default_default-mesh-normals" offset="1"/>
          <input semantic="TEXCOORD" source="#default_default-mesh-map-0" offset="2" set="0"/>
          <p>552 536 552 553 536 553 554 536 554 555 537 555 556 537 556 557 537 557 558 538 558 559 538 559 560 538 560 561 539 561 562 539 562 563 539 563 564 540 564 565 540 565 566 540 566 567 541 567 568 541 568 569 541 569 570 542 570 571 542 571 572 542 572 573 543 573 574 543 574 575 543 575 576 544 576 577 544 577 578 544 578 579 545 579 580 545 580 581 545 581 582 546 582 583 546 583 584 546 584 585 547 585 586 547 586 587 547 587 588 548 588 589 548 589 590 548 590 591 549 591 592 549 592 593 549 593 594 550 594 595 550 595 596 550 596 597 551 597 598 551 598 599 551 599 600 552 600 601 552 601 602 552 602 603 553 603 604 553 604 605 553 605 606 554 606 607 554 607 608 554 608 609 555 609 610 556 610 611 555 611 612 557 612 613 558 613 614 559 614 615 560 615 616 561 616 617 562 617 618 563 618 619 564 619 620 565 620 621 566 621 622 567 622 623 568 623 624 569 624 625 570 625 626 571 626 627 572 627 628 573 628 629 574 629 630 575 630 631 576 631 632 577 632 633 578 633 634 579 634 635 580 635 636 581 636 637 582 637 638 582 638 639 583 639 640 583 640 641 583 641 642 584 642 643 584 643 644 584 644 645 585 645 646 585 646 647 585 647 648 586 648 649 586 649 650 586 650 651 587 651 652 587 652 653 587 653 654 588 654 655 588 655 656 588 656 657 589 657 658 589 658 659 589 659 660 590 660 661 590 661 662 590 662 663 591 663 664 591 664 665 591 665 666 592 666 667 592 667 668 592 668 669 593 669 670 593 670 671 593 671 672 594 672 673 594 673 674 594 674 675 595 675 676 595 676 677 595 677 678 596 678 679 596 679 680 596 680 681 597 681 682 597 682 683 597 683 684 598 684 685 598 685 686 598 686 687 599 687 688 599 688 689 599 689 690 600 690 691 600 691 692 600 692 693 601 693 694 602 694 695 603 695 696 604 696 697 605 697 698 606 698 699 607 699 700 608 700 701 609 701 702 610 702 703 611 703 704 612 704 705 613 705 706 614 706 707 615 707 708 616 708 709 617 709 710 618 710 711 619 711 712 620 712 713 621 713 714 622 714 715 623 715 716 624 716 717 625 717 718 626 718 719 627 719 720 628 720 721 629 721 722 630 722 723 631 723 724 631 724 725 631 725 726 632 726 727 632 727 728 632 728 729 633 729 730 633 730 731 633 731 732 634 732 733 634 733 734 634 734 735 635 735 736 635 736 737 635 737 738 636 738 739 636 739 740 636 740 741 637 741 742 637 742 743 637 743 744 638 744 745 639 745 746 640 746 747 641 747 748 641 748 749 642 749 750 643 750 751 644 751 752 645 752 753 646 753 754 646 754 755 647 755 756 648 756 757 648 757 758 648 758 759 649 759 760 649 760 761 649 761 762 650 762 763 650 763 764 650 764 765 651 765 766 651 766 767 651 767 768 652 768 769 653 769 770 654 770 771 655 771 772 656 772 773 657 773 774 658 774 775 659 775 776 660 776 777 661 777 778 662 778 779 663 779 780 664 780 781 665 781 782 666 782 783 667 783 784 668 784 785 669 785 786 670 786 787 671 787 788 672 788 789 673 789 790 674 790 791 675 791 792 676 792 793 677 793 794 678 794 795 679 795 796 680 796 797 681 797 798 682 798 799 683 799 800 684 800 801 685 801 802 686 802 803 687 803 804 688 804 805 689 805 806 690 806 807 691 807 808 692 808 809 693 809 810 694 810 811 695 811 812 696 812 813 697 813 814 698 814 815 699 815 816 700 816 817 701 817 818 702 818 819 703 819 820 704 820 821 705 821 822 706 822 823 707 823 824 708 824 825 709 825 826 710 826 827 711 827 828 712 828 829 713 829 830 714 830 831 715 831 832 716 832 833 717 833 834 718 834 835 719 835 836 720 836 837 721 837 838 722 838 839 723 839 840 724 840 841 725 841 842 726 842 843 727 843 844 728 844 845 729 845 846 730 846 847 731 847 848 732 848 849 733 849 850 734 850 851 735 851 852 736 852 853 737 853 854 738 854 855 739 855 856 740 856 857 741 857 858 742 858 859 743 859 860 744 860 861 745 861 862 746 862 863 747 863 864 748 864 865 749 865 866 750 866 867 751 867 868 752 868 869 753 869 870 754 870 871 755 871 872 756 872 873 757 873 874 758 874 875 759 875 876 760 876 877 761 877 878 762 878 879 763 879 880 764 880 881 765 881 882 766 882 883 767 883 884 768 884 885 769 885 886 770 886 887 771 887 888 772 888 889 773 889 890 774 890 891 775 891 892 776 892 893 777 893 894 778 894 895 779 895 896 780 896 897 781 897 898 782 898 899 783 899 900 784 900 901 785 901 902 786 902 903 787 903 904 788 904 905 789 905 906 790 906 907 791 907 908 792 908 909 793 909 910 794 910 911 795 911 912 796 912 913 797 913 914 798 914 915 799 915 916 800 916 917 801 917 918 802 918 919 803 919 920 804 920 921 805 921 922 806 922 923 807 923 924 808 924 925 809 925 926 810 926 927 811 927 928 812 928 929 813 929 930 814 930 931 815 931 932 816 932 933 817 933 934 818 934 935 819 935 936 820 936 937 821 937 938 822 938 939 823 939 940 824 940 941 825 941 942 826 942 943 827 943 944 828 944 945 829 945 946 830 946 947 831 947 948 832 948 949 833 949 950 834 950 951 835 951 952 836 952 953 837 953 954 838 954 955 839 955 956 840 956 957 841 957 958 842 958 959 843 959 960 844 960 961 845 961 962 846 962 963 847 963 964 848 964 965 849 965 966 850 966 967 851 967 968 852 968 969 853 969 970 854 970 971 855 971 972 856 972 973 857 973 974 858 974 975 859 975 976 860 976 977 861 977 978 862 978 979 863 979 980 864 980 981 865 981 982 866 982 983 867 983 984 868 984 985 869 985 986 870 986 987 871 987 988 872 988 989 873 989 990 874 990 991 875 991 992 876 992 993 877 993 994 878 994 995 879 995 996 880 996 997 881 997 998 882 998 999 883 999 1000 884 1000 1001 885 1001 1002 886 1002 1003 887 1003 1004 888 1004 1005 889 1005 1006 890 1006 1007 891 1007 1008 892 1008 1009 893 1009 1010 894 1010 1011 895 1011 1012 896 1012 1013 897 1013 1014 898 1014 1015 899 1015 1016 900 1016 1017 901 1017 1018 902 1018 1019 903 1019 1020 904 1020 1021 905 1021 1022 906 1022 1023 907 1023 1024 908 1024 1025 909 1025 1026 910 1026 1027 911 1027 1028 912 1028 1029 913 1029 1030 914 1030 1031 915 1031 1032 916 1032 1033 917 1033 1034 918 1034 1035 919 1035 1036 920 1036 1037 921 1037 1110 994 1110 1111 994 1111 1112 994 1112 1113 995 1113 1114 995 1114 1115 995 1115 1116 996 1116 1117 996 1117 1118 996 1118 1119 997 1119 1120 997 1120 1121 997 1121 1122 998 1122 1123 998 1123 1124 998 1124 1125 999 1125 1126 999 1126 1127 999 1127 1128 1000 1128 1129 1000 1129 1130 1000 1130 1131 1001 1131 1132 1001 1132 1133 1001 1133 1134 1002 1134 1135 1003 1135 1136 1004 1136 1137 1005 1137 1138 1006 1138 1139 1007 1139 1140 1008 1140 1141 1009 1141 1142 1010 1142 1143 1011 1143 1144 1012 1144 1145 1013 1145 1146 1014 1146 1147 1015 1147 1148 1016 1148 1149 1017 1149 1150 1018 1150 1151 1019 1151 1152 1020 1152 1153 1021 1153 1154 1022 1154 1155 1023 1155 1156 1024 1156 1157 1025 1157 1158 1026 1158 1159 1027 1159 1160 1028 1160 1161 1029 1161 1162 1030 1162 1163 1031 1163 1164 1032 1164 1165 1033 1165 1166 1034 1166 1167 1035 1167 1168 1036 1168 1169 1037 1169 1170 1038 1170 1171 1039 1171 1172 1040 1172 1173 1041 1173 1174 1042 1174 1175 1043 1175 1176 1044 1176 1177 1045 1177 1178 1046 1178 1179 1047 1179 1180 1048 1180 1181 1049 1181 1182 1050 1182 1183 1051 1183 1184 1052 1184 1185 1053 1185 1186 1054 1186 1187 1055 1187 1188 1056 1188 1189 1057 1189 1190 1058 1190 1191 1059 1191 1192 1060 1192 1193 1061 1193 1194 1062 1194 1195 1063 1195 1196 1064 1196 1197 1065 1197 1198 1066 1198 1199 1067 1199 1200 1068 1200 1201 1069 1201 1202 1070 1202 1203 1071 1203 1204 1072 1204 1205 1073 1205 1206 1074 1206 1207 1075 1207 1208 1076 1208 1209 1077 1209 1210 1078 1210 1211 1079 1211 1212 1080 1212 1213 1081 1213 1214 1082 1214 1215 1083 1215 1216 1084 1216 1217 1085 1217 1218 1086 1218 1219 1087 1219 1220 1088 1220 1221 1089 1221 1222 1090 1222 1223 1091 1223 1224 1092 1224 1225 1093 1225 1226 1094 1226 1227 1095 1227 1228 1096 1228 1229 1097 1229 1230 1098 1230 1231 1099 1231 1232 1100 1232 1233 1101 1233 1234 1102 1234 1235 1103 1235 1236 1104 1236 1237 1105 1237 1238 1106 1238 1239 1107 1239 1240 1108 1240 1241 1109 1241 1242 1110 1242 1243 1111 1243 1244 1112 1244 1245 1113 1245 1246 1114 1246 1247 1115 1247 1248 1116 1248 1249 1117 1249 1250 1118 1250 1251 1119 1251 1252 1120 1252 1253 1121 1253 1254 1122 1254 1255 1123 1255 1256 1124 1256 1257 1125 1257 1258 1126 1258 1259 1127 1259 1260 1128 1260 1261 1129 1261 1262 1130 1262 1263 1131 1263 1264 1132 1264 1265 1133 1265 1266 1134 1266 1267 1135 1267 1268 1136 1268 1269 1137 1269 1270 1138 1270 1271 1139 1271 1272 1140 1272 1273 1141 1273 1274 1142 1274 1275 1143 1275 1276 1144 1276 1277 1145 1277 1278 1146 1278 1279 1147 1279 1280 1148 1280 1281 1149 1281 1282 1150 1282 1283 1151 1283 1284 1152 1284 1285 1153 1285 1286 1154 1286 1287 1155 1287 1288 1156 1288 1289 1157 1289 1290 1158 1290 1291 1159 1291 1292 1160 1292 1293 1161 1293 1294 1162 1294 1295 1163 1295 1296 1164 1296 1297 1165 1297 1298 1166 1298 1299 1167 1299 1300 1168 1300 1301 1169 1301 1302 1170 1302 1303 1171 1303 1304 1172 1304 1305 1173 1305 1306 1174 1306 1307 1175 1307 1308 1176 1308 1309 1177 1309 1310 1178 1310 1311 1179 1311 1312 1180 1312 1313 1181 1313 1314 1182 1314 1315 1183 1315 1316 1184 1316 1317 1185 1317 1318 1186 1318 1319 1187 1319 1320 1188 1320 1321 1189 1321 1322 1190 1322 1323 1191 1323 1324 1192 1324 1325 1193 1325 1326 1194 1326 1327 1195 1327 1328 1196 1328 1329 1197 1329 1330 1198 1330 1331 1199 1331 1332 1200 1332 1333 1201 1333 1334 1202 1334 1335 1203 1335 1336 1204 1336 1337 1205 1337 1338 1206 1338 1339 1207 1339 1340 1208 1340 1341 1209 1341 1342 1210 1342 1343 1211 1343 1344 1212 1344 1345 1213 1345 1346 1214 1346 1347 1215 1347 1348 1216 1348 1349 1217 1349 1350 1218 1350 1351 1219 1351 1352 1220 1352 1353 1221 1353 1354 1222 1354 1355 1223 1355 1356 1224 1356 1357 1225 1357 1358 1226 1358 1359 1227 1359 1360 1228 1360 1361 1229 1361 1362 1230 1362 1363 1231 1363 1364 1232 1364 1365 1233 1365 1366 1234 1366 1367 1235 1367 1368 1236 1368 1369 1237 1369 1370 1236 1370 1371 1238 1371 1372 1239 1372 1373 1240 1373 1374 1241 1374 1375 1242 1375 1376 1243 1376 1377 1244 1377 1378 1245 1378 1379 1246 1379 1380 1247 1380 1381 1248 1381 1382 1249 1382 1383 1250 1383 1384 1251 1384 1385 1252 1385 1386 1253 1386 1387 1254 1387 1388 1255 1388 1389 1256 1389 1390 1257 1390 1391 1257 1391 1392 1258 1392 1393 1259 1393 1394 1260 1394 1395 1261 1395 1396 1262 1396 1397 1263 1397 1398 1264 1398 1399 1265 1399 1400 1266 1400 1401 1267 1401 1402 1268 1402 1403 1269 1403 1404 1270 1404 1405 1271 1405 1406 1272 1406 1407 1273 1407 1408 1274 1408 1409 1274 1409 1410 1275 1410 1411 1276 1411 1412 1277 1412 1413 1278 1413 1414 1279 1414 1415 1280 1415 1416 1281 1416 1417 1282 1417 1418 1283 1418 1419 1284 1419 1420 1285 1420 1421 1286 1421 1422 1287 1422 1423 1288 1423 1424 1288 1424 1425 1289 1425 1426 1290 1426 1427 1289 1427 1428 1291 1428 1429 1292 1429 1430 1292 1430 1431 1293 1431 1432 1294 1432 1433 1294 1433 1434 1295 1434 1435 1296 1435 1436 1297 1436 1437 1298 1437 1438 1299 1438 1439 1300 1439 1440 1301 1440 1441 1302 1441 1442 1303 1442 1443 1304 1443 1444 1305 1444 1445 1306 1445 1446 1307 1446 1447 1308 1447 1448 1309 1448 1449 1310 1449 1450 1311 1450 1451 1312 1451 1452 1313 1452 1453 1314 1453 1454 1315 1454 1455 1316 1455 1456 1317 1456 1457 1318 1457 1458 1319 1458 1459 1320 1459 1460 1321 1460 1461 1322 1461 1462 1323 1462 1463 1324 1463 1464 1325 1464 1465 1326 1465 1466 1327 1466 1467 1328 1467 1468 1329 1468 1469 1330 1469 1470 1331 1470 1471 1332 1471 1472 1333 1472 1473 1334 1473 1474 1335 1474 1475 1336 1475 1476 1337 1476 1477 1338 1477 1478 1339 1478 1479 1340 1479 1480 1341 1480 1481 1342 1481 1482 1343 1482 1483 1344 1483 1484 1345 1484 1485 1346 1485 1486 1347 1486 1487 1348 1487 1488 1349 1488 1489 1350 1489 1490 1351 1490 1491 1352 1491 1492 1353 1492 1493 1354 1493 1494 1355 1494 1495 1356 1495 1496 1357 1496 1497 1358 1497 1498 1359 1498 1499 1360 1499 1500 1361 1500 1501 1362 1501 1502 1363 1502 1503 1364 1503 1504 1365 1504 1505 1366 1505 1506 1367 1506 1507 1368 1507 1508 1369 1508 1509 1370 1509 1510 1371 1510 1511 1372 1511 1512 1373 1512 1513 1374 1513 1514 1375 1514 1515 1376 1515 1516 1377 1516 1517 1378 1517 1518 1379 1518 1519 1380 1519 1520 1381 1520 1521 1382 1521 1522 1383 1522 1523 1384 1523 1524 1385 1524 1525 1386 1525 1526 1387 1526 1527 1388 1527 1528 1389 1528 1529 1390 1529 1530 1391 1530 1531 1392 1531 1532 1393 1532 1533 1394 1533 1534 1395 1534 1535 1396 1535 1536 1397 1536 1537 1398 1537 1538 1399 1538 1539 1400 1539 1540 1401 1540 1541 1402 1541 1542 1403 1542 1543 1404 1543 1544 1405 1544 1545 1406 1545 1546 1407 1546 1547 1408 1547 1548 1409 1548 1549 1410 1549 1550 1411 1550 1551 1412 1551 1552 1413 1552 1553 1414 1553 1554 1415 1554 1555 1416 1555 1556 1417 1556 1557 1418 1557 1558 1419 1558 1559 1420 1559 1560 1421 1560 1561 1422 1561 1562 1423 1562 1563 1424 1563 1564 1425 1564 1565 1426 1565 1566 1427 1566 1567 1427 1567 1568 1427 1568 1569 1428 1569 1570 1428 1570 1571 1428 1571 1572 1429 1572 1573 1429 1573 1574 1429 1574 1575 1430 1575 1576 1430 1576 1577 1430 1577 1578 1431 1578 1579 1431 1579 1580 1431 1580 1581 1432 1581 1582 1432 1582 1583 1432 1583 1584 1433 1584 1585 1433 1585 1586 1433 1586 1587 1434 1587 1588 1434 1588 1589 1434 1589 1590 1435 1590 1591 1436 1591 1592 1437 1592 1593 1438 1593 1594 1439 1594 1595 1440 1595 1596 1441 1596 1597 1442 1597 1598 1443 1598 1599 1444 1599 1600 1445 1600 1601 1446 1601 1602 1447 1602 1603 1448 1603 1604 1449 1604 1605 1450 1605 1606 1451 1606 1607 1452 1607 1608 1453 1608 1609 1454 1609 1610 1455 1610 1611 1456 1611 1612 1457 1612 1613 1458 1613 1614 1459 1614 1615 1460 1615 1616 1461 1616 1617 1462 1617 1618 1463 1618 1619 1464 1619 1620 1465 1620 1621 1466 1621 1622 1467 1622 1623 1468 1623 1624 1469 1624 1625 1470 1625 1626 1471 1626 1627 1472 1627 1628 1473 1628 1629 1474 1629 1630 1475 1630 1631 1476 1631 1632 1477 1632 1633 1478 1633 1634 1479 1634 1635 1480 1635 1636 1481 1636 1637 1482 1637 1638 1483 1638 1639 1484 1639 1640 1485 1640 1641 1486 1641 1642 1487 1642 1643 1488 1643 1644 1489 1644 1645 1490 1645 1646 1491 1646 1647 1492 1647 1648 1493 1648 1649 1494 1649 3570 3255 3570 3571 3256 3571 3572 3257 3572 3573 3258 3573 3574 3259 3574 3575 3260 3575 3576 3261 3576 3577 3262 3577 3578 3263 3578 3579 3264 3579 3580 3265 3580 3581 3266 3581 3582 3267 3582 3583 3268 3583 3584 3269 3584 3585 3270 3585 3586 3271 3586 3587 3272 3587 3588 3273 3588 3589 3274 3589 3590 3275 3590 3591 3276 3591 3592 3277 3592 3593 3278 3593 3594 3279 3594 3595 3280 3595 3596 3281 3596 3597 3282 3597 3598 3283 3598 3599 3284 3599 3600 3285 3600 3601 3286 3601 3602 3287 3602 3603 3288 3603 3604 3289 3604 3605 3290 3605 3606 3291 3606 3607 3292 3607 3608 3293 3608 3609 3294 3609 3610 3295 3610 3611 3296 3611 3612 3297 3612 3613 3298 3613 3614 3299 3614 3615 3300 3615 3616 3301 3616 3617 3302 3617 3618 3303 3618 3619 3304 3619 3620 3305 3620 3621 3306 3621 3622 3307 3622 3623 3308 3623 3624 3309 3624 3625 3310 3625 3626 3311 3626 3627 3312 3627 3628 3313 3628 3629 3314 3629 3630 3315 3630 3631 3316 3631 3632 3317 3632 3633 3318 3633 3634 3319 3634 3635 3320 3635 3636 3321 3636 3637 3322 3637 3638 3323 3638 3639 3324 3639 3640 3325 3640 3641 3326 3641 3642 3327 3642 3643 3328 3643 3644 3329 3644 3645 3330 3645 3646 3331 3646 3647 3332 3647 3648 3333 3648 3649 3334 3649 3650 3335 3650 3651 3336 3651 3652 3337 3652 3653 3338 3653 3654 3339 3654 3655 3340 3655 3656 3341 3656 3657 3342 3657 3658 3343 3658 3659 3344 3659 3660 3345 3660 3661 3346 3661 3662 3347 3662 3663 3348 3663 3664 3349 3664 3665 3350 3665 3666 3351 3666 3667 3352 3667 3668 3353 3668 3669 3354 3669 3670 3355 3670 3671 3356 3671 3672 3357 3672 3673 3358 3673 3674 3359 3674 3675 3360 3675 3676 3361 3676 3677 3362 3677 3678 3363 3678 3679 3364 3679 3680 3365 3680 3681 3366 3681 3682 3367 3682 3683 3368 3683 3684 3369 3684 3685 3370 3685 3686 3371 3686 3687 3372 3687 3688 3373 3688 3689 3374 3689 3690 3375 3690 3691 3376 3691 3692 3377 3692 3693 3378 3693 3694 3379 3694 3695 3380 3695 3696 3381 3696 3697 3382 3697 3698 3383 3698 3699 3384 3699 3700 3385 3700 3701 3386 3701 3702 3387 3702 3703 3388 3703 3704 3389 3704 3705 3390 3705 3706 3391 3706 3707 3392 3707 3708 3393 3708 3709 3394 3709 3710 3395 3710 3711 3396 3711 3712 3397 3712 3713 3398 3713 3714 3399 3714 3715 3400 3715 3716 3401 3716 3717 3402 3717 3718 3403 3718 3719 3404 3719 3720 3405 3720 3721 3406 3721 3722 3407 3722 3723 3408 3723 3724 3409 3724 3725 3410 3725 3726 3411 3726 3727 3412 3727 3728 3413 3728 3729 3414 3729 3730 3415 3730 3731 3416 3731 3732 3417 3732 3733 3418 3733 3734 3419 3734 3735 3420 3735 3736 3421 3736 3737 3422 3737 3738 3423 3738 3739 3424 3739 3740 3425 3740 3741 3426 3741 3742 3427 3742 3743 3428 3743 3744 3429 3744 3745 3430 3745 3746 3431 3746 3747 3432 3747 3748 3433 3748 3749 3434 3749 3750 3435 3750 3751 3436 3751 3752 3437 3752 3753 3438 3753 3754 3439 3754 3755 3440 3755 3756 3441 3756 3757 3442 3757 3758 3443 3758 3759 3444 3759 3760 3445 3760 3761 3446 3761 3762 3447 3762 3763 3448 3763 3764 3449 3764 3765 3450 3765 3766 3451 3766 3767 3452 3767 3768 3453 3768 3769 3454 3769 3770 3455 3770 3771 3456 3771 3772 3457 3772 3773 3458 3773 3774 3459 3774 3775 3460 3775 3776 3461 3776 3777 3462 3777 3778 3463 3778 3779 3464 3779 3780 3465 3780 3781 3466 3781 3782 3467 3782 3783 3468 3783 3784 3469 3784 3785 3470 3785 3786 3471 3786 3787 3472 3787 3788 3473 3788 3789 3474 3789 3790 3475 3790 3791 3476 3791 3792 3477 3792 3793 3478 3793 3794 3479 3794 3795 3480 3795 3796 3481 3796 3797 3482 3797 3798 3483 3798 3799 3484 3799 3800 3485 3800 3801 3486 3801 3802 3487 3802 3803 3488 3803 3804 3489 3804 3805 3490 3805 3806 3491 3806 3807 3492 3807 3808 3493 3808 3809 3494 3809 3810 3495 3810 3811 3496 3811 3812 3497 3812 3813 3498 3813 3814 3499 3814 3815 3500 3815 3816 3501 3816 3817 3502 3817 3818 3503 3818 3819 3504 3819 3820 3505 3820 3821 3506 3821 3822 3507 3822 3823 3508 3823 3824 3509 3824 3825 3510 3825 3826 3511 3826 3827 3512 3827 3828 3513 3828 3829 3514 3829 3830 3515 3830 3831 3516 3831 3832 3517 3832 3833 3518 3833 3834 3519 3834 3835 3520 3835 3836 3521 3836 3837 3522 3837 3838 3523 3838 3839 3524 3839 3840 3525 3840 3841 3526 3841 3842 3527 3842 3843 3528 3843 3844 3529 3844 3845 3530 3845 3846 3531 3846 3847 3532 3847 3848 3533 3848 3849 3534 3849 3850 3535 3850 3851 3536 3851 3852 3537 3852 3853 3538 3853 3854 3539 3854 3855 3540 3855 3856 3541 3856 3857 3542 3857 3858 3543 3858 3859 3544 3859 3860 3545 3860 3861 3546 3861 3862 3547 3862 3863 3548 3863 3864 3549 3864 3865 3550 3865 3866 3551 3866 3867 3552 3867 3868 3553 3868 3869 3554 3869 3870 3555 3870 3871 3556 3871 3872 3557 3872 3873 3558 3873 3874 3559 3874 3875 3560 3875 3876 3561 3876 3877 3562 3877 3878 3563 3878 3879 3564 3879 3880 3565 3880 3881 3566 3881 3882 3567 3882 3883 3568 3883 3884 3569 3884 3885 3570 3885 3886 3571 3886 3887 3572 3887 3888 3573 3888 3889 3574 3889 3890 3575 3890 3891 3576 3891 3892 3577 3892 3893 3578 3893 3894 3579 3894 3895 3580 3895 3896 3581 3896 3897 3582 3897 3898 3583 3898 3899 3584 3899 3900 3585 3900 3901 3586 3901 3902 3587 3902 3903 3588 3903 3904 3589 3904 3905 3590 3905 3906 3591 3906 3907 3592 3907 3908 3593 3908 3909 3594 3909 3910 3595 3910 3911 3596 3911 3912 3597 3912 3913 3598 3913 3914 3599 3914 3915 3600 3915 3916 3601 3916 3917 3602 3917 3918 3603 3918 3919 3604 3919 3920 3605 3920 3921 3606 3921 3922 3607 3922 3923 3608 3923 3924 3609 3924 3925 3610 3925 3926 3611 3926 3927 3612 3927 3928 3613 3928 3929 3614 3929 3930 3615 3930 3931 3616 3931 3932 3617 3932 3933 3618 3933 3934 3619 3934 3935 3620 3935 3936 3621 3936 3937 3622 3937 3938 3623 3938 3939 3624 3939 3940 3625 3940 3941 3626 3941 3942 3627 3942 3943 3628 3943 3944 3629 3944 3945 3630 3945 3946 3631 3946 3947 3632 3947 3948 3633 3948 3949 3634 3949 3950 3635 3950 3951 3636 3951 3952 3637 3952 3953 3638 3953 3954 3639 3954 3955 3640 3955 3956 3641 3956 3957 3642 3957 3958 3643 3958 3959 3644 3959 3960 3645 3960 3961 3646 3961 3962 3647 3962 3963 3648 3963 3964 3649 3964 3965 3650 3965 3966 3651 3966 3967 3652 3967 3968 3653 3968 3969 3654 3969 3970 3655 3970 3971 3656 3971 3972 3657 3972 3973 3658 3973 3974 3659 3974 3975 3660 3975 3976 3661 3976 3977 3662 3977 3978 3663 3978 3979 3664 3979 3980 3665 3980 3981 3666 3981 3982 3667 3982 3983 3668 3983 3984 3669 3984 3985 3670 3985 3986 3671 3986 3987 3672 3987 3988 3673 3988 3989 3674 3989 3990 3675 3990 3991 3676 3991 3992 3677 3992 3993 3678 3993 3994 3679 3994 3995 3680 3995 3996 3681 3996 3997 3682 3997 3998 3683 3998 3999 3684 3999 4000 3685 4000 4001 3686 4001 4002 3687 4002 4003 3688 4003 4004 3689 4004 4005 3690 4005 4006 3691 4006 4007 3692 4007 4008 3693 4008 4009 3694 4009 4010 3695 4010 4011 3696 4011 4012 3697 4012 4013 3698 4013 4014 3699 4014 4015 3700 4015 4016 3701 4016 4017 3702 4017 4018 3703 4018 4019 3704 4019 4020 3705 4020 4021 3706 4021 4022 3707 4022 4023 3708 4023 4024 3709 4024 4025 3710 4025 4026 3711 4026 4027 3712 4027 4028 3713 4028 4029 3714 4029 4030 3715 4030 4031 3716 4031 4032 3717 4032 4033 3718 4033 4034 3719 4034 4035 3720 4035 4036 3721 4036 4037 3722 4037 4038 3723 4038 4039 3724 4039 4040 3725 4040 4041 3726 4041 4042 3727 4042 4043 3728 4043 4044 3729 4044 4045 3730 4045 4046 3731 4046 4047 3732 4047 4048 3733 4048 4049 3734 4049 4050 3735 4050 4051 3736 4051 4052 3737 4052 4053 3738 4053 4054 3739 4054 4055 3740 4055 4056 3741 4056 4057 3742 4057 4058 3743 4058 4059 3744 4059 4060 3745 4060 4061 3746 4061 4062 3747 4062 4063 3748 4063 4064 3749 4064 4065 3750 4065 4066 3751 4066 4067 3752 4067 4068 3753 4068 4069 3754 4069 4070 3755 4070 4071 3756 4071 4072 3757 4072 4073 3758 4073 4074 3759 4074 4075 3760 4075 4076 3761 4076 4077 3762 4077 4078 3763 4078 4079 3764 4079 4080 3765 4080 4081 3766 4081 4082 3767 4082 4083 3768 4083 4084 3769 4084 4085 3770 4085 4086 3771 4086 4087 3772 4087 4088 3773 4088 4089 3774 4089 4090 3775 4090 4091 3776 4091 4092 3777 4092 4093 3778 4093 4094 3779 4094 4095 3780 4095 4096 3781 4096 4097 3782 4097 4098 3783 4098 4099 3784 4099 4100 3785 4100 4101 3786 4101 4102 3787 4102 4103 3788 4103 4104 3789 4104 4105 3790 4105 4106 3791 4106 4107 3792 4107 4108 3793 4108 4109 3794 4109 4110 3795 4110 4111 3796 4111 4112 3797 4112 4113 3798 4113 4114 3799 4114 4115 3800 4115 4116 3801 4116 4117 3802 4117 4118 3803 4118 4119 3804 4119 4120 3805 4120 4121 3806 4121 4122 3807 4122 4123 3808 4123 4124 3809 4124 4125 3810 4125 4126 3811 4126 4127 3812 4127 4128 3813 4128 4129 3814 4129 4130 3815 4130 4131 3816 4131 4132 3817 4132 4133 3818 4133 4134 3819 4134 4135 3820 4135 4136 3821 4136 4137 3822 4137 4138 3823 4138 4139 3824 4139 4140 3825 4140 4141 3826 4141 4142 3827 4142 4143 3828 4143 4144 3829 4144 4145 3830 4145 4146 3831 4146 4147 3832 4147 4148 3833 4148 4149 3834 4149 4150 3835 4150 4151 3836 4151 4152 3837 4152 4153 3838 4153 4154 3839 4154 4155 3840 4155 4156 3841 4156 4157 3842 4157 4158 3843 4158 4159 3844 4159 4160 3845 4160 4161 3846 4161 4162 3847 4162 4163 3848 4163 4164 3849 4164 4165 3850 4165 4166 3851 4166 4167 3852 4167 4168 3853 4168 4169 3854 4169 4170 3855 4170 4171 3856 4171 4172 3857 4172 4173 3858 4173 4174 3859 4174 4175 3860 4175 4176 3861 4176 4177 3862 4177 4178 3863 4178 4179 3864 4179 4180 3865 4180 4181 3866 4181 4182 3867 4182 4183 3868 4183 4184 3869 4184 4185 3870 4185 4186 3871 4186 4187 3872 4187 4188 3873 4188 4189 3874 4189 4190 3875 4190 4191 3876 4191 4192 3877 4192 4193 3878 4193 4194 3879 4194 4195 3880 4195 4196 3881 4196 4197 3882 4197 4198 3883 4198 4199 3884 4199 4200 3885 4200 4201 3886 4201 4202 3887 4202 4203 3888 4203 4204 3889 4204 4205 3890 4205 4206 3891 4206 4207 3892 4207 4208 3893 4208 4209 3894 4209 4210 3895 4210 4211 3896 4211 4212 3897 4212 4213 3898 4213 4214 3899 4214 4215 3900 4215 4216 3901 4216 4217 3902 4217 4218 3903 4218 4219 3904 4219 4220 3905 4220 4221 3906 4221 4222 3907 4222 4223 3908 4223 4224 3909 4224 4225 3910 4225 4226 3911 4226 4227 3912 4227 4228 3913 4228 4229 3914 4229 4230 3915 4230 4231 3916 4231 4232 3917 4232 4233 3918 4233 4234 3919 4234 4235 3920 4235 4236 3921 4236 4237 3922 4237 4238 3923 4238 4239 3924 4239 4240 3925 4240 4241 3926 4241 4242 3927 4242 4243 3928 4243 4244 3929 4244 4245 3930 4245 4246 3931 4246 4247 3932 4247 4248 3933 4248 4249 3934 4249 4250 3935 4250 4251 3936 4251 4252 3937 4252 4253 3938 4253 4254 3939 4254 4255 3940 4255 4256 3941 4256 4257 3942 4257 4258 3943 4258 4259 3944 4259 4260 3945 4260 4261 3946 4261 4262 3947 4262 4263 3948 4263 4264 3949 4264 4265 3950 4265 4266 3951 4266 4267 3952 4267 4268 3953 4268 4269 3954 4269 4270 3955 4270 4271 3956 4271 4272 3957 4272 4273 3958 4273 4274 3959 4274 4275 3960 4275 4276 3961 4276 4277 3962 4277 4278 3963 4278 4279 3964 4279 4280 3965 4280 4281 3966 4281 4282 3967 4282 4283 3968 4283 4284 3969 4284 4285 3970 4285 4286 3971 4286 4287 3972 4287 4288 3973 4288 4289 3974 4289 4290 3975 4290 4291 3976 4291 4292 3977 4292 4293 3978 4293 4294 3979 4294 4295 3980 4295 4296 3981 4296 4297 3982 4297 4298 3983 4298 4299 3984 4299 4300 3985 4300 4301 3986 4301 4302 3987 4302 4303 3988 4303 4304 3989 4304 4305 3990 4305 4306 3991 4306 4307 3992 4307 4308 3993 4308 4309 3994 4309 4310 3995 4310 4311 3996 4311 4312 3997 4312 4313 3998 4313 4314 3999 4314 4315 4000 4315 4316 4001 4316 4317 4002 4317 4318 4003 4318 4319 4004 4319 4320 4005 4320 4321 4006 4321 4322 4007 4322 4323 4008 4323 4324 4009 4324 4325 4010 4325 4326 4011 4326 4327 4012 4327 4328 4013 4328 4329 4014 4329 4330 4015 4330 4331 4016 4331 4332 4017 4332 4333 4018 4333 4334 4019 4334 4335 4020 4335 4336 4021 4336 4337 4022 4337 4338 4023 4338 4339 4024 4339 4340 4025 4340 4341 4026 4341 4342 4027 4342 4343 4028 4343 4344 4029 4344 4345 4030 4345 4346 4031 4346 4347 4032 4347 4348 4033 4348 4349 4034 4349 4350 4035 4350 4351 4036 4351 4352 4037 4352 4353 4038 4353 4354 4039 4354 4355 4040 4355 4356 4041 4356 4357 4042 4357 4358 4043 4358 4359 4044 4359 4360 4045 4360 4361 4046 4361 4362 4047 4362 4363 4048 4363 4364 4049 4364 4365 4050 4365 4366 4051 4366 4367 4052 4367 4368 4053 4368 4369 4054 4369 4370 4055 4370 4371 4056 4371 4372 4057 4372 4373 4058 4373 4374 4059 4374 4375 4060 4375 4376 4061 4376 4377 4062 4377 4378 4063 4378 4379 4064 4379 4380 4065 4380 4381 4066 4381 4382 4067 4382 4383 4068 4383 4384 4069 4384 4385 4070 4385 4386 4071 4386 4387 4072 4387 4388 4073 4388 4389 4074 4389 4390 4075 4390 4391 4076 4391 4392 4077 4392 4393 4078 4393 4394 4079 4394 4395 4080 4395 4396 4081 4396 4397 4082 4397 4398 4083 4398 4399 4084 4399 4400 4085 4400 4401 4086 4401 4402 4087 4402 4403 4088 4403 4404 4089 4404 4405 4090 4405 4406 4091 4406 4407 4092 4407 4408 4093 4408 4409 4094 4409 4410 4095 4410 4411 4096 4411 4412 4097 4412 4413 4098 4413 4414 4099 4414 4415 4100 4415 4416 4101 4416 4417 4102 4417 4418 4103 4418 4419 4104 4419 4420 4105 4420 4421 4106 4421 4422 4107 4422 4423 4108 4423 4424 4109 4424 4425 4110 4425 4426 4111 4426 4427 4112 4427 4428 4113 4428 4429 4114 4429 4430 4115 4430 4431 4116 4431 4432 4117 4432 4433 4118 4433 4434 4119 4434 4435 4120 4435 4436 4121 4436 4437 4122 4437 4438 4123 4438 4439 4124 4439 4440 4125 4440 4441 4126 4441 4442 4127 4442 4443 4128 4443 4444 4129 4444 4445 4130 4445 4446 4131 4446 4447 4132 4447 4448 4133 4448 4449 4134 4449 4450 4135 4450 4451 4136 4451 4452 4137 4452 4453 4138 4453 4454 4139 4454 4455 4140 4455 4456 4141 4456 4457 4142 4457 4458 4143 4458 4459 4144 4459 4460 4145 4460 4461 4146 4461 4462 4147 4462 4463 4148 4463 4464 4149 4464 4465 4150 4465 4466 4151 4466 4467 4152 4467 4468 4153 4468 4469 4154 4469 4470 4155 4470 4471 4156 4471 4472 4157 4472 4473 4158 4473 4474 4159 4474 4475 4160 4475 4476 4161 4476 4477 4162 4477 4478 4163 4478 4479 4164 4479 4480 4165 4480 4481 4166 4481 4482 4167 4482 4483 4168 4483 4484 4169 4484 4485 4170 4485 4486 4171 4486 4487 4172 4487 4488 4173 4488 4489 4174 4489 4490 4175 4490 4491 4176 4491 4492 4177 4492 4493 4178 4493 4494 4179 4494 4495 4180 4495 4496 4181 4496 4497 4182 4497 4498 4183 4498 4499 4184 4499 4500 4185 4500 4501 4186 4501 4502 4187 4502 4503 4188 4503 4504 4189 4504 4505 4190 4505 4506 4191 4506 4507 4192 4507 4508 4193 4508 4509 4194 4509 4510 4195 4510 4511 4196 4511 4512 4197 4512 4513 4198 4513 4514 4199 4514 4515 4200 4515 4516 4201 4516 4517 4202 4517 4518 4203 4518 4519 4204 4519 4520 4205 4520 4521 4206 4521 4522 4207 4522 4523 4208 4523 4524 4209 4524 4525 4210 4525 4526 4211 4526 4527 4212 4527 4528 4213 4528 4529 4214 4529 4530 4215 4530 4531 4216 4531 4532 4217 4532 4533 4218 4533 4534 4219 4534 4535 4220 4535 4536 4221 4536 4537 4222 4537 4538 4223 4538 4539 4224 4539 4540 4225 4540 4541 4226 4541 4542 4227 4542 4543 4228 4543 4544 4229 4544 4545 4230 4545 4546 4231 4546 4547 4232 4547 4548 4233 4548 4549 4234 4549 4550 4235 4550 4551 4236 4551 4552 4237 4552 4553 4238 4553 4554 4239 4554 4555 4240 4555 4556 4241 4556 4557 4242 4557 4558 4243 4558 4559 4244 4559 4560 4245 4560 4561 4246 4561 4562 4247 4562 4563 4248 4563 4564 4249 4564 4565 4250 4565 4566 4251 4566 4567 4252 4567 4568 4253 4568 4569 4254 4569 4570 4255 4570 4571 4256 4571 4572 4257 4572 4573 4258 4573 4574 4259 4574 4575 4260 4575 4576 4261 4576 4577 4262 4577 4578 4263 4578 4579 4264 4579 4580 4265 4580 4581 4266 4581 4582 4267 4582 4583 4268 4583 4584 4269 4584 4585 4270 4585 4586 4271 4586 4587 4272 4587 4588 4273 4588 4589 4274 4589 4590 4275 4590 4591 4276 4591 4592 4277 4592 4593 4278 4593 4594 4279 4594 4595 4280 4595 4596 4281 4596 4597 4282 4597 4598 4283 4598 4599 4284 4599 4600 4285 4600 4601 4286 4601 4602 4287 4602 4603 4288 4603 4604 4289 4604 4605 4290 4605 4606 4291 4606 4607 4292 4607 4608 4293 4608 4609 4294 4609 4610 4295 4610 4611 4296 4611 4612 4297 4612 4613 4298 4613 4614 4299 4614 4615 4300 4615 4616 4301 4616 4617 4302 4617 4618 4303 4618 4619 4304 4619 4620 4305 4620 4621 4306 4621 4622 4307 4622 4623 4308 4623 4624 4309 4624 4625 4310 4625 4626 4311 4626 4627 4312 4627 4628 4313 4628 4629 4314 4629 4630 4315 4630 4631 4316 4631 4632 4317 4632 4633 4318 4633 4634 4319 4634 4635 4320 4635 4636 4321 4636 4637 4322 4637 4638 4323 4638 4639 4324 4639 4640 4325 4640 4641 4326 4641 4642 4327 4642 4643 4328 4643 4644 4329 4644 4645 4330 4645 4646 4331 4646 4647 4332 4647 4648 4333 4648 4649 4334 4649 4650 4335 4650 4651 4336 4651 4652 4337 4652 4653 4338 4653 4654 4339 4654 4655 4340 4655 4656 4341 4656 4657 4342 4657 4658 4343 4658 4659 4344 4659 4660 4345 4660 4661 4346 4661 4662 4347 4662 4663 4348 4663 4664 4349 4664 4665 4350 4665 4666 4351 4666 4667 4352 4667 4668 4353 4668 4669 4354 4669 4670 4355 4670 4671 4356 4671 4672 4357 4672 4673 4358 4673 4674 4359 4674 4675 4360 4675 4676 4361 4676 4677 4362 4677 4678 4363 4678 4679 4364 4679 4680 4365 4680 4681 4366 4681 4682 4367 4682 4683 4368 4683 4684 4369 4684 4685 4370 4685 4686 4371 4686 4687 4372 4687 4688 4373 4688 4689 4374 4689 4690 4375 4690 4691 4376 4691 4692 4377 4692 4693 4378 4693 4694 4379 4694 4695 4380 4695 4696 4381 4696 4697 4382 4697 4698 4383 4698 4699 4384 4699 4700 4385 4700 4701 4386 4701 4702 4387 4702 4703 4388 4703 4704 4389 4704 4705 4390 4705 4706 4391 4706 4707 4392 4707 4708 4393 4708 4709 4394 4709 4710 4395 4710 4711 4396 4711 4712 4397 4712 4713 4398 4713 4714 4399 4714 4715 4400 4715 4716 4401 4716 4717 4402 4717 4718 4403 4718 4719 4404 4719 4720 4405 4720 4721 4406 4721 4722 4407 4722 4723 4408 4723 4724 4409 4724 4725 4410 4725 4726 4411 4726 4727 4412 4727 4728 4413 4728 4729 4414 4729 4730 4415 4730 4731 4416 4731 4732 4417 4732 4733 4418 4733 4734 4419 4734 4735 4420 4735 4736 4421 4736 4737 4422 4737 4738 4423 4738 4739 4424 4739 4740 4425 4740 4741 4426 4741 4742 4427 4742 4743 4428 4743 4744 4429 4744 4745 4430 4745 4746 4431 4746 4747 4432 4747 4748 4433 4748 4749 4434 4749 4750 4435 4750 4751 4436 4751 4752 4437 4752 4753 4438 4753 4754 4439 4754 4755 4440 4755 4756 4441 4756 4757 4442 4757 4758 4443 4758 4759 4444 4759 4760 4445 4760 4761 4446 4761 4762 4447 4762 4763 4448 4763 4764 4449 4764 4765 4450 4765 4766 4451 4766 4767 4452 4767 4768 4453 4768 4769 4454 4769 4770 4455 4770 4771 4456 4771 4772 4457 4772 4773 4458 4773 4774 4459 4774 4775 4460 4775 4776 4461 4776 4777 4462 4777 4778 4463 4778 4779 4464 4779 4780 4465 4780 4781 4466 4781 4782 4467 4782 4783 4468 4783 4784 4469 4784 4785 4470 4785 4786 4471 4786 4787 4472 4787 4788 4473 4788 4789 4474 4789 4790 4475 4790 4791 4476 4791 4792 4477 4792 4793 4478 4793 4794 4479 4794 4795 4480 4795 4796 4481 4796 4797 4482 4797 4798 4483 4798 4799 4484 4799 4800 4485 4800 4801 4486 4801 4802 4487 4802 4803 4488 4803 4804 4489 4804 4805 4490 4805 4806 4491 4806 4807 4492 4807 4808 4493 4808 4809 4494 4809 4810 4495 4810 4811 4496 4811 4812 4497 4812 4813 4498 4813 4814 4499 4814 4815 4500 4815 4816 4501 4816 4817 4502 4817 4818 4503 4818 4819 4504 4819 4820 4505 4820 4821 4506 4821 4822 4507 4822 4823 4508 4823 4824 4509 4824 4825 4510 4825 4826 4511 4826 4827 4512 4827 4828 4513 4828 4829 4514 4829 4830 4515 4830 4831 4516 4831 4832 4517 4832 4833 4518 4833 4834 4519 4834 4835 4520 4835 4836 4521 4836 4837 4522 4837 4838 4523 4838 4839 4524 4839 4840 4525 4840 4841 4526 4841 4842 4527 4842 4843 4528 4843 4844 4529 4844 4845 4530 4845 4846 4531 4846 4847 4532 4847 4848 4533 4848 4849 4534 4849 4850 4535 4850 4851 4536 4851 4852 4537 4852 4853 4538 4853 4854 4539 4854 4855 4540 4855 4856 4541 4856 4857 4542 4857 4858 4543 4858 4859 4544 4859 4860 4545 4860 4861 4546 4861 4862 4547 4862 4863 4548 4863 4864 4549 4864 4865 4550 4865 4866 4551 4866 4867 4552 4867 4868 4553 4868 4869 4554 4869 4870 4555 4870 4871 4556 4871 4872 4557 4872 4873 4558 4873 4874 4559 4874 4875 4560 4875 4876 4561 4876 4877 4562 4877 4878 4563 4878 4879 4564 4879 4880 4565 4880 4881 4566 4881 4882 4567 4882 4883 4568 4883 4884 4569 4884 4885 4570 4885 4886 4571 4886 4887 4572 4887 4888 4573 4888 4889 4574 4889 4890 4575 4890 4891 4576 4891 4892 4577 4892 4893 4578 4893 4894 4579 4894 4895 4580 4895 4896 4581 4896 4897 4582 4897 4898 4583 4898 4899 4584 4899 4900 4585 4900 4901 4586 4901 4902 4587 4902 4903 4588 4903 4904 4589 4904 4905 4590 4905 4906 4591 4906 4907 4592 4907 4908 4593 4908 4909 4594 4909 4910 4595 4910 4911 4596 4911 4912 4597 4912 4913 4598 4913 4914 4599 4914 4915 4600 4915 4916 4601 4916 4917 4602 4917 4918 4603 4918 4919 4604 4919 4920 4605 4920 4921 4606 4921 4922 4607 4922 4923 4608 4923 4924 4609 4924 4925 4610 4925 4926 4611 4926 4927 4612 4927 4928 4613 4928 4929 4614 4929 4930 4615 4930 4931 4616 4931 4932 4617 4932 4933 4618 4933 4934 4619 4934 4935 4620 4935 4936 4621 4936 4937 4622 4937 4938 4623 4938 4939 4624 4939 4940 4625 4940 4941 4626 4941 4942 4627 4942 4943 4628 4943 4944 4629 4944 4945 4630 4945 4946 4631 4946 4947 4632 4947 4948 4633 4948 4949 4634 4949 4950 4635 4950 4951 4636 4951 4952 4637 4952 4953 4638 4953 4954 4639 4954 4955 4640 4955 4956 4641 4956 4957 4642 4957 4958 4643 4958 4959 4644 4959 4960 4645 4960 4961 4646 4961 4962 4647 4962 4963 4648 4963 4964 4649 4964 4965 4650 4965 4966 4651 4966 4967 4652 4967 4968 4653 4968 4969 4654 4969 4970 4655 4970 4971 4656 4971 4972 4657 4972 4973 4658 4973 4974 4659 4974 4975 4660 4975 4976 4661 4976 4977 4662 4977 4978 4663 4978 4979 4664 4979 4980 4665 4980 4981 4666 4981 4982 4667 4982 4983 4668 4983 4984 4669 4984 4985 4670 4985 4986 4671 4986 4987 4672 4987 4988 4673 4988 4989 4674 4989 4990 4675 4990 4991 4676 4991 4992 4677 4992 4993 4678 4993 4994 4679 4994 4995 4680 4995 4996 4681 4996 4997 4682 4997 4998 4683 4998 4999 4684 4999 5000 4685 5000 5001 4686 5001 5002 4687 5002 5003 4688 5003 5004 4689 5004 5005 4690 5005 5006 4691 5006 5007 4692 5007 5008 4693 5008 5009 4694 5009 5010 4695 5010 5011 4696 5011 5012 4697 5012 5013 4698 5013 5014 4699 5014 5015 4700 5015 5016 4701 5016 5017 4702 5017 5018 4703 5018 5019 4704 5019 5020 4705 5020 5021 4706 5021 5022 4707 5022 5023 4708 5023 5024 4709 5024 5025 4710 5025 5026 4711 5026 5027 4712 5027 5028 4713 5028 5029 4714 5029 5030 4715 5030 5031 4716 5031 5032 4717 5032 5033 4718 5033 5034 4719 5034 5035 4720 5035 5036 4721 5036 5037 4722 5037 5038 4723 5038 5039 4724 5039 5040 4725 5040 5041 4726 5041 5042 4727 5042 5043 4728 5043 5044 4729 5044 5045 4730 5045 5046 4731 5046 5047 4732 5047 5048 4733 5048 5049 4734 5049 5050 4735 5050 5051 4736 5051 5052 4737 5052 5053 4738 5053 5054 4739 5054 5055 4740 5055 5056 4741 5056 5057 4742 5057 5058 4743 5058 5059 4744 5059 5060 4745 5060 5061 4746 5061 5062 4747 5062 5063 4748 5063 5064 4749 5064 5065 4750 5065 5066 4751 5066 5067 4752 5067 5068 4753 5068 5069 4754 5069 5070 4755 5070 5071 4756 5071 5072 4757 5072 5073 4758 5073 5074 4759 5074 5075 4760 5075 5076 4761 5076 5077 4762 5077 5078 4763 5078 5079 4764 5079 5080 4765 5080 5081 4766 5081 5082 4767 5082 5083 4768 5083 5084 4769 5084 5085 4770 5085 5086 4771 5086 5087 4772 5087 5088 4773 5088 5089 4774 5089 5090 4775 5090 5091 4776 5091 5092 4777 5092 5093 4778 5093 5094 4779 5094 5095 4780 5095 5096 4781 5096 5097 4782 5097 5098 4783 5098 5099 4784 5099 5100 4785 5100 5101 4786 5101 5102 4787 5102 5103 4788 5103 5104 4789 5104 5105 4790 5105 5106 4791 5106 5107 4792 5107 5108 4793 5108 5109 4794 5109 5110 4795 5110 5111 4796 5111 5112 4797 5112 5113 4798 5113 5114 4799 5114 5115 4800 5115 5116 4801 5116 5117 4802 5117 5118 4803 5118 5119 4804 5119 5120 4805 5120 5121 4806 5121 5122 4807 5122 5123 4808 5123 5124 4809 5124 5125 4810 5125 5126 4811 5126 5127 4812 5127 5128 4813 5128 5129 4814 5129 5130 4815 5130 5131 4816 5131 5132 4815 5132 5133 4817 5133 5134 4818 5134 5135 4819 5135 5136 4820 5136 5137 4821 5137 5138 4822 5138 5139 4823 5139 5140 4824 5140 5141 4825 5141 5142 4826 5142 5143 4827 5143 5144 4828 5144 5145 4829 5145 5146 4830 5146 5147 4831 5147 5148 4832 5148 5149 4833 5149 5150 4834 5150 5151 4835 5151 5152 4835 5152 5153 4836 5153 5154 4837 5154 5155 4838 5155 5156 4839 5156 5157 4840 5157 5158 4841 5158 5159 4842 5159 5160 4843 5160 5161 4844 5161 5162 4845 5162 5163 4846 5163 5164 4847 5164 5165 4848 5165 5166 4849 5166 5167 4850 5167 5168 4851 5168 5169 4852 5169 5170 4852 5170 5171 4853 5171 5172 4854 5172 5173 4855 5173 5174 4856 5174 5175 4857 5175 5176 4858 5176 5177 4859 5177 5178 4860 5178 5179 4861 5179 5180 4862 5180 5181 4863 5181 5182 4864 5182 5183 4865 5183 5184 4866 5184 5185 4866 5185 5186 4867 5186 5187 4868 5187 5188 4869 5188 5189 4868 5189 5190 4870 5190 5191 4871 5191 5192 4872 5192 5193 4873 5193 5194 4874 5194 5195 4875 5195 5196 4876 5196 5197 4876 5197 5198 4876 5198 5199 4877 5199 5200 4877 5200 5201 4877 5201 5202 4878 5202 5203 4878 5203 5204 4878 5204 5205 4879 5205 5206 4879 5206 5207 4879 5207 5208 4880 5208 5209 4880 5209 5210 4880 5210 5211 4881 5211 5212 4881 5212 5213 4881 5213 5214 4882 5214 5215 4882 5215 5216 4882 5216 5217 4883 5217 5218 4883 5218 5219 4883 5219 5220 4884 5220 5221 4884 5221 5222 4884 5222 5223 4885 5223 5224 4885 5224 5225 4885 5225 5226 4886 5226 5227 4886 5227 5228 4886 5228 5229 4887 5229 5230 4887 5230 5231 4887 5231 5232 4888 5232 5233 4888 5233 5234 4888 5234 5235 4889 5235 5236 4889 5236 5237 4889 5237 5238 4890 5238 5239 4890 5239 5240 4890 5240 5241 4891 5241 5242 4891 5242 5243 4891 5243 5760 5408 5760 5761 5409 5761 5762 5410 5762 5763 5411 5763 5764 5412 5764 5765 5413 5765 5766 5414 5766 5767 5415 5767 5768 5416 5768 5769 5417 5769 5770 5418 5770 5771 5419 5771 5772 5420 5772 5773 5421 5773 5774 5422 5774 5775 5423 5775 5776 5424 5776 5777 5425 5777 5778 5426 5778 5779 5427 5779 5780 5428 5780 5781 5429 5781 5782 5430 5782 5783 5431 5783 5784 5432 5784 5785 5433 5785 5786 5434 5786 5787 5435 5787 5788 5436 5788 5789 5437 5789 5790 5438 5790 5791 5439 5791 5792 5440 5792 5793 5441 5793 5794 5442 5794 5795 5443 5795 5796 5444 5796 5797 5445 5797 5798 5446 5798 5799 5447 5799 5800 5448 5800 5801 5449 5801 5802 5450 5802 5803 5451 5803 5804 5452 5804 5805 5453 5805 5806 5454 5806 5807 5455 5807 5808 5456 5808 5809 5457 5809 5810 5458 5810 5811 5459 5811 5812 5460 5812 5813 5461 5813 5814 5462 5814 5815 5463 5815 5816 5464 5816 5817 5465 5817 5818 5466 5818 5819 5467 5819 5820 5468 5820 5821 5469 5821 5822 5470 5822 5823 5471 5823 5824 5472 5824 5825 5473 5825 5826 5474 5826 5827 5475 5827 5828 5476 5828 5829 5477 5829 5830 5478 5830 5831 5479 5831 5832 5480 5832 5833 5481 5833 5834 5482 5834 5835 5483 5835 5836 5484 5836 5837 5485 5837 5838 5486 5838 5839 5487 5839 5840 5488 5840 5841 5489 5841 5842 5490 5842 5843 5491 5843 5844 5492 5844 5845 5493 5845 5846 5494 5846 5847 5495 5847 5848 5496 5848 5849 5497 5849 5850 5498 5850 5851 5499 5851 5852 5500 5852 5853 5501 5853 5854 5502 5854 5855 5503 5855 5856 5504 5856 5857 5505 5857 5858 5506 5858 5859 5507 5859 5860 5508 5860 5861 5509 5861 5862 5510 5862 5863 5511 5863 5864 5512 5864 5865 5513 5865 5866 5514 5866 5867 5515 5867 5868 5516 5868 5869 5517 5869 5870 5518 5870 5871 5519 5871 5872 5520 5872 5873 5521 5873 5874 5522 5874 5875 5523 5875 5876 5524 5876 5877 5525 5877 5878 5526 5878 5879 5527 5879 6108 5756 6108 6109 5757 6109 6110 5758 6110 6111 5759 6111 6112 5760 6112 6113 5761 6113 6114 5762 6114 6115 5763 6115 6116 5764 6116 6117 5765 6117 6118 5766 6118 6119 5767 6119 6120 5768 6120 6121 5769 6121 6122 5770 6122 6123 5771 6123 6124 5772 6124 6125 5773 6125 6126 5774 6126 6127 5775 6127 6128 5776 6128 6129 5777 6129 6130 5778 6130 6131 5779 6131 6132 5780 6132 6133 5781 6133 6134 5782 6134 6135 5783 6135 6136 5784 6136 6137 5785 6137 6138 5786 6138 6139 5787 6139 6140 5788 6140 6141 5789 6141 6142 5790 6142 6143 5791 6143 6144 5792 6144 6145 5793 6145 6146 5794 6146 6147 5795 6147 6148 5796 6148 6149 5797 6149 6150 5798 6150 6151 5799 6151 6152 5800 6152 6153 5801 6153 6154 5802 6154 6155 5803 6155 6156 5804 6156 6157 5805 6157 6158 5806 6158 6159 5807 6159 6160 5808 6160 6161 5809 6161 6162 5810 6162 6163 5811 6163 6164 5812 6164 6165 5813 6165 6166 5814 6166 6167 5815 6167 6168 5816 6168 6169 5817 6169 6170 5818 6170 6171 5819 6171 6172 5820 6172 6173 5821 6173 6174 5822 6174 6175 5823 6175 6176 5824 6176 6177 5825 6177 6178 5826 6178 6179 5827 6179 6180 5828 6180 6181 5829 6181 6182 5830 6182 6183 5831 6183 6184 5832 6184 6185 5833 6185 6186 5834 6186 6187 5835 6187 6188 5836 6188 6189 5837 6189 6190 5838 6190 6191 5839 6191 6192 5840 6192 6193 5841 6193 6194 5842 6194 6195 5843 6195 6196 5844 6196 6197 5845 6197 6198 5846 6198 6199 5847 6199 6200 5848 6200 6201 5849 6201 6202 5850 6202 6203 5851 6203 6204 5852 6204 6205 5853 6205 6206 5854 6206 6207 5855 6207 6208 5856 6208 6209 5857 6209 6210 5858 6210 6211 5859 6211 6212 5860 6212 6213 5861 6213 6214 5862 6214 6215 5863 6215 6216 5864 6216 6217 5865 6217 6218 5866 6218 6219 5867 6219 6220 5868 6220 6221 5869 6221 6222 5870 6222 6223 5871 6223 6224 5872 6224 6225 5873 6225 6226 5874 6226 6227 5875 6227 6228 5876 6228 6229 5877 6229 6230 5878 6230 6231 5879 6231 6232 5880 6232 6233 5881 6233 6234 5882 6234 6235 5883 6235 6236 5884 6236 6237 5885 6237 6238 5886 6238 6239 5887 6239 6240 5888 6240 6241 5889 6241 6242 5890 6242 6243 5891 6243 6244 5892 6244 6245 5893 6245 6246 5894 6246 6247 5895 6247 6248 5896 6248 6249 5897 6249 6250 5898 6250 6251 5899 6251 6252 5900 6252 6253 5901 6253 6254 5902 6254 6255 5903 6255 6256 5904 6256 6257 5905 6257 6258 5906 6258 6259 5907 6259 6260 5908 6260 6261 5909 6261 6262 5910 6262 6263 5911 6263 6264 5912 6264 6265 5913 6265 6266 5914 6266 6267 5915 6267 6268 5916 6268 6269 5917 6269 6270 5918 6270 6271 5919 6271 6272 5920 6272 6273 5921 6273 6274 5922 6274 6275 5923 6275 6276 5924 6276 6277 5925 6277 6278 5926 6278 6279 5927 6279 6280 5928 6280 6281 5929 6281 6282 5930 6282 6283 5931 6283 6284 5932 6284 6285 5933 6285 6286 5934 6286 6287 5935 6287 6288 5936 6288 6289 5937 6289 6290 5938 6290 6291 5939 6291 6292 5940 6292 6293 5941 6293 6294 5942 6294 6295 5943 6295 6296 5944 6296 6297 5945 6297 6298 5946 6298 6299 5947 6299 6300 5948 6300 6301 5949 6301 6302 5950 6302 6303 5951 6303 6304 5952 6304 6305 5953 6305 6306 5954 6306 6307 5955 6307 6308 5956 6308 6309 5957 6309 6310 5958 6310 6311 5959 6311 6312 5960 6312 6313 5961 6313 6314 5962 6314 6315 5963 6315 6316 5964 6316 6317 5965 6317 6318 5966 6318 6319 5967 6319 6320 5968 6320 6321 5969 6321 6322 5970 6322 6323 5971 6323 6324 5972 6324 6325 5973 6325 6326 5974 6326 6327 5975 6327 6328 5976 6328 6329 5977 6329 6330 5978 6330 6331 5978 6331 6332 5978 6332 6333 5979 6333 6334 5980 6334 6335 5981 6335 6336 5982 6336 6337 5983 6337 6338 5984 6338 6339 5985 6339 6340 5986 6340 6341 5987 6341 6342 5988 6342 6343 5989 6343 6344 5990 6344 6345 5991 6345 6346 5992 6346 6347 5993 6347 6348 5994 6348 6349 5995 6349 6350 5996 6350 6351 5997 6351 6352 5998 6352 6353 5999 6353 6354 6000 6354 6355 6001 6355 6356 6002 6356 6357 6003 6357 6358 6003 6358 6359 6003 6359 6360 6004 6360 6361 6004 6361 6362 6004 6362 6363 6005 6363 6364 6006 6364 6365 6007 6365 6366 6008 6366 6367 6008 6367 6368 6008 6368 6369 6009 6369 6370 6010 6370 6371 6011 6371 6372 6012 6372 6373 6013 6373 6374 6014 6374 6375 6015 6375 6376 6016 6376 6377 6017 6377 6378 6018 6378 6379 6019 6379 6380 6020 6380 6381 6021 6381 6382 6022 6382 6383 6023 6383 6384 6024 6384 6385 6025 6385 6386 6026 6386 6387 6027 6387 6388 6028 6388 6389 6029 6389 6390 6030 6390 6391 6031 6391 6392 6032 6392 6393 6033 6393 6394 6034 6394 6395 6035 6395 6396 6036 6396 6397 6037 6397 6398 6038 6398 6399 6039 6399 6400 6040 6400 6401 6041 6401 6402 6042 6402 6403 6043 6403 6404 6044 6404 6405 6045 6405 6406 6046 6406 6407 6047 6407 6408 6048 6408 6409 6048 6409 6410 6048 6410 6411 6049 6411 6412 6050 6412 6413 6051 6413 6414 6052 6414 6415 6052 6415 6416 6052 6416 6417 6053 6417 6418 6054 6418 6419 6055 6419 6420 6056 6420 6421 6056 6421 6422 6056 6422 6423 6057 6423 6424 6058 6424 6425 6059 6425 6426 6060 6426 6427 6060 6427 6428 6060 6428 6429 6061 6429 6430 6062 6430 6431 6063 6431 6432 6064 6432 6433 6064 6433 6434 6064 6434 6435 6065 6435 6436 6066 6436 6437 6067 6437 6438 6068 6438 6439 6068 6439 6440 6068 6440 6441 6069 6441 6442 6070 6442 6443 6071 6443 6444 6072 6444 6445 6073 6445 6446 6074 6446 6447 6075 6447 6448 6076 6448 6449 6077 6449 6450 6078 6450 6451 6079 6451 6452 6080 6452 6453 6081 6453 6454 6082 6454 6455 6083 6455 6456 6084 6456 6457 6085 6457 6458 6086 6458 6459 6087 6459 6460 6088 6460 6461 6089 6461 6462 6090 6462 6463 6090 6463 6464 6090 6464 6465 6091 6465 6466 6092 6466 6467 6093 6467 6468 6094 6468 6469 6095 6469 6470 6096 6470 6471 6097 6471 6472 6098 6472 6473 6099 6473 6474 6100 6474 6475 6101 6475 6476 6102 6476 6477 6103 6477 6478 6104 6478 6479 6105 6479 6480 6106 6480 6481 6107 6481 6482 6108 6482 6483 6109 6483 6484 6110 6484 6485 6111 6485 6486 6112 6486 6487 6113 6487 6488 6114 6488 6489 6115 6489 6490 6115 6490 6491 6115 6491 6492 6116 6492 6493 6116 6493 6494 6116 6494 6495 6117 6495 6496 6118 6496 6497 6119 6497 6498 6120 6498 6499 6120 6499 6500 6120 6500 6501 6121 6501 6502 6122 6502 6503 6123 6503 6504 6124 6504 6505 6125 6505 6506 6126 6506 6507 6127 6507 6508 6128 6508 6509 6129 6509 6510 6130 6510 6511 6131 6511 6512 6132 6512 6513 6133 6513 6514 6134 6514 6515 6135 6515 6516 6136 6516 6517 6137 6517 6518 6138 6518 6519 6139 6519 6520 6140 6520 6521 6141 6521 6522 6142 6522 6523 6143 6523 6524 6144 6524 6525 6145 6525 6526 6146 6526 6527 6147 6527 6528 6148 6528 6529 6149 6529 6530 6150 6530 6531 6151 6531 6532 6152 6532 6533 6153 6533 6534 6154 6534 6535 6155 6535 6536 6156 6536 6537 6157 6537 6538 6158 6538 6539 6159 6539 6540 6160 6540 6541 6160 6541 6542 6160 6542 6543 6161 6543 6544 6162 6544 6545 6163 6545 6546 6164 6546 6547 6164 6547 6548 6164 6548 6549 6165 6549 6550 6166 6550 6551 6167 6551 6552 6168 6552 6553 6168 6553 6554 6168 6554 6555 6169 6555 6556 6170 6556 6557 6171 6557 6558 6172 6558 6559 6172 6559 6560 6172 6560 6561 6173 6561 6562 6174 6562 6563 6175 6563 6564 6176 6564 6565 6176 6565 6566 6176 6566 6567 6177 6567 6568 6178 6568 6569 6179 6569 6570 6180 6570 6571 6180 6571 6572 6180 6572 6573 6181 6573 6574 6182 6574 6575 6183 6575 6576 6184 6576 6577 6185 6577 6578 6186 6578 6579 6187 6579 6580 6188 6580 6581 6189 6581 6582 6190 6582 6583 6191 6583 6584 6192 6584 6585 6193 6585 6586 6194 6586 6587 6195 6587 6588 6196 6588 6589 6197 6589 6590 6198 6590 6591 6199 6591 6592 6200 6592 6593 6201 6593 6594 6202 6594 6595 6202 6595 6596 6202 6596 6597 6203 6597 6598 6204 6598 6599 6205 6599 6600 6206 6600 6601 6207 6601 6602 6208 6602 6603 6209 6603 6604 6210 6604 6605 6211 6605 6606 6212 6606 6607 6213 6607 6608 6214 6608 6609 6215 6609 6610 6216 6610 6611 6217 6611 6612 6218 6612 6613 6219 6613 6614 6220 6614 6615 6221 6615 6616 6222 6616 6617 6223 6617 6618 6224 6618 6619 6225 6619 6620 6226 6620 6621 6227 6621 6622 6227 6622 6623 6227 6623 6624 6228 6624 6625 6228 6625 6626 6228 6626 6627 6229 6627 6628 6230 6628 6629 6231 6629 6630 6232 6630 6631 6232 6631 6632 6232 6632 6633 6233 6633 6634 6234 6634 6635 6235 6635 6636 6236 6636 6637 6237 6637 6638 6238 6638 6639 6239 6639 6640 6240 6640 6641 6241 6641 6642 6242 6642 6643 6243 6643 6644 6244 6644 6645 6245 6645 6646 6246 6646 6647 6247 6647 6648 6248 6648 6649 6249 6649 6650 6250 6650 6651 6251 6651 6652 6252 6652 6653 6253 6653 6654 6254 6654 6655 6255 6655 6656 6256 6656 6657 6257 6657 6658 6258 6658 6659 6259 6659 6660 6260 6660 6661 6261 6661 6662 6262 6662 6663 6263 6663 6664 6264 6664 6665 6265 6665 6666 6266 6666 6667 6267 6667 6668 6268 6668 6669 6269 6669 6670 6270 6670 6671 6271 6671 6672 6272 6672 6673 6272 6673 6674 6272 6674 6675 6273 6675 6676 6274 6676 6677 6275 6677 6678 6276 6678 6679 6276 6679 6680 6276 6680 6681 6277 6681 6682 6278 6682 6683 6279 6683 6684 6280 6684 6685 6280 6685 6686 6280 6686 6687 6281 6687 6688 6282 6688 6689 6283 6689 6690 6284 6690 6691 6284 6691 6692 6284 6692 6693 6285 6693 6694 6286 6694 6695 6287 6695 6696 6288 6696 6697 6288 6697 6698 6288 6698 6699 6289 6699 6700 6290 6700 6701 6291 6701 6702 6292 6702 6703 6292 6703 6704 6292 6704 6705 6293 6705 6706 6294 6706 6707 6295 6707</p>
        </triangles>
        <triangles material="flamethrower_gauge__-material" count="2">
          <input semantic="VERTEX" source="#default_default-mesh-vertices" offset="0"/>
          <input semantic="NORMAL" source="#default_default-mesh-normals" offset="1"/>
          <input semantic="TEXCOORD" source="#default_default-mesh-map-0" offset="2" set="0"/>
          <p>6708 6296 6708 6709 6296 6709 6710 6296 6710 6711 6297 6711 6712 6297 6712 6713 6297 6713</p>
        </triangles>
      </mesh>
    </geometry>
  </library_geometries>
  <library_controllers/>
  <library_visual_scenes>
    <visual_scene id="Scene" name="Scene">
      <node id="Armature" name="Armature" type="NODE">
        <matrix sid="transform">1 0 0 0 0 1 0 0 0 0 1 0 0 0 0 1</matrix>
        <node id="Armature_gun" name="gun" sid="gun" type="JOINT">
          <matrix sid="transform">1 0 0 13.6784 0 1 0 0 0 0 1 1.064812 0 0 0 1</matrix>
          <node id="Armature_ammo" name="ammo" sid="ammo" type="JOINT">
            <matrix sid="transform">1 0 0 -10.19274 0 1 0 0 0 0 1 -8.394812 0 0 0 1</matrix>
            <extra>
              <technique profile="blender">
                <tip_x sid="tip_x" type="float">0</tip_x>
                <tip_y sid="tip_y" type="float">5.044456</tip_y>
                <tip_z sid="tip_z" type="float">0</tip_z>
              </technique>
            </extra>
          </node>
          <node id="Armature_cover" name="cover" sid="cover" type="JOINT">
            <matrix sid="transform">0.9999204 0 -0.01261849 0.2145987 0 1 0 -3.921999 0.01261849 0 0.9999204 3.165186 0 0 0 1</matrix>
            <extra>
              <technique profile="blender">
                <roll sid="roll" type="float">-0.01261878</roll>
                <tip_x sid="tip_x" type="float">0</tip_x>
                <tip_y sid="tip_y" type="float">5.044456</tip_y>
                <tip_z sid="tip_z" type="float">0</tip_z>
              </technique>
            </extra>
          </node>
          <extra>
            <technique profile="blender">
              <tip_x sid="tip_x" type="float">0</tip_x>
              <tip_y sid="tip_y" type="float">5.044456</tip_y>
              <tip_z sid="tip_z" type="float">0</tip_z>
            </technique>
          </extra>
        </node>
        <node id="default_default" name="default:default" type="NODE">
          <matrix sid="transform">1 0 0 0 0 1 0 0 0 0 1 0 0 0 0 1</matrix>
          <instance_geometry url="#default_default-mesh" name="default:default">
            <bind_material>
              <technique_common>
                <instance_material symbol="flamethrower_ammo-material" target="#flamethrower_ammo-material">
                  <bind_vertex_input semantic="UVMap" input_semantic="TEXCOORD" input_set="0"/>
                </instance_material>
                <instance_material symbol="flamethrower_metal_bare-material" target="#flamethrower_metal_bare-material">
                  <bind_vertex_input semantic="UVMap" input_semantic="TEXCOORD" input_set="0"/>
                </instance_material>
                <instance_material symbol="flamethrower_metal-material" target="#flamethrower_metal-material">
                  <bind_vertex_input semantic="UVMap" input_semantic="TEXCOORD" input_set="0"/>
                </instance_material>
                <instance_material symbol="flamethrower_gauge__-material" target="#flamethrower_gauge__-material">
                  <bind_vertex_input semantic="UVMap" input_semantic="TEXCOORD" input_set="0"/>
                </instance_material>
              </technique_common>
            </bind_material>
          </instance_geometry>
        </node>
      </node>
    </visual_scene>
  </library_visual_scenes>
  <scene>
    <instance_visual_scene url="#Scene"/>
  </scene>
</COLLADA>