<?xml version="1.0" encoding="utf-8"?>
<COLLADA xmlns="http://www.collada.org/2005/11/COLLADASchema" version="1.4.1" xmlns:xsi="http://www.w3.org/2001/XMLSchema-instance">
  <asset>
    <contributor>
      <author>Blender User</author>
      <authoring_tool>Blender 4.3.2 commit date:2024-12-16, commit time:21:10, hash:32f5fdce0a0a</authoring_tool>
    </contributor>
    <created>2025-12-10T19:04:34</created>
    <modified>2025-12-10T19:04:34</modified>
    <unit name="meter" meter="1"/>
    <up_axis>Z_UP</up_axis>
  </asset>
  <library_effects>
    <effect id="ft_ammo-effect">
      <profile_COMMON>
        <newparam sid="flamethrower_dds-surface">
          <surface type="2D">
            <init_from>flamethrower_dds</init_from>
          </surface>
        </newparam>
        <newparam sid="flamethrower_dds-sampler">
          <sampler2D>
            <source>flamethrower_dds-surface</source>
          </sampler2D>
        </newparam>
        <technique sid="common">
          <lambert>
            <emission>
              <color sid="emission">0 0 0 1</color>
            </emission>
            <diffuse>
              <texture texture="flamethrower_dds-sampler" texcoord="UVMap"/>
            </diffuse>
            <index_of_refraction>
              <float sid="ior">1.5</float>
            </index_of_refraction>
          </lambert>
        </technique>
      </profile_COMMON>
    </effect>
    <effect id="ft_gun-effect">
      <profile_COMMON>
        <newparam sid="flamethrower_dds-surface">
          <surface type="2D">
            <init_from>flamethrower_dds</init_from>
          </surface>
        </newparam>
        <newparam sid="flamethrower_dds-sampler">
          <sampler2D>
            <source>flamethrower_dds-surface</source>
          </sampler2D>
        </newparam>
        <technique sid="common">
          <lambert>
            <emission>
              <color sid="emission">0 0 0 1</color>
            </emission>
            <diffuse>
              <texture texture="flamethrower_dds-sampler" texcoord="UVMap"/>
            </diffuse>
            <index_of_refraction>
              <float sid="ior">1.5</float>
            </index_of_refraction>
          </lambert>
        </technique>
      </profile_COMMON>
    </effect>
    <effect id="ft_gun_002-effect">
      <profile_COMMON>
        <newparam sid="flamethrower_dds-surface">
          <surface type="2D">
            <init_from>flamethrower_dds</init_from>
          </surface>
        </newparam>
        <newparam sid="flamethrower_dds-sampler">
          <sampler2D>
            <source>flamethrower_dds-surface</source>
          </sampler2D>
        </newparam>
        <technique sid="common">
          <lambert>
            <emission>
              <color sid="emission">0 0 0 1</color>
            </emission>
            <diffuse>
              <texture texture="flamethrower_dds-sampler" texcoord="UVMap"/>
            </diffuse>
            <reflectivity>
              <float sid="specular">0.1524823</float>
            </reflectivity>
            <index_of_refraction>
              <float sid="ior">1.5</float>
            </index_of_refraction>
          </lambert>
        </technique>
      </profile_COMMON>
    </effect>
    <effect id="heat_gauge-effect">
      <profile_COMMON>
        <technique sid="common">
          <lambert>
            <emission>
              <color sid="emission">0 0 0 1</color>
            </emission>
            <diffuse>
              <color sid="diffuse">0.8 0.8 0.8 1</color>
            </diffuse>
            <index_of_refraction>
              <float sid="ior">1.5</float>
            </index_of_refraction>
          </lambert>
        </technique>
      </profile_COMMON>
    </effect>
  </library_effects>
  <library_images>
    <image id="flamethrower_dds" name="flamethrower_dds">
      <init_from>flamethrower.dds</init_from>
    </image>
  </library_images>
  <library_materials>
    <material id="ft_ammo-material" name="ft_ammo">
      <instance_effect url="#ft_ammo-effect"/>
    </material>
    <material id="ft_gun-material" name="ft_gun">
      <instance_effect url="#ft_gun-effect"/>
    </material>
    <material id="ft_gun_002-material" name="ft_gun.002">
      <instance_effect url="#ft_gun_002-effect"/>
    </material>
    <material id="heat_gauge-material" name="heat_gauge">
      <instance_effect url="#heat_gauge-effect"/>
    </material>
  </library_materials>
  <library_geometries>
    <geometry id="default_default-mesh" name="default:default">
      <mesh>
        <source id="default_default-mesh-positions">
          <float_array id="default_default-mesh-positions-array" count="20142">-5.333025 -7.914032 -9.357181 -5.333025 -3.962321 -9.35718 -4.801232 -7.914032 -12.37314 -4.74754 -4.138298 -12.67764 -4.74754 -7.738054 -12.67764 -4.801232 -7.914032 -12.37314 -4.74754 -4.138298 -12.67764 -4.615803 -5.938176 -13.42475 -4.74754 -7.738054 -12.67764 -5.333025 -7.914032 -9.357181 -5.385422 -7.738747 -9.060029 -5.333025 -3.962321 -9.35718 -4.801232 -7.914032 -12.37314 -4.801232 -3.962321 -12.37314 -4.74754 -4.138298 -12.67764 -4.801232 -7.914032 -12.37314 -5.333025 -3.962321 -9.35718 -4.801232 -3.962321 -12.37314 -5.385422 -4.137606 -9.060029 -5.333025 -3.962321 -9.35718 -5.385422 -7.738747 -9.060029 -5.385422 -7.738747 -9.060029 -5.518559 -5.938176 -8.304979 -5.385422 -4.137606 -9.060029 10.91386 -8.110766 -9.655015 10.36382 -8.110766 -6.53559 -5.151537 -8.110766 -9.271366 -5.151537 -8.110766 -9.271366 -4.6015 -8.110766 -12.39079 10.91386 -8.110766 -9.655015 10.98548 -7.876001 -10.06123 10.91386 -8.110766 -9.655015 -4.6015 -8.110766 -12.39079 -4.6015 -8.110766 -12.39079 -4.529871 -7.876001 -12.797 10.98548 -7.876001 -10.06123 10.98549 -4.00035 -10.06123 11.12732 -5.938177 -10.8656 -4.388041 -5.938176 -13.60138 -4.388041 -5.938176 -13.60138 -4.529871 -4.000349 -12.797 10.98549 -4.00035 -10.06123 11.12732 -5.938177 -10.8656 10.98548 -7.876001 -10.06123 -4.529871 -7.876001 -12.797 -4.529871 -7.876001 -12.797 -4.388041 -5.938176 -13.60138 11.12732 -5.938177 -10.8656 10.36382 -8.110766 -6.53559 10.29365 -7.876001 -6.137608 -5.221711 -7.876001 -8.873385 -5.221711 -7.876001 -8.873385 -5.151537 -8.110766 -9.271366 10.36382 -8.110766 -6.53559 10.91386 -3.76559 -9.655014 10.98549 -4.00035 -10.06123 -4.529871 -4.000349 -12.797 -4.529871 -4.000349 -12.797 -4.6015 -3.765589 -12.39079 10.91386 -3.76559 -9.655014 10.36382 -3.76559 -6.535589 10.91386 -3.76559 -9.655014 -4.6015 -3.765589 -12.39079 -4.6015 -3.765589 -12.39079 -5.151535 -3.765589 -9.271364 10.36382 -3.76559 -6.535589 10.29365 -4.000352 -6.137607 10.36382 -3.76559 -6.535589 -5.151535 -3.765589 -9.271364 -5.151535 -3.765589 -9.271364 -5.221711 -4.000349 -8.873384 10.29365 -4.000352 -6.137607 10.29365 -7.876001 -6.137608 10.15036 -5.938177 -5.325 -5.364995 -5.938176 -8.060777 -5.364995 -5.938176 -8.060777 -5.221711 -7.876001 -8.873385 10.29365 -7.876001 -6.137608 10.15036 -5.938177 -5.325 10.29365 -4.000352 -6.137607 -5.221711 -4.000349 -8.873384 -5.221711 -4.000349 -8.873384 -5.364995 -5.938176 -8.060777 10.15036 -5.938177 -5.325 10.91386 -8.110766 -9.655015 10.98548 -7.876001 -10.06123 10.91386 -3.76559 -9.655014 10.98548 -7.876001 -10.06123 10.98549 -4.00035 -10.06123 10.91386 -3.76559 -9.655014 10.98548 -7.876001 -10.06123 11.12732 -5.938177 -10.8656 10.98549 -4.00035 -10.06123 10.91386 -8.110766 -9.655015 10.91386 -3.76559 -9.655014 10.36382 -8.110766 -6.53559 10.91386 -3.76559 -9.655014 10.36382 -3.76559 -6.535589 10.36382 -8.110766 -6.53559 10.36382 -3.76559 -6.535589 10.29365 -4.000352 -6.137607 10.29365 -7.876001 -6.137608 10.36382 -3.76559 -6.535589 10.29365 -7.876001 -6.137608 10.36382 -8.110766 -6.53559 10.29365 -4.000352 -6.137607 10.15036 -5.938177 -5.325 10.29365 -7.876001 -6.137608 -4.6015 -8.110766 -12.39079 -5.151537 -8.110766 -9.271366 -5.333025 -7.914032 -9.357181 -5.333025 -7.914032 -9.357181 -4.801232 -7.914032 -12.37314 -4.6015 -8.110766 -12.39079 -4.529871 -7.876001 -12.797 -4.6015 -8.110766 -12.39079 -4.801232 -7.914032 -12.37314 -4.801232 -7.914032 -12.37314 -4.74754 -7.738054 -12.67764 -4.529871 -7.876001 -12.797 -4.529871 -4.000349 -12.797 -4.388041 -5.938176 -13.60138 -4.615803 -5.938176 -13.42475 -4.615803 -5.938176 -13.42475 -4.74754 -4.138298 -12.67764 -4.529871 -4.000349 -12.797 -4.388041 -5.938176 -13.60138 -4.529871 -7.876001 -12.797 -4.74754 -7.738054 -12.67764 -4.74754 -7.738054 -12.67764 -4.615803 -5.938176 -13.42475 -4.388041 -5.938176 -13.60138 -5.151537 -8.110766 -9.271366 -5.221711 -7.876001 -8.873385 -5.385422 -7.738747 -9.060029 -5.385422 -7.738747 -9.060029 -5.333025 -7.914032 -9.357181 -5.151537 -8.110766 -9.271366 -4.6015 -3.765589 -12.39079 -4.529871 -4.000349 -12.797 -4.74754 -4.138298 -12.67764 -4.74754 -4.138298 -12.67764 -4.801232 -3.962321 -12.37314 -4.6015 -3.765589 -12.39079 -5.151535 -3.765589 -9.271364 -4.6015 -3.765589 -12.39079 -4.801232 -3.962321 -12.37314 -4.801232 -3.962321 -12.37314 -5.333025 -3.962321 -9.35718 -5.151535 -3.765589 -9.271364 -5.221711 -4.000349 -8.873384 -5.151535 -3.765589 -9.271364 -5.333025 -3.962321 -9.35718 -5.333025 -3.962321 -9.35718 -5.385422 -4.137606 -9.060029 -5.221711 -4.000349 -8.873384 -5.221711 -7.876001 -8.873385 -5.364995 -5.938176 -8.060777 -5.518559 -5.938176 -8.304979 -5.518559 -5.938176 -8.304979 -5.385422 -7.738747 -9.060029 -5.221711 -7.876001 -8.873385 -5.364995 -5.938176 -8.060777 -5.221711 -4.000349 -8.873384 -5.385422 -4.137606 -9.060029 -5.385422 -4.137606 -9.060029 -5.518559 -5.938176 -8.304979 -5.364995 -5.938176 -8.060777 20.56278 -8.331326 -5.188873 20.56278 -10.21209 -5.188875 20.69601 -9.271705 -4.822847 20.24115 -7.941807 -6.072543 20.56278 -10.21209 -5.188875 20.56278 -8.331326 -5.188873 19.91952 -8.331324 -6.956212 20.56278 -10.21209 -5.188875 20.24115 -7.941807 -6.072543 19.7863 -9.271705 -7.322239 20.56278 -10.21209 -5.188875 19.91952 -8.331324 -6.956212 19.91952 -10.21209 -6.956212 20.56278 -10.21209 -5.188875 19.7863 -9.271705 -7.322239 20.24115 -10.60161 -6.072544 20.56278 -10.21209 -5.188875 19.91952 -10.21209 -6.956212 20.99382 -10.21209 -5.345759 20.24115 -10.60161 -6.072544 20.67219 -10.60161 -6.229428 20.56278 -10.21209 -5.188875 20.24115 -10.60161 -6.072544 20.99382 -10.21209 -5.345759 21.12705 -9.271705 -4.97973 20.56278 -10.21209 -5.188875 20.99382 -10.21209 -5.345759 20.69601 -9.271705 -4.822847 20.56278 -10.21209 -5.188875 21.12705 -9.271705 -4.97973 20.99382 -8.331326 -5.345758 20.69601 -9.271705 -4.822847 21.12705 -9.271705 -4.97973 20.56278 -8.331326 -5.188873 20.69601 -9.271705 -4.822847 20.99382 -8.331326 -5.345758 20.67219 -7.941807 -6.229427 20.56278 -8.331326 -5.188873 20.99382 -8.331326 -5.345758 20.24115 -7.941807 -6.072543 20.56278 -8.331326 -5.188873 20.67219 -7.941807 -6.229427 20.35056 -8.331324 -7.113097 20.24115 -7.941807 -6.072543 20.67219 -7.941807 -6.229427 19.91952 -8.331324 -6.956212 20.24115 -7.941807 -6.072543 20.35056 -8.331324 -7.113097 20.21734 -9.271705 -7.479125 19.91952 -8.331324 -6.956212 20.35056 -8.331324 -7.113097 19.7863 -9.271705 -7.322239 19.91952 -8.331324 -6.956212 20.21734 -9.271705 -7.479125 20.67219 -10.60161 -6.229428 19.91952 -10.21209 -6.956212 20.35056 -10.21208 -7.113097 20.24115 -10.60161 -6.072544 19.91952 -10.21209 -6.956212 20.67219 -10.60161 -6.229428 20.99382 -10.21209 -5.345759 20.67219 -10.60161 -6.229428 21.12705 -9.271705 -4.97973 21.12705 -9.271705 -4.97973 20.67219 -10.60161 -6.229428 20.99382 -8.331326 -5.345758 20.99382 -8.331326 -5.345758 20.67219 -10.60161 -6.229428 20.67219 -7.941807 -6.229427 20.67219 -7.941807 -6.229427 20.67219 -10.60161 -6.229428 20.35056 -8.331324 -7.113097 20.35056 -8.331324 -7.113097 20.67219 -10.60161 -6.229428 20.21734 -9.271705 -7.479125 20.21734 -9.271705 -7.479125 20.67219 -10.60161 -6.229428 20.35056 -10.21208 -7.113097 19.91952 -10.21209 -6.956212 19.7863 -9.271705 -7.322239 19.62072 -10.97734 -7.777179 19.5213 -10.27556 -8.050334 19.62072 -10.97734 -7.777179 19.7863 -9.271705 -7.322239 19.7863 -9.271705 -7.322239 20.21734 -9.271705 -7.479125 19.5213 -10.27556 -8.050334 19.95233 -10.27556 -8.20722 19.5213 -10.27556 -8.050334 20.21734 -9.271705 -7.479125 20.21734 -9.271705 -7.479125 20.35056 -10.21208 -7.113097 19.95233 -10.27556 -8.20722 20.05175 -10.97734 -7.934064 19.95233 -10.27556 -8.20722 20.35056 -10.21208 -7.113097 20.35056 -10.21208 -7.113097 19.91952 -10.21209 -6.956212 20.05175 -10.97734 -7.934064 19.62072 -10.97734 -7.777179 20.05175 -10.97734 -7.934064 19.91952 -10.21209 -6.956212 19.95233 -10.27556 -8.20722 20.05175 -10.97734 -7.934064 19.62072 -10.97734 -7.777179 19.62072 -10.97734 -7.777179 19.5213 -10.27556 -8.050334 19.95233 -10.27556 -8.20722 20.56278 -1.664268 -5.188875 20.56278 -3.54503 -5.188873 20.69601 -2.60465 -4.822847 20.56278 -1.664268 -5.188875 20.24115 -3.934551 -6.072544 20.56278 -3.54503 -5.188873 20.56278 -1.664268 -5.188875 19.91952 -3.545032 -6.956212 20.24115 -3.934551 -6.072544 20.56278 -1.664268 -5.188875 19.7863 -2.60465 -7.322239 19.91952 -3.545032 -6.956212 20.56278 -1.664268 -5.188875 19.91952 -1.664268 -6.956212 19.7863 -2.60465 -7.322239 20.56278 -1.664268 -5.188875 20.24115 -1.274751 -6.072544 19.91952 -1.664268 -6.956212 20.24115 -1.274751 -6.072544 20.99382 -1.664268 -5.345759 20.67219 -1.274751 -6.229428 20.24115 -1.274751 -6.072544 20.56278 -1.664268 -5.188875 20.99382 -1.664268 -5.345759 20.56278 -1.664268 -5.188875 21.12705 -2.60465 -4.97973 20.99382 -1.664268 -5.345759 20.56278 -1.664268 -5.188875 20.69601 -2.60465 -4.822847 21.12705 -2.60465 -4.97973 20.69601 -2.60465 -4.822847 20.99382 -3.54503 -5.345758 21.12705 -2.60465 -4.97973 20.69601 -2.60465 -4.822847 20.56278 -3.54503 -5.188873 20.99382 -3.54503 -5.345758 20.56278 -3.54503 -5.188873 20.67219 -3.934551 -6.229427 20.99382 -3.54503 -5.345758 20.56278 -3.54503 -5.188873 20.24115 -3.934551 -6.072544 20.67219 -3.934551 -6.229427 20.24115 -3.934551 -6.072544 20.35056 -3.545032 -7.113097 20.67219 -3.934551 -6.229427 20.24115 -3.934551 -6.072544 19.91952 -3.545032 -6.956212 20.35056 -3.545032 -7.113097 19.91952 -3.545032 -6.956212 20.21734 -2.60465 -7.479125 20.35056 -3.545032 -7.113097 19.91952 -3.545032 -6.956212 19.7863 -2.60465 -7.322239 20.21734 -2.60465 -7.479125 19.91952 -1.664268 -6.956212 20.67219 -1.274751 -6.229428 20.35056 -1.66427 -7.113097 19.91952 -1.664268 -6.956212 20.24115 -1.274751 -6.072544 20.67219 -1.274751 -6.229428 20.67219 -1.274751 -6.229428 20.99382 -1.664268 -5.345759 21.12705 -2.60465 -4.97973 20.67219 -1.274751 -6.229428 21.12705 -2.60465 -4.97973 20.99382 -3.54503 -5.345758 20.67219 -1.274751 -6.229428 20.99382 -3.54503 -5.345758 20.67219 -3.934551 -6.229427 20.67219 -1.274751 -6.229428 20.67219 -3.934551 -6.229427 20.35056 -3.545032 -7.113097 20.67219 -1.274751 -6.229428 20.35056 -3.545032 -7.113097 20.21734 -2.60465 -7.479125 20.67219 -1.274751 -6.229428 20.21734 -2.60465 -7.479125 20.35056 -1.66427 -7.113097 19.7863 -2.60465 -7.322239 19.91952 -1.664268 -6.956212 19.62072 -0.8990152 -7.777179 19.62072 -0.8990152 -7.777179 19.5213 -1.600794 -8.050334 19.7863 -2.60465 -7.322239 20.21734 -2.60465 -7.479125 19.7863 -2.60465 -7.322239 19.5213 -1.600794 -8.050334 19.5213 -1.600794 -8.050334 19.95233 -1.600794 -8.20722 20.21734 -2.60465 -7.479125 20.35056 -1.66427 -7.113097 20.21734 -2.60465 -7.479125 19.95233 -1.600794 -8.20722 19.95233 -1.600794 -8.20722 20.05175 -0.8990152 -7.934064 20.35056 -1.66427 -7.113097 19.91952 -1.664268 -6.956212 20.35056 -1.66427 -7.113097 20.05175 -0.8990152 -7.934064 20.05175 -0.8990152 -7.934064 19.62072 -0.8990152 -7.777179 19.91952 -1.664268 -6.956212 20.05175 -0.8990152 -7.934064 19.95233 -1.600794 -8.20722 19.62072 -0.8990152 -7.777179 19.5213 -1.600794 -8.050334 19.62072 -0.8990152 -7.777179 19.95233 -1.600794 -8.20722 13.15034 -1.66427 -2.490959 13.15034 -3.545032 -2.490961 13.28356 -2.60465 -2.124932 13.15034 -1.66427 -2.490959 12.8287 -3.934551 -3.37463 13.15034 -3.545032 -2.490961 13.15034 -1.66427 -2.490959 12.50708 -3.54503 -4.258299 12.8287 -3.934551 -3.37463 13.15034 -1.66427 -2.490959 12.37385 -2.60465 -4.624327 12.50708 -3.54503 -4.258299 13.15034 -1.66427 -2.490959 12.50708 -1.664268 -4.258298 12.37385 -2.60465 -4.624327 13.15034 -1.66427 -2.490959 12.8287 -1.274751 -3.374629 12.50708 -1.664268 -4.258298 12.8287 -1.274751 -3.374629 13.58137 -1.664268 -2.647844 13.25974 -1.274751 -3.531514 12.8287 -1.274751 -3.374629 13.15034 -1.66427 -2.490959 13.58137 -1.664268 -2.647844 13.15034 -1.66427 -2.490959 13.71459 -2.60465 -2.281816 13.58137 -1.664268 -2.647844 13.15034 -1.66427 -2.490959 13.28356 -2.60465 -2.124932 13.71459 -2.60465 -2.281816 13.28356 -2.60465 -2.124932 13.58137 -3.54503 -2.647845 13.71459 -2.60465 -2.281816 13.28356 -2.60465 -2.124932 13.15034 -3.545032 -2.490961 13.58137 -3.54503 -2.647845 13.15034 -3.545032 -2.490961 13.25974 -3.934551 -3.531515 13.58137 -3.54503 -2.647845 13.15034 -3.545032 -2.490961 12.8287 -3.934551 -3.37463 13.25974 -3.934551 -3.531515 12.8287 -3.934551 -3.37463 12.93811 -3.54503 -4.415184 13.25974 -3.934551 -3.531515 12.8287 -3.934551 -3.37463 12.50708 -3.54503 -4.258299 12.93811 -3.54503 -4.415184 12.50708 -3.54503 -4.258299 12.80489 -2.604648 -4.781211 12.93811 -3.54503 -4.415184 12.50708 -3.54503 -4.258299 12.37385 -2.60465 -4.624327 12.80489 -2.604648 -4.781211 12.37385 -2.60465 -4.624327 12.93811 -1.664268 -4.415183 12.80489 -2.604648 -4.781211 12.37385 -2.60465 -4.624327 12.50708 -1.664268 -4.258298 12.93811 -1.664268 -4.415183 12.50708 -1.664268 -4.258298 13.25974 -1.274751 -3.531514 12.93811 -1.664268 -4.415183 12.50708 -1.664268 -4.258298 12.8287 -1.274751 -3.374629 13.25974 -1.274751 -3.531514 13.25974 -1.274751 -3.531514 13.58137 -1.664268 -2.647844 13.71459 -2.60465 -2.281816 13.25974 -1.274751 -3.531514 13.71459 -2.60465 -2.281816 13.58137 -3.54503 -2.647845 13.25974 -1.274751 -3.531514 13.58137 -3.54503 -2.647845 13.25974 -3.934551 -3.531515 13.25974 -1.274751 -3.531514 13.25974 -3.934551 -3.531515 12.93811 -3.54503 -4.415184 13.25974 -1.274751 -3.531514 12.93811 -3.54503 -4.415184 12.80489 -2.604648 -4.781211 13.25974 -1.274751 -3.531514 12.80489 -2.604648 -4.781211 12.93811 -1.664268 -4.415183 13.15034 -8.331326 -2.490963 13.15034 -10.21208 -2.490964 13.28356 -9.271705 -2.124935 12.8287 -7.941807 -3.374632 13.15034 -10.21208 -2.490964 13.15034 -8.331326 -2.490963 12.50708 -8.331324 -4.258303 13.15034 -10.21208 -2.490964 12.8287 -7.941807 -3.374632 12.37385 -9.271705 -4.62433 13.15034 -10.21208 -2.490964 12.50708 -8.331324 -4.258303 12.50708 -10.21208 -4.258303 13.15034 -10.21208 -2.490964 12.37385 -9.271705 -4.62433 12.8287 -10.60161 -3.374633 13.15034 -10.21208 -2.490964 12.50708 -10.21208 -4.258303 13.58137 -10.21208 -2.647848 12.8287 -10.60161 -3.374633 13.25974 -10.60161 -3.531517 13.15034 -10.21208 -2.490964 12.8287 -10.60161 -3.374633 13.58137 -10.21208 -2.647848 13.71459 -9.271705 -2.28182 13.15034 -10.21208 -2.490964 13.58137 -10.21208 -2.647848 13.28356 -9.271705 -2.124935 13.15034 -10.21208 -2.490964 13.71459 -9.271705 -2.28182 13.58137 -8.331324 -2.647847 13.28356 -9.271705 -2.124935 13.71459 -9.271705 -2.28182 13.15034 -8.331326 -2.490963 13.28356 -9.271705 -2.124935 13.58137 -8.331324 -2.647847 13.25974 -7.941807 -3.531517 13.15034 -8.331326 -2.490963 13.58137 -8.331324 -2.647847 12.8287 -7.941807 -3.374632 13.15034 -8.331326 -2.490963 13.25974 -7.941807 -3.531517 12.93811 -8.331324 -4.415187 12.8287 -7.941807 -3.374632 13.25974 -7.941807 -3.531517 12.50708 -8.331324 -4.258303 12.8287 -7.941807 -3.374632 12.93811 -8.331324 -4.415187 12.80489 -9.271705 -4.781215 12.50708 -8.331324 -4.258303 12.93811 -8.331324 -4.415187 12.37385 -9.271705 -4.62433 12.50708 -8.331324 -4.258303 12.80489 -9.271705 -4.781215 12.93811 -10.21208 -4.415187 12.37385 -9.271705 -4.62433 12.80489 -9.271705 -4.781215 12.50708 -10.21208 -4.258303 12.37385 -9.271705 -4.62433 12.93811 -10.21208 -4.415187 13.25974 -10.60161 -3.531517 12.50708 -10.21208 -4.258303 12.93811 -10.21208 -4.415187 12.8287 -10.60161 -3.374633 12.50708 -10.21208 -4.258303 13.25974 -10.60161 -3.531517 13.58137 -10.21208 -2.647848 13.25974 -10.60161 -3.531517 13.71459 -9.271705 -2.28182 13.71459 -9.271705 -2.28182 13.25974 -10.60161 -3.531517 13.58137 -8.331324 -2.647847 13.58137 -8.331324 -2.647847 13.25974 -10.60161 -3.531517 13.25974 -7.941807 -3.531517 13.25974 -7.941807 -3.531517 13.25974 -10.60161 -3.531517 12.93811 -8.331324 -4.415187 12.93811 -8.331324 -4.415187 13.25974 -10.60161 -3.531517 12.80489 -9.271705 -4.781215 12.80489 -9.271705 -4.781215 13.25974 -10.60161 -3.531517 12.93811 -10.21208 -4.415187 24.3974 -9.889411 -0.6072551 24.39744 -9.660049 -0.6074698 24.12936 -9.888286 0.9129028 24.12938 -9.660049 0.9127958 24.12936 -9.888286 0.9129028 24.39744 -9.660049 -0.6074698 22.49669 -9.774971 -0.9424019 22.68493 -9.660049 -0.9093208 22.68491 -9.889411 -0.9092137 22.22865 -9.773849 0.5777562 22.49669 -9.774971 -0.9424019 22.41687 -9.888286 0.6109446 22.68491 -9.889411 -0.9092137 22.41687 -9.888286 0.6109446 22.49669 -9.774971 -0.9424019 22.68491 -9.889411 -0.9092137 22.68493 -9.660049 -0.9093208 24.3974 -9.889411 -0.6072551 24.39744 -9.660049 -0.6074698 22.68493 -9.660049 -0.9093208 22.41688 -9.659498 0.6108907 22.41687 -9.888286 0.6109446 22.68491 -9.889411 -0.9092137 24.12936 -9.888286 0.9129028 24.3974 -9.889411 -0.6072551 24.12936 -9.888286 0.9129028 22.68491 -9.889411 -0.9092137 24.12936 -9.888286 0.9129028 22.41688 -9.659498 0.6108907 22.41687 -9.888286 0.6109446 24.12938 -9.660049 0.9127958 24.39744 -9.660049 -0.6074698 22.41688 -9.659498 0.6108907 22.41688 -9.659498 0.6108907 24.12936 -9.888286 0.9129028 24.12938 -9.660049 0.9127958 22.41687 -9.888286 0.6109446 22.41688 -9.659498 0.6108907 22.22865 -9.773849 0.5777562 22.68493 -9.660049 -0.9093208 24.39744 -9.660049 -0.6074698 24.3974 -9.889411 -0.6072551 22.49669 -9.774971 -0.9424019 22.22865 -9.773849 0.5777562 22.41688 -9.659498 0.6108907 22.41688 -9.659498 0.6108907 22.68493 -9.660049 -0.9093208 22.49669 -9.774971 -0.9424019 4.933497 -5.575035 -5.336176 7.596605 -5.575038 -5.71045 6.204244 -5.575038 -5.95596 4.933497 -5.575035 -5.336176 8.57874 -5.575035 -4.69342 7.596605 -5.575038 -5.71045 4.933497 -5.575035 -5.336176 8.775507 -5.575035 -3.293342 8.57874 -5.575035 -4.69342 4.26974 -5.575035 -4.087832 4.933497 -6.320682 -5.336176 4.26974 -6.320682 -4.087831 4.26974 -5.575035 -4.087832 4.933497 -5.575035 -5.336176 4.933497 -6.320682 -5.336176 4.933497 -5.575035 -5.336176 6.204244 -6.320682 -5.95596 4.933497 -6.320682 -5.336176 4.933497 -5.575035 -5.336176 6.204244 -5.575038 -5.95596 6.204244 -6.320682 -5.95596 6.204244 -5.575038 -5.95596 7.596605 -6.320682 -5.71045 6.204244 -6.320682 -5.95596 6.204244 -5.575038 -5.95596 7.596605 -5.575038 -5.71045 7.596605 -6.320682 -5.71045 7.596605 -5.575038 -5.71045 8.57874 -6.320682 -4.69342 7.596605 -6.320682 -5.71045 7.596605 -5.575038 -5.71045 8.57874 -5.575035 -4.69342 8.57874 -6.320682 -4.69342 8.57874 -5.575035 -4.69342 8.775507 -6.320682 -3.293342 8.57874 -6.320682 -4.69342 8.57874 -5.575035 -4.69342 8.775507 -5.575035 -3.293342 8.775507 -6.320682 -3.293342 7.596605 -6.320682 -5.71045 4.933497 -6.320682 -5.336176 6.204244 -6.320682 -5.95596 8.57874 -6.320682 -4.69342 4.933497 -6.320682 -5.336176 7.596605 -6.320682 -5.71045 8.775507 -6.320682 -3.293342 4.933497 -6.320682 -5.336176 8.57874 -6.320682 -4.69342 4.26974 -6.320682 -4.087831 4.933497 -6.320682 -5.336176 8.775507 -6.320682 -3.293342 8.413523 -5.575035 -1.24043 4.26974 -5.575035 -4.087832 3.907754 -5.575035 -2.034919 8.413523 -5.575035 -1.24043 8.775507 -5.575035 -3.293342 4.26974 -5.575035 -4.087832 4.933497 -5.575035 -5.336176 4.26974 -5.575035 -4.087832 8.775507 -5.575035 -3.293342 4.26974 -5.575035 -4.087832 4.26974 -6.320682 -4.087831 3.907754 -6.320682 -2.034919 3.907754 -6.320682 -2.034919 3.907754 -5.575035 -2.034919 4.26974 -5.575035 -4.087832 8.775507 -6.320682 -3.293342 8.775507 -5.575035 -3.293342 8.413523 -5.575035 -1.24043 8.413523 -5.575035 -1.24043 8.413523 -6.320682 -1.24043 8.775507 -6.320682 -3.293342 4.26974 -6.320682 -4.087831 8.775507 -6.320682 -3.293342 8.413523 -6.320682 -1.24043 8.413523 -6.320682 -1.24043 3.907754 -6.320682 -2.034919 4.26974 -6.320682 -4.087831 8.413523 -6.320682 -1.24043 8.413523 -5.575035 -1.24043 3.907754 -5.575035 -2.034919 8.413523 -6.320682 -1.24043 3.907754 -5.575035 -2.034919 3.907754 -6.320682 -2.034919 11.00185 -5.492151 -3.122239 11.16244 -5.492151 -1.98162 11.26759 -5.492151 -2.577946 11.00185 -5.492151 -3.122239 10.72657 -5.492151 -1.56104 11.16244 -5.492151 -1.98162 11.00185 -5.492151 -3.122239 10.12646 -5.492151 -1.476852 10.72657 -5.492151 -1.56104 10.46672 -5.492151 -3.406599 11.00185 -6.383678 -3.122239 10.46672 -6.383678 -3.406599 10.46672 -5.492151 -3.406599 11.00185 -5.492151 -3.122239 11.00185 -6.383678 -3.122239 11.00185 -5.492151 -3.122239 11.26759 -6.383678 -2.577946 11.00185 -6.383678 -3.122239 11.00185 -5.492151 -3.122239 11.26759 -5.492151 -2.577946 11.26759 -6.383678 -2.577946 11.26759 -5.492151 -2.577946 11.16244 -6.383678 -1.98162 11.26759 -6.383678 -2.577946 11.26759 -5.492151 -2.577946 11.16244 -5.492151 -1.98162 11.16244 -6.383678 -1.98162 11.16244 -5.492151 -1.98162 10.72657 -6.383678 -1.561041 11.16244 -6.383678 -1.98162 11.16244 -5.492151 -1.98162 10.72657 -5.492151 -1.56104 10.72657 -6.383678 -1.561041 10.72657 -5.492151 -1.56104 10.12646 -6.383678 -1.476852 10.72657 -6.383678 -1.561041 10.72657 -5.492151 -1.56104 10.12646 -5.492151 -1.476852 10.12646 -6.383678 -1.476852 11.16244 -6.383678 -1.98162 11.00185 -6.383678 -3.122239 11.26759 -6.383678 -2.577946 10.72657 -6.383678 -1.561041 11.00185 -6.383678 -3.122239 11.16244 -6.383678 -1.98162 10.12646 -6.383678 -1.476852 11.00185 -6.383678 -3.122239 10.72657 -6.383678 -1.561041 10.46672 -6.383678 -3.406599 11.00185 -6.383678 -3.122239 10.12646 -6.383678 -1.476852 9.246488 -5.492151 -1.632014 10.46672 -5.492151 -3.406599 9.586754 -5.492151 -3.561763 9.246488 -5.492151 -1.632014 10.12646 -5.492151 -1.476852 10.46672 -5.492151 -3.406599 11.00185 -5.492151 -3.122239 10.46672 -5.492151 -3.406599 10.12646 -5.492151 -1.476852 10.46672 -5.492151 -3.406599 10.46672 -6.383678 -3.406599 9.586754 -6.383678 -3.561763 9.586754 -6.383678 -3.561763 9.586754 -5.492151 -3.561763 10.46672 -5.492151 -3.406599 10.12646 -6.383678 -1.476852 10.12646 -5.492151 -1.476852 9.246488 -5.492151 -1.632014 9.246488 -5.492151 -1.632014 9.246488 -6.383678 -1.632014 10.12646 -6.383678 -1.476852 10.46672 -6.383678 -3.406599 10.12646 -6.383678 -1.476852 9.246488 -6.383678 -1.632014 9.246488 -6.383678 -1.632014 9.586754 -6.383678 -3.561763 10.46672 -6.383678 -3.406599 9.246488 -6.383678 -1.632014 9.246488 -5.492151 -1.632014 9.586754 -5.492151 -3.561763 9.246488 -6.383678 -1.632014 9.586754 -5.492151 -3.561763 9.586754 -6.383678 -3.561763 14.41973 -6.238403 -8.155577 16.22797 -7.867975 -8.813725 14.41973 -7.867975 -8.155578 17.31007 -6.238405 -0.2144301 20.28911 -7.867975 0.3108564 20.28911 -6.238405 0.3108544 20.28911 -4.008384 0.3108564 17.31007 -4.008384 -0.2144301 17.31007 -5.638326 -0.2144313 14.41973 -7.867975 -8.155578 16.22797 -7.867975 -8.813725 18.8846 -7.867975 -1.533906 18.8846 -7.867975 -1.533906 16.92165 -7.867975 -1.281602 14.41973 -7.867975 -8.155578 16.22797 -4.008384 -8.813725 14.41973 -4.008384 -8.155577 16.92165 -4.008384 -1.281602 16.92165 -4.008384 -1.281602 18.8846 -4.008384 -1.533907 16.22797 -4.008384 -8.813725 14.41929 -6.238403 -1.724417 12.3524 -5.638326 -7.403132 12.3524 -6.238403 -7.403132 12.3524 -5.638326 -7.403132 14.41929 -6.238403 -1.724417 14.41929 -5.638326 -1.724417 16.92165 -7.867975 -1.281602 18.8846 -7.867975 -1.533906 20.28911 -7.867975 0.3108564 20.28911 -7.867975 0.3108564 17.31007 -7.867975 -0.2144301 16.92165 -7.867975 -1.281602 20.28911 -5.638326 0.3108556 20.82061 -4.008384 -1.18882 20.28911 -4.008384 0.3108564 20.28911 -6.238405 0.3108544 20.28911 -7.867975 0.3108564 20.82062 -7.867975 -1.188818 18.8846 -4.008384 -1.533907 16.92165 -4.008384 -1.281602 17.31007 -4.008384 -0.2144301 17.31007 -4.008384 -0.2144301 20.28911 -4.008384 0.3108564 18.8846 -4.008384 -1.533907 15.31115 -6.534383 -0.8673613 16.92192 -6.534383 -1.283136 17.19267 -6.534383 -0.535598 15.31115 -5.342348 -0.8673613 15.21756 -5.638326 -0.5833973 17.1927 -5.342348 -0.535592 18.45052 -5.878099 -2.723395 18.45052 -4.558383 -2.723395 20.47042 -4.558383 -2.367742 18.45052 -5.878099 -2.723395 20.47042 -7.317974 -2.367741 18.45052 -7.317974 -2.723395 20.28911 -7.867975 0.3108564 18.8846 -7.867975 -1.533906 20.82062 -7.867975 -1.188818 20.28911 -4.008384 0.3108564 20.82061 -4.008384 -1.18882 18.8846 -4.008384 -1.533907 20.82061 -4.008384 -1.18882 20.82062 -7.867975 -1.188818 20.47042 -7.317974 -2.367741 20.47042 -7.317974 -2.367741 20.47042 -4.558383 -2.367742 20.82061 -4.008384 -1.18882 18.8846 -4.008384 -1.533907 20.82061 -4.008384 -1.18882 20.47042 -4.558383 -2.367742 20.47042 -4.558383 -2.367742 18.45052 -4.558383 -2.723395 18.8846 -4.008384 -1.533907 20.82062 -7.867975 -1.188818 18.8846 -7.867975 -1.533906 18.45052 -7.317974 -2.723395 18.45052 -7.317974 -2.723395 20.47042 -7.317974 -2.367741 20.82062 -7.867975 -1.188818 18.8846 -4.008384 -1.533907 18.45052 -4.558383 -2.723395 16.22797 -4.008384 -8.813725 16.22797 -4.008384 -8.813725 18.45052 -5.878099 -2.723395 16.22797 -7.867975 -8.813725 18.45052 -4.558383 -2.723395 18.45052 -5.878099 -2.723395 16.22797 -4.008384 -8.813725 18.8846 -7.867975 -1.533906 16.22797 -7.867975 -8.813725 18.45052 -7.317974 -2.723395 14.52096 -6.534381 -7.877532 16.92165 -7.867975 -1.281602 16.92192 -6.534383 -1.283136 16.92165 -7.867975 -1.281602 14.52096 -6.534381 -7.877532 14.41973 -7.867975 -8.155578 14.52097 -5.342346 -7.877537 14.41973 -4.008384 -8.155577 14.41973 -5.638326 -8.155578 14.41973 -4.008384 -8.155577 14.52097 -5.342346 -7.877537 16.92165 -4.008384 -1.281602 16.92192 -6.534383 -1.283136 16.92165 -7.867975 -1.281602 17.19267 -6.534383 -0.535598 17.31007 -7.867975 -0.2144301 17.19267 -6.534383 -0.535598 16.92165 -7.867975 -1.281602 17.1927 -5.342348 -0.535592 16.92165 -4.008384 -1.281602 16.92192 -5.342348 -1.283137 17.1927 -5.342348 -0.535592 17.31007 -5.638326 -0.2144313 17.31007 -4.008384 -0.2144301 20.47042 -7.317974 -2.367741 18.45052 -5.878099 -2.723395 20.47042 -4.558383 -2.367742 18.45052 -5.878099 -2.723395 18.45052 -7.317974 -2.723395 16.22797 -7.867975 -8.813725 14.41973 -5.638326 -8.155578 14.41973 -4.008384 -8.155577 16.22797 -4.008384 -8.813725 16.22797 -7.867975 -8.813725 14.41973 -6.238403 -8.155577 16.22797 -4.008384 -8.813725 12.73166 -6.534381 -7.22628 14.52096 -6.534381 -7.877532 16.92192 -6.534383 -1.283136 15.21756 -6.238405 -0.5833973 14.58234 -5.638326 -0.9889342 14.58234 -6.238405 -0.9889342 14.58234 -5.638326 -0.9889342 15.21756 -6.238405 -0.5833973 15.21756 -5.638326 -0.5833973 14.71517 -5.342348 -1.721836 14.83698 -5.342348 -1.172403 16.92192 -5.342348 -1.283137 12.73166 -5.342348 -7.22628 14.71517 -5.342348 -1.721836 14.52097 -5.342346 -7.877537 15.31115 -6.534383 -0.8673613 14.83698 -6.534383 -1.172403 16.92192 -6.534383 -1.283136 12.3524 -5.638326 -7.403132 12.73166 -5.342348 -7.22628 14.41973 -5.638326 -8.155578 14.71517 -6.534383 -1.721836 12.73166 -6.534381 -7.22628 16.92192 -6.534383 -1.283136 17.19267 -6.534383 -0.535598 17.31007 -6.238405 -0.2144301 15.21756 -6.238405 -0.5833973 20.28911 -7.867975 0.3108564 17.31007 -6.238405 -0.2144301 17.31007 -7.867975 -0.2144301 17.31007 -6.238405 -0.2144301 15.21756 -5.638326 -0.5833973 15.21756 -6.238405 -0.5833973 14.41929 -6.238403 -1.724417 12.3524 -6.238403 -7.403132 12.73166 -6.534381 -7.22628 12.73166 -6.534381 -7.22628 14.71517 -6.534383 -1.721836 14.41929 -6.238403 -1.724417 12.3524 -5.638326 -7.403132 14.41929 -5.638326 -1.724417 14.71517 -5.342348 -1.721836 14.71517 -5.342348 -1.721836 12.73166 -5.342348 -7.22628 12.3524 -5.638326 -7.403132 17.31007 -5.638326 -0.2144313 17.1927 -5.342348 -0.535592 15.21756 -5.638326 -0.5833973 14.41973 -6.238403 -8.155577 12.73166 -6.534381 -7.22628 12.3524 -6.238403 -7.403132 14.83698 -6.534383 -1.172403 14.58234 -6.238405 -0.9889342 14.71517 -6.534383 -1.721836 14.83698 -6.534383 -1.172403 15.31115 -6.534383 -0.8673613 15.21756 -6.238405 -0.5833973 14.58234 -5.638326 -0.9889342 15.21756 -5.638326 -0.5833973 15.31115 -5.342348 -0.8673613 14.83698 -5.342348 -1.172403 14.71517 -5.342348 -1.721836 14.41929 -5.638326 -1.724417 14.52097 -5.342346 -7.877537 14.41973 -5.638326 -8.155578 12.73166 -5.342348 -7.22628 17.19267 -6.534383 -0.535598 15.21756 -6.238405 -0.5833973 15.31115 -6.534383 -0.8673613 20.28911 -5.638326 0.3108556 17.31007 -5.638326 -0.2144313 17.31007 -6.238405 -0.2144301 17.31007 -5.638326 -0.2144313 15.21756 -5.638326 -0.5833973 17.31007 -6.238405 -0.2144301 12.3524 -6.238403 -7.403132 12.3524 -5.638326 -7.403132 14.41973 -5.638326 -8.155578 12.3524 -6.238403 -7.403132 14.41973 -5.638326 -8.155578 14.41973 -6.238403 -8.155577 14.41973 -6.238403 -8.155577 14.41973 -5.638326 -8.155578 16.22797 -4.008384 -8.813725 16.92165 -4.008384 -1.281602 17.1927 -5.342348 -0.535592 17.31007 -4.008384 -0.2144301 15.31115 -5.342348 -0.8673613 17.1927 -5.342348 -0.535592 16.92192 -5.342348 -1.283137 17.19267 -6.534383 -0.535598 17.31007 -7.867975 -0.2144301 17.31007 -6.238405 -0.2144301 14.71517 -5.342348 -1.721836 16.92192 -5.342348 -1.283137 14.52097 -5.342346 -7.877537 16.92192 -5.342348 -1.283137 16.92165 -4.008384 -1.281602 14.52097 -5.342346 -7.877537 12.73166 -6.534381 -7.22628 14.41973 -6.238403 -8.155577 14.52096 -6.534381 -7.877532 14.52096 -6.534381 -7.877532 14.41973 -6.238403 -8.155577 14.41973 -7.867975 -8.155578 14.58234 -5.638326 -0.9889342 14.83698 -5.342348 -1.172403 14.41929 -5.638326 -1.724417 14.83698 -5.342348 -1.172403 15.31115 -5.342348 -0.8673613 16.92192 -5.342348 -1.283137 14.83698 -5.342348 -1.172403 14.58234 -5.638326 -0.9889342 15.31115 -5.342348 -0.8673613 14.41929 -5.638326 -1.724417 14.58234 -6.238405 -0.9889342 14.58234 -5.638326 -0.9889342 14.58234 -6.238405 -0.9889342 14.41929 -5.638326 -1.724417 14.41929 -6.238403 -1.724417 14.58234 -6.238405 -0.9889342 14.41929 -6.238403 -1.724417 14.71517 -6.534383 -1.721836 14.58234 -6.238405 -0.9889342 14.83698 -6.534383 -1.172403 15.21756 -6.238405 -0.5833973 14.83698 -6.534383 -1.172403 14.71517 -6.534383 -1.721836 16.92192 -6.534383 -1.283136 20.82061 -4.008384 -1.18882 20.28911 -5.638326 0.3108556 20.82062 -7.867975 -1.188818 17.31007 -5.638326 -0.2144313 20.28911 -5.638326 0.3108556 20.28911 -4.008384 0.3108564 17.31007 -6.238405 -0.2144301 20.28911 -6.238405 0.3108544 20.28911 -5.638326 0.3108556 20.28911 -5.638326 0.3108556 20.28911 -6.238405 0.3108544 20.82062 -7.867975 -1.188818 35.14591 -5.93835 2.368608 35.04058 -5.700193 2.456991 34.93525 -5.93835 2.545375 35.14591 -5.93835 2.368608 35.25123 -5.700193 2.280224 35.04058 -5.700193 2.456991 35.14591 -5.93835 2.368608 35.35657 -5.93835 2.191842 35.25123 -5.700193 2.280224 35.14591 -5.93835 2.368608 35.25123 -6.176507 2.280224 35.35657 -5.93835 2.191842 35.14591 -5.93835 2.368608 35.04058 -6.176506 2.456991 35.25123 -6.176507 2.280224 35.14591 -5.93835 2.368608 34.93525 -5.93835 2.545375 35.04058 -6.176506 2.456991 34.93525 -5.93835 2.545375 34.33351 -5.700193 1.614342 34.22818 -5.93835 1.702725 34.93525 -5.93835 2.545375 35.04058 -5.700193 2.456991 34.33351 -5.700193 1.614342 35.04058 -5.700193 2.456991 34.54417 -5.700193 1.437576 34.33351 -5.700193 1.614342 35.04058 -5.700193 2.456991 35.25123 -5.700193 2.280224 34.54417 -5.700193 1.437576 35.25123 -5.700193 2.280224 34.6495 -5.93835 1.349192 34.54417 -5.700193 1.437576 35.25123 -5.700193 2.280224 35.35657 -5.93835 2.191842 34.6495 -5.93835 1.349192 35.35657 -5.93835 2.191842 34.54417 -6.176507 1.437576 34.6495 -5.93835 1.349192 35.35657 -5.93835 2.191842 35.25123 -6.176507 2.280224 34.54417 -6.176507 1.437576 35.25123 -6.176507 2.280224 34.33351 -6.176506 1.614342 34.54417 -6.176507 1.437576 35.25123 -6.176507 2.280224 35.04058 -6.176506 2.456991 34.33351 -6.176506 1.614342 35.04058 -6.176506 2.456991 34.22818 -5.93835 1.702725 34.33351 -6.176506 1.614342 35.04058 -6.176506 2.456991 34.93525 -5.93835 2.545375 34.22818 -5.93835 1.702725 34.43885 -5.93835 1.525959 34.22818 -5.93835 1.702725 34.33351 -5.700193 1.614342 34.43885 -5.93835 1.525959 34.33351 -5.700193 1.614342 34.54417 -5.700193 1.437576 34.43885 -5.93835 1.525959 34.54417 -5.700193 1.437576 34.6495 -5.93835 1.349192 34.43885 -5.93835 1.525959 34.6495 -5.93835 1.349192 34.54417 -6.176507 1.437576 34.43885 -5.93835 1.525959 34.54417 -6.176507 1.437576 34.33351 -6.176506 1.614342 34.43885 -5.93835 1.525959 34.33351 -6.176506 1.614342 34.22818 -5.93835 1.702725 9.846579 -8.215865 -6.548996 9.773011 -7.969744 -6.131763 9.622795 -5.938177 -5.279844 9.846579 -8.215865 -6.548996 10.64701 -5.938177 -11.08847 10.42322 -8.215865 -9.819322 10.42322 -8.215865 -9.819322 10.64701 -5.938177 -11.08847 10.49831 -7.969744 -10.24519 10.64701 -5.938177 -11.08847 9.846579 -8.215865 -6.548996 9.622795 -5.938177 -5.279844 10.64701 -5.938177 -11.08847 9.846579 -3.660489 -6.548996 10.42323 -3.660489 -9.819322 10.49832 -3.906608 -10.24519 10.64701 -5.938177 -11.08847 10.42323 -3.660489 -9.819322 9.622795 -5.938177 -5.279844 9.846579 -3.660489 -6.548996 10.64701 -5.938177 -11.08847 9.846579 -3.660489 -6.548996 9.622795 -5.938177 -5.279844 9.773011 -3.906608 -6.131762 10.42322 -8.215865 -9.819322 12.36054 -7.969744 -9.916829 12.28545 -8.215867 -9.490962 10.42322 -8.215865 -9.819322 10.49831 -7.969744 -10.24519 12.36054 -7.969744 -9.916829 10.49831 -7.969744 -10.24519 12.50923 -5.938177 -10.76011 12.36054 -7.969744 -9.916829 10.49831 -7.969744 -10.24519 10.64701 -5.938177 -11.08847 12.50923 -5.938177 -10.76011 10.64701 -5.938177 -11.08847 12.36054 -3.90661 -9.916827 12.50923 -5.938177 -10.76011 10.64701 -5.938177 -11.08847 10.49832 -3.906608 -10.24519 12.36054 -3.90661 -9.916827 10.49832 -3.906608 -10.24519 12.28545 -3.660491 -9.490962 12.36054 -3.90661 -9.916827 10.49832 -3.906608 -10.24519 10.42323 -3.660489 -9.819322 12.28545 -3.660491 -9.490962 10.42323 -3.660489 -9.819322 9.846579 -3.660489 -6.548996 12.28545 -3.660491 -9.490962 9.846579 -3.660489 -6.548996 11.63523 -3.90661 -5.803402 11.7088 -3.660491 -6.220635 9.846579 -3.660489 -6.548996 9.773011 -3.906608 -6.131762 11.63523 -3.90661 -5.803402 9.773011 -3.906608 -6.131762 11.48501 -5.938179 -4.951485 11.63523 -3.90661 -5.803402 9.773011 -3.906608 -6.131762 9.622795 -5.938177 -5.279844 11.48501 -5.938179 -4.951485 9.622795 -5.938177 -5.279844 11.63523 -7.969746 -5.803403 11.48501 -5.938179 -4.951485 9.622795 -5.938177 -5.279844 9.773011 -7.969744 -6.131763 11.63523 -7.969746 -5.803403 9.773011 -7.969744 -6.131763 11.7088 -8.215867 -6.220637 11.63523 -7.969746 -5.803403 9.773011 -7.969744 -6.131763 9.846579 -8.215865 -6.548996 11.7088 -8.215867 -6.220637 9.846579 -8.215865 -6.548996 10.42322 -8.215865 -9.819322 11.7088 -8.215867 -6.220637 11.7088 -8.215867 -6.220637 14.27273 -7.707369 -7.749702 13.99009 -7.707369 -6.146749 14.27273 -7.707369 -7.749702 12.28545 -8.215867 -9.490962 14.4527 -6.671001 -8.770327 11.7088 -8.215867 -6.220637 12.28545 -8.215867 -9.490962 14.27273 -7.707369 -7.749702 12.28545 -8.215867 -9.490962 12.36054 -7.969744 -9.916829 14.4527 -6.671001 -8.770327 12.36054 -7.969744 -9.916829 12.50923 -5.938177 -10.76011 14.4527 -6.671001 -8.770327 12.50923 -5.938177 -10.76011 14.4527 -5.205356 -8.770326 14.4527 -6.671001 -8.770327 12.50923 -5.938177 -10.76011 12.36054 -3.90661 -9.916827 14.4527 -5.205356 -8.770326 12.36054 -3.90661 -9.916827 12.28545 -3.660491 -9.490962 14.4527 -5.205356 -8.770326 14.4527 -5.205356 -8.770326 12.28545 -3.660491 -9.490962 14.27274 -4.587945 -7.749702 11.7088 -3.660491 -6.220635 12.28545 -3.660491 -9.490962 9.846579 -3.660489 -6.548996 14.27274 -4.587945 -7.749702 12.28545 -3.660491 -9.490962 11.7088 -3.660491 -6.220635 14.27274 -4.587945 -7.749702 11.7088 -3.660491 -6.220635 13.99009 -4.587945 -6.146749 11.7088 -3.660491 -6.220635 11.63523 -3.90661 -5.803402 13.99009 -4.587945 -6.146749 11.63523 -7.969746 -5.803403 11.7088 -8.215867 -6.220637 13.99009 -7.707369 -6.146749 11.7088 -8.215867 -6.220637 10.42322 -8.215865 -9.819322 12.28545 -8.215867 -9.490962 13.99009 -7.707369 -6.146749 14.27273 -7.707369 -7.749702 16.03547 -6.741744 -6.47016 16.03547 -6.741744 -6.47016 15.91849 -6.741744 -5.806721 13.99009 -7.707369 -6.146749 14.27273 -7.707369 -7.749702 14.4527 -6.671001 -8.770327 16.11819 -6.265384 -6.939282 16.11819 -6.265384 -6.939282 16.03547 -6.741744 -6.47016 14.27273 -7.707369 -7.749702 14.4527 -6.671001 -8.770327 14.4527 -5.205356 -8.770326 16.11819 -5.591711 -6.939282 16.11819 -5.591711 -6.939282 16.11819 -6.265384 -6.939282 14.4527 -6.671001 -8.770327 16.11819 -5.591711 -6.939282 14.27274 -4.587945 -7.749702 16.03547 -5.115352 -6.47016 14.27274 -4.587945 -7.749702 16.11819 -5.591711 -6.939282 14.4527 -5.205356 -8.770326 16.03547 -5.115352 -6.47016 13.99009 -4.587945 -6.146749 15.91849 -5.115352 -5.806721 13.99009 -4.587945 -6.146749 16.03547 -5.115352 -6.47016 14.27274 -4.587945 -7.749702 15.83577 -5.591711 -5.337597 15.91849 -5.115352 -5.806721 13.99009 -4.587945 -6.146749 13.99009 -4.587945 -6.146749 11.63523 -3.90661 -5.803402 15.83577 -5.591711 -5.337597 15.83577 -5.591711 -5.337597 11.48501 -5.938179 -4.951485 15.83577 -6.265384 -5.337597 11.48501 -5.938179 -4.951485 15.83577 -5.591711 -5.337597 11.63523 -3.90661 -5.803402 11.48501 -5.938179 -4.951485 11.63523 -7.969746 -5.803403 15.83577 -6.265384 -5.337597 11.63523 -7.969746 -5.803403 13.99009 -7.707369 -6.146749 15.83577 -6.265384 -5.337597 15.91849 -6.741744 -5.806721 15.83577 -6.265384 -5.337597 13.99009 -7.707369 -6.146749 15.91849 -6.741744 -5.806721 16.03547 -6.741744 -6.47016 16.03547 -5.115352 -6.47016 16.03547 -6.741744 -6.47016 16.11819 -6.265384 -6.939282 16.03547 -5.115352 -6.47016 16.11819 -6.265384 -6.939282 16.11819 -5.591711 -6.939282 16.03547 -5.115352 -6.47016 15.91849 -5.115352 -5.806721 15.83577 -5.591711 -5.337597 15.83577 -6.265384 -5.337597 15.91849 -5.115352 -5.806721 15.83577 -6.265384 -5.337597 15.91849 -6.741744 -5.806721 15.91849 -5.115352 -5.806721 15.91849 -6.741744 -5.806721 16.03547 -5.115352 -6.47016 31.59548 -9.561645 4.039681 22.42764 -9.88591 1.52627 31.85688 -10.11173 2.554689 22.65843 -10.11193 0.9327817 23.23725 -10.04513 -2.349842 31.62639 -10.11757 0.2703796 31.85688 -10.11173 2.554689 22.65843 -10.11193 0.9327817 31.62639 -10.11757 0.2703796 31.59548 -9.561645 4.039681 21.40443 -9.558713 2.242725 21.98729 -9.695291 1.986261 31.62639 -10.11757 0.2703796 23.23725 -10.04513 -2.349842 30.6416 -10.04513 -1.043754 22.42764 -9.88591 1.52627 22.65843 -10.11193 0.9327817 31.85688 -10.11173 2.554689 31.59548 -9.561645 4.039681 31.38552 -8.581448 5.232908 21.40443 -9.558713 2.242725 20.54359 -8.586804 3.324006 20.7678 -9.445732 2.256616 21.40443 -9.558713 2.242725 20.54359 -8.586804 3.324006 21.40443 -9.558713 2.242725 31.38552 -8.581448 5.232908 31.59548 -9.561645 4.039681 21.98729 -9.695291 1.986261 22.42764 -9.88591 1.52627 22.44104 -9.670225 1.44945 31.61511 -9.362079 3.928375 31.86592 -9.88842 2.503179 23.23469 -9.816255 -2.335314 31.86592 -9.88842 2.503179 31.62805 -9.88842 0.2609561 21.4286 -9.371969 2.111792 31.61511 -9.362079 3.928375 22.00137 -9.480739 1.906444 23.23469 -9.816255 -2.335314 31.62805 -9.88842 0.2609561 30.63904 -9.816255 -1.029214 22.66725 -9.888286 0.88273 22.44104 -9.670225 1.44945 31.86592 -9.88842 2.503179 31.41739 -8.430495 5.063205 31.61511 -9.362079 3.928375 21.4286 -9.371969 2.111792 20.83044 -9.267602 2.126434 20.61122 -8.439539 3.161709 21.4286 -9.371969 2.111792 23.23469 -9.816255 -2.335314 22.66725 -9.888286 0.88273 31.86592 -9.88842 2.503179 21.4286 -9.371969 2.111792 20.61122 -8.439539 3.161709 31.41739 -8.430495 5.063205 22.00137 -9.480739 1.906444 31.61511 -9.362079 3.928375 22.44104 -9.670225 1.44945 31.59548 -9.561645 4.039681 31.85688 -10.11173 2.554689 31.86592 -9.88842 2.503179 31.86592 -9.88842 2.503179 31.61511 -9.362079 3.928375 31.59548 -9.561645 4.039681 23.23725 -10.04513 -2.349842 22.65843 -10.11193 0.9327817 23.23469 -9.816255 -2.335314 31.85688 -10.11173 2.554689 31.62639 -10.11757 0.2703796 31.62805 -9.88842 0.2609561 31.62805 -9.88842 0.2609561 31.86592 -9.88842 2.503179 31.85688 -10.11173 2.554689 21.98729 -9.695291 1.986261 21.40443 -9.558713 2.242725 21.4286 -9.371969 2.111792 21.4286 -9.371969 2.111792 22.00137 -9.480739 1.906444 21.98729 -9.695291 1.986261 31.62639 -10.11757 0.2703796 30.6416 -10.04513 -1.043754 30.63904 -9.816255 -1.029214 30.63904 -9.816255 -1.029214 31.62805 -9.88842 0.2609561 31.62639 -10.11757 0.2703796 30.6416 -10.04513 -1.043754 23.23725 -10.04513 -2.349842 23.23469 -9.816255 -2.335314 23.23469 -9.816255 -2.335314 30.63904 -9.816255 -1.029214 30.6416 -10.04513 -1.043754 22.65843 -10.11193 0.9327817 22.42764 -9.88591 1.52627 22.44104 -9.670225 1.44945 22.44104 -9.670225 1.44945 22.66725 -9.888286 0.88273 22.65843 -10.11193 0.9327817 31.38552 -8.581448 5.232908 31.59548 -9.561645 4.039681 31.61511 -9.362079 3.928375 31.61511 -9.362079 3.928375 31.41739 -8.430495 5.063205 31.38552 -8.581448 5.232908 21.40443 -9.558713 2.242725 20.7678 -9.445732 2.256616 20.83044 -9.267602 2.126434 20.83044 -9.267602 2.126434 21.4286 -9.371969 2.111792 21.40443 -9.558713 2.242725 22.66725 -9.888286 0.88273 23.23469 -9.816255 -2.335314 22.65843 -10.11193 0.9327817 22.42764 -9.88591 1.52627 21.98729 -9.695291 1.986261 22.00137 -9.480739 1.906444 22.00137 -9.480739 1.906444 22.44104 -9.670225 1.44945 22.42764 -9.88591 1.52627 20.54359 -8.586804 3.324006 31.38552 -8.581448 5.232908 31.41739 -8.430495 5.063205 20.54359 -8.586804 3.324006 31.41739 -8.430495 5.063205 20.61122 -8.439539 3.161709 20.61122 -8.439539 3.161709 20.83044 -9.267602 2.126434 20.7678 -9.445732 2.256616 20.7678 -9.445732 2.256616 20.54359 -8.586804 3.324006 20.61122 -8.439539 3.161709 18.8937 -6.84667 0.4533454 20.28911 -6.846668 0.3108559 20.22267 -6.846668 0.6876788 18.8937 -5.030063 0.4533454 18.72949 -5.549404 0.9516027 20.22271 -5.030063 0.6876879 18.72949 -6.327329 0.9516027 17.61489 -5.549402 0.2400272 17.61489 -6.327329 0.2400272 17.61489 -5.549402 0.2400272 18.72949 -6.327329 0.9516027 18.72949 -5.549404 0.9516027 18.8937 -6.84667 0.4533454 18.0617 -6.846668 -0.08189702 20.28911 -6.846668 0.3108559 20.22267 -6.846668 0.6876788 20.13251 -6.327329 1.198999 18.72949 -6.327329 0.9516027 20.13251 -6.327329 1.198999 18.72949 -5.549404 0.9516027 18.72949 -6.327329 0.9516027 20.13251 -5.549404 1.198996 20.22271 -5.030063 0.6876879 18.72949 -5.549404 0.9516027 18.0617 -6.846668 -0.08189702 17.61489 -6.327329 0.2400272 17.51996 -6.327329 -0.1774201 18.0617 -6.846668 -0.08189702 18.8937 -6.84667 0.4533454 18.72949 -6.327329 0.9516027 17.61489 -5.549402 0.2400272 18.72949 -5.549404 0.9516027 18.8937 -5.030063 0.4533454 20.22267 -6.846668 0.6876788 18.72949 -6.327329 0.9516027 18.8937 -6.84667 0.4533454 20.13251 -5.549404 1.198996 18.72949 -5.549404 0.9516027 20.13251 -6.327329 1.198999 18.8937 -5.030063 0.4533454 20.22271 -5.030063 0.6876879 20.28911 -5.030063 0.3108537 17.61489 -5.549402 0.2400272 18.0617 -5.030061 -0.08189702 17.51996 -5.549402 -0.1774201 18.0617 -5.030061 -0.08189702 18.8937 -5.030063 0.4533454 20.28911 -5.030063 0.3108537 18.0617 -5.030061 -0.08189702 17.61489 -5.549402 0.2400272 18.8937 -5.030063 0.4533454 17.51996 -5.549402 -0.1774201 17.51996 -6.327329 -0.1774201 17.61489 -5.549402 0.2400272 17.61489 -6.327329 0.2400272 18.0617 -6.846668 -0.08189702 18.72949 -6.327329 0.9516027 20.28911 -6.846668 0.3108559 32.65666 -6.846668 2.880121 20.22267 -6.846668 0.6876788 32.65666 -6.846668 2.880121 32.27212 -6.327329 3.339541 20.13251 -6.327329 1.198999 20.13251 -6.327329 1.198999 20.22267 -6.846668 0.6876788 32.65666 -6.846668 2.880121 32.27212 -5.549404 3.339539 32.65671 -5.030063 2.88013 20.22271 -5.030063 0.6876879 20.22271 -5.030063 0.6876879 20.13251 -5.549404 1.198996 32.27212 -5.549404 3.339539 32.27212 -6.327329 3.339541 32.27212 -5.549404 3.339539 20.13251 -5.549404 1.198996 20.13251 -5.549404 1.198996 20.13251 -6.327329 1.198999 32.27212 -6.327329 3.339541 20.28911 -5.030063 0.3108537 20.22271 -5.030063 0.6876879 32.65671 -5.030063 2.88013 17.61489 -6.327329 0.2400272 17.61489 -5.549402 0.2400272 17.51996 -6.327329 -0.1774201 33.96594 -5.030063 1.319261 20.52907 -5.030063 -1.05002 20.28911 -5.030063 0.3108537 33.96594 -5.030063 1.319261 34.35242 -5.549404 0.860193 20.61923 -5.549404 -1.561339 20.61923 -5.549404 -1.561339 20.52907 -5.030063 -1.05002 33.96594 -5.030063 1.319261 34.35242 -6.327329 0.8601942 33.96599 -6.846668 1.319267 20.52912 -6.846668 -1.050015 20.52912 -6.846668 -1.050015 20.61923 -6.327329 -1.561338 34.35242 -6.327329 0.8601942 34.35242 -5.549404 0.860193 34.35242 -6.327329 0.8601942 20.61923 -6.327329 -1.561338 20.61923 -6.327329 -1.561338 20.61923 -5.549404 -1.561339 34.35242 -5.549404 0.860193 33.96599 -6.846668 1.319267 32.65666 -6.846668 2.880121 20.28911 -6.846668 0.3108559 33.96599 -6.846668 1.319267 20.28911 -6.846668 0.3108559 20.52912 -6.846668 -1.050015 32.65671 -5.030063 2.88013 33.96594 -5.030063 1.319261 20.28911 -5.030063 0.3108537 34.01138 -5.938386 2.896658 33.93489 -5.659412 3.415807 33.93494 -6.217346 3.415758 33.93494 -6.217346 3.415758 34.22168 -6.605413 3.073143 34.01138 -5.938386 2.896658 35.21081 -5.659574 1.89551 34.92271 -5.271322 2.238795 34.71239 -5.93835 2.062321 34.71239 -5.93835 2.062321 35.21085 -6.217132 1.895468 35.21081 -5.659574 1.89551 34.71239 -5.93835 2.062321 34.01138 -5.938386 2.896658 34.22168 -6.605413 3.073143 34.01138 -5.938386 2.896658 34.71239 -5.93835 2.062321 34.92271 -5.271322 2.238795 18.0617 -6.846668 -0.08189702 17.51996 -6.327329 -0.1774201 17.51996 -5.549402 -0.1774201 17.51996 -5.549402 -0.1774201 18.0617 -5.030061 -0.08189702 18.0617 -6.846668 -0.08189702 20.28911 -6.846668 0.3108559 18.0617 -6.846668 -0.08189702 18.0617 -5.030061 -0.08189702 18.0617 -5.030061 -0.08189702 20.28911 -5.030063 0.3108537 20.28911 -6.846668 0.3108559 20.61923 -6.327329 -1.561338 20.52912 -6.846668 -1.050015 20.52907 -5.030063 -1.05002 20.52907 -5.030063 -1.05002 20.61923 -5.549404 -1.561339 20.61923 -6.327329 -1.561338 20.52912 -6.846668 -1.050015 20.28911 -6.846668 0.3108559 20.28911 -5.030063 0.3108537 20.28911 -5.030063 0.3108537 20.52907 -5.030063 -1.05002 20.52912 -6.846668 -1.050015 32.27212 -6.327329 3.339541 32.65666 -6.846668 2.880121 34.22168 -6.605413 3.073143 34.22168 -6.605413 3.073143 33.93494 -6.217346 3.415758 32.27212 -6.327329 3.339541 32.65671 -5.030063 2.88013 32.27212 -5.549404 3.339539 33.93489 -5.659412 3.415807 33.93489 -5.659412 3.415807 34.22173 -5.271357 3.073145 32.65671 -5.030063 2.88013 32.27212 -5.549404 3.339539 32.27212 -6.327329 3.339541 33.93494 -6.217346 3.415758 33.93494 -6.217346 3.415758 33.93489 -5.659412 3.415807 32.27212 -5.549404 3.339539 34.35242 -5.549404 0.860193 33.96594 -5.030063 1.319261 34.92271 -5.271322 2.238795 34.92271 -5.271322 2.238795 35.21081 -5.659574 1.89551 34.35242 -5.549404 0.860193 33.96599 -6.846668 1.319267 34.35242 -6.327329 0.8601942 35.21085 -6.217132 1.895468 35.21085 -6.217132 1.895468 34.92274 -6.605375 2.238819 33.96599 -6.846668 1.319267 34.35242 -6.327329 0.8601942 34.35242 -5.549404 0.860193 35.21081 -5.659574 1.89551 35.21081 -5.659574 1.89551 35.21085 -6.217132 1.895468 34.35242 -6.327329 0.8601942 32.65666 -6.846668 2.880121 33.96599 -6.846668 1.319267 34.92274 -6.605375 2.238819 34.92274 -6.605375 2.238819 34.22168 -6.605413 3.073143 32.65666 -6.846668 2.880121 33.96594 -5.030063 1.319261 32.65671 -5.030063 2.88013 34.22173 -5.271357 3.073145 34.22173 -5.271357 3.073145 34.92271 -5.271322 2.238795 33.96594 -5.030063 1.319261 34.92271 -5.271322 2.238795 34.22173 -5.271357 3.073145 34.01138 -5.938386 2.896658 33.93489 -5.659412 3.415807 34.01138 -5.938386 2.896658 34.22173 -5.271357 3.073145 34.22168 -6.605413 3.073143 34.92274 -6.605375 2.238819 34.71239 -5.93835 2.062321 35.21085 -6.217132 1.895468 34.71239 -5.93835 2.062321 34.92274 -6.605375 2.238819 26.65925 -3.865901 -0.08310651 25.03788 -3.783469 0.43601 26.70081 -3.644563 0.1531332 28 -3.846624 -0.284344 26.65925 -3.865901 -0.08310651 28.02005 -3.6343 -0.01438069 28.02005 -3.6343 -0.01438069 26.65925 -3.865901 -0.08310651 26.70081 -3.644563 0.1531332 25.07988 -3.76263 0.7353535 26.70081 -3.644563 0.1531332 25.03788 -3.783469 0.43601 25.03788 -3.783469 0.43601 26.65925 -3.865901 -0.08310651 25.01761 -3.991838 0.2477496 28 -3.846624 -0.284344 28.00805 -4.178863 -0.2593515 26.65925 -3.865901 -0.08310651 26.65925 -3.865901 -0.08310651 28.00805 -4.178863 -0.2593515 26.69378 -4.191974 -0.07413482 25.01761 -3.991838 0.2477496 26.65925 -3.865901 -0.08310651 25.03096 -4.265676 0.2808495 25.03096 -4.265676 0.2808495 26.65925 -3.865901 -0.08310651 26.69378 -4.191974 -0.07413482 28.00805 -4.178863 -0.2593515 28.03188 -4.332753 -0.01894164 26.69378 -4.191974 -0.07413482 26.69378 -4.191974 -0.07413482 28.03188 -4.332753 -0.01894164 26.76079 -4.332501 0.1229477 25.03096 -4.265676 0.2808495 26.69378 -4.191974 -0.07413482 25.0701 -4.444575 0.5159243 25.0701 -4.444575 0.5159243 26.69378 -4.191974 -0.07413482 26.76079 -4.332501 0.1229477 28.03188 -4.332753 -0.01894164 28.05605 -4.281493 0.2659078 26.76079 -4.332501 0.1229477 26.76079 -4.332501 0.1229477 28.05605 -4.281493 0.2659078 26.81977 -4.269059 0.3654499 25.0701 -4.444575 0.5159243 26.76079 -4.332501 0.1229477 25.1121 -4.423738 0.8152688 25.1121 -4.423738 0.8152688 26.76079 -4.332501 0.1229477 26.81977 -4.269059 0.3654499 25.13356 -4.215367 0.9577394 25.1121 -4.423738 0.8152688 26.8232 -3.902383 0.515648 26.8232 -3.902383 0.515648 25.1121 -4.423738 0.8152688 26.81977 -4.269059 0.3654499 28.0638 -3.916093 0.4256283 26.8232 -3.902383 0.515648 28.05605 -4.281493 0.2659078 28.05605 -4.281493 0.2659078 26.8232 -3.902383 0.515648 26.81977 -4.269059 0.3654499 25.12021 -3.941528 0.9246366 25.13356 -4.215367 0.9577394 26.8232 -3.902383 0.515648 26.70081 -3.644563 0.1531332 25.07988 -3.76263 0.7353535 26.76819 -3.686141 0.3898595 28.02005 -3.6343 -0.01438069 26.70081 -3.644563 0.1531332 28.04585 -3.689312 0.2672126 28.04585 -3.689312 0.2672126 26.70081 -3.644563 0.1531332 26.76819 -3.686141 0.3898595 28.0638 -3.916093 0.4256283 28.04585 -3.689312 0.2672126 26.8232 -3.902383 0.515648 26.8232 -3.902383 0.515648 28.04585 -3.689312 0.2672126 26.76819 -3.686141 0.3898595 25.12021 -3.941528 0.9246366 26.8232 -3.902383 0.515648 25.07988 -3.76263 0.7353535 25.07988 -3.76263 0.7353535 26.8232 -3.902383 0.515648 26.76819 -3.686141 0.3898595 28 -3.846624 -0.284344 28.02005 -3.6343 -0.01438069 29.58416 -4.061923 -0.1264801 29.58416 -4.061923 -0.1264801 28.02005 -3.6343 -0.01438069 29.56588 -3.844322 0.1402483 30.89389 -4.418895 0.3731447 29.58416 -4.061923 -0.1264801 30.86316 -4.185595 0.614173 30.86316 -4.185595 0.614173 29.58416 -4.061923 -0.1264801 29.56588 -3.844322 0.1402483 30.89389 -4.418895 0.3731447 30.82167 -4.738631 0.4032155 29.58416 -4.061923 -0.1264801 29.58416 -4.061923 -0.1264801 30.82167 -4.738631 0.4032155 29.56289 -4.394231 -0.08931517 28 -3.846624 -0.284344 29.58416 -4.061923 -0.1264801 28.00805 -4.178863 -0.2593515 28.00805 -4.178863 -0.2593515 29.58416 -4.061923 -0.1264801 29.56289 -4.394231 -0.08931517 30.82167 -4.738631 0.4032155 30.72657 -4.863488 0.6250944 29.56289 -4.394231 -0.08931517 29.56289 -4.394231 -0.08931517 30.72657 -4.863488 0.6250944 29.52763 -4.543967 0.1601322 28.00805 -4.178863 -0.2593515 29.56289 -4.394231 -0.08931517 28.03188 -4.332753 -0.01894164 28.03188 -4.332753 -0.01894164 29.56289 -4.394231 -0.08931517 29.52763 -4.543967 0.1601322 30.72657 -4.863488 0.6250944 30.66 -4.784924 0.8830266 29.52763 -4.543967 0.1601322 29.52763 -4.543967 0.1601322 30.66 -4.784924 0.8830266 29.49879 -4.487458 0.4475485 28.03188 -4.332753 -0.01894164 29.52763 -4.543967 0.1601322 28.05605 -4.281493 0.2659078 28.05605 -4.281493 0.2659078 29.52763 -4.543967 0.1601322 29.49879 -4.487458 0.4475485 28.0638 -3.916093 0.4256283 28.05605 -4.281493 0.2659078 29.50108 -4.118676 0.5973712 29.50108 -4.118676 0.5973712 28.05605 -4.281493 0.2659078 29.49879 -4.487458 0.4475485 30.68938 -4.414596 1.021058 29.50108 -4.118676 0.5973712 30.66 -4.784924 0.8830266 30.66 -4.784924 0.8830266 29.50108 -4.118676 0.5973712 29.49879 -4.487458 0.4475485 28.02005 -3.6343 -0.01438069 28.04585 -3.689312 0.2672126 29.56588 -3.844322 0.1402483 29.56588 -3.844322 0.1402483 28.04585 -3.689312 0.2672126 29.53137 -3.894355 0.428398 30.86316 -4.185595 0.614173 29.56588 -3.844322 0.1402483 30.77668 -4.210574 0.8718674 30.77668 -4.210574 0.8718674 29.56588 -3.844322 0.1402483 29.53137 -3.894355 0.428398 30.68938 -4.414596 1.021058 30.77668 -4.210574 0.8718674 29.50108 -4.118676 0.5973712 29.50108 -4.118676 0.5973712 30.77668 -4.210574 0.8718674 29.53137 -3.894355 0.428398 28.0638 -3.916093 0.4256283 29.50108 -4.118676 0.5973712 28.04585 -3.689312 0.2672126 28.04585 -3.689312 0.2672126 29.50108 -4.118676 0.5973712 29.53137 -3.894355 0.428398 30.89389 -4.418895 0.3731447 30.86316 -4.185595 0.614173 31.77537 -4.875604 1.002336 31.77537 -4.875604 1.002336 30.86316 -4.185595 0.614173 31.82969 -4.676534 1.242566 32.46606 -5.433595 1.409084 31.77537 -4.875604 1.002336 32.58427 -5.266181 1.671874 32.58427 -5.266181 1.671874 31.77537 -4.875604 1.002336 31.82969 -4.676534 1.242566 32.46606 -5.433595 1.409084 32.2385 -5.672643 1.417075 31.77537 -4.875604 1.002336 31.77537 -4.875604 1.002336 32.2385 -5.672643 1.417075 31.61491 -5.142104 1.018523 30.89389 -4.418895 0.3731447 31.77537 -4.875604 1.002336 30.82167 -4.738631 0.4032155 30.82167 -4.738631 0.4032155 31.77537 -4.875604 1.002336 31.61491 -5.142104 1.018523 32.2385 -5.672643 1.417075 32.11149 -5.771791 1.634986 31.61491 -5.142104 1.018523 31.61491 -5.142104 1.018523 32.11149 -5.771791 1.634986 31.50201 -5.242557 1.226419 30.82167 -4.738631 0.4032155 31.61491 -5.142104 1.018523 30.72657 -4.863488 0.6250944 30.72657 -4.863488 0.6250944 31.61491 -5.142104 1.018523 31.50201 -5.242557 1.226419 32.11149 -5.771791 1.634986 32.11923 -5.720216 1.904136 31.50201 -5.242557 1.226419 31.50201 -5.242557 1.226419 32.11923 -5.720216 1.904136 31.47806 -5.172452 1.476834 30.72657 -4.863488 0.6250944 31.50201 -5.242557 1.226419 30.66 -4.784924 0.8830266 30.66 -4.784924 0.8830266 31.50201 -5.242557 1.226419 31.47806 -5.172452 1.476834 30.68938 -4.414596 1.021058 30.66 -4.784924 0.8830266 31.62285 -4.860562 1.623369 31.62285 -4.860562 1.623369 30.66 -4.784924 0.8830266 31.47806 -5.172452 1.476834 32.35129 -5.447414 2.071159 31.62285 -4.860562 1.623369 32.11923 -5.720216 1.904136 32.11923 -5.720216 1.904136 31.62285 -4.860562 1.623369 31.47806 -5.172452 1.476834 30.86316 -4.185595 0.614173 30.77668 -4.210574 0.8718674 31.82969 -4.676534 1.242566 31.82969 -4.676534 1.242566 30.77668 -4.210574 0.8718674 31.75626 -4.692807 1.488455 32.58427 -5.266181 1.671874 31.82969 -4.676534 1.242566 32.52009 -5.291477 1.93326 32.52009 -5.291477 1.93326 31.82969 -4.676534 1.242566 31.75626 -4.692807 1.488455 32.35129 -5.447414 2.071159 32.52009 -5.291477 1.93326 31.62285 -4.860562 1.623369 31.62285 -4.860562 1.623369 32.52009 -5.291477 1.93326 31.75626 -4.692807 1.488455 30.68938 -4.414596 1.021058 31.62285 -4.860562 1.623369 30.77668 -4.210574 0.8718674 30.77668 -4.210574 0.8718674 31.62285 -4.860562 1.623369 31.75626 -4.692807 1.488455 25.07988 -3.76263 0.7353535 25.03788 -3.783469 0.43601 23.29973 -3.935821 0.6217444 23.31168 -3.967754 0.3223565 23.29973 -3.935821 0.6217444 25.03788 -3.783469 0.43601 25.03788 -3.783469 0.43601 25.01761 -3.991838 0.2477496 23.31168 -3.967754 0.3223565 23.30232 -4.179437 0.1499999 23.31168 -3.967754 0.3223565 25.01761 -3.991838 0.2477496 25.01761 -3.991838 0.2477496 25.03096 -4.265676 0.2808495 23.30232 -4.179437 0.1499999 23.27715 -4.446801 0.2054029 23.30232 -4.179437 0.1499999 25.03096 -4.265676 0.2808495 25.03096 -4.265676 0.2808495 25.0701 -4.444575 0.5159243 23.27715 -4.446801 0.2054029 23.25089 -4.61329 0.4563666 23.27715 -4.446801 0.2054029 25.0701 -4.444575 0.5159243 25.0701 -4.444575 0.5159243 25.1121 -4.423738 0.8152688 23.25089 -4.61329 0.4563666 23.23893 -4.581365 0.7557798 23.25089 -4.61329 0.4563666 25.1121 -4.423738 0.8152688 25.1121 -4.423738 0.8152688 25.13356 -4.215367 0.9577394 23.23893 -4.581365 0.7557798 23.24828 -4.369716 0.9282196 23.23893 -4.581365 0.7557798 25.13356 -4.215367 0.9577394 25.13356 -4.215367 0.9577394 25.12021 -3.941528 0.9246366 23.24828 -4.369716 0.9282196 23.27347 -4.102323 0.8726986 23.24828 -4.369716 0.9282196 25.12021 -3.941528 0.9246366 25.12021 -3.941528 0.9246366 25.07988 -3.76263 0.7353535 23.27347 -4.102323 0.8726986 23.29973 -3.935821 0.6217444 23.27347 -4.102323 0.8726986 25.07988 -3.76263 0.7353535 23.30232 -4.179437 0.1499999 23.27715 -4.446801 0.2054029 21.58986 -4.476747 -0.2394235 21.56243 -4.743443 -0.17484 21.58986 -4.476747 -0.2394235 23.27715 -4.446801 0.2054029 23.31168 -3.967754 0.3223565 23.30232 -4.179437 0.1499999 21.53725 -4.246453 -0.1066215 21.58986 -4.476747 -0.2394235 21.53725 -4.246453 -0.1066215 23.30232 -4.179437 0.1499999 23.27715 -4.446801 0.2054029 23.25089 -4.61329 0.4563666 21.56243 -4.743443 -0.17484 21.47084 -4.890399 0.04972362 21.56243 -4.743443 -0.17484 23.25089 -4.61329 0.4563666 23.29973 -3.935821 0.6217444 23.31168 -3.967754 0.3223565 21.43524 -4.187558 0.1461701 21.53725 -4.246453 -0.1066215 21.43524 -4.187558 0.1461701 23.31168 -3.967754 0.3223565 23.25089 -4.61329 0.4563666 23.23893 -4.581365 0.7557798 21.47084 -4.890399 0.04972362 21.36881 -4.831511 0.3025515 21.47084 -4.890399 0.04972362 23.23893 -4.581365 0.7557798 23.27347 -4.102323 0.8726986 23.29973 -3.935821 0.6217444 21.34365 -4.33454 0.3707178 21.43524 -4.187558 0.1461701 21.34365 -4.33454 0.3707178 23.29973 -3.935821 0.6217444 23.24828 -4.369716 0.9282196 23.27347 -4.102323 0.8726986 21.31614 -4.60127 0.4354764 21.34365 -4.33454 0.3707178 21.31614 -4.60127 0.4354764 23.27347 -4.102323 0.8726986 23.23893 -4.581365 0.7557798 23.24828 -4.369716 0.9282196 21.36881 -4.831511 0.3025515 21.31614 -4.60127 0.4354764 21.36881 -4.831511 0.3025515 23.24828 -4.369716 0.9282196 21.58986 -4.476747 -0.2394235 21.56243 -4.743443 -0.17484 19.79758 -4.506282 -0.9449703 19.77755 -4.77592 -0.8855764 19.79758 -4.506282 -0.9449703 21.56243 -4.743443 -0.17484 21.53725 -4.246453 -0.1066215 21.58986 -4.476747 -0.2394235 19.75259 -4.282603 -0.7939044 19.79758 -4.506282 -0.9449703 19.75259 -4.282603 -0.7939044 21.58986 -4.476747 -0.2394235 21.56243 -4.743443 -0.17484 21.47084 -4.890399 0.04972362 19.77755 -4.77592 -0.8855764 19.70402 -4.933717 -0.6498088 19.77755 -4.77592 -0.8855764 21.47084 -4.890399 0.04972362 21.43524 -4.187558 0.1461701 21.53725 -4.246453 -0.1066215 19.66872 -4.236079 -0.5202108 19.75259 -4.282603 -0.7939044 19.66872 -4.236079 -0.5202108 21.53725 -4.246453 -0.1066215 21.47084 -4.890399 0.04972362 21.36881 -4.831511 0.3025515 19.70402 -4.933717 -0.6498088 19.62014 -4.887208 -0.3760575 19.70402 -4.933717 -0.6498088 21.36881 -4.831511 0.3025515 21.34365 -4.33454 0.3707178 21.43524 -4.187558 0.1461701 19.59519 -4.393914 -0.2844672 19.66872 -4.236079 -0.5202108 19.59519 -4.393914 -0.2844672 21.43524 -4.187558 0.1461701 21.31614 -4.60127 0.4354764 21.34365 -4.33454 0.3707178 19.57508 -4.663613 -0.2247951 19.59519 -4.393914 -0.2844672 19.57508 -4.663613 -0.2247951 21.34365 -4.33454 0.3707178 21.36881 -4.831511 0.3025515 21.31614 -4.60127 0.4354764 19.62014 -4.887208 -0.3760575 19.57508 -4.663613 -0.2247951 19.62014 -4.887208 -0.3760575 21.31614 -4.60127 0.4354764 32.2385 -5.672643 1.417075 32.46606 -5.433595 1.409084 32.58427 -5.266181 1.671874 32.11149 -5.771791 1.634986 32.2385 -5.672643 1.417075 32.58427 -5.266181 1.671874 32.11923 -5.720216 1.904136 32.11149 -5.771791 1.634986 32.58427 -5.266181 1.671874 32.35129 -5.447414 2.071159 32.11923 -5.720216 1.904136 32.52009 -5.291477 1.93326 32.52009 -5.291477 1.93326 32.11923 -5.720216 1.904136 32.58427 -5.266181 1.671874 19.62014 -4.887208 -0.3760575 19.57508 -4.663613 -0.2247951 19.59519 -4.393914 -0.2844672 19.62014 -4.887208 -0.3760575 19.59519 -4.393914 -0.2844672 19.66872 -4.236079 -0.5202108 19.62014 -4.887208 -0.3760575 19.66872 -4.236079 -0.5202108 19.75259 -4.282603 -0.7939044 19.75259 -4.282603 -0.7939044 19.79758 -4.506282 -0.9449703 19.77755 -4.77592 -0.8855764 19.75259 -4.282603 -0.7939044 19.77755 -4.77592 -0.8855764 19.70402 -4.933717 -0.6498088 19.75259 -4.282603 -0.7939044 19.70402 -4.933717 -0.6498088 19.62014 -4.887208 -0.3760575 20.66257 -1.779649 -6.225923 22.30808 -2.596057 -6.361558 22.24391 -2.439889 -6.801487 20.66257 -1.779649 -6.225923 20.86209 -2.021287 -5.677741 22.30808 -2.596057 -6.361558 20.86209 -2.021287 -5.677741 22.16522 -2.973079 -6.11766 22.30808 -2.596057 -6.361558 20.86209 -2.021287 -5.677741 20.94473 -2.604648 -5.450676 22.16522 -2.973079 -6.11766 20.94473 -2.604648 -5.450676 21.89899 -3.350099 -6.212662 22.16522 -2.973079 -6.11766 20.94473 -2.604648 -5.450676 20.86209 -3.188013 -5.677741 21.89899 -3.350099 -6.212662 20.86209 -3.188013 -5.677741 21.66537 -3.506267 -6.590915 21.89899 -3.350099 -6.212662 20.86209 -3.188013 -5.677741 20.66257 -3.429649 -6.225923 21.66537 -3.506267 -6.590915 20.66257 -3.429649 -6.225923 21.6012 -3.350099 -7.030844 21.66537 -3.506267 -6.590915 20.66257 -3.429649 -6.225923 20.46304 -3.188013 -6.774106 21.6012 -3.350099 -7.030844 20.46304 -3.188013 -6.774106 21.74407 -2.973079 -7.274744 21.6012 -3.350099 -7.030844 20.46304 -3.188013 -6.774106 20.3804 -2.604648 -7.001171 21.74407 -2.973079 -7.274744 20.3804 -2.604648 -7.001171 22.01029 -2.596057 -7.17974 21.74407 -2.973079 -7.274744 20.3804 -2.604648 -7.001171 20.46304 -2.021287 -6.774106 22.01029 -2.596057 -7.17974 20.46304 -2.021287 -6.774106 22.24391 -2.439889 -6.801487 22.01029 -2.596057 -7.17974 20.46304 -2.021287 -6.774106 20.66257 -1.779649 -6.225923 22.24391 -2.439889 -6.801487 22.24391 -2.439889 -6.801487 23.40369 -3.761974 -6.760327 23.40154 -3.671813 -7.222828 22.24391 -2.439889 -6.801487 22.30808 -2.596057 -6.361558 23.40369 -3.761974 -6.760327 22.30808 -2.596057 -6.361558 23.11108 -3.979648 -6.461927 23.40369 -3.761974 -6.760327 22.30808 -2.596057 -6.361558 22.16522 -2.973079 -6.11766 23.11108 -3.979648 -6.461927 22.16522 -2.973079 -6.11766 22.69512 -4.19732 -6.502429 23.11108 -3.979648 -6.461927 22.16522 -2.973079 -6.11766 21.89899 -3.350099 -6.212662 22.69512 -4.19732 -6.502429 21.89899 -3.350099 -6.212662 22.39948 -4.287482 -6.858108 22.69512 -4.19732 -6.502429 21.89899 -3.350099 -6.212662 21.66537 -3.506267 -6.590915 22.39948 -4.287482 -6.858108 21.66537 -3.506267 -6.590915 22.39733 -4.19732 -7.32061 22.39948 -4.287482 -6.858108 21.66537 -3.506267 -6.590915 21.6012 -3.350099 -7.030844 22.39733 -4.19732 -7.32061 21.6012 -3.350099 -7.030844 22.68994 -3.979648 -7.619011 22.39733 -4.19732 -7.32061 21.6012 -3.350099 -7.030844 21.74407 -2.973079 -7.274744 22.68994 -3.979648 -7.619011 21.74407 -2.973079 -7.274744 23.10589 -3.761974 -7.578509 22.68994 -3.979648 -7.619011 21.74407 -2.973079 -7.274744 22.01029 -2.596057 -7.17974 23.10589 -3.761974 -7.578509 22.01029 -2.596057 -7.17974 23.40154 -3.671813 -7.222828 23.10589 -3.761974 -7.578509 22.01029 -2.596057 -7.17974 22.24391 -2.439889 -6.801487 23.40154 -3.671813 -7.222828 23.40154 -3.671813 -7.222828 23.8089 -5.354648 -6.904328 23.82961 -5.354648 -7.378633 23.40154 -3.671813 -7.222828 23.40369 -3.761974 -6.760327 23.8089 -5.354648 -6.904328 23.40369 -3.761974 -6.760327 23.45887 -5.354648 -6.583587 23.8089 -5.354648 -6.904328 23.40369 -3.761974 -6.760327 23.11108 -3.979648 -6.461927 23.45887 -5.354648 -6.583587 23.11108 -3.979648 -6.461927 22.98457 -5.354648 -6.604294 23.45887 -5.354648 -6.583587 23.11108 -3.979648 -6.461927 22.69512 -4.19732 -6.502429 22.98457 -5.354648 -6.604294 22.69512 -4.19732 -6.502429 22.66383 -5.354648 -6.954322 22.98457 -5.354648 -6.604294 22.69512 -4.19732 -6.502429 22.39948 -4.287482 -6.858108 22.66383 -5.354648 -6.954322 22.39948 -4.287482 -6.858108 22.68454 -5.354648 -7.428629 22.66383 -5.354648 -6.954322 22.39948 -4.287482 -6.858108 22.39733 -4.19732 -7.32061 22.68454 -5.354648 -7.428629 22.39733 -4.19732 -7.32061 23.03457 -5.354648 -7.749372 22.68454 -5.354648 -7.428629 22.39733 -4.19732 -7.32061 22.68994 -3.979648 -7.619011 23.03457 -5.354648 -7.749372 22.68994 -3.979648 -7.619011 23.50887 -5.354648 -7.728663 23.03457 -5.354648 -7.749372 22.68994 -3.979648 -7.619011 23.10589 -3.761974 -7.578509 23.50887 -5.354648 -7.728663 23.10589 -3.761974 -7.578509 23.82961 -5.354648 -7.378633 23.50887 -5.354648 -7.728663 23.10589 -3.761974 -7.578509 23.40154 -3.671813 -7.222828 23.82961 -5.354648 -7.378633 23.82961 -6.521705 -7.378633 23.40369 -8.114378 -6.760327 23.40154 -8.204543 -7.222828 23.82961 -6.521705 -7.378633 23.8089 -6.521705 -6.904328 23.40369 -8.114378 -6.760327 23.8089 -6.521705 -6.904328 23.11108 -7.896706 -6.461926 23.40369 -8.114378 -6.760327 23.8089 -6.521705 -6.904328 23.45888 -6.521705 -6.583588 23.11108 -7.896706 -6.461926 23.45888 -6.521705 -6.583588 22.69512 -7.679033 -6.502429 23.11108 -7.896706 -6.461926 23.45888 -6.521705 -6.583588 22.98457 -6.521705 -6.604296 22.69512 -7.679033 -6.502429 22.98457 -6.521705 -6.604296 22.39948 -7.588871 -6.858107 22.69512 -7.679033 -6.502429 22.98457 -6.521705 -6.604296 22.66383 -6.521705 -6.954324 22.39948 -7.588871 -6.858107 22.66383 -6.521705 -6.954324 22.39733 -7.679033 -7.32061 22.39948 -7.588871 -6.858107 22.66383 -6.521705 -6.954324 22.68454 -6.521705 -7.428629 22.39733 -7.679033 -7.32061 22.68454 -6.521705 -7.428629 22.68994 -7.896706 -7.619011 22.39733 -7.679033 -7.32061 22.68454 -6.521705 -7.428629 23.03457 -6.521705 -7.749372 22.68994 -7.896706 -7.619011 23.03457 -6.521705 -7.749372 23.10589 -8.114378 -7.578508 22.68994 -7.896706 -7.619011 23.03457 -6.521705 -7.749372 23.50887 -6.521705 -7.728662 23.10589 -8.114378 -7.578508 23.50887 -6.521705 -7.728662 23.40154 -8.204543 -7.222828 23.10589 -8.114378 -7.578508 23.50887 -6.521705 -7.728662 23.82961 -6.521705 -7.378633 23.40154 -8.204543 -7.222828 23.40154 -8.204543 -7.222828 22.30808 -9.280298 -6.361558 22.24391 -9.436464 -6.801487 23.40154 -8.204543 -7.222828 23.40369 -8.114378 -6.760327 22.30808 -9.280298 -6.361558 23.40369 -8.114378 -6.760327 22.16522 -8.903277 -6.117659 22.30808 -9.280298 -6.361558 23.40369 -8.114378 -6.760327 23.11108 -7.896706 -6.461926 22.16522 -8.903277 -6.117659 23.11108 -7.896706 -6.461926 21.899 -8.526257 -6.212661 22.16522 -8.903277 -6.117659 23.11108 -7.896706 -6.461926 22.69512 -7.679033 -6.502429 21.899 -8.526257 -6.212661 22.69512 -7.679033 -6.502429 21.66537 -8.370091 -6.590916 21.899 -8.526257 -6.212661 22.69512 -7.679033 -6.502429 22.39948 -7.588871 -6.858107 21.66537 -8.370091 -6.590916 22.39948 -7.588871 -6.858107 21.6012 -8.526257 -7.030845 21.66537 -8.370091 -6.590916 22.39948 -7.588871 -6.858107 22.39733 -7.679033 -7.32061 21.6012 -8.526257 -7.030845 22.39733 -7.679033 -7.32061 21.74407 -8.903277 -7.274744 21.6012 -8.526257 -7.030845 22.39733 -7.679033 -7.32061 22.68994 -7.896706 -7.619011 21.74407 -8.903277 -7.274744 22.68994 -7.896706 -7.619011 22.01029 -9.280298 -7.179741 21.74407 -8.903277 -7.274744 22.68994 -7.896706 -7.619011 23.10589 -8.114378 -7.578508 22.01029 -9.280298 -7.179741 23.10589 -8.114378 -7.578508 22.24391 -9.436464 -6.801487 22.01029 -9.280298 -7.179741 23.10589 -8.114378 -7.578508 23.40154 -8.204543 -7.222828 22.24391 -9.436464 -6.801487 22.24391 -9.436464 -6.801487 20.86209 -9.85507 -5.677742 20.66257 -10.09671 -6.225923 22.24391 -9.436464 -6.801487 22.30808 -9.280298 -6.361558 20.86209 -9.85507 -5.677742 22.30808 -9.280298 -6.361558 20.94473 -9.271705 -5.450677 20.86209 -9.85507 -5.677742 22.30808 -9.280298 -6.361558 22.16522 -8.903277 -6.117659 20.94473 -9.271705 -5.450677 22.16522 -8.903277 -6.117659 20.86209 -8.688345 -5.677742 20.94473 -9.271705 -5.450677 22.16522 -8.903277 -6.117659 21.899 -8.526257 -6.212661 20.86209 -8.688345 -5.677742 21.899 -8.526257 -6.212661 20.66257 -8.446709 -6.225923 20.86209 -8.688345 -5.677742 21.899 -8.526257 -6.212661 21.66537 -8.370091 -6.590916 20.66257 -8.446709 -6.225923 21.66537 -8.370091 -6.590916 20.46304 -8.688345 -6.774106 20.66257 -8.446709 -6.225923 21.66537 -8.370091 -6.590916 21.6012 -8.526257 -7.030845 20.46304 -8.688345 -6.774106 21.6012 -8.526257 -7.030845 20.3804 -9.271705 -7.00117 20.46304 -8.688345 -6.774106 21.6012 -8.526257 -7.030845 21.74407 -8.903277 -7.274744 20.3804 -9.271705 -7.00117 21.74407 -8.903277 -7.274744 20.46304 -9.85507 -6.774106 20.3804 -9.271705 -7.00117 21.74407 -8.903277 -7.274744 22.01029 -9.280298 -7.179741 20.46304 -9.85507 -6.774106 22.01029 -9.280298 -7.179741 20.66257 -10.09671 -6.225923 20.46304 -9.85507 -6.774106 22.01029 -9.280298 -7.179741 22.24391 -9.436464 -6.801487 20.66257 -10.09671 -6.225923 12.83147 -10.09671 -3.375635 11.48332 -9.283134 -2.418182 11.24794 -9.440475 -2.799279 12.83147 -10.09671 -3.375635 13.03099 -9.855072 -2.827453 11.48332 -9.283134 -2.418182 13.03099 -9.855072 -2.827453 11.75154 -8.903279 -2.322466 11.48332 -9.283134 -2.418182 13.03099 -9.855072 -2.827453 13.11363 -9.271707 -2.600388 11.75154 -8.903279 -2.322466 13.11363 -9.271707 -2.600388 11.89549 -8.523425 -2.568198 11.75154 -8.903279 -2.322466 13.11363 -9.271707 -2.600388 13.03099 -8.688347 -2.827453 11.89549 -8.523425 -2.568198 13.03099 -8.688347 -2.827453 11.83083 -8.366084 -3.011435 11.89549 -8.523425 -2.568198 13.03099 -8.688347 -2.827453 12.83147 -8.446709 -3.375635 11.83083 -8.366084 -3.011435 12.83147 -8.446709 -3.375635 11.59545 -8.523425 -3.392533 11.83083 -8.366084 -3.011435 12.83147 -8.446709 -3.375635 12.63194 -8.688347 -3.923818 11.59545 -8.523425 -3.392533 12.63194 -8.688347 -3.923818 11.32723 -8.903279 -3.48825 11.59545 -8.523425 -3.392533 12.63194 -8.688347 -3.923818 12.5493 -9.271707 -4.150882 11.32723 -8.903279 -3.48825 12.5493 -9.271707 -4.150882 11.18329 -9.283134 -3.242515 11.32723 -8.903279 -3.48825 12.5493 -9.271707 -4.150882 12.63194 -9.855072 -3.923818 11.18329 -9.283134 -3.242515 12.63194 -9.855072 -3.923818 11.24794 -9.440475 -2.799279 11.18329 -9.283134 -3.242515 12.63194 -9.855072 -3.923818 12.83147 -10.09671 -3.375635 11.24794 -9.440475 -2.799279 11.24794 -9.440475 -2.799279 10.38813 -8.114382 -2.02305 10.09249 -8.204546 -2.378731 11.24794 -9.440475 -2.799279 11.48332 -9.283134 -2.418182 10.38813 -8.114382 -2.02305 11.48332 -9.283134 -2.418182 10.80409 -7.896708 -1.982548 10.38813 -8.114382 -2.02305 11.48332 -9.283134 -2.418182 11.75154 -8.903279 -2.322466 10.80409 -7.896708 -1.982548 11.75154 -8.903279 -2.322466 11.0967 -7.679035 -2.280948 10.80409 -7.896708 -1.982548 11.75154 -8.903279 -2.322466 11.89549 -8.523425 -2.568198 11.0967 -7.679035 -2.280948 11.89549 -8.523425 -2.568198 11.09455 -7.588873 -2.743451 11.0967 -7.679035 -2.280948 11.89549 -8.523425 -2.568198 11.83083 -8.366084 -3.011435 11.09455 -7.588873 -2.743451 11.83083 -8.366084 -3.011435 10.79891 -7.679035 -3.09913 11.09455 -7.588873 -2.743451 11.83083 -8.366084 -3.011435 11.59545 -8.523425 -3.392533 10.79891 -7.679035 -3.09913 11.59545 -8.523425 -3.392533 10.38295 -7.896708 -3.139632 10.79891 -7.679035 -3.09913 11.59545 -8.523425 -3.392533 11.32723 -8.903279 -3.48825 10.38295 -7.896708 -3.139632 11.32723 -8.903279 -3.48825 10.09034 -8.114382 -2.841233 10.38295 -7.896708 -3.139632 11.32723 -8.903279 -3.48825 11.18329 -9.283134 -3.242515 10.09034 -8.114382 -2.841233 11.18329 -9.283134 -3.242515 10.09249 -8.204546 -2.378731 10.09034 -8.114382 -2.841233 11.18329 -9.283134 -3.242515 11.24794 -9.440475 -2.799279 10.09249 -8.204546 -2.378731 10.09249 -8.204546 -2.378731 9.985158 -6.521707 -1.872897 9.664419 -6.521707 -2.222924 10.09249 -8.204546 -2.378731 10.38813 -8.114382 -2.02305 9.985158 -6.521707 -1.872897 10.38813 -8.114382 -2.02305 10.45946 -6.521707 -1.852187 9.985158 -6.521707 -1.872897 10.38813 -8.114382 -2.02305 10.80409 -7.896708 -1.982548 10.45946 -6.521707 -1.852187 10.80409 -7.896708 -1.982548 10.80949 -6.521707 -2.17293 10.45946 -6.521707 -1.852187 10.80409 -7.896708 -1.982548 11.0967 -7.679035 -2.280948 10.80949 -6.521707 -2.17293 11.0967 -7.679035 -2.280948 10.8302 -6.521707 -2.647235 10.80949 -6.521707 -2.17293 11.0967 -7.679035 -2.280948 11.09455 -7.588873 -2.743451 10.8302 -6.521707 -2.647235 11.09455 -7.588873 -2.743451 10.50946 -6.521707 -2.997263 10.8302 -6.521707 -2.647235 11.09455 -7.588873 -2.743451 10.79891 -7.679035 -3.09913 10.50946 -6.521707 -2.997263 10.79891 -7.679035 -3.09913 10.03516 -6.521707 -3.017972 10.50946 -6.521707 -2.997263 10.79891 -7.679035 -3.09913 10.38295 -7.896708 -3.139632 10.03516 -6.521707 -3.017972 10.38295 -7.896708 -3.139632 9.685127 -6.521707 -2.69723 10.03516 -6.521707 -3.017972 10.38295 -7.896708 -3.139632 10.09034 -8.114382 -2.841233 9.685127 -6.521707 -2.69723 10.09034 -8.114382 -2.841233 9.664419 -6.521707 -2.222924 9.685127 -6.521707 -2.69723 10.09034 -8.114382 -2.841233 10.09249 -8.204546 -2.378731 9.664419 -6.521707 -2.222924 9.664419 -5.35465 -2.222924 10.38659 -3.760339 -2.019006 10.08872 -3.669502 -2.377358 9.664419 -5.35465 -2.222924 9.985158 -5.35465 -1.872895 10.38659 -3.760339 -2.019006 9.985158 -5.35465 -1.872895 10.80568 -3.97965 -1.978198 10.38659 -3.760339 -2.019006 9.985158 -5.35465 -1.872895 10.45946 -5.35465 -1.852187 10.80568 -3.97965 -1.978198 10.45946 -5.35465 -1.852187 11.10048 -4.19896 -2.278842 10.80568 -3.97965 -1.978198 10.45946 -5.35465 -1.852187 10.80949 -5.35465 -2.172929 11.10048 -4.19896 -2.278842 10.80949 -5.35465 -2.172929 11.09832 -4.2898 -2.744822 11.10048 -4.19896 -2.278842 10.80949 -5.35465 -2.172929 10.8302 -5.35465 -2.647235 11.09832 -4.2898 -2.744822 10.8302 -5.35465 -2.647235 10.80045 -4.19896 -3.103175 11.09832 -4.2898 -2.744822 10.8302 -5.35465 -2.647235 10.50946 -5.35465 -2.997264 10.80045 -4.19896 -3.103175 10.50946 -5.35465 -2.997264 10.38136 -3.97965 -3.143983 10.80045 -4.19896 -3.103175 10.50946 -5.35465 -2.997264 10.03515 -5.35465 -3.017972 10.38136 -3.97965 -3.143983 10.03515 -5.35465 -3.017972 10.08656 -3.760339 -2.843339 10.38136 -3.97965 -3.143983 10.03515 -5.35465 -3.017972 9.685127 -5.35465 -2.69723 10.08656 -3.760339 -2.843339 9.685127 -5.35465 -2.69723 10.08872 -3.669502 -2.377358 10.08656 -3.760339 -2.843339 9.685127 -5.35465 -2.69723 9.664419 -5.35465 -2.222924 10.08872 -3.669502 -2.377358 10.08872 -3.669502 -2.377358 11.48332 -2.593225 -2.418181 11.24794 -2.435886 -2.799279 10.08872 -3.669502 -2.377358 10.38659 -3.760339 -2.019006 11.48332 -2.593225 -2.418181 10.38659 -3.760339 -2.019006 11.75154 -2.973081 -2.322465 11.48332 -2.593225 -2.418181 10.38659 -3.760339 -2.019006 10.80568 -3.97965 -1.978198 11.75154 -2.973081 -2.322465 10.80568 -3.97965 -1.978198 11.89549 -3.352937 -2.568199 11.75154 -2.973081 -2.322465 10.80568 -3.97965 -1.978198 11.10048 -4.19896 -2.278842 11.89549 -3.352937 -2.568199 11.10048 -4.19896 -2.278842 11.83083 -3.510276 -3.011435 11.89549 -3.352937 -2.568199 11.10048 -4.19896 -2.278842 11.09832 -4.2898 -2.744822 11.83083 -3.510276 -3.011435 11.09832 -4.2898 -2.744822 11.59545 -3.352937 -3.392532 11.83083 -3.510276 -3.011435 11.09832 -4.2898 -2.744822 10.80045 -4.19896 -3.103175 11.59545 -3.352937 -3.392532 10.80045 -4.19896 -3.103175 11.32723 -2.973081 -3.488249 11.59545 -3.352937 -3.392532 10.80045 -4.19896 -3.103175 10.38136 -3.97965 -3.143983 11.32723 -2.973081 -3.488249 10.38136 -3.97965 -3.143983 11.18329 -2.593225 -3.242516 11.32723 -2.973081 -3.488249 10.38136 -3.97965 -3.143983 10.08656 -3.760339 -2.843339 11.18329 -2.593225 -3.242516 10.08656 -3.760339 -2.843339 11.24794 -2.435886 -2.799279 11.18329 -2.593225 -3.242516 10.08656 -3.760339 -2.843339 10.08872 -3.669502 -2.377358 11.24794 -2.435886 -2.799279 11.24794 -2.435886 -2.799279 13.03098 -2.021287 -2.827453 12.83146 -1.779651 -3.375634 11.24794 -2.435886 -2.799279 11.48332 -2.593225 -2.418181 13.03098 -2.021287 -2.827453 11.48332 -2.593225 -2.418181 13.11363 -2.60465 -2.600388 13.03098 -2.021287 -2.827453 11.48332 -2.593225 -2.418181 11.75154 -2.973081 -2.322465 13.11363 -2.60465 -2.600388 11.75154 -2.973081 -2.322465 13.03098 -3.188014 -2.827453 13.11363 -2.60465 -2.600388 11.75154 -2.973081 -2.322465 11.89549 -3.352937 -2.568199 13.03098 -3.188014 -2.827453 11.89549 -3.352937 -2.568199 12.83146 -3.429651 -3.375634 13.03098 -3.188014 -2.827453 11.89549 -3.352937 -2.568199 11.83083 -3.510276 -3.011435 12.83146 -3.429651 -3.375634 11.83083 -3.510276 -3.011435 12.63194 -3.188014 -3.923818 12.83146 -3.429651 -3.375634 11.83083 -3.510276 -3.011435 11.59545 -3.352937 -3.392532 12.63194 -3.188014 -3.923818 11.59545 -3.352937 -3.392532 12.5493 -2.60465 -4.150881 12.63194 -3.188014 -3.923818 11.59545 -3.352937 -3.392532 11.32723 -2.973081 -3.488249 12.5493 -2.60465 -4.150881 11.32723 -2.973081 -3.488249 12.63194 -2.021287 -3.923817 12.5493 -2.60465 -4.150881 11.32723 -2.973081 -3.488249 11.18329 -2.593225 -3.242516 12.63194 -2.021287 -3.923817 11.18329 -2.593225 -3.242516 12.83146 -1.779651 -3.375634 12.63194 -2.021287 -3.923817 11.18329 -2.593225 -3.242516 11.24794 -2.435886 -2.799279 12.83146 -1.779651 -3.375634 13.03098 -2.021287 -2.827453 20.86209 -2.021287 -5.677741 20.66257 -1.779649 -6.225923 13.03098 -2.021287 -2.827453 20.66257 -1.779649 -6.225923 12.83146 -1.779651 -3.375634 12.83146 -1.779651 -3.375634 20.66257 -1.779649 -6.225923 20.46304 -2.021287 -6.774106 12.83146 -1.779651 -3.375634 20.46304 -2.021287 -6.774106 12.63194 -2.021287 -3.923817 13.11363 -2.60465 -2.600388 20.94473 -2.604648 -5.450676 20.86209 -2.021287 -5.677741 13.11363 -2.60465 -2.600388 20.86209 -2.021287 -5.677741 13.03098 -2.021287 -2.827453 13.03099 -8.688347 -2.827453 20.86209 -8.688345 -5.677742 20.66257 -8.446709 -6.225923 13.03099 -8.688347 -2.827453 20.66257 -8.446709 -6.225923 12.83147 -8.446709 -3.375635 12.83147 -8.446709 -3.375635 20.66257 -8.446709 -6.225923 20.46304 -8.688345 -6.774106 12.83147 -8.446709 -3.375635 20.46304 -8.688345 -6.774106 12.63194 -8.688347 -3.923818 13.11363 -9.271707 -2.600388 20.94473 -9.271705 -5.450677 20.86209 -8.688345 -5.677742 13.11363 -9.271707 -2.600388 20.86209 -8.688345 -5.677742 13.03099 -8.688347 -2.827453 20.94473 -2.604648 -5.450676 13.11363 -2.60465 -2.600388 13.03098 -3.188014 -2.827453 20.94473 -2.604648 -5.450676 13.03098 -3.188014 -2.827453 20.86209 -3.188013 -5.677741 20.86209 -3.188013 -5.677741 13.03098 -3.188014 -2.827453 12.83146 -3.429651 -3.375634 20.86209 -3.188013 -5.677741 12.83146 -3.429651 -3.375634 20.66257 -3.429649 -6.225923 20.66257 -3.429649 -6.225923 12.83146 -3.429651 -3.375634 12.63194 -3.188014 -3.923818 20.66257 -3.429649 -6.225923 12.63194 -3.188014 -3.923818 20.46304 -3.188013 -6.774106 20.46304 -3.188013 -6.774106 12.63194 -3.188014 -3.923818 12.5493 -2.60465 -4.150881 20.46304 -3.188013 -6.774106 12.5493 -2.60465 -4.150881 20.3804 -2.604648 -7.001171 20.3804 -2.604648 -7.001171 12.5493 -2.60465 -4.150881 12.63194 -2.021287 -3.923817 20.3804 -2.604648 -7.001171 12.63194 -2.021287 -3.923817 20.46304 -2.021287 -6.774106 20.94473 -9.271705 -5.450677 13.11363 -9.271707 -2.600388 13.03099 -9.855072 -2.827453 20.94473 -9.271705 -5.450677 13.03099 -9.855072 -2.827453 20.86209 -9.85507 -5.677742 20.86209 -9.85507 -5.677742 13.03099 -9.855072 -2.827453 12.83147 -10.09671 -3.375635 20.86209 -9.85507 -5.677742 12.83147 -10.09671 -3.375635 20.66257 -10.09671 -6.225923 20.66257 -10.09671 -6.225923 12.83147 -10.09671 -3.375635 12.63194 -9.855072 -3.923818 20.66257 -10.09671 -6.225923 12.63194 -9.855072 -3.923818 20.46304 -9.85507 -6.774106 20.46304 -9.85507 -6.774106 12.63194 -9.855072 -3.923818 12.5493 -9.271707 -4.150882 20.46304 -9.85507 -6.774106 12.5493 -9.271707 -4.150882 20.3804 -9.271705 -7.00117 20.3804 -9.271705 -7.00117 12.5493 -9.271707 -4.150882 12.63194 -8.688347 -3.923818 20.3804 -9.271705 -7.00117 12.63194 -8.688347 -3.923818 20.46304 -8.688345 -6.774106 23.45887 -5.354648 -6.583587 23.45888 -6.521705 -6.583588 23.8089 -6.521705 -6.904328 23.45887 -5.354648 -6.583587 23.8089 -6.521705 -6.904328 23.8089 -5.354648 -6.904328 23.8089 -5.354648 -6.904328 23.8089 -6.521705 -6.904328 23.82961 -6.521705 -7.378633 23.8089 -5.354648 -6.904328 23.82961 -6.521705 -7.378633 23.82961 -5.354648 -7.378633 22.66383 -5.354648 -6.954322 22.66383 -6.521705 -6.954324 22.98457 -6.521705 -6.604296 22.66383 -5.354648 -6.954322 22.98457 -6.521705 -6.604296 22.98457 -5.354648 -6.604294 22.98457 -5.354648 -6.604294 22.98457 -6.521705 -6.604296 23.45888 -6.521705 -6.583588 22.98457 -5.354648 -6.604294 23.45888 -6.521705 -6.583588 23.45887 -5.354648 -6.583587 23.03457 -5.354648 -7.749372 23.03457 -6.521705 -7.749372 22.68454 -6.521705 -7.428629 23.03457 -5.354648 -7.749372 22.68454 -6.521705 -7.428629 22.68454 -5.354648 -7.428629 22.68454 -5.354648 -7.428629 22.68454 -6.521705 -7.428629 22.66383 -6.521705 -6.954324 22.68454 -5.354648 -7.428629 22.66383 -6.521705 -6.954324 22.66383 -5.354648 -6.954322 23.50887 -5.354648 -7.728663 23.50887 -6.521705 -7.728662 23.03457 -6.521705 -7.749372 23.50887 -5.354648 -7.728663 23.03457 -6.521705 -7.749372 23.03457 -5.354648 -7.749372 23.82961 -5.354648 -7.378633 23.82961 -6.521705 -7.378633 23.50887 -6.521705 -7.728662 23.82961 -5.354648 -7.378633 23.50887 -6.521705 -7.728662 23.50887 -5.354648 -7.728663 10.80949 -6.521707 -2.17293 10.80949 -5.35465 -2.172929 10.45946 -5.35465 -1.852187 10.80949 -6.521707 -2.17293 10.45946 -5.35465 -1.852187 10.45946 -6.521707 -1.852187 10.45946 -6.521707 -1.852187 10.45946 -5.35465 -1.852187 9.985158 -5.35465 -1.872895 10.45946 -6.521707 -1.852187 9.985158 -5.35465 -1.872895 9.985158 -6.521707 -1.872897 9.985158 -6.521707 -1.872897 9.985158 -5.35465 -1.872895 9.664419 -5.35465 -2.222924 9.985158 -6.521707 -1.872897 9.664419 -5.35465 -2.222924 9.664419 -6.521707 -2.222924 9.664419 -6.521707 -2.222924 9.664419 -5.35465 -2.222924 9.685127 -5.35465 -2.69723 9.664419 -6.521707 -2.222924 9.685127 -5.35465 -2.69723 9.685127 -6.521707 -2.69723 9.685127 -6.521707 -2.69723 9.685127 -5.35465 -2.69723 10.03515 -5.35465 -3.017972 9.685127 -6.521707 -2.69723 10.03515 -5.35465 -3.017972 10.03516 -6.521707 -3.017972 10.03516 -6.521707 -3.017972 10.03515 -5.35465 -3.017972 10.50946 -5.35465 -2.997264 10.03516 -6.521707 -3.017972 10.50946 -5.35465 -2.997264 10.50946 -6.521707 -2.997263 10.50946 -6.521707 -2.997263 10.50946 -5.35465 -2.997264 10.8302 -5.35465 -2.647235 10.50946 -6.521707 -2.997263 10.8302 -5.35465 -2.647235 10.8302 -6.521707 -2.647235 10.8302 -6.521707 -2.647235 10.8302 -5.35465 -2.647235 10.80949 -5.35465 -2.172929 10.8302 -6.521707 -2.647235 10.80949 -5.35465 -2.172929 10.80949 -6.521707 -2.17293 18.03982 -7.867973 -1.210356 18.03982 -8.215867 -1.210356 19.8983 -8.215865 -2.662364 18.03982 -7.867973 -1.210356 19.8983 -8.215865 -2.662364 19.8983 -7.867973 -2.662366 19.8983 -7.867973 -2.662366 19.8983 -8.215865 -2.662364 20.54838 -8.215865 -4.929455 19.8983 -7.867973 -2.662366 20.54838 -8.215865 -4.929455 20.54838 -7.867973 -4.929455 20.54838 -7.867973 -4.929455 20.54838 -8.215865 -4.929455 19.74174 -8.215865 -7.145677 20.54838 -7.867973 -4.929455 19.74174 -8.215865 -7.145677 19.74174 -7.867973 -7.145677 19.74174 -7.867973 -7.145677 19.74174 -8.215865 -7.145677 17.7865 -8.215867 -8.464509 19.74174 -7.867973 -7.145677 17.7865 -8.215867 -8.464509 17.7865 -7.867973 -8.464509 17.7865 -7.867973 -8.464509 17.7865 -8.215867 -8.464509 15.42948 -8.215867 -8.3822 17.7865 -7.867973 -8.464509 15.42948 -8.215867 -8.3822 15.42948 -7.867975 -8.3822 15.42948 -7.867975 -8.3822 15.42948 -8.215867 -8.3822 13.57099 -8.215867 -6.930191 15.42948 -7.867975 -8.3822 13.57099 -8.215867 -6.930191 13.57099 -7.867975 -6.930191 13.57099 -7.867975 -6.930191 13.57099 -8.215867 -6.930191 12.92092 -8.215867 -4.6631 13.57099 -7.867975 -6.930191 12.92092 -8.215867 -4.6631 12.92092 -7.867975 -4.663099 12.92092 -7.867975 -4.663099 12.92092 -8.215867 -4.6631 13.72756 -8.215867 -2.446878 12.92092 -7.867975 -4.663099 13.72756 -8.215867 -2.446878 13.72756 -7.867975 -2.446878 13.72756 -7.867975 -2.446878 13.72756 -8.215867 -2.446878 15.6828 -8.215867 -1.128048 13.72756 -7.867975 -2.446878 15.6828 -8.215867 -1.128048 15.6828 -7.867973 -1.128048 15.6828 -7.867973 -1.128048 15.6828 -8.215867 -1.128048 18.03982 -8.215867 -1.210356 15.6828 -7.867973 -1.128048 18.03982 -8.215867 -1.210356 18.03982 -7.867973 -1.210356 17.75764 -8.553357 -1.985644 17.36689 -9.271705 -3.059211 18.26716 -9.271705 -3.762584 17.75764 -8.553357 -1.985644 18.26716 -9.271705 -3.762584 19.21431 -8.553357 -3.123725 19.21431 -8.553357 -3.123725 18.26716 -9.271705 -3.762584 18.58207 -9.271705 -4.860792 19.21431 -8.553357 -3.123725 18.58207 -9.271705 -4.860792 19.72384 -8.553357 -4.900663 19.72384 -8.553357 -4.900663 18.58207 -9.271705 -4.860792 18.19132 -9.271705 -5.934358 19.72384 -8.553357 -4.900663 18.19132 -9.271705 -5.934358 19.0916 -8.553357 -6.637729 19.0916 -8.553357 -6.637729 18.19132 -9.271705 -5.934358 17.24418 -9.271705 -6.573215 19.0916 -8.553357 -6.637729 17.24418 -9.271705 -6.573215 17.55908 -8.553359 -7.671424 17.55908 -8.553359 -7.671424 17.24418 -9.271705 -6.573215 16.10241 -9.271705 -6.533344 17.55908 -8.553359 -7.671424 16.10241 -9.271705 -6.533344 15.71166 -8.553359 -7.606911 15.71166 -8.553359 -7.606911 16.10241 -9.271705 -6.533344 15.20214 -9.271705 -5.829972 15.71166 -8.553359 -7.606911 15.20214 -9.271705 -5.829972 14.25499 -8.553359 -6.468831 14.25499 -8.553359 -6.468831 15.20214 -9.271705 -5.829972 14.88723 -9.271705 -4.731765 14.25499 -8.553359 -6.468831 14.88723 -9.271705 -4.731765 13.74546 -8.553359 -4.691894 13.74546 -8.553359 -4.691894 14.88723 -9.271705 -4.731765 15.27797 -9.271705 -3.658198 13.74546 -8.553359 -4.691894 15.27797 -9.271705 -3.658198 14.3777 -8.553359 -2.954826 14.3777 -8.553359 -2.954826 15.27797 -9.271705 -3.658198 16.22512 -9.271705 -3.01934 14.3777 -8.553359 -2.954826 16.22512 -9.271705 -3.01934 15.91021 -8.553359 -1.921132 15.91021 -8.553359 -1.921132 16.22512 -9.271705 -3.01934 17.36689 -9.271705 -3.059211 15.91021 -8.553359 -1.921132 17.36689 -9.271705 -3.059211 17.75764 -8.553357 -1.985644 16.73465 -9.546091 -4.796278 18.26716 -9.271705 -3.762584 17.36689 -9.271705 -3.059211 16.73465 -9.546091 -4.796278 18.58207 -9.271705 -4.860792 18.26716 -9.271705 -3.762584 16.73465 -9.546091 -4.796278 18.19132 -9.271705 -5.934358 18.58207 -9.271705 -4.860792 16.73465 -9.546091 -4.796278 17.24418 -9.271705 -6.573215 18.19132 -9.271705 -5.934358 16.73465 -9.546091 -4.796278 16.10241 -9.271705 -6.533344 17.24418 -9.271705 -6.573215 16.73465 -9.546091 -4.796278 15.20214 -9.271705 -5.829972 16.10241 -9.271705 -6.533344 16.73465 -9.546091 -4.796278 14.88723 -9.271705 -4.731765 15.20214 -9.271705 -5.829972 16.73465 -9.546091 -4.796278 15.27797 -9.271705 -3.658198 14.88723 -9.271705 -4.731765 16.73465 -9.546091 -4.796278 16.22512 -9.271705 -3.01934 15.27797 -9.271705 -3.658198 16.73465 -9.546091 -4.796278 17.36689 -9.271705 -3.059211 16.22512 -9.271705 -3.01934 19.36737 -4.008384 -3.020481 17.82078 -4.008384 -1.812151 17.82078 -7.867973 -1.812152 17.82078 -7.867973 -1.812152 19.36738 -7.867973 -3.020482 19.36737 -4.008384 -3.020481 19.90835 -4.008384 -4.907106 19.36737 -4.008384 -3.020481 19.36738 -7.867973 -3.020482 19.36738 -7.867973 -3.020482 19.90835 -7.867973 -4.907106 19.90835 -4.008384 -4.907106 19.23709 -4.008384 -6.751397 19.90835 -4.008384 -4.907106 19.90835 -7.867973 -4.907106 19.90835 -7.867973 -4.907106 19.23709 -7.867973 -6.751397 19.23709 -4.008384 -6.751397 17.60997 -4.008384 -7.8489 19.23709 -4.008384 -6.751397 19.23709 -7.867973 -6.751397 19.23709 -7.867973 -6.751397 17.60997 -7.867973 -7.848902 17.60997 -4.008384 -7.8489 15.64852 -4.008384 -7.780404 17.60997 -4.008384 -7.8489 17.60997 -7.867973 -7.848902 17.60997 -7.867973 -7.848902 15.64852 -7.867973 -7.780404 15.64852 -4.008384 -7.780404 14.10192 -4.008384 -6.572073 15.64852 -4.008384 -7.780404 15.64852 -7.867973 -7.780404 15.64852 -7.867973 -7.780404 14.10192 -7.867975 -6.572075 14.10192 -4.008384 -6.572073 13.56094 -4.008384 -4.685449 14.10192 -4.008384 -6.572073 14.10192 -7.867975 -6.572075 14.10192 -7.867975 -6.572075 13.56094 -7.867975 -4.68545 13.56094 -4.008384 -4.685449 14.23221 -4.008384 -2.841157 13.56094 -4.008384 -4.685449 13.56094 -7.867975 -4.68545 13.56094 -7.867975 -4.68545 14.23221 -7.867975 -2.841158 14.23221 -4.008384 -2.841157 15.85932 -4.008384 -1.743655 14.23221 -4.008384 -2.841157 14.23221 -7.867975 -2.841158 14.23221 -7.867975 -2.841158 15.85933 -7.867973 -1.743654 15.85932 -4.008384 -1.743655 17.82078 -4.008384 -1.812151 15.85932 -4.008384 -1.743655 15.85933 -7.867973 -1.743654 15.85933 -7.867973 -1.743654 17.82078 -7.867973 -1.812152 17.82078 -4.008384 -1.812151 17.75764 -8.553357 -1.985644 19.21431 -8.553357 -3.123725 19.36737 -8.215865 -3.020482 19.36737 -8.215865 -3.020482 17.82078 -8.215867 -1.812152 17.75764 -8.553357 -1.985644 19.21431 -8.553357 -3.123725 19.72384 -8.553357 -4.900663 19.90835 -8.215865 -4.907106 19.90835 -8.215865 -4.907106 19.36737 -8.215865 -3.020482 19.21431 -8.553357 -3.123725 19.72384 -8.553357 -4.900663 19.0916 -8.553357 -6.637729 19.23709 -8.215865 -6.751397 19.23709 -8.215865 -6.751397 19.90835 -8.215865 -4.907106 19.72384 -8.553357 -4.900663 19.0916 -8.553357 -6.637729 17.55908 -8.553359 -7.671424 17.60997 -8.215867 -7.848902 17.60997 -8.215867 -7.848902 19.23709 -8.215865 -6.751397 19.0916 -8.553357 -6.637729 17.55908 -8.553359 -7.671424 15.71166 -8.553359 -7.606911 15.64852 -8.215867 -7.780404 15.64852 -8.215867 -7.780404 17.60997 -8.215867 -7.848902 17.55908 -8.553359 -7.671424 15.71166 -8.553359 -7.606911 14.25499 -8.553359 -6.468831 14.10192 -8.215867 -6.572075 14.10192 -8.215867 -6.572075 15.64852 -8.215867 -7.780404 15.71166 -8.553359 -7.606911 14.25499 -8.553359 -6.468831 13.74546 -8.553359 -4.691894 13.56094 -8.215867 -4.68545 13.56094 -8.215867 -4.68545 14.10192 -8.215867 -6.572075 14.25499 -8.553359 -6.468831 13.74546 -8.553359 -4.691894 14.3777 -8.553359 -2.954826 14.23221 -8.215867 -2.841159 14.23221 -8.215867 -2.841159 13.56094 -8.215867 -4.68545 13.74546 -8.553359 -4.691894 14.3777 -8.553359 -2.954826 15.91021 -8.553359 -1.921132 15.85932 -8.215867 -1.743656 15.85932 -8.215867 -1.743656 14.23221 -8.215867 -2.841159 14.3777 -8.553359 -2.954826 15.91021 -8.553359 -1.921132 17.75764 -8.553357 -1.985644 17.82078 -8.215867 -1.812152 17.82078 -8.215867 -1.812152 15.85932 -8.215867 -1.743656 15.91021 -8.553359 -1.921132 17.82078 -8.215867 -1.812152 19.36737 -8.215865 -3.020482 19.8983 -8.215865 -2.662364 19.8983 -8.215865 -2.662364 18.03982 -8.215867 -1.210356 17.82078 -8.215867 -1.812152 19.36738 -7.867973 -3.020482 17.82078 -7.867973 -1.812152 18.03982 -7.867973 -1.210356 18.03982 -7.867973 -1.210356 19.8983 -7.867973 -2.662366 19.36738 -7.867973 -3.020482 19.36737 -8.215865 -3.020482 19.90835 -8.215865 -4.907106 20.54838 -8.215865 -4.929455 20.54838 -8.215865 -4.929455 19.8983 -8.215865 -2.662364 19.36737 -8.215865 -3.020482 19.90835 -7.867973 -4.907106 19.36738 -7.867973 -3.020482 19.8983 -7.867973 -2.662366 19.8983 -7.867973 -2.662366 20.54838 -7.867973 -4.929455 19.90835 -7.867973 -4.907106 19.90835 -8.215865 -4.907106 19.23709 -8.215865 -6.751397 19.74174 -8.215865 -7.145677 19.74174 -8.215865 -7.145677 20.54838 -8.215865 -4.929455 19.90835 -8.215865 -4.907106 19.23709 -7.867973 -6.751397 19.90835 -7.867973 -4.907106 20.54838 -7.867973 -4.929455 20.54838 -7.867973 -4.929455 19.74174 -7.867973 -7.145677 19.23709 -7.867973 -6.751397 19.23709 -8.215865 -6.751397 17.60997 -8.215867 -7.848902 17.7865 -8.215867 -8.464509 17.7865 -8.215867 -8.464509 19.74174 -8.215865 -7.145677 19.23709 -8.215865 -6.751397 17.60997 -7.867973 -7.848902 19.23709 -7.867973 -6.751397 19.74174 -7.867973 -7.145677 19.74174 -7.867973 -7.145677 17.7865 -7.867973 -8.464509 17.60997 -7.867973 -7.848902 17.60997 -8.215867 -7.848902 15.64852 -8.215867 -7.780404 15.42948 -8.215867 -8.3822 15.42948 -8.215867 -8.3822 17.7865 -8.215867 -8.464509 17.60997 -8.215867 -7.848902 15.64852 -7.867973 -7.780404 17.60997 -7.867973 -7.848902 17.7865 -7.867973 -8.464509 17.7865 -7.867973 -8.464509 15.42948 -7.867975 -8.3822 15.64852 -7.867973 -7.780404 15.64852 -8.215867 -7.780404 14.10192 -8.215867 -6.572075 13.57099 -8.215867 -6.930191 13.57099 -8.215867 -6.930191 15.42948 -8.215867 -8.3822 15.64852 -8.215867 -7.780404 14.10192 -7.867975 -6.572075 15.64852 -7.867973 -7.780404 15.42948 -7.867975 -8.3822 15.42948 -7.867975 -8.3822 13.57099 -7.867975 -6.930191 14.10192 -7.867975 -6.572075 14.10192 -8.215867 -6.572075 13.56094 -8.215867 -4.68545 12.92092 -8.215867 -4.6631 12.92092 -8.215867 -4.6631 13.57099 -8.215867 -6.930191 14.10192 -8.215867 -6.572075 13.56094 -7.867975 -4.68545 14.10192 -7.867975 -6.572075 13.57099 -7.867975 -6.930191 13.57099 -7.867975 -6.930191 12.92092 -7.867975 -4.663099 13.56094 -7.867975 -4.68545 13.56094 -8.215867 -4.68545 14.23221 -8.215867 -2.841159 13.72756 -8.215867 -2.446878 13.72756 -8.215867 -2.446878 12.92092 -8.215867 -4.6631 13.56094 -8.215867 -4.68545 14.23221 -7.867975 -2.841158 13.56094 -7.867975 -4.68545 12.92092 -7.867975 -4.663099 12.92092 -7.867975 -4.663099 13.72756 -7.867975 -2.446878 14.23221 -7.867975 -2.841158 14.23221 -8.215867 -2.841159 15.85932 -8.215867 -1.743656 15.6828 -8.215867 -1.128048 15.6828 -8.215867 -1.128048 13.72756 -8.215867 -2.446878 14.23221 -8.215867 -2.841159 15.85933 -7.867973 -1.743654 14.23221 -7.867975 -2.841158 13.72756 -7.867975 -2.446878 13.72756 -7.867975 -2.446878 15.6828 -7.867973 -1.128048 15.85933 -7.867973 -1.743654 15.85932 -8.215867 -1.743656 17.82078 -8.215867 -1.812152 18.03982 -8.215867 -1.210356 18.03982 -8.215867 -1.210356 15.6828 -8.215867 -1.128048 15.85932 -8.215867 -1.743656 17.82078 -7.867973 -1.812152 15.85933 -7.867973 -1.743654 15.6828 -7.867973 -1.128048 15.6828 -7.867973 -1.128048 18.03982 -7.867973 -1.210356 17.82078 -7.867973 -1.812152 16.73465 -2.327733 -4.796277 17.37273 -2.60465 -3.043179 18.28131 -2.60465 -3.753043 16.73465 -2.327733 -4.796277 18.28131 -2.60465 -3.753043 18.59912 -2.60465 -4.861386 16.73465 -2.327733 -4.796277 18.59912 -2.60465 -4.861386 18.20477 -2.60465 -5.944859 16.73465 -2.327733 -4.796277 18.20477 -2.60465 -5.944859 17.24888 -2.60465 -6.589614 16.73465 -2.327733 -4.796277 17.24888 -2.60465 -6.589614 16.09657 -2.60465 -6.549375 16.73465 -2.327733 -4.796277 16.09657 -2.60465 -6.549375 15.18799 -2.604652 -5.839512 16.73465 -2.327733 -4.796277 15.18799 -2.604652 -5.839512 14.87018 -2.60465 -4.731168 16.73465 -2.327733 -4.796277 14.87018 -2.60465 -4.731168 15.26453 -2.60465 -3.647695 16.73465 -2.327733 -4.796277 15.26453 -2.60465 -3.647695 16.22042 -2.60465 -3.002941 16.73465 -2.327733 -4.796277 16.22042 -2.60465 -3.002941 17.37273 -2.60465 -3.043179 17.37273 -2.60465 -3.043179 17.76708 -3.329631 -1.959707 19.23719 -3.329631 -3.108289 17.37273 -2.60465 -3.043179 19.23719 -3.329631 -3.108289 18.28131 -2.60465 -3.753043 18.28131 -2.60465 -3.753043 19.23719 -3.329631 -3.108289 19.75143 -3.329631 -4.901625 18.28131 -2.60465 -3.753043 19.75143 -3.329631 -4.901625 18.59912 -2.60465 -4.861386 18.59912 -2.60465 -4.861386 19.75143 -3.329631 -4.901625 19.11335 -3.329631 -6.654722 18.59912 -2.60465 -4.861386 19.11335 -3.329631 -6.654722 18.20477 -2.60465 -5.944859 18.20477 -2.60465 -5.944859 19.11335 -3.329631 -6.654722 17.56669 -3.329631 -7.697957 18.20477 -2.60465 -5.944859 17.56669 -3.329631 -7.697957 17.24888 -2.60465 -6.589614 17.24888 -2.60465 -6.589614 17.56669 -3.329631 -7.697957 15.70222 -3.329631 -7.63285 17.24888 -2.60465 -6.589614 15.70222 -3.329631 -7.63285 16.09657 -2.60465 -6.549375 16.09657 -2.60465 -6.549375 15.70222 -3.329631 -7.63285 14.2321 -3.329631 -6.484266 16.09657 -2.60465 -6.549375 14.2321 -3.329631 -6.484266 15.18799 -2.604652 -5.839512 15.18799 -2.604652 -5.839512 14.2321 -3.329631 -6.484266 13.71787 -3.329631 -4.690929 15.18799 -2.604652 -5.839512 13.71787 -3.329631 -4.690929 14.87018 -2.60465 -4.731168 14.87018 -2.60465 -4.731168 13.71787 -3.329631 -4.690929 14.35595 -3.329631 -2.937831 14.87018 -2.60465 -4.731168 14.35595 -3.329631 -2.937831 15.26453 -2.60465 -3.647695 15.26453 -2.60465 -3.647695 14.35595 -3.329631 -2.937831 15.90261 -3.329631 -1.894596 15.26453 -2.60465 -3.647695 15.90261 -3.329631 -1.894596 16.22042 -2.60465 -3.002941 16.22042 -2.60465 -3.002941 15.90261 -3.329631 -1.894596 17.76708 -3.329631 -1.959707 16.22042 -2.60465 -3.002941 17.76708 -3.329631 -1.959707 17.37273 -2.60465 -3.043179 18.03982 -3.660491 -1.210356 18.03982 -4.008384 -1.210355 19.8983 -4.008384 -2.662364 18.03982 -3.660491 -1.210356 19.8983 -4.008384 -2.662364 19.8983 -3.660491 -2.662364 19.8983 -3.660491 -2.662364 19.8983 -4.008384 -2.662364 20.54838 -4.008384 -4.929455 19.8983 -3.660491 -2.662364 20.54838 -4.008384 -4.929455 20.54838 -3.660491 -4.929455 20.54838 -3.660491 -4.929455 20.54838 -4.008384 -4.929455 19.74174 -4.008384 -7.145677 20.54838 -3.660491 -4.929455 19.74174 -4.008384 -7.145677 19.74174 -3.660491 -7.145677 19.74174 -3.660491 -7.145677 19.74174 -4.008384 -7.145677 17.7865 -4.008384 -8.464509 19.74174 -3.660491 -7.145677 17.7865 -4.008384 -8.464509 17.7865 -3.660491 -8.464509 17.7865 -3.660491 -8.464509 17.7865 -4.008384 -8.464509 15.42948 -4.008384 -8.3822 17.7865 -3.660491 -8.464509 15.42948 -4.008384 -8.3822 15.42948 -3.660491 -8.3822 15.42948 -3.660491 -8.3822 15.42948 -4.008384 -8.3822 13.57099 -4.008384 -6.93019 15.42948 -3.660491 -8.3822 13.57099 -4.008384 -6.93019 13.57099 -3.660491 -6.93019 13.57099 -3.660491 -6.93019 13.57099 -4.008384 -6.93019 12.92092 -4.008384 -4.663099 13.57099 -3.660491 -6.93019 12.92092 -4.008384 -4.663099 12.92092 -3.660491 -4.663099 12.92092 -3.660491 -4.663099 12.92092 -4.008384 -4.663099 13.72756 -4.008384 -2.446878 12.92092 -3.660491 -4.663099 13.72756 -4.008384 -2.446878 13.72756 -3.660491 -2.446877 13.72756 -3.660491 -2.446877 13.72756 -4.008384 -2.446878 15.6828 -4.008384 -1.128048 13.72756 -3.660491 -2.446877 15.6828 -4.008384 -1.128048 15.6828 -3.660491 -1.128046 15.6828 -3.660491 -1.128046 15.6828 -4.008384 -1.128048 18.03982 -4.008384 -1.210355 15.6828 -3.660491 -1.128046 18.03982 -4.008384 -1.210355 18.03982 -3.660491 -1.210356 19.23719 -3.329631 -3.108289 17.76708 -3.329631 -1.959707 17.82078 -3.660491 -1.812151 17.82078 -3.660491 -1.812151 19.36738 -3.660491 -3.020481 19.23719 -3.329631 -3.108289 19.75143 -3.329631 -4.901625 19.23719 -3.329631 -3.108289 19.36738 -3.660491 -3.020481 19.36738 -3.660491 -3.020481 19.90835 -3.660491 -4.907105 19.75143 -3.329631 -4.901625 19.11335 -3.329631 -6.654722 19.75143 -3.329631 -4.901625 19.90835 -3.660491 -4.907105 19.90835 -3.660491 -4.907105 19.23709 -3.660491 -6.751397 19.11335 -3.329631 -6.654722 17.56669 -3.329631 -7.697957 19.11335 -3.329631 -6.654722 19.23709 -3.660491 -6.751397 19.23709 -3.660491 -6.751397 17.60997 -3.660491 -7.8489 17.56669 -3.329631 -7.697957 15.70222 -3.329631 -7.63285 17.56669 -3.329631 -7.697957 17.60997 -3.660491 -7.8489 17.60997 -3.660491 -7.8489 15.64852 -3.660491 -7.780404 15.70222 -3.329631 -7.63285 14.2321 -3.329631 -6.484266 15.70222 -3.329631 -7.63285 15.64852 -3.660491 -7.780404 15.64852 -3.660491 -7.780404 14.10192 -3.660491 -6.572074 14.2321 -3.329631 -6.484266 13.71787 -3.329631 -4.690929 14.2321 -3.329631 -6.484266 14.10192 -3.660491 -6.572074 14.10192 -3.660491 -6.572074 13.56094 -3.660491 -4.685448 13.71787 -3.329631 -4.690929 14.35595 -3.329631 -2.937831 13.71787 -3.329631 -4.690929 13.56094 -3.660491 -4.685448 13.56094 -3.660491 -4.685448 14.23221 -3.660491 -2.841157 14.35595 -3.329631 -2.937831 15.90261 -3.329631 -1.894596 14.35595 -3.329631 -2.937831 14.23221 -3.660491 -2.841157 14.23221 -3.660491 -2.841157 15.85933 -3.660491 -1.743654 15.90261 -3.329631 -1.894596 17.76708 -3.329631 -1.959707 15.90261 -3.329631 -1.894596 15.85933 -3.660491 -1.743654 15.85933 -3.660491 -1.743654 17.82078 -3.660491 -1.812151 17.76708 -3.329631 -1.959707 17.82078 -4.008384 -1.812151 19.36737 -4.008384 -3.020481 19.8983 -4.008384 -2.662364 19.8983 -4.008384 -2.662364 18.03982 -4.008384 -1.210355 17.82078 -4.008384 -1.812151 19.36738 -3.660491 -3.020481 17.82078 -3.660491 -1.812151 18.03982 -3.660491 -1.210356 18.03982 -3.660491 -1.210356 19.8983 -3.660491 -2.662364 19.36738 -3.660491 -3.020481 19.36737 -4.008384 -3.020481 19.90835 -4.008384 -4.907106 20.54838 -4.008384 -4.929455 20.54838 -4.008384 -4.929455 19.8983 -4.008384 -2.662364 19.36737 -4.008384 -3.020481 19.90835 -3.660491 -4.907105 19.36738 -3.660491 -3.020481 19.8983 -3.660491 -2.662364 19.8983 -3.660491 -2.662364 20.54838 -3.660491 -4.929455 19.90835 -3.660491 -4.907105 19.90835 -4.008384 -4.907106 19.23709 -4.008384 -6.751397 19.74174 -4.008384 -7.145677 19.74174 -4.008384 -7.145677 20.54838 -4.008384 -4.929455 19.90835 -4.008384 -4.907106 19.23709 -3.660491 -6.751397 19.90835 -3.660491 -4.907105 20.54838 -3.660491 -4.929455 20.54838 -3.660491 -4.929455 19.74174 -3.660491 -7.145677 19.23709 -3.660491 -6.751397 19.23709 -4.008384 -6.751397 17.60997 -4.008384 -7.8489 17.7865 -4.008384 -8.464509 17.7865 -4.008384 -8.464509 19.74174 -4.008384 -7.145677 19.23709 -4.008384 -6.751397 17.60997 -3.660491 -7.8489 19.23709 -3.660491 -6.751397 19.74174 -3.660491 -7.145677 19.74174 -3.660491 -7.145677 17.7865 -3.660491 -8.464509 17.60997 -3.660491 -7.8489 17.60997 -4.008384 -7.8489 15.64852 -4.008384 -7.780404 15.42948 -4.008384 -8.3822 15.42948 -4.008384 -8.3822 17.7865 -4.008384 -8.464509 17.60997 -4.008384 -7.8489 15.64852 -3.660491 -7.780404 17.60997 -3.660491 -7.8489 17.7865 -3.660491 -8.464509 17.7865 -3.660491 -8.464509 15.42948 -3.660491 -8.3822 15.64852 -3.660491 -7.780404 15.64852 -4.008384 -7.780404 14.10192 -4.008384 -6.572073 13.57099 -4.008384 -6.93019 13.57099 -4.008384 -6.93019 15.42948 -4.008384 -8.3822 15.64852 -4.008384 -7.780404 14.10192 -3.660491 -6.572074 15.64852 -3.660491 -7.780404 15.42948 -3.660491 -8.3822 15.42948 -3.660491 -8.3822 13.57099 -3.660491 -6.93019 14.10192 -3.660491 -6.572074 14.10192 -4.008384 -6.572073 13.56094 -4.008384 -4.685449 12.92092 -4.008384 -4.663099 12.92092 -4.008384 -4.663099 13.57099 -4.008384 -6.93019 14.10192 -4.008384 -6.572073 13.56094 -3.660491 -4.685448 14.10192 -3.660491 -6.572074 13.57099 -3.660491 -6.93019 13.57099 -3.660491 -6.93019 12.92092 -3.660491 -4.663099 13.56094 -3.660491 -4.685448 13.56094 -4.008384 -4.685449 14.23221 -4.008384 -2.841157 13.72756 -4.008384 -2.446878 13.72756 -4.008384 -2.446878 12.92092 -4.008384 -4.663099 13.56094 -4.008384 -4.685449 14.23221 -3.660491 -2.841157 13.56094 -3.660491 -4.685448 12.92092 -3.660491 -4.663099 12.92092 -3.660491 -4.663099 13.72756 -3.660491 -2.446877 14.23221 -3.660491 -2.841157 14.23221 -4.008384 -2.841157 15.85932 -4.008384 -1.743655 15.6828 -4.008384 -1.128048 15.6828 -4.008384 -1.128048 13.72756 -4.008384 -2.446878 14.23221 -4.008384 -2.841157 15.85933 -3.660491 -1.743654 14.23221 -3.660491 -2.841157 13.72756 -3.660491 -2.446877 13.72756 -3.660491 -2.446877 15.6828 -3.660491 -1.128046 15.85933 -3.660491 -1.743654 15.85932 -4.008384 -1.743655 17.82078 -4.008384 -1.812151 18.03982 -4.008384 -1.210355 18.03982 -4.008384 -1.210355 15.6828 -4.008384 -1.128048 15.85932 -4.008384 -1.743655 17.82078 -3.660491 -1.812151 15.85933 -3.660491 -1.743654 15.6828 -3.660491 -1.128046 15.6828 -3.660491 -1.128046 18.03982 -3.660491 -1.210356 17.82078 -3.660491 -1.812151 20.54473 -2.10288 1.938041 12.65181 -2.10288 -0.5515384 12.46407 -2.10288 0.5132011 20.54473 -2.10288 1.938041 20.95106 -2.10288 0.8853173 12.65181 -2.10288 -0.5515384 20.95106 -2.10288 0.8853173 12.8367 -3.167621 -0.5189374 12.65181 -2.10288 -0.5515384 20.95106 -2.10288 0.8853173 20.95106 -3.166933 0.8853173 12.8367 -3.167621 -0.5189374 20.95106 -3.166933 0.8853173 12.64896 -3.167619 0.5458022 12.8367 -3.167621 -0.5189374 20.95106 -3.166933 0.8853173 20.54463 -3.167278 1.938022 12.64896 -3.167619 0.5458022 20.54463 -3.167278 1.938022 12.46407 -2.10288 0.5132011 12.64896 -3.167619 0.5458022 20.54463 -3.167278 1.938022 20.54473 -2.10288 1.938041 12.46407 -2.10288 0.5132011 12.46407 -2.10288 0.5132011 11.59424 -2.493741 -0.7380166 11.40649 -2.493741 0.3267226 12.46407 -2.10288 0.5132011 12.65181 -2.10288 -0.5515384 11.59424 -2.493741 -0.7380166 12.65181 -2.10288 -0.5515384 12.1266 -3.430059 -0.6441456 11.59424 -2.493741 -0.7380166 12.65181 -2.10288 -0.5515384 12.8367 -3.167621 -0.5189374 12.1266 -3.430059 -0.6441456 12.8367 -3.167621 -0.5189374 11.93886 -3.430059 0.420594 12.1266 -3.430059 -0.6441456 12.8367 -3.167621 -0.5189374 12.64896 -3.167619 0.5458022 11.93886 -3.430059 0.420594 12.64896 -3.167619 0.5458022 11.40649 -2.493741 0.3267226 11.93886 -3.430059 0.420594 12.64896 -3.167619 0.5458022 12.46407 -2.10288 0.5132011 11.40649 -2.493741 0.3267226 11.40649 -2.493741 0.3267226 10.73209 -3.228324 -0.8900359 10.54435 -3.228324 0.1747036 11.40649 -2.493741 0.3267226 11.59424 -2.493741 -0.7380166 10.73209 -3.228324 -0.8900359 11.59424 -2.493741 -0.7380166 11.54773 -3.923286 -0.7462168 10.73209 -3.228324 -0.8900359 11.59424 -2.493741 -0.7380166 12.1266 -3.430059 -0.6441456 11.54773 -3.923286 -0.7462168 12.1266 -3.430059 -0.6441456 11.35999 -3.923286 0.3185227 11.54773 -3.923286 -0.7462168 12.1266 -3.430059 -0.6441456 11.93886 -3.430059 0.420594 11.35999 -3.923286 0.3185227 11.93886 -3.430059 0.420594 10.54435 -3.228324 0.1747036 11.35999 -3.923286 0.3185227 11.93886 -3.430059 0.420594 11.40649 -2.493741 0.3267226 10.54435 -3.228324 0.1747036 10.54435 -3.228324 0.1747036 10.16937 -4.218026 -0.989259 9.981629 -4.218026 0.07548046 10.54435 -3.228324 0.1747036 10.73209 -3.228324 -0.8900359 10.16937 -4.218026 -0.989259 10.73209 -3.228324 -0.8900359 11.1699 -4.587806 -0.8128387 10.16937 -4.218026 -0.989259 10.73209 -3.228324 -0.8900359 11.54773 -3.923286 -0.7462168 11.1699 -4.587806 -0.8128387 11.54773 -3.923286 -0.7462168 10.98216 -4.587806 0.2519009 11.1699 -4.587806 -0.8128387 11.54773 -3.923286 -0.7462168 11.35999 -3.923286 0.3185227 10.98216 -4.587806 0.2519009 11.35999 -3.923286 0.3185227 9.981629 -4.218026 0.07548046 10.98216 -4.587806 0.2519009 11.35999 -3.923286 0.3185227 10.54435 -3.228324 0.1747036 9.981629 -4.218026 0.07548046 9.981629 -4.218026 0.07548046 9.973939 -5.342346 -1.02372 9.786197 -5.342346 0.04102087 9.981629 -4.218026 0.07548046 10.16937 -4.218026 -0.989259 9.973939 -5.342346 -1.02372 10.16937 -4.218026 -0.989259 11.1699 -4.587806 -0.8128387 9.973939 -5.342346 -1.02372 9.973939 -5.342346 -1.02372 11.1699 -4.587806 -0.8128387 11.03858 -5.93818 -0.8359948 11.1699 -4.587806 -0.8128387 10.98216 -4.587806 0.2519009 10.94491 -5.479845 -0.3035903 10.94491 -5.479845 -0.3035903 10.98216 -4.587806 0.2519009 10.85083 -5.342346 0.2287452 10.98216 -4.587806 0.2519009 9.981629 -4.218026 0.07548046 10.85083 -5.342346 0.2287452 10.85083 -5.342346 0.2287452 9.981629 -4.218026 0.07548046 9.786197 -5.342346 0.04102087 9.785995 -6.534013 0.0409851 10.16917 -7.658703 -0.9892953 9.981428 -7.658703 0.07544493 9.785995 -6.534013 0.0409851 9.973738 -6.534013 -1.023755 10.16917 -7.658703 -0.9892953 9.973738 -6.534013 -1.023755 11.1697 -7.288923 -0.8128753 10.16917 -7.658703 -0.9892953 9.973738 -6.534013 -1.023755 11.03858 -5.93818 -0.8359948 11.1697 -7.288923 -0.8128753 11.03858 -5.93818 -0.8359948 10.94471 -6.396512 -0.3036254 11.1697 -7.288923 -0.8128753 10.98195 -7.288923 0.2518654 10.85083 -6.534013 0.2287452 9.981428 -7.658703 0.07544493 9.981428 -7.658703 0.07544493 10.73189 -8.648404 -0.890072 10.54415 -8.648404 0.1746683 9.981428 -7.658703 0.07544493 10.16917 -7.658703 -0.9892953 10.73189 -8.648404 -0.890072 10.16917 -7.658703 -0.9892953 11.54753 -7.953444 -0.7462531 10.73189 -8.648404 -0.890072 10.16917 -7.658703 -0.9892953 11.1697 -7.288923 -0.8128753 11.54753 -7.953444 -0.7462531 11.1697 -7.288923 -0.8128753 11.35979 -7.953444 0.3184872 11.54753 -7.953444 -0.7462531 11.1697 -7.288923 -0.8128753 10.98195 -7.288923 0.2518654 11.35979 -7.953444 0.3184872 10.98195 -7.288923 0.2518654 10.54415 -8.648404 0.1746683 11.35979 -7.953444 0.3184872 10.98195 -7.288923 0.2518654 9.981428 -7.658703 0.07544493 10.54415 -8.648404 0.1746683 10.54415 -8.648404 0.1746683 11.59403 -9.382986 -0.7380536 11.40629 -9.382986 0.3266869 10.54415 -8.648404 0.1746683 10.73189 -8.648404 -0.890072 11.59403 -9.382986 -0.7380536 10.73189 -8.648404 -0.890072 12.1264 -8.446669 -0.6441819 11.59403 -9.382986 -0.7380536 10.73189 -8.648404 -0.890072 11.54753 -7.953444 -0.7462531 12.1264 -8.446669 -0.6441819 11.54753 -7.953444 -0.7462531 11.93866 -8.446669 0.4205583 12.1264 -8.446669 -0.6441819 11.54753 -7.953444 -0.7462531 11.35979 -7.953444 0.3184872 11.93866 -8.446669 0.4205583 11.35979 -7.953444 0.3184872 11.40629 -9.382986 0.3266869 11.93866 -8.446669 0.4205583 11.35979 -7.953444 0.3184872 10.54415 -8.648404 0.1746683 11.40629 -9.382986 0.3266869 11.40629 -9.382986 0.3266869 12.65161 -9.773849 -0.5515745 12.46386 -9.773849 0.513166 11.40629 -9.382986 0.3266869 11.59403 -9.382986 -0.7380536 12.65161 -9.773849 -0.5515745 11.59403 -9.382986 -0.7380536 12.8365 -8.709109 -0.5189737 12.65161 -9.773849 -0.5515745 11.59403 -9.382986 -0.7380536 12.1264 -8.446669 -0.6441819 12.8365 -8.709109 -0.5189737 12.1264 -8.446669 -0.6441819 12.64875 -8.709109 0.5457667 12.8365 -8.709109 -0.5189737 12.1264 -8.446669 -0.6441819 11.93866 -8.446669 0.4205583 12.64875 -8.709109 0.5457667 11.93866 -8.446669 0.4205583 12.46386 -9.773849 0.513166 12.64875 -8.709109 0.5457667 11.93866 -8.446669 0.4205583 11.40629 -9.382986 0.3266869 12.46386 -9.773849 0.513166 12.46386 -9.773849 0.513166 20.95106 -9.773849 0.8853173 20.54484 -9.773849 1.938059 12.46386 -9.773849 0.513166 12.65161 -9.773849 -0.5515745 20.95106 -9.773849 0.8853173 12.65161 -9.773849 -0.5515745 20.95106 -8.709794 0.8853173 20.95106 -9.773849 0.8853173 12.65161 -9.773849 -0.5515745 12.8365 -8.709109 -0.5189737 20.95106 -8.709794 0.8853173 12.8365 -8.709109 -0.5189737 20.54473 -8.709452 1.938041 20.95106 -8.709794 0.8853173 12.8365 -8.709109 -0.5189737 12.64875 -8.709109 0.5457667 20.54473 -8.709452 1.938041 12.64875 -8.709109 0.5457667 20.54484 -9.773849 1.938059 20.54473 -8.709452 1.938041 12.64875 -8.709109 0.5457667 12.46386 -9.773849 0.513166 20.54484 -9.773849 1.938059 11.03858 -5.93818 -0.8359948 9.973738 -6.534013 -1.023755 9.973939 -5.342346 -1.02372 -5.158661 -6.534377 -5.630904 -5.15849 -5.341977 -5.630788 -3.509297 -5.416776 -7.39305 -5.158661 -6.534377 -5.630904 -3.509297 -5.416776 -7.39305 -3.509465 -6.459578 -7.393162 9.786197 -5.342346 0.04102087 9.973939 -5.342346 -1.02372 1.150902 -5.341978 -2.579448 1.150902 -5.341978 -2.579448 0.9631665 -5.341978 -1.514717 9.786197 -5.342346 0.04102087 9.973738 -6.534013 -1.023755 9.785995 -6.534013 0.0409851 0.9629624 -6.534378 -1.514753 0.9629624 -6.534378 -1.514753 1.150703 -6.534378 -2.579494 9.973738 -6.534013 -1.023755 9.973939 -5.342346 -1.02372 9.973738 -6.534013 -1.023755 1.150703 -6.534378 -2.579494 1.150703 -6.534378 -2.579494 1.150902 -5.341978 -2.579448 9.973939 -5.342346 -1.02372 10.53093 -6.467395 1.90426 10.53113 -5.386331 1.904295 7.942611 -5.386331 0.8137915 0.7754204 -5.479478 -0.4499773 0.7752202 -6.396881 -0.4500128 7.942611 -6.467395 0.8137915 -2.241547 -6.358296 -2.966884 -1.390696 -5.517978 -1.929755 -2.241549 -5.517978 -2.966884 -5.050173 -5.517977 -4.894819 -5.050311 -6.357875 -4.894915 -2.241547 -6.358296 -2.966884 -5.15849 -5.341977 -5.630788 -1.582736 -5.341977 -3.237271 0.9267304 -5.416692 -3.451608 1.150902 -5.341978 -2.579448 0.9267304 -5.416692 -3.451608 -1.582736 -5.341977 -3.237271 1.005233 -5.531267 -3.645216 1.005079 -6.345178 -3.645255 -1.956189 -6.345178 -6.744037 -1.956189 -6.345178 -6.744037 -1.956059 -5.531177 -6.743943 1.005233 -5.531267 -3.645216 0.9265359 -6.459117 -3.451663 1.150703 -6.534378 -2.579494 -1.582736 -6.534377 -3.237271 -1.582736 -6.534377 -3.237271 -3.509465 -6.459578 -7.393162 0.9265359 -6.459117 -3.451663 20.54463 -3.167278 1.938022 20.95106 -3.166933 0.8853173 21.18137 -3.166933 1.924151 20.95106 -2.10288 0.8853173 20.54473 -2.10288 1.938041 21.18137 -2.10288 1.924151 20.54473 -2.10288 1.938041 21.18137 -3.166933 1.924151 21.18137 -2.10288 1.924151 20.54473 -2.10288 1.938041 20.54463 -3.167278 1.938022 21.18137 -3.166933 1.924151 21.18137 -3.166933 1.924151 20.95106 -3.166933 0.8853173 21.76422 -3.166933 1.667686 20.95106 -2.10288 0.8853173 21.18137 -2.10288 1.924151 21.76422 -2.10288 1.667686 21.18137 -2.10288 1.924151 21.76422 -3.166933 1.667686 21.76422 -2.10288 1.667686 21.18137 -2.10288 1.924151 21.18137 -3.166933 1.924151 21.76422 -3.166933 1.667686 21.76422 -3.166933 1.667686 21.30715 -3.166933 0.6359787 22.20457 -3.166933 1.207696 21.76422 -3.166933 1.667686 20.95106 -3.166933 0.8853173 21.30715 -3.166933 0.6359787 20.95106 -3.166933 0.8853173 21.30715 -2.10288 0.6359787 21.30715 -3.166933 0.6359787 20.95106 -3.166933 0.8853173 20.95106 -2.10288 0.8853173 21.30715 -2.10288 0.6359787 20.95106 -2.10288 0.8853173 22.20457 -2.10288 1.207696 21.30715 -2.10288 0.6359787 20.95106 -2.10288 0.8853173 21.76422 -2.10288 1.667686 22.20457 -2.10288 1.207696 21.76422 -2.10288 1.667686 22.20457 -3.166933 1.207696 22.20457 -2.10288 1.207696 21.76422 -2.10288 1.667686 21.76422 -3.166933 1.667686 22.20457 -3.166933 1.207696 22.20457 -3.166933 1.207696 21.30715 -3.166933 0.6359787 22.43538 -3.167278 0.6140993 21.30715 -2.10288 0.6359787 22.20457 -2.10288 1.207696 22.43537 -2.10288 0.6142066 22.20457 -2.10288 1.207696 22.43538 -3.167278 0.6140993 22.43537 -2.10288 0.6142066 22.20457 -2.10288 1.207696 22.20457 -3.166933 1.207696 22.43538 -3.167278 0.6140993 20.54484 -9.773849 1.938059 20.95106 -9.773849 0.8853173 21.18137 -9.773849 1.92415 20.95106 -8.709794 0.8853173 20.54473 -8.709452 1.938041 21.18137 -8.709794 1.924151 20.54473 -8.709452 1.938041 21.18137 -9.773849 1.92415 21.18137 -8.709794 1.924151 20.54473 -8.709452 1.938041 20.54484 -9.773849 1.938059 21.18137 -9.773849 1.92415 21.18137 -9.773849 1.92415 20.95106 -9.773849 0.8853173 21.76422 -9.773849 1.667685 20.95106 -8.709794 0.8853173 21.18137 -8.709794 1.924151 21.76422 -8.709794 1.667685 21.18137 -8.709794 1.924151 21.76422 -9.773849 1.667685 21.76422 -8.709794 1.667685 21.18137 -8.709794 1.924151 21.18137 -9.773849 1.92415 21.76422 -9.773849 1.667685 21.76422 -9.773849 1.667685 21.30715 -9.773849 0.6359787 22.20457 -9.773849 1.207696 21.76422 -9.773849 1.667685 20.95106 -9.773849 0.8853173 21.30715 -9.773849 0.6359787 20.95106 -9.773849 0.8853173 21.30715 -8.709794 0.6359787 21.30715 -9.773849 0.6359787 20.95106 -9.773849 0.8853173 20.95106 -8.709794 0.8853173 21.30715 -8.709794 0.6359787 20.95106 -8.709794 0.8853173 22.20457 -8.709794 1.207696 21.30715 -8.709794 0.6359787 20.95106 -8.709794 0.8853173 21.76422 -8.709794 1.667685 22.20457 -8.709794 1.207696 21.76422 -8.709794 1.667685 22.20457 -9.773849 1.207696 22.20457 -8.709794 1.207696 21.76422 -8.709794 1.667685 21.76422 -9.773849 1.667685 22.20457 -9.773849 1.207696 22.20457 -9.773849 1.207696 21.30715 -9.773849 0.6359787 22.43538 -9.773849 0.6141067 21.30715 -8.709794 0.6359787 22.20457 -8.709794 1.207696 22.4354 -8.709452 0.6139994 22.20457 -8.709794 1.207696 22.43538 -9.773849 0.6141067 22.4354 -8.709452 0.6139994 22.20457 -8.709794 1.207696 22.20457 -9.773849 1.207696 22.43538 -9.773849 0.6141067 21.80455 -2.101755 -2.034463 23.05577 -2.492618 -2.904293 21.99103 -2.492618 -3.092036 21.80455 -2.101755 -2.034463 22.86929 -2.101755 -1.846721 23.05577 -2.492618 -2.904293 22.86929 -2.101755 -1.846721 22.9619 -3.428933 -2.371924 23.05577 -2.492618 -2.904293 22.86929 -2.101755 -1.846721 22.83669 -3.166494 -1.66183 22.9619 -3.428933 -2.371924 22.83669 -3.166494 -1.66183 21.89716 -3.428933 -2.559666 22.9619 -3.428933 -2.371924 22.83669 -3.166494 -1.66183 21.77195 -3.166494 -1.849573 21.89716 -3.428933 -2.559666 21.77195 -3.166494 -1.849573 21.99103 -2.492618 -3.092036 21.89716 -3.428933 -2.559666 21.77195 -3.166494 -1.849573 21.80455 -2.101755 -2.034463 21.99103 -2.492618 -3.092036 21.99103 -2.492618 -3.092036 23.05577 -2.492618 -2.904293 23.13956 -2.897506 -3.37949 23.05577 -2.492618 -2.904293 22.9619 -3.428933 -2.371924 23.13956 -2.897506 -3.37949 23.13956 -2.897506 -3.37949 22.9619 -3.428933 -2.371924 23.06397 -3.922158 -2.950797 22.9619 -3.428933 -2.371924 21.99923 -3.922158 -3.13854 23.06397 -3.922158 -2.950797 22.9619 -3.428933 -2.371924 21.89716 -3.428933 -2.559666 21.99923 -3.922158 -3.13854 21.89716 -3.428933 -2.559666 22.07475 -2.897779 -3.566805 21.99923 -3.922158 -3.13854 21.99923 -3.922158 -3.13854 22.07475 -2.897779 -3.566805 22.19266 -3.722049 -4.235541 23.2574 -3.722049 -4.047798 23.06397 -3.922158 -2.950797 23.13059 -4.58668 -3.328629 23.06397 -3.922158 -2.950797 22.06585 -4.58668 -3.516372 23.13059 -4.58668 -3.328629 23.06397 -3.922158 -2.950797 21.99923 -3.922158 -3.13854 22.06585 -4.58668 -3.516372 21.99923 -3.922158 -3.13854 22.19266 -3.722049 -4.235541 22.06585 -4.58668 -3.516372 22.19266 -3.722049 -4.235541 23.34147 -5.342348 -4.52459 22.27673 -5.342348 -4.712332 22.19266 -3.722049 -4.235541 23.2574 -3.722049 -4.047798 23.34147 -5.342348 -4.52459 23.2574 -3.722049 -4.047798 23.13059 -4.58668 -3.328629 23.34147 -5.342348 -4.52459 23.34147 -5.342348 -4.52459 23.13059 -4.58668 -3.328629 23.15373 -5.342346 -3.45985 23.13059 -4.58668 -3.328629 22.08899 -5.342346 -3.647593 23.15373 -5.342346 -3.45985 23.13059 -4.58668 -3.328629 22.06585 -4.58668 -3.516372 22.08899 -5.342346 -3.647593 22.06585 -4.58668 -3.516372 22.27673 -5.342348 -4.712332 22.08899 -5.342346 -3.647593 22.06585 -4.58668 -3.516372 22.19266 -3.722049 -4.235541 22.27673 -5.342348 -4.712332 22.27676 -6.534381 -4.712533 23.25742 -8.154679 -4.047897 22.19268 -8.154679 -4.23564 22.27676 -6.534381 -4.712533 23.34151 -6.534381 -4.52479 23.25742 -8.154679 -4.047897 23.34151 -6.534381 -4.52479 23.13063 -7.290047 -3.32883 23.25742 -8.154679 -4.047897 23.34151 -6.534381 -4.52479 23.15377 -6.534381 -3.460049 23.13063 -7.290047 -3.32883 23.15377 -6.534381 -3.460049 22.06588 -7.290047 -3.516574 23.13063 -7.290047 -3.32883 23.15377 -6.534381 -3.460049 22.08902 -6.534381 -3.647793 22.06588 -7.290047 -3.516574 22.08902 -6.534381 -3.647793 22.27676 -6.534381 -4.712533 22.06588 -7.290047 -3.516574 22.06588 -7.290047 -3.516574 22.27676 -6.534381 -4.712533 22.19268 -8.154679 -4.23564 23.25742 -8.154679 -4.047897 23.13063 -7.290047 -3.32883 23.06401 -7.954569 -2.950996 23.13063 -7.290047 -3.32883 21.99926 -7.954569 -3.138739 23.06401 -7.954569 -2.950996 23.13063 -7.290047 -3.32883 22.06588 -7.290047 -3.516574 21.99926 -7.954569 -3.138739 22.06588 -7.290047 -3.516574 22.19268 -8.154679 -4.23564 21.99926 -7.954569 -3.138739 23.25742 -8.154679 -4.047897 23.06401 -7.954569 -2.950996 23.13953 -8.979086 -3.379277 23.13953 -8.979086 -3.379277 23.06401 -7.954569 -2.950996 22.96194 -8.447793 -2.372124 23.06401 -7.954569 -2.950996 21.89719 -8.447793 -2.559867 22.96194 -8.447793 -2.372124 23.06401 -7.954569 -2.950996 21.99926 -7.954569 -3.138739 21.89719 -8.447793 -2.559867 21.99926 -7.954569 -3.138739 22.07475 -8.978951 -3.566805 21.89719 -8.447793 -2.559867 21.99926 -7.954569 -3.138739 22.19268 -8.154679 -4.23564 22.07475 -8.978951 -3.566805 21.99106 -9.384111 -3.092236 22.86933 -9.774972 -1.846921 21.80459 -9.774972 -2.034664 21.99106 -9.384111 -3.092236 23.05581 -9.384111 -2.904494 22.86933 -9.774972 -1.846921 23.05581 -9.384111 -2.904494 22.83673 -8.710234 -1.662031 22.86933 -9.774972 -1.846921 23.05581 -9.384111 -2.904494 22.96194 -8.447793 -2.372124 22.83673 -8.710234 -1.662031 22.96194 -8.447793 -2.372124 21.77198 -8.710234 -1.849774 22.83673 -8.710234 -1.662031 22.96194 -8.447793 -2.372124 21.89719 -8.447793 -2.559867 21.77198 -8.710234 -1.849774 21.89719 -8.447793 -2.559867 21.80459 -9.774972 -2.034664 21.77198 -8.710234 -1.849774 21.89719 -8.447793 -2.559867 21.99106 -9.384111 -3.092236 21.80459 -9.774972 -2.034664 23.15373 -5.342346 -3.45985 23.15377 -6.534381 -3.460049 23.34151 -6.534381 -4.52479 23.15373 -5.342346 -3.45985 23.34151 -6.534381 -4.52479 23.34147 -5.342348 -4.52459 22.08899 -5.342346 -3.647593 22.08902 -6.534381 -3.647793 23.15377 -6.534381 -3.460049 22.08899 -5.342346 -3.647593 23.15377 -6.534381 -3.460049 23.15373 -5.342346 -3.45985 22.08902 -6.534381 -3.647793 22.08899 -5.342346 -3.647593 22.27673 -5.342348 -4.712332 22.08902 -6.534381 -3.647793 22.27673 -5.342348 -4.712332 22.27676 -6.534381 -4.712533 22.27676 -6.534381 -4.712533 22.27673 -5.342348 -4.712332 23.34147 -5.342348 -4.52459 22.27676 -6.534381 -4.712533 23.34147 -5.342348 -4.52459 23.34151 -6.534381 -4.52479 22.86929 -2.101755 -1.846721 21.80455 -2.101755 -2.034463 21.30715 -2.10288 0.6359787 21.30715 -2.10288 0.6359787 22.43537 -2.10288 0.6142066 22.86929 -2.101755 -1.846721 21.77195 -3.166494 -1.849573 22.83669 -3.166494 -1.66183 22.43538 -3.167278 0.6140993 22.43538 -3.167278 0.6140993 21.30715 -3.166933 0.6359787 21.77195 -3.166494 -1.849573 21.80455 -2.101755 -2.034463 21.77195 -3.166494 -1.849573 21.30715 -3.166933 0.6359787 21.30715 -3.166933 0.6359787 21.30715 -2.10288 0.6359787 21.80455 -2.101755 -2.034463 21.80459 -9.774972 -2.034664 22.86933 -9.774972 -1.846921 22.43538 -9.773849 0.6141067 22.43538 -9.773849 0.6141067 21.30715 -9.773849 0.6359787 21.80459 -9.774972 -2.034664 22.86933 -9.774972 -1.846921 22.83673 -8.710234 -1.662031 22.4354 -8.709452 0.6139994 22.4354 -8.709452 0.6139994 22.43538 -9.773849 0.6141067 22.86933 -9.774972 -1.846921 22.83673 -8.710234 -1.662031 21.77198 -8.710234 -1.849774 21.30715 -8.709794 0.6359787 21.30715 -8.709794 0.6359787 22.4354 -8.709452 0.6139994 22.83673 -8.710234 -1.662031 21.77198 -8.710234 -1.849774 21.80459 -9.774972 -2.034664 21.30715 -9.773849 0.6359787 21.30715 -9.773849 0.6359787 21.30715 -8.709794 0.6359787 21.77198 -8.710234 -1.849774 22.43537 -2.10288 0.6142066 22.43538 -3.167278 0.6140993 22.83669 -3.166494 -1.66183 22.43537 -2.10288 0.6142066 22.83669 -3.166494 -1.66183 22.86929 -2.101755 -1.846721 -5.15849 -5.341977 -5.630788 -5.158661 -6.534377 -5.630904 -5.050311 -6.357875 -4.894915 -5.050311 -6.357875 -4.894915 -5.050173 -5.517977 -4.894819 -5.15849 -5.341977 -5.630788 0.7752202 -6.396881 -0.4500128 0.7754204 -5.479478 -0.4499773 -0.5817039 -5.517986 -0.8668344 -0.5817039 -5.517986 -0.8668344 -0.5818699 -6.358549 -0.8668742 0.7752202 -6.396881 -0.4500128 -1.582736 -5.341977 -3.237271 -5.15849 -5.341977 -5.630788 -5.050173 -5.517977 -4.894819 -1.582736 -5.341977 -3.237271 -1.390696 -5.517978 -1.929755 0.9631665 -5.341978 -1.514717 -1.582736 -6.534377 -3.237271 0.9629624 -6.534378 -1.514753 -1.390859 -6.358533 -1.929796 -1.582736 -6.534377 -3.237271 -5.050311 -6.357875 -4.894915 -5.158661 -6.534377 -5.630904 1.150902 -5.341978 -2.579448 1.150703 -6.534378 -2.579494 0.9265359 -6.459117 -3.451663 0.9265359 -6.459117 -3.451663 0.9267304 -5.416692 -3.451608 1.150902 -5.341978 -2.579448 -3.509297 -5.416776 -7.39305 -5.15849 -5.341977 -5.630788 0.9267304 -5.416692 -3.451608 0.9629624 -6.534378 -1.514753 -1.582736 -6.534377 -3.237271 1.150703 -6.534378 -2.579494 0.9267304 -5.416692 -3.451608 0.9265359 -6.459117 -3.451663 1.005079 -6.345178 -3.645255 1.005079 -6.345178 -3.645255 1.005233 -5.531267 -3.645216 0.9267304 -5.416692 -3.451608 0.9265359 -6.459117 -3.451663 -3.509465 -6.459578 -7.393162 -1.956189 -6.345178 -6.744037 -1.956189 -6.345178 -6.744037 1.005079 -6.345178 -3.645255 0.9265359 -6.459117 -3.451663 -3.509465 -6.459578 -7.393162 -3.509297 -5.416776 -7.39305 -1.956059 -5.531177 -6.743943 -1.956059 -5.531177 -6.743943 -1.956189 -6.345178 -6.744037 -3.509465 -6.459578 -7.393162 -1.956059 -5.531177 -6.743943 0.9267304 -5.416692 -3.451608 1.005233 -5.531267 -3.645216 0.9267304 -5.416692 -3.451608 -1.956059 -5.531177 -6.743943 -3.509297 -5.416776 -7.39305 23.13956 -2.897506 -3.37949 23.06397 -3.922158 -2.950797 23.2574 -3.722049 -4.047798 21.89716 -3.428933 -2.559666 21.99103 -2.492618 -3.092036 22.07475 -2.897779 -3.566805 21.99103 -2.492618 -3.092036 23.13956 -2.897506 -3.37949 22.07475 -2.897779 -3.566805 23.13953 -8.979086 -3.379277 22.96194 -8.447793 -2.372124 23.05581 -9.384111 -2.904494 22.07475 -8.978951 -3.566805 23.13953 -8.979086 -3.379277 23.05581 -9.384111 -2.904494 22.07475 -8.978951 -3.566805 23.05581 -9.384111 -2.904494 21.99106 -9.384111 -3.092236 21.89719 -8.447793 -2.559867 22.07475 -8.978951 -3.566805 21.99106 -9.384111 -3.092236 23.30135 -9.552145 -6.541466 23.43091 -9.951517 -5.025337 23.20748 -10.48846 -6.009094 23.52478 -9.0152 -5.557708 23.43091 -9.951517 -5.025337 23.30135 -9.552145 -6.541466 22.29796 -9.281852 -6.243009 23.52478 -9.0152 -5.557708 23.30135 -9.552145 -6.541466 22.44798 -8.92133 -5.582477 23.52478 -9.0152 -5.557708 22.29796 -9.281852 -6.243009 22.20409 -10.21817 -5.710638 22.44798 -8.92133 -5.582477 22.29796 -9.281852 -6.243009 22.35411 -9.857646 -5.050107 22.44798 -8.92133 -5.582477 22.20409 -10.21817 -5.710638 23.20748 -10.48846 -6.009094 22.35411 -9.857646 -5.050107 22.20409 -10.21817 -5.710638 23.43091 -9.951517 -5.025337 22.35411 -9.857646 -5.050107 23.20748 -10.48846 -6.009094 22.70958 -9.989864 -7.415662 23.20748 -10.48846 -6.009094 22.61571 -10.92618 -6.883291 23.30135 -9.552145 -6.541466 23.20748 -10.48846 -6.009094 22.70958 -9.989864 -7.415662 21.90063 -9.575754 -6.829976 23.30135 -9.552145 -6.541466 22.70958 -9.989864 -7.415662 22.29796 -9.281852 -6.243009 23.30135 -9.552145 -6.541466 21.90063 -9.575754 -6.829976 21.80676 -10.51207 -6.297607 22.29796 -9.281852 -6.243009 21.90063 -9.575754 -6.829976 22.20409 -10.21817 -5.710638 22.29796 -9.281852 -6.243009 21.80676 -10.51207 -6.297607 22.61571 -10.92618 -6.883291 22.20409 -10.21817 -5.710638 21.80676 -10.51207 -6.297607 23.20748 -10.48846 -6.009094 22.20409 -10.21817 -5.710638 22.61571 -10.92618 -6.883291 21.82085 -10.27556 -8.074853 22.61571 -10.92618 -6.883291 21.72697 -11.21188 -7.542482 22.70958 -9.989864 -7.415662 22.61571 -10.92618 -6.883291 21.82085 -10.27556 -8.074853 21.3039 -9.767583 -7.272581 22.70958 -9.989864 -7.415662 21.82085 -10.27556 -8.074853 21.90063 -9.575754 -6.829976 22.70958 -9.989864 -7.415662 21.3039 -9.767583 -7.272581 21.21003 -10.7039 -6.740212 21.90063 -9.575754 -6.829976 21.3039 -9.767583 -7.272581 21.80676 -10.51207 -6.297607 21.90063 -9.575754 -6.829976 21.21003 -10.7039 -6.740212 21.72697 -11.21188 -7.542482 21.80676 -10.51207 -6.297607 21.21003 -10.7039 -6.740212 22.61571 -10.92618 -6.883291 21.80676 -10.51207 -6.297607 21.72697 -11.21188 -7.542482 20.74234 -10.37479 -8.439534 21.72697 -11.21188 -7.542482 20.64847 -11.3111 -7.907164 21.82085 -10.27556 -8.074853 21.72697 -11.21188 -7.542482 20.74234 -10.37479 -8.439534 20.57975 -9.834205 -7.51744 21.82085 -10.27556 -8.074853 20.74234 -10.37479 -8.439534 21.3039 -9.767583 -7.272581 21.82085 -10.27556 -8.074853 20.57975 -9.834205 -7.51744 20.48588 -10.77052 -6.985069 21.3039 -9.767583 -7.272581 20.57975 -9.834205 -7.51744 21.21003 -10.7039 -6.740212 21.3039 -9.767583 -7.272581 20.48588 -10.77052 -6.985069 20.64847 -11.3111 -7.907164 21.21003 -10.7039 -6.740212 20.48588 -10.77052 -6.985069 21.72697 -11.21188 -7.542482 21.21003 -10.7039 -6.740212 20.64847 -11.3111 -7.907164 15.67323 -9.828847 -8.355344 20.57975 -9.834205 -7.51744 16.05423 -10.37869 -9.264125 16.05423 -10.37869 -9.264125 20.57975 -9.834205 -7.51744 20.74234 -10.37479 -8.439534 15.58084 -10.75034 -7.831402 20.48588 -10.77052 -6.985069 15.67323 -9.828847 -8.355344 15.67323 -9.828847 -8.355344 20.48588 -10.77052 -6.985069 20.57975 -9.834205 -7.51744 20.48588 -10.77052 -6.985069 15.58084 -10.75034 -7.831402 20.64847 -11.3111 -7.907164 20.64847 -11.3111 -7.907164 15.58084 -10.75034 -7.831402 15.96114 -11.30775 -8.735876 20.64847 -11.3111 -7.907164 15.96114 -11.30775 -8.735876 20.74234 -10.37479 -8.439534 20.74234 -10.37479 -8.439534 15.96114 -11.30775 -8.735876 16.05423 -10.37869 -9.264125 23.43091 -9.951517 -5.025337 23.52478 -9.0152 -5.557708 23.13953 -8.979086 -3.379277 23.25742 -8.154679 -4.047897 23.13953 -8.979086 -3.379277 23.52478 -9.0152 -5.557708 22.44798 -8.92133 -5.582477 22.35411 -9.857646 -5.050107 22.19268 -8.154679 -4.23564 22.07475 -8.978951 -3.566805 22.19268 -8.154679 -4.23564 22.35411 -9.857646 -5.050107 22.35411 -9.857646 -5.050107 23.43091 -9.951517 -5.025337 22.07475 -8.978951 -3.566805 23.13953 -8.979086 -3.379277 22.07475 -8.978951 -3.566805 23.43091 -9.951517 -5.025337 22.19268 -8.154679 -4.23564 23.25742 -8.154679 -4.047897 22.44798 -8.92133 -5.582477 22.44798 -8.92133 -5.582477 23.25742 -8.154679 -4.047897 23.52478 -9.0152 -5.557708 15.58084 -10.75034 -7.831402 14.73578 -11.05639 -8.51867 15.32767 -11.24187 -8.740531 14.82817 -10.13489 -9.042613 15.67323 -9.828847 -8.355344 15.42005 -10.32037 -9.264472 15.32767 -11.24187 -8.740531 14.82817 -10.13489 -9.042613 15.42005 -10.32037 -9.264472 14.73578 -11.05639 -8.51867 14.82817 -10.13489 -9.042613 15.32767 -11.24187 -8.740531 15.58084 -10.75034 -7.831402 15.32767 -11.24187 -8.740531 15.96114 -11.30775 -8.735876 15.42005 -10.32037 -9.264472 15.67323 -9.828847 -8.355344 16.05423 -10.37869 -9.264125 15.96114 -11.30775 -8.735876 15.42005 -10.32037 -9.264472 16.05423 -10.37869 -9.264125 15.32767 -11.24187 -8.740531 15.42005 -10.32037 -9.264472 15.96114 -11.30775 -8.735876 10.00324 -8.291674 -4.490646 8.880013 -8.183241 -4.498294 9.524372 -8.760006 -5.398773 8.972274 -7.261501 -5.02153 10.09563 -7.370176 -5.014592 9.616756 -7.838509 -5.922717 9.524372 -8.760006 -5.398773 8.972274 -7.261501 -5.02153 9.616756 -7.838509 -5.922717 8.880013 -8.183241 -4.498294 8.972274 -7.261501 -5.02153 9.524372 -8.760006 -5.398773 10.00324 -8.291674 -4.490646 9.524372 -8.760006 -5.398773 15.58084 -10.75034 -7.831402 14.73578 -11.05639 -8.51867 15.58084 -10.75034 -7.831402 9.524372 -8.760006 -5.398773 10.09563 -7.370176 -5.014592 10.00324 -8.291674 -4.490646 15.67323 -9.828847 -8.355344 15.58084 -10.75034 -7.831402 15.67323 -9.828847 -8.355344 10.00324 -8.291674 -4.490646 9.616756 -7.838509 -5.922717 10.09563 -7.370176 -5.014592 14.82817 -10.13489 -9.042613 15.67323 -9.828847 -8.355344 14.82817 -10.13489 -9.042613 10.09563 -7.370176 -5.014592 9.524372 -8.760006 -5.398773 9.616756 -7.838509 -5.922717 14.73578 -11.05639 -8.51867 14.82817 -10.13489 -9.042613 14.73578 -11.05639 -8.51867 9.616756 -7.838509 -5.922717 8.816721 -7.262171 -4.142206 8.972274 -7.261501 -5.02153 8.880013 -8.183241 -4.498294 10.09563 -7.370176 -5.014592 9.90785 -7.262279 -3.94933 10.00324 -8.291674 -4.490646 9.90785 -7.262279 -3.94933 8.880013 -8.183241 -4.498294 10.00324 -8.291674 -4.490646 9.90785 -7.262279 -3.94933 8.816721 -7.262171 -4.142206 8.880013 -8.183241 -4.498294 23.43091 -1.925212 -5.025337 23.30135 -2.324586 -6.541466 23.20748 -1.388267 -6.009094 23.43091 -1.925212 -5.025337 23.52478 -2.86153 -5.557708 23.30135 -2.324586 -6.541466 23.52478 -2.86153 -5.557708 22.29796 -2.594875 -6.243009 23.30135 -2.324586 -6.541466 23.52478 -2.86153 -5.557708 22.44798 -2.9554 -5.582477 22.29796 -2.594875 -6.243009 22.44798 -2.9554 -5.582477 22.20409 -1.658558 -5.710638 22.29796 -2.594875 -6.243009 22.44798 -2.9554 -5.582477 22.35411 -2.019083 -5.050106 22.20409 -1.658558 -5.710638 22.35411 -2.019083 -5.050106 23.20748 -1.388267 -6.009094 22.20409 -1.658558 -5.710638 22.35411 -2.019083 -5.050106 23.43091 -1.925212 -5.025337 23.20748 -1.388267 -6.009094 23.20748 -1.388267 -6.009094 22.70958 -1.886865 -7.415662 22.61571 -0.950546 -6.883291 23.20748 -1.388267 -6.009094 23.30135 -2.324586 -6.541466 22.70958 -1.886865 -7.415662 23.30135 -2.324586 -6.541466 21.90063 -2.300973 -6.829976 22.70958 -1.886865 -7.415662 23.30135 -2.324586 -6.541466 22.29796 -2.594875 -6.243009 21.90063 -2.300973 -6.829976 22.29796 -2.594875 -6.243009 21.80676 -1.364658 -6.297604 21.90063 -2.300973 -6.829976 22.29796 -2.594875 -6.243009 22.20409 -1.658558 -5.710638 21.80676 -1.364658 -6.297604 22.20409 -1.658558 -5.710638 22.61571 -0.950546 -6.883291 21.80676 -1.364658 -6.297604 22.20409 -1.658558 -5.710638 23.20748 -1.388267 -6.009094 22.61571 -0.950546 -6.883291 22.61571 -0.950546 -6.883291 21.82085 -1.601164 -8.074853 21.72697 -0.6648443 -7.542482 22.61571 -0.950546 -6.883291 22.70958 -1.886865 -7.415662 21.82085 -1.601164 -8.074853 22.70958 -1.886865 -7.415662 21.3039 -2.109146 -7.27258 21.82085 -1.601164 -8.074853 22.70958 -1.886865 -7.415662 21.90063 -2.300973 -6.829976 21.3039 -2.109146 -7.27258 21.90063 -2.300973 -6.829976 21.21003 -1.172827 -6.74021 21.3039 -2.109146 -7.27258 21.90063 -2.300973 -6.829976 21.80676 -1.364658 -6.297604 21.21003 -1.172827 -6.74021 21.80676 -1.364658 -6.297604 21.72697 -0.6648443 -7.542482 21.21003 -1.172827 -6.74021 21.80676 -1.364658 -6.297604 22.61571 -0.950546 -6.883291 21.72697 -0.6648443 -7.542482 21.72697 -0.6648443 -7.542482 20.74234 -1.501938 -8.439533 20.64847 -0.5656221 -7.907164 21.72697 -0.6648443 -7.542482 21.82085 -1.601164 -8.074853 20.74234 -1.501938 -8.439533 21.82085 -1.601164 -8.074853 20.57975 -2.042524 -7.51744 20.74234 -1.501938 -8.439533 21.82085 -1.601164 -8.074853 21.3039 -2.109146 -7.27258 20.57975 -2.042524 -7.51744 21.3039 -2.109146 -7.27258 20.48588 -1.106203 -6.985069 20.57975 -2.042524 -7.51744 21.3039 -2.109146 -7.27258 21.21003 -1.172827 -6.74021 20.48588 -1.106203 -6.985069 21.21003 -1.172827 -6.74021 20.64847 -0.5656221 -7.907164 20.48588 -1.106203 -6.985069 21.21003 -1.172827 -6.74021 21.72697 -0.6648443 -7.542482 20.64847 -0.5656221 -7.907164 20.57975 -2.042524 -7.51744 15.67323 -2.047882 -8.355344 16.05423 -1.498037 -9.264125 20.57975 -2.042524 -7.51744 16.05423 -1.498037 -9.264125 20.74234 -1.501938 -8.439533 20.48588 -1.106203 -6.985069 15.58084 -1.126383 -7.8314 15.67323 -2.047882 -8.355344 20.48588 -1.106203 -6.985069 15.67323 -2.047882 -8.355344 20.57975 -2.042524 -7.51744 15.58084 -1.126383 -7.8314 20.48588 -1.106203 -6.985069 20.64847 -0.5656221 -7.907164 15.58084 -1.126383 -7.8314 20.64847 -0.5656221 -7.907164 15.96114 -0.5689809 -8.735874 15.96114 -0.5689809 -8.735874 20.64847 -0.5656221 -7.907164 20.74234 -1.501938 -8.439533 15.96114 -0.5689809 -8.735874 20.74234 -1.501938 -8.439533 16.05423 -1.498037 -9.264125 23.52478 -2.86153 -5.557708 23.43091 -1.925212 -5.025337 23.13956 -2.897506 -3.37949 23.13956 -2.897506 -3.37949 23.2574 -3.722049 -4.047798 23.52478 -2.86153 -5.557708 22.35411 -2.019083 -5.050106 22.44798 -2.9554 -5.582477 22.19266 -3.722049 -4.235541 22.19266 -3.722049 -4.235541 22.07475 -2.897779 -3.566805 22.35411 -2.019083 -5.050106 23.43091 -1.925212 -5.025337 22.35411 -2.019083 -5.050106 22.07475 -2.897779 -3.566805 22.07475 -2.897779 -3.566805 23.13956 -2.897506 -3.37949 23.43091 -1.925212 -5.025337 23.2574 -3.722049 -4.047798 22.19266 -3.722049 -4.235541 22.44798 -2.9554 -5.582477 23.2574 -3.722049 -4.047798 22.44798 -2.9554 -5.582477 23.52478 -2.86153 -5.557708 14.73578 -0.820339 -8.51867 15.58084 -1.126383 -7.8314 15.32767 -0.6348531 -8.74053 15.67323 -2.047882 -8.355344 14.82817 -1.741836 -9.042613 15.42005 -1.556354 -9.264472 14.82817 -1.741836 -9.042613 15.32767 -0.6348531 -8.74053 15.42005 -1.556354 -9.264472 14.82817 -1.741836 -9.042613 14.73578 -0.820339 -8.51867 15.32767 -0.6348531 -8.74053 15.32767 -0.6348531 -8.74053 15.58084 -1.126383 -7.8314 15.96114 -0.5689809 -8.735874 15.67323 -2.047882 -8.355344 15.42005 -1.556354 -9.264472 16.05423 -1.498037 -9.264125 15.42005 -1.556354 -9.264472 15.96114 -0.5689809 -8.735874 16.05423 -1.498037 -9.264125 15.42005 -1.556354 -9.264472 15.32767 -0.6348531 -8.74053 15.96114 -0.5689809 -8.735874 8.880028 -3.693488 -4.497291 10.00323 -3.585056 -4.490649 9.524372 -3.116724 -5.398773 10.09561 -4.506553 -5.014595 8.97246 -4.61523 -5.021497 9.616756 -4.03822 -5.922717 8.97246 -4.61523 -5.021497 9.524372 -3.116724 -5.398773 9.616756 -4.03822 -5.922717 8.97246 -4.61523 -5.021497 8.880028 -3.693488 -4.497291 9.524372 -3.116724 -5.398773 9.524372 -3.116724 -5.398773 10.00323 -3.585056 -4.490649 15.58084 -1.126383 -7.8314 15.58084 -1.126383 -7.8314 14.73578 -0.820339 -8.51867 9.524372 -3.116724 -5.398773 10.00323 -3.585056 -4.490649 10.09561 -4.506553 -5.014595 15.67323 -2.047882 -8.355344 15.67323 -2.047882 -8.355344 15.58084 -1.126383 -7.8314 10.00323 -3.585056 -4.490649 10.09561 -4.506553 -5.014595 9.616756 -4.03822 -5.922717 14.82817 -1.741836 -9.042613 14.82817 -1.741836 -9.042613 15.67323 -2.047882 -8.355344 10.09561 -4.506553 -5.014595 9.616756 -4.03822 -5.922717 9.524372 -3.116724 -5.398773 14.73578 -0.820339 -8.51867 14.73578 -0.820339 -8.51867 14.82817 -1.741836 -9.042613 9.616756 -4.03822 -5.922717 9.903728 -4.614717 -3.950357 10.00323 -3.585056 -4.490649 8.880028 -3.693488 -4.497291 8.880028 -3.693488 -4.497291 8.97246 -4.61523 -5.021497 8.81747 -4.615041 -4.141795 10.00323 -3.585056 -4.490649 9.903728 -4.614717 -3.950357 10.09561 -4.506553 -5.014595 8.81747 -4.615041 -4.141795 9.903728 -4.614717 -3.950357 8.880028 -3.693488 -4.497291 10.09561 -4.506553 -5.014595 9.905224 -5.341978 -3.949985 10.09563 -7.370176 -5.014592 9.903728 -4.614717 -3.950357 9.905224 -5.341978 -3.949985 10.09561 -4.506553 -5.014595 8.816999 -6.534378 -4.142055 8.816721 -7.262171 -4.142206 9.90785 -7.262279 -3.94933 8.81747 -4.615041 -4.141795 9.905224 -5.341978 -3.949985 9.903728 -4.614717 -3.950357 8.972274 -7.261501 -5.02153 8.816999 -6.534378 -4.142055 8.97246 -4.61523 -5.021497 8.816721 -7.262171 -4.142206 8.816999 -6.534378 -4.142055 8.972274 -7.261501 -5.02153 8.972274 -7.261501 -5.02153 8.97246 -4.61523 -5.021497 10.09561 -4.506553 -5.014595 8.972274 -7.261501 -5.02153 10.09561 -4.506553 -5.014595 10.09563 -7.370176 -5.014592 9.906354 -6.534378 -3.949702 8.816999 -6.534378 -4.142055 9.90785 -7.262279 -3.94933 8.816999 -6.534378 -4.142055 8.817209 -5.341978 -4.14194 8.97246 -4.61523 -5.021497 9.906354 -6.534378 -3.949702 9.90785 -7.262279 -3.94933 10.09563 -7.370176 -5.014592 8.817209 -5.341978 -4.14194 8.81747 -4.615041 -4.141795 8.97246 -4.61523 -5.021497 8.81747 -4.615041 -4.141795 8.817209 -5.341978 -4.14194 9.905224 -5.341978 -3.949985 9.905224 -5.341978 -3.949985 9.906354 -6.534378 -3.949702 10.09563 -7.370176 -5.014592 8.816999 -6.534378 -4.142055 9.906354 -6.534378 -3.949702 9.397609 -6.534381 -1.066639 9.397609 -6.534381 -1.066639 8.308103 -6.534521 -1.259018 8.816999 -6.534378 -4.142055 8.817209 -5.341978 -4.14194 8.816999 -6.534378 -4.142055 8.308103 -6.534521 -1.259018 8.308103 -6.534521 -1.259018 8.308482 -5.341968 -1.258874 8.817209 -5.341978 -4.14194 9.905224 -5.341978 -3.949985 8.817209 -5.341978 -4.14194 8.308482 -5.341968 -1.258874 8.308482 -5.341968 -1.258874 9.396644 -5.341829 -1.066893 9.905224 -5.341978 -3.949985 9.906354 -6.534378 -3.949702 9.905224 -5.341978 -3.949985 9.396644 -5.341829 -1.066893 9.396644 -5.341829 -1.066893 9.397609 -6.534381 -1.066639 9.906354 -6.534378 -3.949702 -5.050311 -6.357875 -4.894915 -1.582736 -6.534377 -3.237271 -2.241547 -6.358296 -2.966884 -3.509465 -6.459578 -7.393162 -1.582736 -6.534377 -3.237271 -5.158661 -6.534377 -5.630904 -2.241547 -6.358296 -2.966884 -1.582736 -6.534377 -3.237271 -1.390859 -6.358533 -1.929796 -1.390696 -5.517978 -1.929755 -2.241547 -6.358296 -2.966884 -1.390859 -6.358533 -1.929796 -2.241549 -5.517978 -2.966884 -1.582736 -5.341977 -3.237271 -5.050173 -5.517977 -4.894819 -1.582736 -5.341977 -3.237271 0.9631665 -5.341978 -1.514717 1.150902 -5.341978 -2.579448 -1.582736 -5.341977 -3.237271 -2.241549 -5.517978 -2.966884 -1.390696 -5.517978 -1.929755 -2.241547 -6.358296 -2.966884 -2.241549 -5.517978 -2.966884 -5.050173 -5.517977 -4.894819 7.942611 -5.386331 0.8137915 0.9631665 -5.341978 -1.514717 0.7754204 -5.479478 -0.4499773 7.942611 -5.386331 0.8137915 10.53113 -5.386331 1.904295 9.786197 -5.342346 0.04102087 0.7752202 -6.396881 -0.4500128 0.9629624 -6.534378 -1.514753 7.942611 -6.467395 0.8137915 9.785995 -6.534013 0.0409851 7.942611 -6.467395 0.8137915 0.9629624 -6.534378 -1.514753 0.9631665 -5.341978 -1.514717 -1.390696 -5.517978 -1.929755 -0.5817039 -5.517986 -0.8668344 -0.5817039 -5.517986 -0.8668344 0.7754204 -5.479478 -0.4499773 0.9631665 -5.341978 -1.514717 -1.390696 -5.517978 -1.929755 -1.390859 -6.358533 -1.929796 -0.5818699 -6.358549 -0.8668742 -0.5818699 -6.358549 -0.8668742 -0.5817039 -5.517986 -0.8668344 -1.390696 -5.517978 -1.929755 -1.390859 -6.358533 -1.929796 0.9629624 -6.534378 -1.514753 0.7752202 -6.396881 -0.4500128 0.7752202 -6.396881 -0.4500128 -0.5818699 -6.358549 -0.8668742 -1.390859 -6.358533 -1.929796 10.85083 -6.534013 0.2287452 9.785995 -6.534013 0.0409851 9.981428 -7.658703 0.07544493 11.1697 -7.288923 -0.8128753 10.94471 -6.396512 -0.3036254 10.98195 -7.288923 0.2518654 10.85083 -5.342346 0.2287452 9.786197 -5.342346 0.04102087 10.53113 -5.386331 1.904295 9.785995 -6.534013 0.0409851 10.85083 -6.534013 0.2287452 10.53093 -6.467395 1.90426 10.94471 -6.396512 -0.3036254 13.29561 -6.467395 2.370031 10.85083 -6.534013 0.2287452 10.94471 -6.396512 -0.3036254 10.85083 -6.534013 0.2287452 10.98195 -7.288923 0.2518654 11.03858 -5.93818 -0.8359948 10.94491 -5.479845 -0.3035903 10.94471 -6.396512 -0.3036254 11.1699 -4.587806 -0.8128387 10.94491 -5.479845 -0.3035903 11.03858 -5.93818 -0.8359948 10.94471 -6.396512 -0.3036254 13.29561 -5.386331 2.370031 13.29561 -6.467395 2.370031 10.53113 -5.386331 1.904295 12.60065 -5.386331 3.198255 13.29561 -5.386331 2.370031 10.53093 -6.467395 1.90426 10.85083 -6.534013 0.2287452 13.29561 -6.467395 2.370031 13.29561 -5.386331 2.370031 10.85083 -5.342346 0.2287452 10.53113 -5.386331 1.904295 10.53113 -5.386331 1.904295 10.53093 -6.467395 1.90426 12.60065 -5.386331 3.198255 10.94471 -6.396512 -0.3036254 10.94491 -5.479845 -0.3035903 13.29561 -5.386331 2.370031 10.94491 -5.479845 -0.3035903 10.85083 -5.342346 0.2287452 13.29561 -5.386331 2.370031 12.60065 -5.386331 3.198255 10.53093 -6.467395 1.90426 12.60065 -6.467395 3.198255 13.29561 -6.467395 2.370031 12.60065 -6.467395 3.198255 10.53093 -6.467395 1.90426 0.9631665 -5.341978 -1.514717 7.942611 -5.386331 0.8137915 9.786197 -5.342346 0.04102087 7.942611 -6.467395 0.8137915 7.942611 -5.386331 0.8137915 0.7754204 -5.479478 -0.4499773 7.942611 -6.467395 0.8137915 9.785995 -6.534013 0.0409851 10.53093 -6.467395 1.90426 7.942611 -5.386331 0.8137915 7.942611 -6.467395 0.8137915 10.53093 -6.467395 1.90426 8.308103 -6.534521 -1.259018 9.397609 -6.534381 -1.066639 9.396644 -5.341829 -1.066893 8.308103 -6.534521 -1.259018 9.396644 -5.341829 -1.066893 8.308482 -5.341968 -1.258874 15.77719 2.999842 4.452322 15.08223 -3.748216 5.280543 15.77719 -3.748216 4.452322 15.77719 2.999842 4.452322 15.06544 2.999737 5.300555 15.08223 -3.748216 5.280543 15.06544 2.999737 5.300555 14.26659 -3.560472 4.596142 15.08223 -3.748216 5.280543 15.06544 2.999737 5.300555 14.25033 2.99984 4.616595 14.26659 -3.560472 4.596142 14.25033 2.99984 4.616595 14.96155 -3.560472 3.767921 14.26659 -3.560472 4.596142 14.25033 2.99984 4.616595 14.96195 2.999788 3.768252 14.96155 -3.560472 3.767921 14.96195 2.999788 3.768252 15.77719 -3.748216 4.452322 14.96155 -3.560472 3.767921 14.96195 2.999788 3.768252 15.77719 2.999842 4.452322 15.77719 -3.748216 4.452322 15.77719 -3.748216 4.452322 14.78281 -4.822103 5.029302 15.47777 -4.822103 4.201081 15.77719 -3.748216 4.452322 15.08223 -3.748216 5.280543 14.78281 -4.822103 5.029302 15.08223 -3.748216 5.280543 14.06555 -4.281518 4.427448 14.78281 -4.822103 5.029302 15.08223 -3.748216 5.280543 14.26659 -3.560472 4.596142 14.06555 -4.281518 4.427448 14.26659 -3.560472 4.596142 14.76051 -4.281518 3.599226 14.06555 -4.281518 4.427448 14.26659 -3.560472 4.596142 14.96155 -3.560472 3.767921 14.76051 -4.281518 3.599226 14.96155 -3.560472 3.767921 15.47777 -4.822103 4.201081 14.76051 -4.281518 3.599226 14.96155 -3.560472 3.767921 15.77719 -3.748216 4.452322 15.47777 -4.822103 4.201081 15.47777 -4.822103 4.201081 14.22009 -5.697542 4.55712 14.91505 -5.697542 3.7289 15.47777 -4.822103 4.201081 14.78281 -4.822103 5.029302 14.22009 -5.697542 4.55712 14.78281 -4.822103 5.029302 13.68772 -4.869323 4.110409 14.22009 -5.697542 4.55712 14.78281 -4.822103 5.029302 14.06555 -4.281518 4.427448 13.68772 -4.869323 4.110409 14.06555 -4.281518 4.427448 14.38268 -4.869323 3.282189 13.68772 -4.869323 4.110409 14.06555 -4.281518 4.427448 14.76051 -4.281518 3.599226 14.38268 -4.869323 3.282189 14.76051 -4.281518 3.599226 14.91505 -5.697542 3.7289 14.38268 -4.869323 3.282189 14.76051 -4.281518 3.599226 15.47777 -4.822103 4.201081 14.91505 -5.697542 3.7289 14.91505 -5.697542 3.7289 13.46193 -6.268947 3.920954 14.15689 -6.268947 3.092733 14.91505 -5.697542 3.7289 14.22009 -5.697542 4.55712 13.46193 -6.268947 3.920954 14.22009 -5.697542 4.55712 13.17866 -5.252983 3.683262 13.46193 -6.268947 3.920954 14.22009 -5.697542 4.55712 13.68772 -4.869323 4.110409 13.17866 -5.252983 3.683262 13.68772 -4.869323 4.110409 13.87362 -5.252983 2.855042 13.17866 -5.252983 3.683262 13.68772 -4.869323 4.110409 14.38268 -4.869323 3.282189 13.87362 -5.252983 2.855042 14.38268 -4.869323 3.282189 14.15689 -6.268947 3.092733 13.87362 -5.252983 2.855042 14.38268 -4.869323 3.282189 14.91505 -5.697542 3.7289 14.15689 -6.268947 3.092733 14.15689 -6.268947 3.092733 12.60065 -6.467395 3.198255 13.29561 -6.467395 2.370031 14.15689 -6.268947 3.092733 13.46193 -6.268947 3.920954 12.60065 -6.467395 3.198255 13.46193 -6.268947 3.920954 13.17866 -5.252983 3.683262 12.60065 -6.467395 3.198255 12.60065 -6.467395 3.198255 13.17866 -5.252983 3.683262 12.60065 -5.386331 3.198255 13.17866 -5.252983 3.683262 13.29561 -5.386331 2.370031 12.60065 -5.386331 3.198255 13.17866 -5.252983 3.683262 13.87362 -5.252983 2.855042 13.29561 -5.386331 2.370031 13.87362 -5.252983 2.855042 14.15689 -6.268947 3.092733 13.29561 -5.386331 2.370031 13.29561 -5.386331 2.370031 14.15689 -6.268947 3.092733 13.29561 -6.467395 2.370031 15.61575 3.228893 4.466464 14.97622 3.228869 3.929811 15.05134 3.22879 5.139139 14.97622 3.228869 3.929811 14.4118 3.22897 4.602488 15.05134 3.22879 5.139139 15.77719 2.999842 4.452322 14.96195 2.999788 3.768252 14.97622 3.228869 3.929811 14.97622 3.228869 3.929811 15.61575 3.228893 4.466464 15.77719 2.999842 4.452322 14.25033 2.99984 4.616595 15.06544 2.999737 5.300555 15.05134 3.22879 5.139139 15.05134 3.22879 5.139139 14.4118 3.22897 4.602488 14.25033 2.99984 4.616595 14.96195 2.999788 3.768252 14.25033 2.99984 4.616595 14.4118 3.22897 4.602488 14.4118 3.22897 4.602488 14.97622 3.228869 3.929811 14.96195 2.999788 3.768252 15.06544 2.999737 5.300555 15.77719 2.999842 4.452322 15.61575 3.228893 4.466464 15.61575 3.228893 4.466464 15.05134 3.22879 5.139139 15.06544 2.999737 5.300555 31.85688 -1.764181 2.554689 22.42764 -1.990001 1.52627 31.59548 -2.314264 4.039681 31.62639 -1.758339 0.2703796 23.23725 -1.830782 -2.349842 22.65843 -1.763979 0.9327817 31.62639 -1.758339 0.2703796 22.65843 -1.763979 0.9327817 31.85688 -1.764181 2.554689 21.98729 -2.18062 1.986261 21.40443 -2.317199 2.242725 31.59548 -2.314264 4.039681 30.6416 -1.830782 -1.043754 23.23725 -1.830782 -2.349842 31.62639 -1.758339 0.2703796 31.85688 -1.764181 2.554689 22.65843 -1.763979 0.9327817 22.42764 -1.990001 1.52627 21.40443 -2.317199 2.242725 31.38552 -3.294466 5.232908 31.59548 -2.314264 4.039681 21.40443 -2.317199 2.242725 20.7678 -2.430181 2.256616 20.54359 -3.289108 3.324006 31.38552 -3.294466 5.232908 21.40443 -2.317199 2.242725 20.54359 -3.289108 3.324006 22.42764 -1.990001 1.52627 21.98729 -2.18062 1.986261 31.59548 -2.314264 4.039681 31.86592 -1.98749 2.503179 31.61511 -2.513832 3.928375 22.44104 -2.205688 1.44945 31.62805 -1.98749 0.2609561 31.86592 -1.98749 2.503179 23.23469 -2.059658 -2.335314 22.00137 -2.395172 1.906444 31.61511 -2.513832 3.928375 21.4286 -2.503942 2.111792 30.63904 -2.059658 -1.029214 31.62805 -1.98749 0.2609561 23.23469 -2.059658 -2.335314 31.86592 -1.98749 2.503179 22.44104 -2.205688 1.44945 22.66725 -1.987625 0.88273 21.4286 -2.503942 2.111792 31.61511 -2.513832 3.928375 31.41739 -3.445417 5.063205 21.4286 -2.503942 2.111792 20.61122 -3.436372 3.161709 20.83044 -2.60831 2.126434 31.86592 -1.98749 2.503179 22.66725 -1.987625 0.88273 23.23469 -2.059658 -2.335314 31.41739 -3.445417 5.063205 20.61122 -3.436372 3.161709 21.4286 -2.503942 2.111792 22.44104 -2.205688 1.44945 31.61511 -2.513832 3.928375 22.00137 -2.395172 1.906444 31.86592 -1.98749 2.503179 31.85688 -1.764181 2.554689 31.59548 -2.314264 4.039681 31.59548 -2.314264 4.039681 31.61511 -2.513832 3.928375 31.86592 -1.98749 2.503179 23.23469 -2.059658 -2.335314 22.65843 -1.763979 0.9327817 23.23725 -1.830782 -2.349842 31.62805 -1.98749 0.2609561 31.62639 -1.758339 0.2703796 31.85688 -1.764181 2.554689 31.85688 -1.764181 2.554689 31.86592 -1.98749 2.503179 31.62805 -1.98749 0.2609561 21.4286 -2.503942 2.111792 21.40443 -2.317199 2.242725 21.98729 -2.18062 1.986261 21.98729 -2.18062 1.986261 22.00137 -2.395172 1.906444 21.4286 -2.503942 2.111792 30.63904 -2.059658 -1.029214 30.6416 -1.830782 -1.043754 31.62639 -1.758339 0.2703796 31.62639 -1.758339 0.2703796 31.62805 -1.98749 0.2609561 30.63904 -2.059658 -1.029214 23.23469 -2.059658 -2.335314 23.23725 -1.830782 -2.349842 30.6416 -1.830782 -1.043754 30.6416 -1.830782 -1.043754 30.63904 -2.059658 -1.029214 23.23469 -2.059658 -2.335314 22.44104 -2.205688 1.44945 22.42764 -1.990001 1.52627 22.65843 -1.763979 0.9327817 22.65843 -1.763979 0.9327817 22.66725 -1.987625 0.88273 22.44104 -2.205688 1.44945 31.61511 -2.513832 3.928375 31.59548 -2.314264 4.039681 31.38552 -3.294466 5.232908 31.38552 -3.294466 5.232908 31.41739 -3.445417 5.063205 31.61511 -2.513832 3.928375 20.83044 -2.60831 2.126434 20.7678 -2.430181 2.256616 21.40443 -2.317199 2.242725 21.40443 -2.317199 2.242725 21.4286 -2.503942 2.111792 20.83044 -2.60831 2.126434 22.65843 -1.763979 0.9327817 23.23469 -2.059658 -2.335314 22.66725 -1.987625 0.88273 22.00137 -2.395172 1.906444 21.98729 -2.18062 1.986261 22.42764 -1.990001 1.52627 22.42764 -1.990001 1.52627 22.44104 -2.205688 1.44945 22.00137 -2.395172 1.906444 31.41739 -3.445417 5.063205 31.38552 -3.294466 5.232908 20.54359 -3.289108 3.324006 20.61122 -3.436372 3.161709 31.41739 -3.445417 5.063205 20.54359 -3.289108 3.324006 20.7678 -2.430181 2.256616 20.83044 -2.60831 2.126434 20.61122 -3.436372 3.161709 20.61122 -3.436372 3.161709 20.54359 -3.289108 3.324006 20.7678 -2.430181 2.256616 24.12936 -1.988071 0.9129028 24.39744 -2.216308 -0.6074698 24.3974 -1.986946 -0.6072551 24.39744 -2.216308 -0.6074698 24.12936 -1.988071 0.9129028 24.12938 -2.216308 0.9127958 22.68491 -1.986946 -0.9092137 22.68493 -2.216308 -0.9093208 22.49669 -2.101385 -0.9424019 22.41687 -1.988071 0.6109446 22.49669 -2.101385 -0.9424019 22.22865 -2.102508 0.5777562 22.49669 -2.101385 -0.9424019 22.41687 -1.988071 0.6109446 22.68491 -1.986946 -0.9092137 24.3974 -1.986946 -0.6072551 22.68493 -2.216308 -0.9093208 22.68491 -1.986946 -0.9092137 22.41688 -2.216857 0.6108907 22.68493 -2.216308 -0.9093208 24.39744 -2.216308 -0.6074698 24.12936 -1.988071 0.9129028 22.68491 -1.986946 -0.9092137 22.41687 -1.988071 0.6109446 22.68491 -1.986946 -0.9092137 24.12936 -1.988071 0.9129028 24.3974 -1.986946 -0.6072551 22.41687 -1.988071 0.6109446 22.41688 -2.216857 0.6108907 24.12936 -1.988071 0.9129028 22.41688 -2.216857 0.6108907 24.39744 -2.216308 -0.6074698 24.12938 -2.216308 0.9127958 24.12938 -2.216308 0.9127958 24.12936 -1.988071 0.9129028 22.41688 -2.216857 0.6108907 22.22865 -2.102508 0.5777562 22.41688 -2.216857 0.6108907 22.41687 -1.988071 0.6109446 24.3974 -1.986946 -0.6072551 24.39744 -2.216308 -0.6074698 22.68493 -2.216308 -0.9093208 22.41688 -2.216857 0.6108907 22.22865 -2.102508 0.5777562 22.49669 -2.101385 -0.9424019 22.49669 -2.101385 -0.9424019 22.68493 -2.216308 -0.9093208 22.41688 -2.216857 0.6108907 26.70081 -8.231961 0.1531332 25.03788 -8.093056 0.43601 26.65925 -8.010624 -0.08310651 28.02005 -8.242224 -0.01438069 26.65925 -8.010624 -0.08310651 28 -8.029898 -0.284344 26.70081 -8.231961 0.1531332 26.65925 -8.010624 -0.08310651 28.02005 -8.242224 -0.01438069 25.03788 -8.093056 0.43601 26.70081 -8.231961 0.1531332 25.07988 -8.113894 0.7353535 25.01761 -7.884685 0.2477496 26.65925 -8.010624 -0.08310651 25.03788 -8.093056 0.43601 26.65925 -8.010624 -0.08310651 28.00805 -7.69766 -0.2593515 28 -8.029898 -0.284344 26.69378 -7.684549 -0.07413482 28.00805 -7.69766 -0.2593515 26.65925 -8.010624 -0.08310651 25.03096 -7.610846 0.2808495 26.65925 -8.010624 -0.08310651 25.01761 -7.884685 0.2477496 26.69378 -7.684549 -0.07413482 26.65925 -8.010624 -0.08310651 25.03096 -7.610846 0.2808495 26.69378 -7.684549 -0.07413482 28.03188 -7.543768 -0.01894164 28.00805 -7.69766 -0.2593515 26.76079 -7.544023 0.1229477 28.03188 -7.543768 -0.01894164 26.69378 -7.684549 -0.07413482 25.0701 -7.43195 0.5159243 26.69378 -7.684549 -0.07413482 25.03096 -7.610846 0.2808495 26.76079 -7.544023 0.1229477 26.69378 -7.684549 -0.07413482 25.0701 -7.43195 0.5159243 26.76079 -7.544023 0.1229477 28.05605 -7.595028 0.2659078 28.03188 -7.543768 -0.01894164 26.81977 -7.607462 0.3654499 28.05605 -7.595028 0.2659078 26.76079 -7.544023 0.1229477 25.1121 -7.452787 0.8152688 26.76079 -7.544023 0.1229477 25.0701 -7.43195 0.5159243 26.81977 -7.607462 0.3654499 26.76079 -7.544023 0.1229477 25.1121 -7.452787 0.8152688 26.8232 -7.974142 0.515648 25.1121 -7.452787 0.8152688 25.13356 -7.661154 0.9577394 26.81977 -7.607462 0.3654499 25.1121 -7.452787 0.8152688 26.8232 -7.974142 0.515648 28.05605 -7.595028 0.2659078 26.8232 -7.974142 0.515648 28.0638 -7.96043 0.4256283 26.81977 -7.607462 0.3654499 26.8232 -7.974142 0.515648 28.05605 -7.595028 0.2659078 26.8232 -7.974142 0.515648 25.13356 -7.661154 0.9577394 25.12021 -7.934996 0.9246366 26.76819 -8.190381 0.3898595 25.07988 -8.113894 0.7353535 26.70081 -8.231961 0.1531332 28.04585 -8.187212 0.2672126 26.70081 -8.231961 0.1531332 28.02005 -8.242224 -0.01438069 26.76819 -8.190381 0.3898595 26.70081 -8.231961 0.1531332 28.04585 -8.187212 0.2672126 26.8232 -7.974142 0.515648 28.04585 -8.187212 0.2672126 28.0638 -7.96043 0.4256283 26.76819 -8.190381 0.3898595 28.04585 -8.187212 0.2672126 26.8232 -7.974142 0.515648 25.07988 -8.113894 0.7353535 26.8232 -7.974142 0.515648 25.12021 -7.934996 0.9246366 26.76819 -8.190381 0.3898595 26.8232 -7.974142 0.515648 25.07988 -8.113894 0.7353535 29.58416 -7.8146 -0.1264801 28.02005 -8.242224 -0.01438069 28 -8.029898 -0.284344 29.56588 -8.032202 0.1402483 28.02005 -8.242224 -0.01438069 29.58416 -7.8146 -0.1264801 30.86316 -7.690927 0.614173 29.58416 -7.8146 -0.1264801 30.89389 -7.457628 0.3731447 29.56588 -8.032202 0.1402483 29.58416 -7.8146 -0.1264801 30.86316 -7.690927 0.614173 29.58416 -7.8146 -0.1264801 30.82167 -7.137891 0.4032155 30.89389 -7.457628 0.3731447 29.56289 -7.482292 -0.08931517 30.82167 -7.137891 0.4032155 29.58416 -7.8146 -0.1264801 28.00805 -7.69766 -0.2593515 29.58416 -7.8146 -0.1264801 28 -8.029898 -0.284344 29.56289 -7.482292 -0.08931517 29.58416 -7.8146 -0.1264801 28.00805 -7.69766 -0.2593515 29.56289 -7.482292 -0.08931517 30.72657 -7.013032 0.6250944 30.82167 -7.137891 0.4032155 29.52763 -7.332556 0.1601322 30.72657 -7.013032 0.6250944 29.56289 -7.482292 -0.08931517 28.03188 -7.543768 -0.01894164 29.56289 -7.482292 -0.08931517 28.00805 -7.69766 -0.2593515 29.52763 -7.332556 0.1601322 29.56289 -7.482292 -0.08931517 28.03188 -7.543768 -0.01894164 29.52763 -7.332556 0.1601322 30.66 -7.0916 0.8830266 30.72657 -7.013032 0.6250944 29.49879 -7.389067 0.4475485 30.66 -7.0916 0.8830266 29.52763 -7.332556 0.1601322 28.05605 -7.595028 0.2659078 29.52763 -7.332556 0.1601322 28.03188 -7.543768 -0.01894164 29.49879 -7.389067 0.4475485 29.52763 -7.332556 0.1601322 28.05605 -7.595028 0.2659078 29.50108 -7.757849 0.5973712 28.05605 -7.595028 0.2659078 28.0638 -7.96043 0.4256283 29.49879 -7.389067 0.4475485 28.05605 -7.595028 0.2659078 29.50108 -7.757849 0.5973712 30.66 -7.0916 0.8830266 29.50108 -7.757849 0.5973712 30.68938 -7.461925 1.021058 29.49879 -7.389067 0.4475485 29.50108 -7.757849 0.5973712 30.66 -7.0916 0.8830266 29.56588 -8.032202 0.1402483 28.04585 -8.187212 0.2672126 28.02005 -8.242224 -0.01438069 29.53137 -7.98217 0.428398 28.04585 -8.187212 0.2672126 29.56588 -8.032202 0.1402483 30.77668 -7.665951 0.8718674 29.56588 -8.032202 0.1402483 30.86316 -7.690927 0.614173 29.53137 -7.98217 0.428398 29.56588 -8.032202 0.1402483 30.77668 -7.665951 0.8718674 29.50108 -7.757849 0.5973712 30.77668 -7.665951 0.8718674 30.68938 -7.461925 1.021058 29.53137 -7.98217 0.428398 30.77668 -7.665951 0.8718674 29.50108 -7.757849 0.5973712 28.04585 -8.187212 0.2672126 29.50108 -7.757849 0.5973712 28.0638 -7.96043 0.4256283 29.53137 -7.98217 0.428398 29.50108 -7.757849 0.5973712 28.04585 -8.187212 0.2672126 31.77537 -7.000919 1.002336 30.86316 -7.690927 0.614173 30.89389 -7.457628 0.3731447 31.82969 -7.199991 1.242566 30.86316 -7.690927 0.614173 31.77537 -7.000919 1.002336 32.58427 -6.610343 1.671874 31.77537 -7.000919 1.002336 32.46606 -6.442926 1.409084 31.82969 -7.199991 1.242566 31.77537 -7.000919 1.002336 32.58427 -6.610343 1.671874 31.77537 -7.000919 1.002336 32.2385 -6.203882 1.417075 32.46606 -6.442926 1.409084 31.61491 -6.734418 1.018523 32.2385 -6.203882 1.417075 31.77537 -7.000919 1.002336 30.82167 -7.137891 0.4032155 31.77537 -7.000919 1.002336 30.89389 -7.457628 0.3731447 31.61491 -6.734418 1.018523 31.77537 -7.000919 1.002336 30.82167 -7.137891 0.4032155 31.61491 -6.734418 1.018523 32.11149 -6.104732 1.634986 32.2385 -6.203882 1.417075 31.50201 -6.633966 1.226419 32.11149 -6.104732 1.634986 31.61491 -6.734418 1.018523 30.72657 -7.013032 0.6250944 31.61491 -6.734418 1.018523 30.82167 -7.137891 0.4032155 31.50201 -6.633966 1.226419 31.61491 -6.734418 1.018523 30.72657 -7.013032 0.6250944 31.50201 -6.633966 1.226419 32.11923 -6.156305 1.904136 32.11149 -6.104732 1.634986 31.47806 -6.704069 1.476834 32.11923 -6.156305 1.904136 31.50201 -6.633966 1.226419 30.66 -7.0916 0.8830266 31.50201 -6.633966 1.226419 30.72657 -7.013032 0.6250944 31.47806 -6.704069 1.476834 31.50201 -6.633966 1.226419 30.66 -7.0916 0.8830266 31.62285 -7.015962 1.623369 30.66 -7.0916 0.8830266 30.68938 -7.461925 1.021058 31.47806 -6.704069 1.476834 30.66 -7.0916 0.8830266 31.62285 -7.015962 1.623369 32.11923 -6.156305 1.904136 31.62285 -7.015962 1.623369 32.35129 -6.429109 2.071159 31.47806 -6.704069 1.476834 31.62285 -7.015962 1.623369 32.11923 -6.156305 1.904136 31.82969 -7.199991 1.242566 30.77668 -7.665951 0.8718674 30.86316 -7.690927 0.614173 31.75626 -7.183713 1.488455 30.77668 -7.665951 0.8718674 31.82969 -7.199991 1.242566 32.52009 -6.585044 1.93326 31.82969 -7.199991 1.242566 32.58427 -6.610343 1.671874 31.75626 -7.183713 1.488455 31.82969 -7.199991 1.242566 32.52009 -6.585044 1.93326 31.62285 -7.015962 1.623369 32.52009 -6.585044 1.93326 32.35129 -6.429109 2.071159 31.75626 -7.183713 1.488455 32.52009 -6.585044 1.93326 31.62285 -7.015962 1.623369 30.77668 -7.665951 0.8718674 31.62285 -7.015962 1.623369 30.68938 -7.461925 1.021058 31.75626 -7.183713 1.488455 31.62285 -7.015962 1.623369 30.77668 -7.665951 0.8718674 23.29973 -7.940702 0.6217444 25.03788 -8.093056 0.43601 25.07988 -8.113894 0.7353535 25.03788 -8.093056 0.43601 23.29973 -7.940702 0.6217444 23.31168 -7.90877 0.3223565 23.31168 -7.90877 0.3223565 25.01761 -7.884685 0.2477496 25.03788 -8.093056 0.43601 25.01761 -7.884685 0.2477496 23.31168 -7.90877 0.3223565 23.30232 -7.697088 0.1499999 23.30232 -7.697088 0.1499999 25.03096 -7.610846 0.2808495 25.01761 -7.884685 0.2477496 25.03096 -7.610846 0.2808495 23.30232 -7.697088 0.1499999 23.27715 -7.429724 0.2054029 23.27715 -7.429724 0.2054029 25.0701 -7.43195 0.5159243 25.03096 -7.610846 0.2808495 25.0701 -7.43195 0.5159243 23.27715 -7.429724 0.2054029 23.25089 -7.263233 0.4563666 23.25089 -7.263233 0.4563666 25.1121 -7.452787 0.8152688 25.0701 -7.43195 0.5159243 25.1121 -7.452787 0.8152688 23.25089 -7.263233 0.4563666 23.23893 -7.29516 0.7557798 23.23893 -7.29516 0.7557798 25.13356 -7.661154 0.9577394 25.1121 -7.452787 0.8152688 25.13356 -7.661154 0.9577394 23.23893 -7.29516 0.7557798 23.24828 -7.506807 0.9282196 23.24828 -7.506807 0.9282196 25.12021 -7.934996 0.9246366 25.13356 -7.661154 0.9577394 25.12021 -7.934996 0.9246366 23.24828 -7.506807 0.9282196 23.27347 -7.774199 0.8726986 23.27347 -7.774199 0.8726986 25.07988 -8.113894 0.7353535 25.12021 -7.934996 0.9246366 25.07988 -8.113894 0.7353535 23.27347 -7.774199 0.8726986 23.29973 -7.940702 0.6217444 21.58986 -7.399776 -0.2394235 23.27715 -7.429724 0.2054029 23.30232 -7.697088 0.1499999 23.27715 -7.429724 0.2054029 21.58986 -7.399776 -0.2394235 21.56243 -7.133079 -0.17484 21.53725 -7.63007 -0.1066215 23.30232 -7.697088 0.1499999 23.31168 -7.90877 0.3223565 23.30232 -7.697088 0.1499999 21.53725 -7.63007 -0.1066215 21.58986 -7.399776 -0.2394235 21.56243 -7.133079 -0.17484 23.25089 -7.263233 0.4563666 23.27715 -7.429724 0.2054029 23.25089 -7.263233 0.4563666 21.56243 -7.133079 -0.17484 21.47084 -6.986125 0.04972362 21.43524 -7.688965 0.1461701 23.31168 -7.90877 0.3223565 23.29973 -7.940702 0.6217444 23.31168 -7.90877 0.3223565 21.43524 -7.688965 0.1461701 21.53725 -7.63007 -0.1066215 21.47084 -6.986125 0.04972362 23.23893 -7.29516 0.7557798 23.25089 -7.263233 0.4563666 23.23893 -7.29516 0.7557798 21.47084 -6.986125 0.04972362 21.36881 -7.045009 0.3025515 21.34365 -7.541983 0.3707178 23.29973 -7.940702 0.6217444 23.27347 -7.774199 0.8726986 23.29973 -7.940702 0.6217444 21.34365 -7.541983 0.3707178 21.43524 -7.688965 0.1461701 21.31614 -7.275253 0.4354764 23.27347 -7.774199 0.8726986 23.24828 -7.506807 0.9282196 23.27347 -7.774199 0.8726986 21.31614 -7.275253 0.4354764 21.34365 -7.541983 0.3707178 21.36881 -7.045009 0.3025515 23.24828 -7.506807 0.9282196 23.23893 -7.29516 0.7557798 23.24828 -7.506807 0.9282196 21.36881 -7.045009 0.3025515 21.31614 -7.275253 0.4354764 19.79758 -7.370239 -0.9449703 21.56243 -7.133079 -0.17484 21.58986 -7.399776 -0.2394235 21.56243 -7.133079 -0.17484 19.79758 -7.370239 -0.9449703 19.77755 -7.100605 -0.8855764 19.75259 -7.59392 -0.7939044 21.58986 -7.399776 -0.2394235 21.53725 -7.63007 -0.1066215 21.58986 -7.399776 -0.2394235 19.75259 -7.59392 -0.7939044 19.79758 -7.370239 -0.9449703 19.77755 -7.100605 -0.8855764 21.47084 -6.986125 0.04972362 21.56243 -7.133079 -0.17484 21.47084 -6.986125 0.04972362 19.77755 -7.100605 -0.8855764 19.70402 -6.942806 -0.6498088 19.66872 -7.640444 -0.5202108 21.53725 -7.63007 -0.1066215 21.43524 -7.688965 0.1461701 21.53725 -7.63007 -0.1066215 19.66872 -7.640444 -0.5202108 19.75259 -7.59392 -0.7939044 19.70402 -6.942806 -0.6498088 21.36881 -7.045009 0.3025515 21.47084 -6.986125 0.04972362 21.36881 -7.045009 0.3025515 19.70402 -6.942806 -0.6498088 19.62014 -6.989316 -0.3760575 19.59519 -7.482607 -0.2844672 21.43524 -7.688965 0.1461701 21.34365 -7.541983 0.3707178 21.43524 -7.688965 0.1461701 19.59519 -7.482607 -0.2844672 19.66872 -7.640444 -0.5202108 19.57508 -7.212911 -0.2247951 21.34365 -7.541983 0.3707178 21.31614 -7.275253 0.4354764 21.34365 -7.541983 0.3707178 19.57508 -7.212911 -0.2247951 19.59519 -7.482607 -0.2844672 19.62014 -6.989316 -0.3760575 21.31614 -7.275253 0.4354764 21.36881 -7.045009 0.3025515 21.31614 -7.275253 0.4354764 19.62014 -6.989316 -0.3760575 19.57508 -7.212911 -0.2247951 32.58427 -6.610343 1.671874 32.46606 -6.442926 1.409084 32.2385 -6.203882 1.417075 32.58427 -6.610343 1.671874 32.2385 -6.203882 1.417075 32.11149 -6.104732 1.634986 32.58427 -6.610343 1.671874 32.11149 -6.104732 1.634986 32.11923 -6.156305 1.904136 32.52009 -6.585044 1.93326 32.11923 -6.156305 1.904136 32.35129 -6.429109 2.071159 32.58427 -6.610343 1.671874 32.11923 -6.156305 1.904136 32.52009 -6.585044 1.93326 19.59519 -7.482607 -0.2844672 19.57508 -7.212911 -0.2247951 19.62014 -6.989316 -0.3760575 19.66872 -7.640444 -0.5202108 19.59519 -7.482607 -0.2844672 19.62014 -6.989316 -0.3760575 19.75259 -7.59392 -0.7939044 19.66872 -7.640444 -0.5202108 19.62014 -6.989316 -0.3760575 19.77755 -7.100605 -0.8855764 19.79758 -7.370239 -0.9449703 19.75259 -7.59392 -0.7939044 19.70402 -6.942806 -0.6498088 19.77755 -7.100605 -0.8855764 19.75259 -7.59392 -0.7939044 19.62014 -6.989316 -0.3760575 19.70402 -6.942806 -0.6498088 19.75259 -7.59392 -0.7939044 17.2626 -4.787089 -0.7271156 17.28409 -5.008697 -0.9452691 17.36211 -4.773717 -1.320281 17.33117 -4.432023 -0.9982586 17.2626 -4.787089 -0.7271156 17.36211 -4.773717 -1.320281 17.28409 -5.008697 -0.9452691 17.2626 -4.787089 -0.7271156 14.4953 -4.748637 -0.9332527 14.51882 -4.517697 -0.7389091 14.4953 -4.748637 -0.9332527 17.2626 -4.787089 -0.7271156 17.36211 -4.773717 -1.320281 17.28409 -5.008697 -0.9452691 14.5713 -4.553592 -1.329336 14.4953 -4.748637 -0.9332527 14.5713 -4.553592 -1.329336 17.28409 -5.008697 -0.9452691 17.33117 -4.432023 -0.9982586 17.36211 -4.773717 -1.320281 14.60895 -4.196759 -1.044001 14.5713 -4.553592 -1.329336 14.60895 -4.196759 -1.044001 17.36211 -4.773717 -1.320281 17.2626 -4.787089 -0.7271156 17.33117 -4.432023 -0.9982586 14.51882 -4.517697 -0.7389091 14.60895 -4.196759 -1.044001 14.51882 -4.517697 -0.7389091 17.33117 -4.432023 -0.9982586 14.4953 -4.748637 -0.9332527 14.51882 -4.517697 -0.7389091 10.08418 -3.66327 -1.512859 10.06767 -3.405942 -1.339766 10.08418 -3.66327 -1.512859 14.51882 -4.517697 -0.7389091 14.5713 -4.553592 -1.329336 14.4953 -4.748637 -0.9332527 10.18376 -3.506805 -1.919679 10.08418 -3.66327 -1.512859 10.18376 -3.506805 -1.919679 14.4953 -4.748637 -0.9332527 14.60895 -4.196759 -1.044001 14.5713 -4.553592 -1.329336 10.16119 -3.110141 -1.667198 10.18376 -3.506805 -1.919679 10.16119 -3.110141 -1.667198 14.5713 -4.553592 -1.329336 14.51882 -4.517697 -0.7389091 14.60895 -4.196759 -1.044001 10.06767 -3.405942 -1.339766 10.16119 -3.110141 -1.667198 10.06767 -3.405942 -1.339766 14.60895 -4.196759 -1.044001 10.08418 -3.66327 -1.512859 10.06767 -3.405942 -1.339766 8.165235 -3.570529 -1.949777 8.152698 -3.302108 -1.797533 8.165235 -3.570529 -1.949777 10.06767 -3.405942 -1.339766 10.18376 -3.506805 -1.919679 10.08418 -3.66327 -1.512859 8.270723 -3.45959 -2.36498 8.165235 -3.570529 -1.949777 8.270723 -3.45959 -2.36498 10.08418 -3.66327 -1.512859 10.16119 -3.110141 -1.667198 10.18376 -3.506805 -1.919679 8.254512 -3.04626 -2.144759 8.270723 -3.45959 -2.36498 8.254512 -3.04626 -2.144759 10.18376 -3.506805 -1.919679 10.06767 -3.405942 -1.339766 10.16119 -3.110141 -1.667198 8.152698 -3.302108 -1.797533 8.254512 -3.04626 -2.144759 8.152698 -3.302108 -1.797533 10.16119 -3.110141 -1.667198 8.270723 -3.45959 -2.36498 8.165235 -3.570529 -1.949777 8.152698 -3.302108 -1.797533 8.152698 -3.302108 -1.797533 8.254512 -3.04626 -2.144759 8.270723 -3.45959 -2.36498 8.457321 -5.33525 -2.750489 8.70636 -5.33525 -1.701496 7.729086 -5.33525 -1.017201 7.729086 -5.33525 -1.017201 6.828531 -5.33525 -1.609997 8.457321 -5.33525 -2.750489 6.403027 -1.045484 -3.133249 5.212521 -1.946851 -3.917898 5.972849 -1.276504 -2.832037 5.212521 -1.946851 -3.917898 6.403027 -1.045484 -3.133249 6.841313 -1.946851 -5.058388 6.403027 -1.045484 -3.133249 5.972849 -1.276504 -2.832037 6.828531 -1.276504 -1.609997 7.139915 -1.045484 -3.649225 7.225736 -1.045484 -1.888125 7.972247 -1.045484 -2.410837 7.225736 -1.045484 -1.888125 6.828531 -1.276504 -1.609997 7.729084 -1.805099 -1.017201 7.972247 -1.045484 -2.410837 8.706358 -1.805099 -1.701496 8.457321 -1.276504 -2.750489 6.841313 -3.039479 -5.058388 5.212521 -3.039479 -3.917898 5.212521 -1.946851 -3.917898 5.212521 -1.946851 -3.917898 6.841313 -1.946851 -5.058388 6.841313 -3.039479 -5.058388 7.729086 -5.33525 -1.017201 6.828531 -4.036073 -1.609997 6.828531 -5.33525 -1.609997 5.212521 -3.039479 -3.917898 5.972849 -3.039479 -2.832037 5.972849 -1.276504 -2.832037 5.972849 -1.276504 -2.832037 5.212521 -1.946851 -3.917898 5.212521 -3.039479 -3.917898 6.828531 -1.276504 -1.609997 6.828531 -4.036073 -1.609997 7.729084 -1.805099 -1.017201 6.828531 -1.276504 -1.609997 5.972849 -1.276504 -2.832037 5.972849 -3.039479 -2.832037 6.828531 -4.036073 -1.609997 7.729086 -5.33525 -1.017201 7.729084 -1.805099 -1.017201 6.828531 -4.036073 -1.609997 6.828531 -1.276504 -1.609997 5.972849 -3.039479 -2.832037 7.729086 -5.33525 -1.017201 8.70636 -5.33525 -1.701496 8.706358 -1.805099 -1.701496 8.706358 -1.805099 -1.701496 7.729084 -1.805099 -1.017201 7.729086 -5.33525 -1.017201 8.70636 -5.33525 -1.701496 8.457321 -5.33525 -2.750489 8.457321 -4.036073 -2.750489 8.457321 -1.276504 -2.750489 8.457321 -4.036073 -2.750489 7.601639 -3.03948 -3.972528 8.457321 -4.036073 -2.750489 8.706358 -1.805099 -1.701496 8.70636 -5.33525 -1.701496 8.457321 -1.276504 -2.750489 7.601639 -3.03948 -3.972528 7.601639 -1.276504 -3.972528 8.457321 -4.036073 -2.750489 8.457321 -1.276504 -2.750489 8.706358 -1.805099 -1.701496 7.601639 -3.03948 -3.972528 6.841313 -3.039479 -5.058388 6.841313 -1.946851 -5.058388 6.841313 -1.946851 -5.058388 7.601639 -1.276504 -3.972528 7.601639 -3.03948 -3.972528 5.212521 -3.039479 -3.917898 6.841313 -3.039479 -5.058388 7.601639 -3.03948 -3.972528 5.212521 -3.039479 -3.917898 7.601639 -3.03948 -3.972528 5.972849 -3.039479 -2.832037 7.601639 -3.03948 -3.972528 8.457321 -4.036073 -2.750489 6.828531 -4.036073 -1.609997 7.601639 -3.03948 -3.972528 6.828531 -4.036073 -1.609997 5.972849 -3.039479 -2.832037 6.828531 -4.036073 -1.609997 8.457321 -4.036073 -2.750489 8.457321 -5.33525 -2.750489 6.828531 -4.036073 -1.609997 8.457321 -5.33525 -2.750489 6.828531 -5.33525 -1.609997 8.706358 -1.805099 -1.701496 7.972247 -1.045484 -2.410837 7.729084 -1.805099 -1.017201 7.972247 -1.045484 -2.410837 8.457321 -1.276504 -2.750489 7.601639 -1.276504 -3.972528 7.139915 -1.045484 -3.649225 7.972247 -1.045484 -2.410837 7.601639 -1.276504 -3.972528 7.972247 -1.045484 -2.410837 7.225736 -1.045484 -1.888125 7.729084 -1.805099 -1.017201 7.225736 -1.045484 -1.888125 7.139915 -1.045484 -3.649225 6.403027 -1.045484 -3.133249 7.139915 -1.045484 -3.649225 7.601639 -1.276504 -3.972528 6.841313 -1.946851 -5.058388 6.403027 -1.045484 -3.133249 7.139915 -1.045484 -3.649225 6.841313 -1.946851 -5.058388 7.225736 -1.045484 -1.888125 6.403027 -1.045484 -3.133249 6.828531 -1.276504 -1.609997 6.089374 -2.80057 -4.39842 6.586117 -3.988708 -5.750897 5.396933 -3.988708 -5.387327 6.089374 -2.80057 -4.39842 6.565049 -2.80057 -4.543848 6.586117 -3.988708 -5.750897 6.565049 -2.80057 -4.543848 7.761889 -3.988708 -5.346047 6.586117 -3.988708 -5.750897 6.565049 -2.80057 -4.543848 7.035357 -2.800571 -4.381909 7.761889 -3.988708 -5.346047 7.035357 -2.800571 -4.381909 8.475143 -3.988708 -4.327416 7.761889 -3.988708 -5.346047 7.035357 -2.800571 -4.381909 7.32066 -2.800571 -3.974456 8.475143 -3.988708 -4.327416 7.32066 -2.800571 -3.974456 8.453441 -3.988708 -3.084084 8.475143 -3.988708 -4.327416 7.32066 -2.800571 -3.974456 7.311979 -2.800571 -3.477123 8.453441 -3.988708 -3.084084 7.311979 -2.800571 -3.477123 7.705072 -3.988708 -2.090966 8.453441 -3.988708 -3.084084 7.311979 -2.800571 -3.477123 7.01263 -2.800571 -3.079876 7.705072 -3.988708 -2.090966 7.01263 -2.800571 -3.079876 6.515888 -3.988708 -1.727396 7.705072 -3.988708 -2.090966 7.01263 -2.800571 -3.079876 6.536958 -2.80057 -2.934447 6.515888 -3.988708 -1.727396 6.536958 -2.80057 -2.934447 5.340117 -3.988708 -2.132245 6.515888 -3.988708 -1.727396 6.536958 -2.80057 -2.934447 6.066648 -2.80057 -3.096388 5.340117 -3.988708 -2.132245 6.066648 -2.80057 -3.096388 4.626864 -3.988708 -3.150877 5.340117 -3.988708 -2.132245 6.066648 -2.80057 -3.096388 5.781349 -2.80057 -3.503841 4.626864 -3.988708 -3.150877 5.781349 -2.80057 -3.503841 4.648565 -3.988708 -4.394208 4.626864 -3.988708 -3.150877 5.781349 -2.80057 -3.503841 5.790027 -2.80057 -4.001173 4.648565 -3.988708 -4.394208 5.790027 -2.80057 -4.001173 5.396933 -3.988708 -5.387327 4.648565 -3.988708 -4.394208 5.790027 -2.80057 -4.001173 6.089374 -2.80057 -4.39842 5.396933 -3.988708 -5.387327 5.396933 -3.988708 -5.387327 6.586115 -12.50985 -5.750899 5.396931 -12.50985 -5.387329 5.396933 -3.988708 -5.387327 6.586117 -3.988708 -5.750897 6.586115 -12.50985 -5.750899 6.586117 -3.988708 -5.750897 7.761887 -12.50985 -5.34605 6.586115 -12.50985 -5.750899 6.586117 -3.988708 -5.750897 7.761889 -3.988708 -5.346047 7.761887 -12.50985 -5.34605 7.761889 -3.988708 -5.346047 8.475141 -12.50985 -4.327417 7.761887 -12.50985 -5.34605 7.761889 -3.988708 -5.346047 8.475143 -3.988708 -4.327416 8.475141 -12.50985 -4.327417 8.475143 -3.988708 -4.327416 8.453438 -12.50985 -3.084087 8.475141 -12.50985 -4.327417 8.475143 -3.988708 -4.327416 8.453441 -3.988708 -3.084084 8.453438 -12.50985 -3.084087 8.453441 -3.988708 -3.084084 7.705071 -12.50985 -2.090967 8.453438 -12.50985 -3.084087 8.453441 -3.988708 -3.084084 7.705072 -3.988708 -2.090966 7.705071 -12.50985 -2.090967 7.705072 -3.988708 -2.090966 6.515886 -12.50985 -1.727397 7.705071 -12.50985 -2.090967 7.705072 -3.988708 -2.090966 6.515888 -3.988708 -1.727396 6.515886 -12.50985 -1.727397 6.515888 -3.988708 -1.727396 5.340115 -12.50985 -2.132248 6.515886 -12.50985 -1.727397 6.515888 -3.988708 -1.727396 5.340117 -3.988708 -2.132245 5.340115 -12.50985 -2.132248 5.340117 -3.988708 -2.132245 4.626862 -12.50985 -3.150879 5.340115 -12.50985 -2.132248 5.340117 -3.988708 -2.132245 4.626864 -3.988708 -3.150877 4.626862 -12.50985 -3.150879 4.626864 -3.988708 -3.150877 4.648563 -12.50985 -4.39421 4.626862 -12.50985 -3.150879 4.626864 -3.988708 -3.150877 4.648565 -3.988708 -4.394208 4.648563 -12.50985 -4.39421 4.648565 -3.988708 -4.394208 5.396931 -12.50985 -5.387329 4.648563 -12.50985 -4.39421 4.648565 -3.988708 -4.394208 5.396933 -3.988708 -5.387327 5.396931 -12.50985 -5.387329 5.396931 -12.50985 -5.387329 6.56499 -13.69798 -4.540643 6.091213 -13.69798 -4.395794 5.396931 -12.50985 -5.387329 6.586115 -12.50985 -5.750899 6.56499 -13.69798 -4.540643 6.586115 -12.50985 -5.750899 7.033424 -13.69798 -4.379348 6.56499 -13.69798 -4.540643 6.586115 -12.50985 -5.750899 7.761887 -12.50985 -5.34605 7.033424 -13.69798 -4.379348 7.761887 -12.50985 -5.34605 7.317591 -13.69798 -3.973518 7.033424 -13.69798 -4.379348 7.761887 -12.50985 -5.34605 8.475141 -12.50985 -4.327417 7.317591 -13.69798 -3.973518 8.475141 -12.50985 -4.327417 7.308945 -13.69798 -3.478168 7.317591 -13.69798 -3.973518 8.475141 -12.50985 -4.327417 8.453438 -12.50985 -3.084087 7.308945 -13.69798 -3.478168 8.453438 -12.50985 -3.084087 7.01079 -13.69798 -3.082503 7.308945 -13.69798 -3.478168 8.453438 -12.50985 -3.084087 7.705071 -12.50985 -2.090967 7.01079 -13.69798 -3.082503 7.705071 -12.50985 -2.090967 6.537011 -13.69798 -2.937654 7.01079 -13.69798 -3.082503 7.705071 -12.50985 -2.090967 6.515886 -12.50985 -1.727397 6.537011 -13.69798 -2.937654 6.515886 -12.50985 -1.727397 6.068574 -13.69798 -3.098949 6.537011 -13.69798 -2.937654 6.515886 -12.50985 -1.727397 5.340115 -12.50985 -2.132248 6.068574 -13.69798 -3.098949 5.340115 -12.50985 -2.132248 5.784411 -13.69798 -3.504778 6.068574 -13.69798 -3.098949 5.340115 -12.50985 -2.132248 4.626862 -12.50985 -3.150879 5.784411 -13.69798 -3.504778 4.626862 -12.50985 -3.150879 5.793058 -13.69798 -4.000128 5.784411 -13.69798 -3.504778 4.626862 -12.50985 -3.150879 4.648563 -12.50985 -4.39421 5.793058 -13.69798 -4.000128 4.648563 -12.50985 -4.39421 6.091213 -13.69798 -4.395794 5.793058 -13.69798 -4.000128 4.648563 -12.50985 -4.39421 5.396931 -12.50985 -5.387329 6.091213 -13.69798 -4.395794 6.091213 -13.69798 -4.395794 6.56499 -13.69798 -4.540643 7.033424 -13.69798 -4.379348 6.091213 -13.69798 -4.395794 7.033424 -13.69798 -4.379348 7.317591 -13.69798 -3.973518 6.091213 -13.69798 -4.395794 7.317591 -13.69798 -3.973518 7.308945 -13.69798 -3.478168 6.091213 -13.69798 -4.395794 7.308945 -13.69798 -3.478168 7.01079 -13.69798 -3.082503 6.091213 -13.69798 -4.395794 7.01079 -13.69798 -3.082503 6.537011 -13.69798 -2.937654 6.091213 -13.69798 -4.395794 6.537011 -13.69798 -2.937654 6.068574 -13.69798 -3.098949 6.091213 -13.69798 -4.395794 6.068574 -13.69798 -3.098949 5.784411 -13.69798 -3.504778 6.091213 -13.69798 -4.395794 5.784411 -13.69798 -3.504778 5.793058 -13.69798 -4.000128 6.066648 -2.80057 -3.096388 6.536958 -2.80057 -2.934447 7.01263 -2.800571 -3.079876 6.066648 -2.80057 -3.096388 7.01263 -2.800571 -3.079876 7.311979 -2.800571 -3.477123 6.066648 -2.80057 -3.096388 7.311979 -2.800571 -3.477123 7.32066 -2.800571 -3.974456 6.066648 -2.80057 -3.096388 7.32066 -2.800571 -3.974456 7.035357 -2.800571 -4.381909 6.066648 -2.80057 -3.096388 7.035357 -2.800571 -4.381909 6.565049 -2.80057 -4.543848 6.066648 -2.80057 -3.096388 6.565049 -2.80057 -4.543848 6.089374 -2.80057 -4.39842 6.066648 -2.80057 -3.096388 6.089374 -2.80057 -4.39842 5.790027 -2.80057 -4.001173 6.066648 -2.80057 -3.096388 5.790027 -2.80057 -4.001173 5.781349 -2.80057 -3.503841 13.8618 -5.011693 5.062008 13.72589 -6.557413 5.544388 14.05303 -4.963637 5.269885 13.85632 -6.336624 4.502269 13.90352 -5.7998 4.334742 14.01989 -5.539733 4.365016 14.94801 -5.7998 5.579512 14.4305 -5.362079 5.885826 14.44011 -5.622148 6.005686 14.56093 -5.14129 4.843708 14.23379 -6.735065 5.118211 14.36969 -5.189347 4.635833 13.85632 -6.336624 4.502269 14.01989 -5.539733 4.365016 13.93119 -6.548629 4.679867 13.42329 -6.370977 5.106043 13.55438 -6.509357 5.319959 13.6739 -5.150073 4.895761 13.91713 -6.509357 5.752263 14.22454 -5.011693 5.494313 13.72589 -6.557413 5.544388 14.23379 -6.735065 5.118211 14.42503 -6.687009 5.326086 13.91713 -6.509357 5.752263 14.10503 -6.370977 5.91851 14.35564 -5.150073 5.708228 14.22454 -5.011693 5.494313 14.86353 -5.327726 5.282052 14.61293 -6.548629 5.492334 14.73244 -5.189347 5.068138 13.512 -5.362079 4.791193 13.42329 -6.370977 5.106043 13.6739 -5.150073 4.895761 13.84671 -6.076557 4.382409 13.85632 -6.336624 4.502269 13.34843 -6.158969 4.928444 14.18179 -5.327726 4.469586 14.36969 -5.189347 4.635833 14.06228 -6.687009 4.893782 14.01989 -5.539733 4.365016 13.90352 -5.7998 4.334742 13.39562 -5.622148 4.760916 14.61293 -6.548629 5.492334 14.77483 -6.336624 5.596901 14.26693 -6.158969 6.023078 14.4305 -5.362079 5.885826 14.26693 -6.158969 6.023078 14.44011 -5.622148 6.005686 14.56093 -5.14129 4.843708 14.42503 -6.687009 5.326086 14.23379 -6.735065 5.118211 14.86353 -5.327726 5.282052 14.77483 -6.336624 5.596901 14.61293 -6.548629 5.492334 14.73244 -5.189347 5.068138 14.56093 -5.14129 4.843708 14.05303 -4.963637 5.269885 14.56093 -5.14129 4.843708 13.8618 -5.011693 5.062008 14.05303 -4.963637 5.269885 13.85632 -6.336624 4.502269 13.42329 -6.370977 5.106043 13.34843 -6.158969 4.928444 13.84671 -6.076557 4.382409 13.90352 -5.7998 4.334742 13.85632 -6.336624 4.502269 13.55438 -6.509357 5.319959 13.72589 -6.557413 5.544388 13.8618 -5.011693 5.062008 13.93119 -6.548629 4.679867 14.01989 -5.539733 4.365016 14.18179 -5.327726 4.469586 13.90352 -5.7998 4.334742 13.33882 -5.898904 4.808583 13.39562 -5.622148 4.760916 13.34843 -6.158969 4.928444 13.42329 -6.370977 5.106043 13.512 -5.362079 4.791193 14.36969 -5.189347 4.635833 14.18179 -5.327726 4.469586 13.6739 -5.150073 4.895761 14.18179 -5.327726 4.469586 13.512 -5.362079 4.791193 13.6739 -5.150073 4.895761 14.9384 -5.539733 5.459651 14.86353 -5.327726 5.282052 14.35564 -5.150073 5.708228 14.86353 -5.327726 5.282052 14.22454 -5.011693 5.494313 14.35564 -5.150073 5.708228 14.10503 -6.370977 5.91851 14.26693 -6.158969 6.023078 14.4305 -5.362079 5.885826 14.61293 -6.548629 5.492334 14.26693 -6.158969 6.023078 14.10503 -6.370977 5.91851 14.8912 -6.076555 5.627178 14.94801 -5.7998 5.579512 14.44011 -5.622148 6.005686 14.8912 -6.076555 5.627178 14.44011 -5.622148 6.005686 14.38331 -5.898902 6.053353 14.94801 -5.7998 5.579512 14.77483 -6.336624 5.596901 14.9384 -5.539733 5.459651 14.94801 -5.7998 5.579512 14.9384 -5.539733 5.459651 14.4305 -5.362079 5.885826 14.73244 -5.189347 5.068138 14.61293 -6.548629 5.492334 14.42503 -6.687009 5.326086 14.42503 -6.687009 5.326086 14.61293 -6.548629 5.492334 14.10503 -6.370977 5.91851 14.73244 -5.189347 5.068138 14.42503 -6.687009 5.326086 14.56093 -5.14129 4.843708 14.56093 -5.14129 4.843708 14.36969 -5.189347 4.635833 13.8618 -5.011693 5.062008 13.93119 -6.548629 4.679867 14.18179 -5.327726 4.469586 14.06228 -6.687009 4.893782 13.90352 -5.7998 4.334742 13.84671 -6.076557 4.382409 13.33882 -5.898904 4.808583 13.85632 -6.336624 4.502269 13.93119 -6.548629 4.679867 13.42329 -6.370977 5.106043 13.93119 -6.548629 4.679867 13.55438 -6.509357 5.319959 13.42329 -6.370977 5.106043 14.06228 -6.687009 4.893782 14.23379 -6.735065 5.118211 13.72589 -6.557413 5.544388 14.23379 -6.735065 5.118211 13.91713 -6.509357 5.752263 13.72589 -6.557413 5.544388 14.73244 -5.189347 5.068138 14.05303 -4.963637 5.269885 14.22454 -5.011693 5.494313 13.72589 -6.557413 5.544388 14.22454 -5.011693 5.494313 14.05303 -4.963637 5.269885 13.39562 -5.622148 4.760916 13.33882 -5.898904 4.808583 13.512 -5.362079 4.791193 14.01989 -5.539733 4.365016 13.39562 -5.622148 4.760916 13.512 -5.362079 4.791193 14.36969 -5.189347 4.635833 14.23379 -6.735065 5.118211 14.06228 -6.687009 4.893782 14.18179 -5.327726 4.469586 14.01989 -5.539733 4.365016 13.512 -5.362079 4.791193 14.06228 -6.687009 4.893782 13.72589 -6.557413 5.544388 13.55438 -6.509357 5.319959 13.93119 -6.548629 4.679867 14.06228 -6.687009 4.893782 13.55438 -6.509357 5.319959 14.9384 -5.539733 5.459651 14.35564 -5.150073 5.708228 14.4305 -5.362079 5.885826 14.10503 -6.370977 5.91851 14.4305 -5.362079 5.885826 14.35564 -5.150073 5.708228 13.33882 -5.898904 4.808583 13.34843 -6.158969 4.928444 13.512 -5.362079 4.791193 13.84671 -6.076557 4.382409 13.34843 -6.158969 4.928444 13.33882 -5.898904 4.808583 14.9384 -5.539733 5.459651 14.77483 -6.336624 5.596901 14.86353 -5.327726 5.282052 14.86353 -5.327726 5.282052 14.73244 -5.189347 5.068138 14.22454 -5.011693 5.494313 14.77483 -6.336624 5.596901 14.38331 -5.898902 6.053353 14.26693 -6.158969 6.023078 14.44011 -5.622148 6.005686 14.26693 -6.158969 6.023078 14.38331 -5.898902 6.053353 14.94801 -5.7998 5.579512 14.8912 -6.076555 5.627178 14.77483 -6.336624 5.596901 14.77483 -6.336624 5.596901 14.8912 -6.076555 5.627178 14.38331 -5.898902 6.053353 13.6739 -5.150073 4.895761 13.55438 -6.509357 5.319959 13.8618 -5.011693 5.062008 14.36969 -5.189347 4.635833 13.6739 -5.150073 4.895761 13.8618 -5.011693 5.062008 14.10503 -6.370977 5.91851 14.22454 -5.011693 5.494313 13.91713 -6.509357 5.752263 14.42503 -6.687009 5.326086 14.10503 -6.370977 5.91851 13.91713 -6.509357 5.752263 12.21803 -7.128288 2.726656 12.38112 -7.128288 2.712388 12.39627 -6.407299 2.753997 12.32787 -7.128288 2.103713 12.14963 -6.407299 2.076374 12.33556 -6.407299 2.060107 12.57015 -7.128288 2.307013 12.47625 -7.128288 2.172903 12.50471 -6.407299 2.138984 12.06965 -7.128288 2.657466 12.47625 -7.128288 2.172903 12.57015 -7.128288 2.307013 11.97575 -7.128288 2.523357 12.04119 -6.407299 2.691386 11.93414 -6.407299 2.538501 12.03067 -7.128288 2.211887 11.96148 -7.128288 2.360264 11.91787 -6.407299 2.352576 12.04119 -6.407299 2.691386 12.33556 -6.407299 2.060107 11.93414 -6.407299 2.538501 12.51523 -7.128288 2.618483 12.62803 -6.407299 2.477794 12.54915 -6.407299 2.646945 12.32787 -7.128288 2.103713 12.16478 -7.128288 2.117982 12.14963 -6.407299 2.076374 12.32787 -7.128288 2.103713 11.96148 -7.128288 2.360264 12.16478 -7.128288 2.117982 11.97575 -7.128288 2.523357 12.06965 -7.128288 2.657466 12.04119 -6.407299 2.691386 12.06965 -7.128288 2.657466 11.97575 -7.128288 2.523357 12.32787 -7.128288 2.103713 12.51523 -7.128288 2.618483 12.58442 -7.128288 2.470105 12.62803 -6.407299 2.477794 12.21803 -7.128288 2.726656 12.57015 -7.128288 2.307013 12.38112 -7.128288 2.712388 12.03067 -7.128288 2.211887 11.91787 -6.407299 2.352576 11.99675 -6.407299 2.183425 11.91787 -6.407299 2.352576 12.33556 -6.407299 2.060107 12.14963 -6.407299 2.076374 12.04119 -6.407299 2.691386 12.61176 -6.407299 2.291869 12.50471 -6.407299 2.138984 12.57015 -7.128288 2.307013 12.50471 -6.407299 2.138984 12.61176 -6.407299 2.291869 12.61176 -6.407299 2.291869 12.21034 -6.407299 2.770263 12.39627 -6.407299 2.753997 12.21803 -7.128288 2.726656 12.39627 -6.407299 2.753997 12.21034 -6.407299 2.770263 12.16478 -7.128288 2.117982 12.03067 -7.128288 2.211887 11.99675 -6.407299 2.183425 12.16478 -7.128288 2.117982 11.96148 -7.128288 2.360264 12.03067 -7.128288 2.211887 12.06965 -7.128288 2.657466 12.21803 -7.128288 2.726656 12.21034 -6.407299 2.770263 12.06965 -7.128288 2.657466 12.57015 -7.128288 2.307013 12.21803 -7.128288 2.726656 12.47625 -7.128288 2.172903 12.32787 -7.128288 2.103713 12.33556 -6.407299 2.060107 12.47625 -7.128288 2.172903 12.06965 -7.128288 2.657466 12.32787 -7.128288 2.103713 12.38112 -7.128288 2.712388 12.51523 -7.128288 2.618483 12.54915 -6.407299 2.646945 12.38112 -7.128288 2.712388 12.58442 -7.128288 2.470105 12.51523 -7.128288 2.618483 11.96148 -7.128288 2.360264 11.97575 -7.128288 2.523357 11.93414 -6.407299 2.538501 12.32787 -7.128288 2.103713 11.97575 -7.128288 2.523357 11.96148 -7.128288 2.360264 12.58442 -7.128288 2.470105 12.57015 -7.128288 2.307013 12.61176 -6.407299 2.291869 12.38112 -7.128288 2.712388 12.57015 -7.128288 2.307013 12.58442 -7.128288 2.470105 11.93414 -6.407299 2.538501 12.33556 -6.407299 2.060107 11.91787 -6.407299 2.352576 11.96148 -7.128288 2.360264 11.93414 -6.407299 2.538501 11.91787 -6.407299 2.352576 11.99675 -6.407299 2.183425 11.91787 -6.407299 2.352576 12.14963 -6.407299 2.076374 12.16478 -7.128288 2.117982 11.99675 -6.407299 2.183425 12.14963 -6.407299 2.076374 12.04119 -6.407299 2.691386 12.50471 -6.407299 2.138984 12.33556 -6.407299 2.060107 12.47625 -7.128288 2.172903 12.33556 -6.407299 2.060107 12.50471 -6.407299 2.138984 12.61176 -6.407299 2.291869 12.39627 -6.407299 2.753997 12.62803 -6.407299 2.477794 12.58442 -7.128288 2.470105 12.61176 -6.407299 2.291869 12.62803 -6.407299 2.477794 12.62803 -6.407299 2.477794 12.39627 -6.407299 2.753997 12.54915 -6.407299 2.646945 12.38112 -7.128288 2.712388 12.54915 -6.407299 2.646945 12.39627 -6.407299 2.753997 12.04119 -6.407299 2.691386 12.21034 -6.407299 2.770263 12.61176 -6.407299 2.291869 12.06965 -7.128288 2.657466 12.21034 -6.407299 2.770263 12.04119 -6.407299 2.691386 10.58448 -7.128288 1.732333 10.73286 -7.128288 1.801522 10.72517 -6.407299 1.845128 10.99108 -7.128288 1.247767 10.85039 -6.407299 1.134973 11.01954 -6.407299 1.213849 11.09925 -7.128288 1.544971 11.08498 -7.128288 1.381878 11.12659 -6.407299 1.366733 10.49058 -7.128288 1.598223 11.08498 -7.128288 1.381878 11.09925 -7.128288 1.544971 10.47631 -7.128288 1.43513 10.44897 -6.407299 1.613367 10.4327 -6.407299 1.427441 10.67961 -7.128288 1.192846 10.5455 -7.128288 1.286752 10.51158 -6.407299 1.25829 10.44897 -6.407299 1.613367 11.01954 -6.407299 1.213849 10.4327 -6.407299 1.427441 10.89596 -7.128288 1.787254 11.06398 -6.407299 1.72181 10.9111 -6.407299 1.828861 10.99108 -7.128288 1.247767 10.8427 -7.128288 1.178578 10.85039 -6.407299 1.134973 10.99108 -7.128288 1.247767 10.5455 -7.128288 1.286752 10.8427 -7.128288 1.178578 10.47631 -7.128288 1.43513 10.49058 -7.128288 1.598223 10.44897 -6.407299 1.613367 10.49058 -7.128288 1.598223 10.47631 -7.128288 1.43513 10.99108 -7.128288 1.247767 10.89596 -7.128288 1.787254 11.03006 -7.128288 1.693349 11.06398 -6.407299 1.72181 10.58448 -7.128288 1.732333 11.09925 -7.128288 1.544971 10.73286 -7.128288 1.801522 10.67961 -7.128288 1.192846 10.51158 -6.407299 1.25829 10.66446 -6.407299 1.151239 10.51158 -6.407299 1.25829 11.01954 -6.407299 1.213849 10.85039 -6.407299 1.134973 10.44897 -6.407299 1.613367 11.14286 -6.407299 1.552661 11.12659 -6.407299 1.366733 11.09925 -7.128288 1.544971 11.12659 -6.407299 1.366733 11.14286 -6.407299 1.552661 11.14286 -6.407299 1.552661 10.55602 -6.407299 1.766251 10.72517 -6.407299 1.845128 10.58448 -7.128288 1.732333 10.72517 -6.407299 1.845128 10.55602 -6.407299 1.766251 10.8427 -7.128288 1.178578 10.67961 -7.128288 1.192846 10.66446 -6.407299 1.151239 10.8427 -7.128288 1.178578 10.5455 -7.128288 1.286752 10.67961 -7.128288 1.192846 10.49058 -7.128288 1.598223 10.58448 -7.128288 1.732333 10.55602 -6.407299 1.766251 10.49058 -7.128288 1.598223 11.09925 -7.128288 1.544971 10.58448 -7.128288 1.732333 11.08498 -7.128288 1.381878 10.99108 -7.128288 1.247767 11.01954 -6.407299 1.213849 11.08498 -7.128288 1.381878 10.49058 -7.128288 1.598223 10.99108 -7.128288 1.247767 10.73286 -7.128288 1.801522 10.89596 -7.128288 1.787254 10.9111 -6.407299 1.828861 10.73286 -7.128288 1.801522 11.03006 -7.128288 1.693349 10.89596 -7.128288 1.787254 10.5455 -7.128288 1.286752 10.47631 -7.128288 1.43513 10.4327 -6.407299 1.427441 10.99108 -7.128288 1.247767 10.47631 -7.128288 1.43513 10.5455 -7.128288 1.286752 11.03006 -7.128288 1.693349 11.09925 -7.128288 1.544971 11.14286 -6.407299 1.552661 10.73286 -7.128288 1.801522 11.09925 -7.128288 1.544971 11.03006 -7.128288 1.693349 10.4327 -6.407299 1.427441 11.01954 -6.407299 1.213849 10.51158 -6.407299 1.25829 10.5455 -7.128288 1.286752 10.4327 -6.407299 1.427441 10.51158 -6.407299 1.25829 10.66446 -6.407299 1.151239 10.51158 -6.407299 1.25829 10.85039 -6.407299 1.134973 10.8427 -7.128288 1.178578 10.66446 -6.407299 1.151239 10.85039 -6.407299 1.134973 10.44897 -6.407299 1.613367 11.12659 -6.407299 1.366733 11.01954 -6.407299 1.213849 11.08498 -7.128288 1.381878 11.01954 -6.407299 1.213849 11.12659 -6.407299 1.366733 11.14286 -6.407299 1.552661 10.72517 -6.407299 1.845128 11.06398 -6.407299 1.72181 11.03006 -7.128288 1.693349 11.14286 -6.407299 1.552661 11.06398 -6.407299 1.72181 11.06398 -6.407299 1.72181 10.72517 -6.407299 1.845128 10.9111 -6.407299 1.828861 10.73286 -7.128288 1.801522 10.9111 -6.407299 1.828861 10.72517 -6.407299 1.845128 10.44897 -6.407299 1.613367 10.55602 -6.407299 1.766251 11.14286 -6.407299 1.552661 10.49058 -7.128288 1.598223 10.55602 -6.407299 1.766251 10.44897 -6.407299 1.613367 14.1508 -3.885589 4.887914 14.23948 -3.769822 4.962327 14.53889 -3.731477 4.571057 14.57044 -4.201865 5.240038 14.81509 -4.355977 4.802817 14.91619 -4.224006 4.887647 14.57044 -3.885589 5.240038 14.6029 -4.043725 5.267275 14.95319 -4.043725 4.918697 14.11834 -4.043725 4.860677 14.6029 -4.043725 5.267275 14.57044 -3.885589 5.240038 14.1508 -4.201865 4.887914 14.40079 -4.043725 4.455177 14.4378 -4.224006 4.486227 14.36062 -4.360003 5.063975 14.23948 -4.31763 4.962327 14.53889 -4.355975 4.571056 14.40079 -4.043725 4.455177 14.91619 -4.224006 4.887647 14.4378 -4.224006 4.486227 14.36062 -3.727451 5.063975 14.81509 -3.731477 4.802817 14.677 -3.683171 4.686938 14.57044 -4.201865 5.240038 14.48176 -4.31763 5.165625 14.81509 -4.355977 4.802817 14.57044 -4.201865 5.240038 14.23948 -4.31763 4.962327 14.48176 -4.31763 5.165625 14.1508 -4.201865 4.887914 14.11834 -4.043725 4.860677 14.40079 -4.043725 4.455177 14.11834 -4.043725 4.860677 14.1508 -4.201865 4.887914 14.57044 -4.201865 5.240038 14.36062 -3.727451 5.063975 14.48176 -3.769822 5.165625 14.81509 -3.731477 4.802817 14.1508 -3.885589 4.887914 14.57044 -3.885589 5.240038 14.23948 -3.769822 4.962327 14.36062 -4.360003 5.063975 14.53889 -4.355975 4.571056 14.677 -4.404281 4.686938 14.53889 -4.355975 4.571056 14.91619 -4.224006 4.887647 14.81509 -4.355977 4.802817 14.40079 -4.043725 4.455177 14.91619 -3.86345 4.887647 14.95319 -4.043725 4.918697 14.57044 -3.885589 5.240038 14.95319 -4.043725 4.918697 14.91619 -3.86345 4.887647 14.91619 -3.86345 4.887647 14.4378 -3.86345 4.486227 14.53889 -3.731477 4.571057 14.1508 -3.885589 4.887914 14.53889 -3.731477 4.571057 14.4378 -3.86345 4.486227 14.48176 -4.31763 5.165625 14.36062 -4.360003 5.063975 14.677 -4.404281 4.686938 14.48176 -4.31763 5.165625 14.23948 -4.31763 4.962327 14.36062 -4.360003 5.063975 14.11834 -4.043725 4.860677 14.1508 -3.885589 4.887914 14.4378 -3.86345 4.486227 14.11834 -4.043725 4.860677 14.57044 -3.885589 5.240038 14.1508 -3.885589 4.887914 14.6029 -4.043725 5.267275 14.57044 -4.201865 5.240038 14.91619 -4.224006 4.887647 14.6029 -4.043725 5.267275 14.11834 -4.043725 4.860677 14.57044 -4.201865 5.240038 14.23948 -3.769822 4.962327 14.36062 -3.727451 5.063975 14.677 -3.683171 4.686938 14.23948 -3.769822 4.962327 14.48176 -3.769822 5.165625 14.36062 -3.727451 5.063975 14.23948 -4.31763 4.962327 14.1508 -4.201865 4.887914 14.4378 -4.224006 4.486227 14.57044 -4.201865 5.240038 14.1508 -4.201865 4.887914 14.23948 -4.31763 4.962327 14.48176 -3.769822 5.165625 14.57044 -3.885589 5.240038 14.91619 -3.86345 4.887647 14.23948 -3.769822 4.962327 14.57044 -3.885589 5.240038 14.48176 -3.769822 5.165625 14.4378 -4.224006 4.486227 14.91619 -4.224006 4.887647 14.53889 -4.355975 4.571056 14.23948 -4.31763 4.962327 14.4378 -4.224006 4.486227 14.53889 -4.355975 4.571056 14.677 -4.404281 4.686938 14.53889 -4.355975 4.571056 14.81509 -4.355977 4.802817 14.48176 -4.31763 5.165625 14.677 -4.404281 4.686938 14.81509 -4.355977 4.802817 14.40079 -4.043725 4.455177 14.95319 -4.043725 4.918697 14.91619 -4.224006 4.887647 14.6029 -4.043725 5.267275 14.91619 -4.224006 4.887647 14.95319 -4.043725 4.918697 14.91619 -3.86345 4.887647 14.53889 -3.731477 4.571057 14.81509 -3.731477 4.802817 14.48176 -3.769822 5.165625 14.91619 -3.86345 4.887647 14.81509 -3.731477 4.802817 14.81509 -3.731477 4.802817 14.53889 -3.731477 4.571057 14.677 -3.683171 4.686938 14.23948 -3.769822 4.962327 14.677 -3.683171 4.686938 14.53889 -3.731477 4.571057 14.40079 -4.043725 4.455177 14.4378 -3.86345 4.486227 14.91619 -3.86345 4.887647 14.11834 -4.043725 4.860677 14.4378 -3.86345 4.486227 14.40079 -4.043725 4.455177 13.82694 -5.218619 5.172996 13.60832 -6.28372 5.356451 13.92454 -6.283714 5.733307 14.14316 -5.218612 5.549853 13.82694 -5.218619 5.172996 13.92454 -6.283714 5.733307</float_array>
          <technique_common>
            <accessor source="#default_default-mesh-positions-array" count="6714" stride="3">
              <param name="X" type="float"/>
              <param name="Y" type="float"/>
              <param name="Z" type="float"/>
            </accessor>
          </technique_common>
        </source>
        <source id="default_default-mesh-normals">
          <float_array id="default_default-mesh-normals-array" count="18750">-0.911932 -0.4073607 -0.04937016 -0.9119313 0.4073618 -0.04937428 -0.8743962 -0.4073368 -0.263644 -0.8341598 0.2845098 -0.472474 -0.8341609 -0.2845169 -0.4724678 -0.8744038 -0.4073498 -0.2635985 -0.8341618 0.2845163 -0.4724665 -0.8118817 3.56883e-5 -0.583822 -0.8341603 -0.2845064 -0.4724752 -0.9119311 -0.4073618 -0.04937815 -0.9457646 -0.2833277 0.1589178 -0.9119332 0.4073584 -0.04936665 -0.8743999 -0.4073428 -0.2636226 -0.8744006 0.4073448 -0.263617 -0.8341584 0.284497 -0.4724841 -0.8744002 -0.4073432 -0.263621 -0.9119329 0.4073593 -0.04936563 -0.8743991 0.4073415 -0.2636266 -0.9457645 0.2833271 0.1589197 -0.9119316 0.4073609 -0.04937469 -0.9457626 -0.2833395 0.158909 -0.9457643 -0.2833261 0.1589224 -0.9625336 -3.54499e-5 0.2711624 -0.9457657 0.2833166 0.1589307 0.04442304 -0.9667298 -0.2519131 -0.04517132 -0.965592 0.2561087 -0.4087752 -0.8960877 0.1730023 -0.4087754 -0.8960878 0.1730015 -0.3257185 -0.8971068 -0.2985079 0.04441773 -0.9667297 -0.2519143 0.1298424 -0.664021 -0.736354 0.04442054 -0.9667086 -0.2519949 -0.3257281 -0.8970934 -0.2985376 -0.3257099 -0.897114 -0.2984955 -0.2455247 -0.6163848 -0.7481895 0.1298243 -0.6640256 -0.736353 0.1298301 0.6639416 -0.7364277 0.1736298 5.09918e-5 -0.9848111 -0.2051588 -3.32296e-5 -0.9787287 -0.2052341 3.46296e-5 -0.9787129 -0.2455325 0.6164285 -0.748151 0.129815 0.6639418 -0.7364302 0.1736227 -5.13196e-5 -0.9848123 0.1298362 -0.6639419 -0.7364264 -0.2455722 -0.6163775 -0.7481799 -0.2455779 -0.6163697 -0.7481844 -0.2052112 -1.33812e-5 -0.9787178 0.1736041 -5.04553e-5 -0.9848155 -0.04516953 -0.9655658 0.2562077 -0.130155 -0.6620694 0.7380542 -0.486932 -0.6146028 0.6206132 -0.4869229 -0.6145923 0.6206308 -0.4087785 -0.8960749 0.1730609 -0.04520761 -0.9655645 0.2562061 0.04443436 0.9667117 -0.2519806 0.1298226 0.66403 -0.7363494 -0.2455467 0.6163997 -0.74817 -0.2455696 0.6164098 -0.7481541 -0.3257189 0.8971062 -0.2985091 0.04441988 0.9667111 -0.2519854 -0.04515516 0.9655921 0.2561112 0.04440718 0.9667297 -0.2519162 -0.3257247 0.8971068 -0.2985012 -0.325734 0.8971068 -0.298491 -0.40877 0.8960878 0.1730143 -0.04516053 0.9655922 0.2561102 -0.1301309 0.6620697 0.7380581 -0.04518806 0.965566 0.2562038 -0.4087914 0.8960675 0.1730685 -0.4087675 0.8960829 0.1730449 -0.4869303 0.6146041 0.6206132 -0.1301764 0.6620709 0.738049 -0.1302557 -0.6620144 0.7380856 -0.1736667 -1.75834e-5 0.9848045 -0.5275879 2.45571e-5 0.8495005 -0.527643 -3.15607e-5 0.8494663 -0.4869338 -0.6145801 0.6206343 -0.1301412 -0.6620141 0.7381061 -0.173668 1.72853e-5 0.9848043 -0.1301627 0.6620143 0.7381023 -0.4869524 0.61456 0.6206395 -0.4869462 0.6145664 0.620638 -0.5275979 -1.52886e-5 0.8494943 -0.1736401 1.65403e-5 0.9848092 0.9848081 0 0.1736464 0.9848079 -5.96561e-7 0.1736478 0.9848075 -1.20506e-6 0.1736497 0.984808 5.54319e-7 0.1736474 0.9848077 -2.26741e-7 0.1736483 0.9848077 -2.51296e-7 0.1736487 0.9848073 5.43102e-7 0.1736512 0.984808 0 0.1736472 -0.3257234 -0.8971051 -0.2985078 -0.4087998 -0.8960721 0.1730251 -0.9118992 -0.4074338 -0.04937195 -0.9118991 -0.4074355 -0.04935938 -0.8743689 -0.407408 -0.2636247 -0.3257268 -0.8971002 -0.2985185 -0.2455667 -0.6164361 -0.7481334 -0.3257318 -0.8971029 -0.2985052 -0.8743599 -0.4073837 -0.263692 -0.8743551 -0.4074147 -0.26366 -0.8341434 -0.2845765 -0.472463 -0.2455802 -0.6164072 -0.7481528 -0.2455703 0.6163693 -0.7481874 -0.205203 -3.59118e-6 -0.9787195 -0.8118703 2.86885e-5 -0.5838378 -0.8118681 3.60906e-5 -0.583841 -0.834136 0.2845391 -0.4724984 -0.2455766 0.6163851 -0.7481722 -0.2051927 -1.47969e-5 -0.9787216 -0.2455913 -0.6163899 -0.7481634 -0.8341298 -0.2845816 -0.4724837 -0.834138 -0.2845488 -0.4724891 -0.8118547 9.23872e-7 -0.5838597 -0.2051825 -2.97725e-5 -0.9787238 -0.4087982 -0.8960708 0.173035 -0.4869446 -0.6146041 0.620602 -0.9457538 -0.2833671 0.1589112 -0.9457507 -0.2833491 0.1589625 -0.9119065 -0.407423 -0.04932755 -0.4088044 -0.8960712 0.173018 -0.3257101 0.8971021 -0.2985311 -0.2455862 0.6163939 -0.7481617 -0.8341388 0.2845726 -0.4724734 -0.834126 0.2845612 -0.4725026 -0.8743603 0.4073919 -0.2636775 -0.3257395 0.8971052 -0.2984897 -0.408797 0.8960732 0.1730254 -0.325724 0.8971006 -0.2985209 -0.8743615 0.4074151 -0.2636384 -0.8743627 0.4074187 -0.2636283 -0.911895 0.407444 -0.04936581 -0.4087952 0.8960728 0.1730322 -0.4869651 0.6145824 0.6206074 -0.4087936 0.8960739 0.1730302 -0.9119031 0.4074309 -0.04932451 -0.9119017 0.4074333 -0.0493291 -0.9457491 0.2833539 0.1589637 -0.4869503 0.6146047 0.6205969 -0.4869467 -0.6145609 0.6206432 -0.5276007 2.67923e-5 0.8494926 -0.9625252 -3.32557e-5 0.2711925 -0.9625198 -1.01328e-5 0.2712114 -0.9457468 -0.2833611 0.158964 -0.4869592 -0.6145779 0.6206165 -0.5275905 -3.00258e-6 0.8494989 -0.4869539 0.6145636 0.6206348 -0.9457517 0.283346 0.1589619 -0.9457565 0.2833253 0.1589701 -0.96252 1.54674e-5 0.2712109 -0.5275796 7.34627e-6 0.8495056 -0.4044601 0.5489472 0.7314841 -0.4045004 -0.5490637 0.7313745 -0.3267007 -6.4075e-5 0.945128 -0.5922703 0.7763932 0.215475 -0.4044528 -0.5489199 0.7315087 -0.4044568 0.548938 0.7314929 -0.7800137 0.5489796 -0.3003334 -0.4044646 -0.548977 0.7314593 -0.5922406 0.7763895 0.2155699 -0.8931981 0.3382549 -0.2962783 -0.4044898 -0.5490258 0.7314087 -0.7799929 0.5490308 -0.3002938 -0.7664889 -0.5243412 0.3708923 -0.4044692 -0.548986 0.73145 -0.8932004 0.3382517 -0.296275 -0.5922635 -0.7763919 0.2154988 -0.4044892 -0.5490368 0.7314008 -0.766484 -0.5243334 0.3709135 0.780044 -0.5489517 0.3003054 -0.5922864 -0.7763643 0.2155348 0.592229 -0.7763798 -0.2156368 -0.4044728 -0.548928 0.7314916 -0.592287 -0.7763595 0.2155507 0.7800434 -0.5489445 0.3003205 0.8578093 2.32607e-5 0.5139681 -0.404526 -0.5489974 0.73141 0.7799982 -0.5490396 0.3002638 -0.3267205 7.82676e-5 0.9451211 -0.4045304 -0.5489849 0.731417 0.8578046 3.65973e-5 0.513976 0.78003 0.5489883 0.3002754 -0.3267467 -3.47793e-5 0.9451121 0.8577905 -7.48733e-5 0.5139997 -0.4045088 0.5490372 0.7313897 -0.3267502 -2.6986e-5 0.9451108 0.7800258 0.5489957 0.3002724 0.5922717 0.7763589 -0.2155948 -0.4045064 0.5489463 0.7314593 0.7800369 0.5489293 0.3003647 -0.5922799 0.7763813 0.215492 -0.4045166 0.5489486 0.7314519 0.5922629 0.776364 -0.2156009 0.4045172 0.54895 -0.7314505 -0.5922608 0.7763649 0.2156033 0.5922825 0.7763798 -0.2154897 -0.7800368 0.548931 -0.3003621 -0.592271 0.7763585 0.2155987 0.4045057 0.5489484 -0.731458 0.4938569 0.3381394 -0.8011037 -0.7800259 0.5489972 -0.3002694 0.4045081 0.5490384 -0.7313892 -0.8932499 0.3381645 -0.2962252 -0.7800328 0.5489844 -0.3002749 0.4938585 0.3381464 -0.8010998 0.5922903 -0.7763567 -0.2155516 -0.7665199 -0.5243268 0.3708485 0.8255693 -0.5243536 -0.2085393 -0.5922281 -0.7763805 0.2156364 -0.7664883 -0.524344 0.3708897 0.5922871 -0.7763637 -0.2155355 0.7800227 -0.5489471 0.300369 0.5922637 -0.7763919 -0.2154981 0.8577819 1.00791e-4 0.5140138 0.8577836 -9.0003e-6 0.514011 0.5922364 -0.7763925 -0.2155709 0.7799953 0.5490298 0.3002891 0.780009 0.5489863 0.3003334 0.5922599 -0.7763912 -0.2155109 0.5922235 0.776393 -0.2156044 0.592247 0.7763923 -0.215543 0.5922322 -0.7763924 -0.215583 0.4044721 0.5489863 -0.7314482 0.4044965 0.5490522 -0.7313851 0.592204 -0.7763943 -0.2156538 0.493776 0.3382036 -0.8011266 0.4937787 0.3382391 -0.8011098 0.5922802 -0.7763882 -0.2154662 0.8255994 -0.5243203 -0.2085045 -0.7664651 -0.5243237 0.3709664 -0.8931936 0.3382768 -0.2962672 -0.592503 -0.8054196 0.01547932 -0.8416892 0.1046125 -0.5297315 -0.5925096 -0.8054128 0.01558417 -0.8931931 0.3382735 -0.2962722 -0.8932396 0.338217 -0.2961966 0.4938424 0.3381593 -0.8011043 -0.8417238 0.1045281 -0.5296933 0.3043429 0.1045609 -0.9468066 -0.8417382 0.1045584 -0.5296643 0.4938527 0.3381877 -0.801086 0.4937817 0.3382277 -0.8011128 0.8255832 -0.5243316 -0.2085396 0.3042655 0.1045278 -0.946835 0.4638742 -0.8053942 -0.3689999 0.3042665 0.1045437 -0.946833 0.8255733 -0.5243362 -0.2085675 0.825577 -0.5243508 -0.2085161 -0.766458 -0.524356 0.3709354 0.4639189 -0.80539 -0.3689529 -0.5924748 -0.8054388 0.01555645 0.4638851 -0.8054264 -0.3689162 -0.7664534 -0.5244195 0.370855 0.3043481 0.1045546 -0.9468055 0.4638417 -0.805424 -0.3689758 -0.5924445 -0.8054623 0.01549899 -0.592548 -0.805386 0.01550412 -0.8417389 0.104564 -0.5296623 0.3043401 0.1045614 -0.9468073 -0.4044605 0.5489475 0.7314836 -0.4044997 -0.5490633 0.7313751 -0.3267003 -6.35684e-5 0.945128 -0.4044772 0.5490037 0.7314323 -0.5922615 -0.7763906 0.2155092 -0.4044748 -0.5489834 0.7314489 -0.4044604 0.5489583 0.7314757 -0.7800212 -0.5489555 -0.300358 -0.5922396 -0.7763908 0.2155681 -0.4044829 0.5490089 0.7314254 -0.8932152 -0.3381696 -0.2963241 -0.7800022 -0.5490051 -0.3003165 -0.4044973 0.5490664 0.7313741 -0.7664738 0.5243327 0.3709357 -0.8932143 -0.3381804 -0.2963144 -0.4044525 0.5489183 0.7315101 -0.5922245 0.7763879 0.2156202 -0.7664806 0.5243266 0.3709303 -0.5922972 0.7763355 0.215609 0.7800413 0.5489474 0.3003206 0.5922961 0.7763462 -0.2155734 -0.5922868 0.7763646 0.2155326 -0.4045429 0.5489638 0.7314258 0.7800512 0.5489746 0.3002448 -0.4045469 0.5489297 0.7314493 0.8578048 -4.03505e-5 0.5139757 0.7800514 0.5489542 0.3002819 -0.404528 0.5489996 0.7314072 -0.3267744 5.93066e-6 0.9451024 0.8578259 3.23802e-5 0.5139403 -0.326789 -3.20822e-5 0.9450974 0.7800204 -0.5490032 0.3002727 0.8578182 -9.26852e-6 0.5139535 -0.3267407 4.0641e-5 0.9451141 -0.4045374 -0.548954 0.7314363 0.7800675 -0.5489292 0.3002862 -0.4045602 -0.5489733 0.7314091 0.5922585 -0.7763655 -0.2156072 0.7800489 -0.5489639 0.3002706 -0.4045035 -0.5489444 0.7314623 -0.5922929 -0.7763457 0.2155839 0.5923166 -0.7763366 -0.2155524 -0.5923166 -0.7763351 0.2155569 0.4045038 -0.5489495 -0.7314583 0.5922942 -0.7763461 -0.2155792 -0.5922589 -0.7763655 0.2156058 -0.780049 -0.5489634 -0.3002715 0.4045612 -0.5489734 -0.7314087 -0.7800667 -0.5489301 -0.3002862 0.4938585 -0.3381207 -0.8011105 0.4045379 -0.5489537 -0.7314363 -0.7800247 -0.5489984 -0.3002706 -0.8932511 -0.3381634 -0.2962232 0.4938575 -0.3382248 -0.8010674 -0.7664583 0.5243639 0.3709234 0.5922892 0.7763626 -0.2155331 0.8255696 0.5243538 -0.2085379 -0.7664063 0.5243939 0.3709886 -0.5922961 0.7763462 0.2155734 0.5922972 0.7763355 -0.215609 0.5922092 0.7763894 -0.2156568 0.7799949 0.5490354 0.30028 0.8577837 6.07967e-5 0.5140108 0.5922747 0.7763931 -0.2154635 0.8577837 7.7486e-5 0.514011 0.7799876 -0.5490535 0.3002661 0.5922523 0.7763898 -0.2155368 0.7800092 -0.548987 0.3003314 0.5922329 -0.7763946 -0.215573 0.5922241 0.7763928 -0.2156038 0.5922596 -0.7763919 -0.2155095 0.4044747 -0.5489857 -0.7314472 0.5922438 0.7763936 -0.2155464 0.4044872 -0.5490282 -0.7314084 0.4937852 -0.3382548 -0.8010993 0.5922231 0.7763894 -0.2156185 0.4937843 -0.3382564 -0.8010991 0.825591 0.5243251 -0.2085248 -0.893209 -0.3381981 -0.2963104 -0.7664725 0.524327 0.3709461 -0.5925421 0.8053906 0.01548701 -0.592517 0.8054079 0.01555454 -0.8416927 -0.1045261 -0.5297431 -0.8931978 -0.338252 -0.2962825 0.49387 -0.3382239 -0.8010601 -0.8932388 -0.3382184 -0.2961973 -0.841733 -0.1045489 -0.5296745 -0.8417114 -0.1045052 -0.5297176 0.304342 -0.1045618 -0.9468067 0.4938427 -0.3381654 -0.8011015 0.8256031 0.5243221 -0.2084848 0.4937841 -0.338239 -0.8011066 0.3042647 -0.1045007 -0.9468383 0.3042684 -0.1045783 -0.9468285 0.4639055 0.8054153 -0.3689146 0.8255796 0.5243332 -0.20855 -0.766463 0.5242944 0.3710122 0.8255769 0.5243508 -0.2085165 0.4638062 0.8054434 -0.3689781 0.4637996 0.8054674 -0.3689341 -0.5924746 0.8054389 0.01555645 -0.7664601 0.5243383 0.3709559 0.4638397 0.8054236 -0.3689793 0.3043449 -0.1045612 -0.9468058 -0.5924537 0.8054555 0.01549756 -0.8417381 -0.1045634 -0.5296636 -0.5925427 0.80539 0.01550364 0.3043463 -0.1045554 -0.946806 -0.4044592 0.5489478 0.7314842 -0.4044993 -0.5490641 0.7313748 -0.326699 -6.39558e-5 0.9451285 -0.4044768 0.5490013 0.7314344 -0.5922592 -0.7763922 0.2155091 -0.4044718 -0.5489856 0.7314488 -0.4044637 0.5489549 0.7314764 -0.7800196 -0.5489566 -0.3003601 -0.5922369 -0.7763936 0.2155655 -0.4044803 0.54901 0.7314258 -0.8577833 9.50694e-6 -0.5140116 -0.7800044 -0.549003 -0.3003147 -0.4044988 0.5490637 0.7313753 -0.7799891 0.5490474 -0.3002735 -0.8577834 -8.68142e-5 -0.5140112 -0.4044488 0.548922 0.7315093 -0.5922166 0.7763944 0.2156183 -0.7799913 0.549039 -0.3002829 -0.5922974 0.7763356 0.2156084 0.780041 0.5489476 0.3003211 0.5922965 0.7763458 -0.2155737 -0.5922884 0.776363 0.2155342 -0.4045434 0.5489609 0.7314279 0.7800502 0.5489758 0.3002456 -0.4045477 0.5489302 0.7314485 0.8578045 -3.83052e-5 0.5139761 0.7800508 0.5489565 0.3002793 -0.4045229 0.5490003 0.7314096 -0.3267698 5.36442e-6 0.945104 0.8578286 3.07709e-5 0.5139359 -0.3267828 -3.14564e-5 0.9450995 0.7800238 -0.5490004 0.300269 0.8578215 -5.99027e-6 0.5139477 -0.3267396 3.89036e-5 0.9451144 -0.4045368 -0.5489565 0.7314347 0.7800679 -0.5489296 0.3002843 -0.4045586 -0.5489755 0.7314084 0.5922624 -0.7763627 -0.2156066 0.7800511 -0.5489605 0.3002713 -0.4045034 -0.5489446 0.7314622 -0.5922926 -0.776346 0.2155841 0.5923174 -0.7763359 -0.2155525 -0.5923172 -0.7763357 0.2155532 0.4045023 -0.5489453 -0.7314623 0.5922929 -0.7763457 -0.2155843 -0.5922594 -0.7763659 0.215604 -0.7800489 -0.5489627 -0.300273 0.4045613 -0.5489717 -0.7314099 -0.780066 -0.5489304 -0.3002872 0.3267422 3.95045e-5 -0.9451135 0.4045398 -0.5489547 -0.7314344 -0.780021 -0.5490024 -0.300273 -0.8578189 -9.0301e-6 -0.5139521 0.3267875 -2.96831e-5 -0.9450979 -0.8578293 3.03239e-5 -0.5139346 0.4045218 0.549003 -0.7314081 0.3267681 1.05798e-5 -0.9451047 -0.8578055 -3.92307e-5 -0.5139746 -0.7800516 0.5489553 -0.3002794 0.4045462 0.5489311 -0.7314487 -0.7800514 0.5489761 -0.3002419 0.5922876 0.7763644 -0.2155314 0.4045407 0.548966 -0.7314255 -0.7800423 0.5489451 -0.3003221 -0.5922964 0.7763468 0.2155707 0.5922964 0.7763355 -0.2156113 0.5922089 0.7763903 -0.2156547 0.7799935 0.5490359 0.3002827 0.8577823 6.11544e-5 0.5140133 0.5922758 0.7763927 -0.2154618 0.8577825 7.73668e-5 0.5140128 0.7799864 -0.5490539 0.3002682 0.5922495 0.776393 -0.2155333 0.7800105 -0.5489845 0.3003329 0.5922371 -0.7763917 -0.2155721 0.5922239 0.7763922 -0.2156064 0.5922578 -0.7763924 -0.2155128 0.404471 -0.5489851 -0.7314498 0.5922448 0.7763936 -0.2155441 0.4044895 -0.549028 -0.7314073 0.3266999 1.11759e-5 -0.9451282 0.5922226 0.7763895 -0.2156194 0.3266937 -1.02341e-4 -0.9451303 0.4044592 0.5489457 -0.7314858 -0.4044608 0.5489478 0.7314833 -0.4045009 -0.5490641 0.7313739 -0.3267009 -6.41048e-5 0.9451278 -0.5922709 0.7763921 0.2154775 -0.4044485 -0.5489205 0.7315106 -0.4044545 0.5489374 0.7314946 -0.780012 0.5489802 -0.3003365 -0.4044685 -0.5489755 0.7314583 -0.59224 0.7763907 0.2155674 -0.8577839 -8.16584e-6 -0.5140106 -0.4044869 -0.5490267 0.7314097 -0.779995 0.5490289 -0.3002916 -0.7800042 -0.5490006 -0.3003197 -0.4044705 -0.5489844 0.7314505 -0.8577833 5.1111e-5 -0.5140116 -0.592267 -0.7763889 0.2154995 -0.4044925 -0.5490331 0.7314018 -0.7800351 -0.5489167 -0.3003927 0.7800436 -0.5489513 0.3003073 -0.5922871 -0.7763636 0.2155359 0.5922292 -0.7763803 -0.2156345 -0.4044711 -0.5489279 0.7314926 -0.5922872 -0.7763592 0.2155517 0.7800436 -0.5489447 0.3003195 0.8578111 2.52575e-5 0.5139652 -0.4045217 -0.5489986 0.7314115 0.7800006 -0.5490384 0.3002599 -0.3267173 7.58211e-5 0.9451222 -0.4045286 -0.5489873 0.7314162 0.8578059 3.46005e-5 0.5139738 0.7800334 0.5489854 0.3002717 -0.3267403 -3.5882e-5 0.9451141 0.8577935 -7.82719e-5 0.5139945 -0.404513 0.5490375 0.7313871 -0.326752 -2.4572e-5 0.9451102 0.7800228 0.5489999 0.3002725 0.5922697 0.7763603 -0.215595 -0.4045076 0.5489454 0.7314592 0.7800353 0.5489317 0.3003647 -0.5922815 0.7763804 0.2154907 -0.4045151 0.5489512 0.7314508 0.5922618 0.7763638 -0.2156044 0.4045166 0.5489504 -0.7314504 -0.5922616 0.7763643 0.2156038 0.5922814 0.7763807 -0.2154902 -0.7800359 0.5489317 -0.3003634 -0.5922715 0.7763584 0.2155978 0.4045066 0.5489485 -0.7314575 0.326751 -2.60472e-5 -0.9451105 -0.7800249 0.5489968 -0.3002729 0.40451 0.5490378 -0.7313886 -0.8577921 -7.70459e-5 -0.5139968 -0.7800315 0.5489866 -0.3002746 0.3267436 -3.67165e-5 -0.945113 0.4045292 -0.5489849 -0.7314177 -0.857805 3.66569e-5 -0.5139754 0.3267201 7.91458e-5 -0.9451212 -0.7799997 -0.5490389 -0.3002613 -0.8578111 2.44081e-5 -0.5139651 0.4045227 -0.5489975 -0.7314117 0.5922872 -0.7763591 -0.2155515 -0.7800436 -0.5489448 -0.3003194 0.4044712 -0.548928 -0.7314925 -0.592229 -0.7763808 0.2156335 -0.7800437 -0.548951 -0.3003079 0.5922873 -0.7763633 -0.2155362 0.7800228 -0.5489467 0.3003699 0.5922637 -0.7763923 -0.2154967 0.8577824 1.0094e-4 0.5140132 0.8577824 -9.50694e-6 0.514013 0.5922372 -0.7763924 -0.2155692 0.7799947 0.5490295 0.3002917 0.7800092 0.5489866 0.3003321 0.5922592 -0.7763919 -0.2155107 0.5922235 0.7763927 -0.2156057 0.5922471 0.7763921 -0.2155427 0.5922322 -0.7763924 -0.2155826 0.4044721 0.5489862 -0.7314482 0.4044948 0.5490552 -0.7313839 0.5922087 -0.7763906 -0.2156541 0.3267 -7.62045e-5 -0.9451281 0.3266972 -6.4522e-5 -0.9451292 0.5922731 -0.7763941 -0.2154646 0.404487 -0.5490385 -0.7314008 0.9848077 0 0.1736484 0.9848076 2.16539e-5 0.1736491 0.1733675 -4.74501e-4 -0.9848571 -0.5060155 -0.8579626 -0.08859235 -0.5060285 -0.8579552 -0.08859086 0.1736487 -4.78224e-4 -0.9848076 6.19857e-5 1 -3.51727e-4 -1.26594e-4 -0.9999998 7.18399e-4 -1.26594e-4 -0.9999998 7.18399e-4 -0.1736483 2.39457e-4 0.9848077 3.12178e-4 1 5.54217e-5 -0.1736184 4.75882e-4 0.9848129 -0.1735057 2.39905e-4 0.9848329 0.1735861 -9.51518e-4 -0.9848182 -0.505515 0.8581353 -0.08976888 -0.5074268 0.8570047 -0.08978331 7.97101e-7 1 -4.87005e-6 7.971e-7 1 -4.65048e-6 0 1 -2.39513e-7 -0.8829476 0 -0.4694716 -0.6946722 6.51006e-6 -0.7193266 -0.8829472 0 -0.4694723 -0.6946716 -1.48312e-5 -0.7193271 -0.6946716 -1.86712e-5 -0.7193271 -0.6946442 1.86265e-5 -0.7193535 -0.1391915 6.36272e-6 -0.9902655 -0.6946443 1.48312e-5 -0.7193535 -0.6946445 -5.97103e-6 -0.7193533 -0.1391919 -1.51259e-5 -0.9902655 -0.1391919 -1.86265e-5 -0.9902655 -0.1391544 1.83731e-5 -0.9902708 0.4694545 6.87842e-6 -0.8829568 -0.1391544 1.48312e-5 -0.9902708 -0.139154 -6.87842e-6 -0.9902708 0.4694548 -1.48312e-5 -0.8829566 0.4694548 -1.83731e-5 -0.8829566 0.4695311 1.83582e-5 -0.882916 0.8987858 6.80475e-6 -0.4383881 0.4695311 1.4829e-5 -0.8829161 0.469488 -7.27011e-6 -0.8829389 0.8987854 -1.45365e-5 -0.4383888 0.8987855 -1.83582e-5 -0.4383888 0.8988027 1.8701e-5 -0.4383537 0.9902681 0 -0.1391727 0.8988027 1.48312e-5 -0.4383536 0.8988025 -6.51007e-6 -0.4383538 0.9902681 0 -0.1391729 0 -1 0 0 -1 1.24013e-6 0 1 4.49962e-7 0 1 0 -0.9848077 0 -0.1736487 -0.9848076 0 -0.173649 0.9848078 0 0.1736484 0.9848077 0 0.1736485 0 -1 -1.49987e-7 0 -1 -2.99975e-7 -0.1736481 0 0.9848078 -0.1736482 0 0.9848078 0 1 -5.52672e-7 0.3254997 8.09133e-6 -0.9455422 0.7190862 -2.42773e-5 -0.6949208 0.3254997 7.50008e-6 -0.9455422 0.3255016 1.22805e-5 -0.9455416 0.7190878 -1.48268e-5 -0.6949193 0.7190878 -1.60038e-5 -0.6949193 0.7191424 -1.87755e-5 -0.6948627 0.9902365 -1.43473e-5 -0.1393975 0.7191424 1.48268e-5 -0.6948627 0.7191427 1.43346e-5 -0.6948624 0.9902366 -1.484e-5 -0.139397 0.9902366 1.88053e-5 -0.139397 0.9902439 -7.31647e-6 -0.1393453 0.8828672 1.11579e-5 0.4696229 0.9902439 1.484e-5 -0.1393452 0.9902439 -1.11579e-5 -0.1393455 0.8828673 -1.484e-5 0.4696226 0.8828673 7.33137e-6 0.4696227 0.88284 -1.87457e-5 0.4696739 0.4381134 -1.43346e-5 0.8989198 0.88284 1.484e-5 0.4696739 0.882841 1.34288e-5 0.4696722 0.4381152 -1.58644e-5 0.8989188 0.4381152 1.7792e-5 0.8989189 0.4380458 1.50949e-5 0.8989527 -0.01752191 -1.34075e-5 0.9998466 0.4380458 1.38234e-5 0.8989527 0.4380447 2.43509e-5 0.8989533 -0.01752322 -7.50008e-6 0.9998465 -0.01752322 -8.16584e-6 0.9998465 0 -1 -4.22199e-7 0 -1 2.60933e-7 0 1 -4.22197e-7 0.3254017 0 -0.9455759 0.3254017 7.46468e-6 -0.9455759 0.1736495 0 -0.9848076 0.1736497 0 -0.9848075 0.325402 9.68575e-7 -0.9455758 -0.01762956 0 0.9998446 -0.01762956 -7.46468e-6 0.9998446 -0.1736479 0 0.9848078 -0.1736478 0 0.9848079 -0.01762932 -9.90927e-7 0.9998446 0 -1 -5.44671e-7 0 -1 5.44672e-7 -0.9848078 0 -0.1736479 -0.9848079 0 -0.1736478 -0.4564387 -0.1856945 -0.8701616 0.3447322 -0.5774376 -0.7400848 -0.7400364 -0.5773078 -0.3450534 -0.2907896 -0.1373882 0.9468716 0.4079663 -0.5865443 0.6996637 0.503686 -3.02676e-5 0.8638868 0.407839 0.5866598 0.6996411 -0.5092943 0.6100568 0.6070009 -0.2907971 0.1373829 0.9468701 -0.7399811 -0.577351 -0.3450999 0.3447938 -0.5773902 -0.7400931 0.08907616 -0.9813044 -0.1706085 0.08908802 -0.9813044 -0.170602 -0.6646203 -0.706988 0.2417597 -0.7399733 -0.5773513 -0.3451161 0.3446707 0.5773901 -0.7401506 -0.7400217 0.577351 -0.3450129 -0.6646018 0.706988 0.2418105 -0.6646253 0.7069881 0.241746 0.08885204 0.9813688 -0.170354 0.3447123 0.5773902 -0.740131 -0.8880676 -0.3778706 0.2618204 -0.8340132 0.390997 -0.3892861 -0.8340097 -0.3913313 -0.3889575 -0.8340076 0.3910232 -0.3892713 -0.8880757 -0.3778671 0.2617982 -0.8880683 0.3773872 0.2625145 -0.6646372 -0.7069882 0.2417132 0.08908283 -0.9813044 -0.170605 0.4079439 -0.5865901 0.6996384 0.4079038 -0.5865902 0.6996617 -0.5092257 -0.6100191 0.6070964 -0.6646304 -0.7069881 0.2417319 0.503636 3.31402e-5 0.863916 0.736737 0.6707869 -0.08522629 0.4078927 0.5865785 0.699678 0.5036339 2.72234e-5 0.8639172 0.407893 -0.5865769 0.6996791 0.7366702 -0.6708441 -0.08535385 0.08882886 0.9813688 -0.1703664 -0.6646278 0.7069882 0.2417389 -0.5093023 0.6100192 0.6070319 -0.5092783 0.6100187 0.6070525 0.4079729 0.5865899 0.6996217 0.08884084 0.981369 -0.1703597 -0.1554297 -0.907357 0.3905698 -0.6650416 -0.7066829 0.2414933 -0.7293489 -0.4595721 0.5067976 -0.1547232 0.9075039 0.390509 -0.3358896 0.3687141 0.8667342 -0.7294024 0.4595196 0.5067683 0.6423672 -3.90741e-5 -0.766397 0.7706024 0.1711751 -0.6138985 0.5574383 0.4244793 -0.7134984 0.6423676 1.06692e-5 -0.7663967 0.5571935 -0.4248758 -0.7134537 0.7706626 -0.171296 -0.613789 0.4079432 -0.5865901 0.6996389 0.0890966 -0.9813044 -0.1705978 0.7367187 -0.6707938 -0.08533072 0.4079437 0.5865901 0.6996386 0.7367742 0.6707583 -0.08513104 0.08882147 0.9813688 -0.1703699 0.736712 0.6708288 -0.08511275 0.7366735 -0.6708547 -0.08524143 0.5571829 -0.4248097 -0.7135012 0.5571929 -0.4248535 -0.7134673 0.5573292 0.4244819 -0.713582 0.73671 0.6708299 -0.08512216 0.08886909 0.9813546 -0.170427 0.736784 0.6707508 -0.08510488 0.5573971 0.4244686 -0.713537 0.5574261 0.4244666 -0.7135155 0.7705629 0.1712968 -0.6139139 0.08884972 0.9813544 -0.1704387 0.7367224 -0.6707994 -0.08525502 0.08912795 -0.9812879 -0.1706762 0.7706184 -0.1713036 -0.6138424 0.7706096 -0.1712681 -0.6138634 0.5572327 -0.4247645 -0.7134893 0.7367272 -0.6707918 -0.0852735 0.08883076 0.9813707 -0.1703551 0.7705813 0.1712206 -0.6139122 0.3447074 0.5773993 -0.7401263 0.3447077 0.5773994 -0.7401261 0.6423708 -1.88798e-5 -0.766394 0.3447003 -0.5773779 -0.7401463 0.7705844 0.1712361 -0.6139039 0.642371 4.12464e-5 -0.7663939 0.3447332 0.5774728 -0.7400569 0.08904987 -0.9813105 -0.1705868 0.3447113 -0.5774124 -0.7401143 0.7706537 -0.1712511 -0.6138126 -0.833498 -0.5491118 0.06129866 -0.6645582 -0.70705 0.2417491 -0.664974 -0.7067445 0.2414992 -0.6645846 -0.7070368 0.2417156 -0.8334965 -0.5491097 0.06133711 -0.7400131 -0.5773324 -0.3450624 -0.833482 0.5491305 0.06134808 -0.7400172 0.5773067 -0.3450965 -0.4564011 0.1857908 -0.8701608 -0.7400097 0.5773486 -0.3450426 -0.8334833 0.5491246 0.06138283 -0.6645816 0.7070327 0.2417356 -0.6649371 -0.7067461 0.2415961 -0.6645773 -0.7070519 0.2416914 -0.7293611 -0.4595397 0.5068094 -0.5092357 -0.6100825 0.6070243 -0.7293662 -0.4595489 0.5067937 -0.6645655 -0.7070702 0.2416702 -0.7293553 0.459549 0.5068093 -0.6646443 0.707048 0.2415183 -0.6649665 0.706744 0.2415212 -0.7293792 0.4595174 0.5068036 -0.2908039 0.1374782 0.9468542 -0.5092211 0.6101102 0.6070087 0.5572535 -0.4248149 -0.713443 0.6423674 -1.90735e-6 -0.766397 0.5573703 0.4245482 -0.7135105 0.6423711 1.11938e-5 -0.7663937 0.7706544 -0.1712512 -0.6138117 0.3446997 -0.5773744 -0.7401493 -0.4564363 0.1856988 -0.870162 -0.7399582 0.5773922 -0.34508 0.3447275 0.5774413 -0.7400841 0.344768 -0.5773994 -0.740098 -0.456448 -0.1856887 -0.870158 0.3448087 0.5773561 -0.7401129 -0.3848074 -0.9053725 -0.1795105 -0.8335266 -0.5490713 0.06127321 -0.6650498 -0.7066829 0.2414708 -0.3361952 -0.3689719 0.866506 -0.7628386 0.3645308 0.5340362 -0.7625451 -0.3648278 0.5342525 -0.7627942 0.364582 0.5340645 -0.3361705 -0.3689574 0.8665217 -0.3359046 0.3686907 0.8667383 -0.3638852 0.9257533 0.1028026 -0.36408 0.896704 0.2517296 -0.6650251 0.706683 0.2415385 -0.3841308 0.9054741 -0.1804451 -0.363889 0.9257529 0.1027927 -0.8335182 0.5490705 0.06139254 -0.1554362 -0.9073573 0.3905665 -0.363982 -0.8965342 0.252475 -0.6650643 -0.7066829 0.2414305 -0.8340451 0.39104 -0.3891742 -0.3840982 0.9054818 -0.180475 -0.4564224 0.1857109 -0.8701668 -0.3642727 -0.9256445 0.1024087 -0.3848122 -0.9053725 -0.1794998 -0.6650398 -0.7066831 0.2414976 -0.7293682 -0.4595289 0.5068089 -0.2908304 -0.1373969 0.9468579 -0.3361753 -0.3690161 0.8664948 0.4079588 -0.5865518 0.6996619 -0.2907987 -0.1373819 0.9468698 -0.5092943 -0.6100571 0.6070007 -0.2907924 -0.1373882 0.9468708 -0.3359099 0.368694 0.8667349 -0.3361434 -0.3689537 0.8665339 -0.8880673 -0.3779118 0.2617619 -0.833999 -0.3913385 -0.3889729 -0.3848256 -0.9053677 -0.1794959 -0.3847994 -0.9053806 -0.1794864 -0.3643299 -0.9256197 0.1024302 -0.8880482 -0.3779483 0.2617738 -0.8339831 0.391033 -0.3893139 -0.8880478 0.3774245 0.2625297 -0.3639676 0.9257199 0.1028128 -0.3639402 0.9257259 0.1028558 -0.384104 0.9054768 -0.1804879 -0.8339977 0.3910257 -0.3892901 -0.2908649 0.1373988 0.946847 -0.7294016 0.4595088 0.5067791 -0.3359432 0.3687319 0.8667058 -0.456443 -0.1857165 -0.8701548 -0.3847989 -0.9053875 -0.1794528 -0.8340542 -0.3913358 -0.3888573 -0.3640085 -0.8965212 0.2524826 -0.76254 -0.3648192 0.5342656 -0.3643266 -0.9256239 0.1024045 -0.3640297 -0.8965073 0.252502 -0.1554625 -0.9073251 0.390631 -0.3362028 -0.3690004 0.8664909 -0.7628015 0.3645253 0.5340929 -0.3359472 0.368701 0.8667175 -0.1547999 0.9074997 0.3904886 -0.3641651 0.8966664 0.2517403 -0.3639837 0.925713 0.1028183 -0.888047 0.3774454 0.2625024 -0.8335176 0.5490746 0.06136536 -0.456426 0.1857085 -0.8701654 -0.3841398 0.905463 -0.1804812 -0.7293671 -0.4595198 0.5068187 -0.3361203 -0.3689946 0.8665254 -0.1554306 -0.9073275 0.3906382 0.5036854 5.51324e-5 0.8638872 -0.2907901 0.1373922 0.9468709 -0.2907861 -0.1373909 0.9468723 -0.2907833 0.1373978 0.9468722 -0.3358553 0.3687226 0.8667439 -0.2908083 -0.1373708 0.9468684 -0.8340165 -0.3913913 -0.3888825 -0.8340419 0.3909997 -0.3892219 -0.4564343 0.1856993 -0.8701629 -0.8340321 -0.3913632 -0.3888772 -0.4564446 0.1856889 -0.8701598 -0.4564344 -0.1857002 -0.8701627 -0.456449 -0.1856867 -0.8701579 -0.4564349 0.1856944 -0.8701637 0.3448002 0.5773679 -0.7401075 -0.664566 0.7070574 0.2417063 -0.7293661 0.459521 0.506819 -0.5092108 0.6101032 0.6070244 -0.1547527 0.9075186 0.3904634 -0.7293562 0.4595729 0.5067864 -0.6650395 0.706683 0.241499 -0.7293559 -0.4595365 0.5068196 -0.5092186 -0.6100878 0.6070333 -0.2907803 -0.1374501 0.9468656 -0.3638908 0.9257532 0.1027835 -0.6650338 0.7066828 0.241515 -0.833526 0.5490713 0.06127893 -0.6645337 0.7067436 0.242711 -0.6645697 0.7070488 0.2417212 -0.8335195 0.5490764 0.061324 -0.384824 -0.9053766 -0.1794541 -0.456422 -0.1857155 -0.870166 -0.8335164 -0.5490761 0.06136792 -0.8334917 -0.5491117 0.06138479 -0.456423 -0.1856688 -0.8701754 -0.7399832 -0.5773733 -0.3450579 -0.7628195 0.3645209 0.5340702 -0.3641567 0.8966793 0.2517066 -0.8880441 0.3774536 0.2625003 -0.3640841 0.8967034 0.251726 -0.1547567 0.9075173 0.3904647 -0.6650295 0.7066824 0.2415283 -0.3641467 0.8966751 0.2517364 -0.7628132 0.3645384 0.5340673 -0.154756 0.9074997 0.3905058 -0.8880797 0.3773882 0.262474 -0.7625446 -0.3648295 0.5342521 -0.7628116 0.3645464 0.5340642 -0.7625389 -0.3648043 0.5342775 -0.8880793 0.377388 0.262476 -0.8880818 -0.377861 0.2617859 -0.7625566 -0.3648098 0.5342484 -0.8880532 -0.3779445 0.2617625 -0.3643249 -0.9256227 0.1024209 -0.7625421 -0.3648265 0.5342577 -0.3639666 -0.8965329 0.252502 -0.3361338 -0.3690082 0.8665143 -0.3639725 -0.8965346 0.252487 -0.3642818 -0.9256446 0.1023762 -0.6650588 -0.7066835 0.2414444 0.7367135 0.670821 -0.08516186 0.5036351 2.48849e-5 0.8639166 0.7366557 -0.6708652 -0.08531355 -0.2907742 0.1374036 0.9468742 0.5036855 3.06002e-5 0.8638871 0.4079562 0.5865537 0.6996617 -0.2907959 -0.1373872 0.9468699 0.5036862 2.9496e-5 0.8638867 0.5036858 4.47631e-5 0.8638871 0.5036376 -3.34434e-5 0.8639151 0.5036365 1.93715e-6 0.8639157 0.7366867 -0.6708328 -0.08530086 0.6427857 7.2807e-6 0.7660461 0.08858907 0.6862744 0.7219277 -0.2149391 -1.19262e-5 0.9766275 0.6428033 1.45617e-5 0.7660315 0.6956161 0.686249 0.2125575 0.08857285 0.6862528 0.7219501 0.6427866 2.91228e-5 0.7660453 0.9991142 -5.78165e-6 -0.04208076 0.6955683 0.6862858 0.212595 0.6427848 -2.91228e-5 0.7660469 0.6955583 -0.686293 0.2126047 0.9991144 -8.19843e-6 -0.04207724 0.6428027 -1.45618e-5 0.7660319 0.08855968 -0.6862437 0.7219604 0.6956045 -0.6862575 0.212568 0.6427853 -7.28074e-6 0.7660464 -0.2149397 2.46167e-5 0.9766274 0.08857965 -0.6862676 0.7219353 -0.2148404 2.91169e-5 0.9766492 -0.6955981 0.6862418 -0.2126395 -0.9991152 -4.69983e-5 0.04205924 -0.2148939 -1.94921e-5 0.9766375 0.08863013 0.6862642 0.7219322 -0.6956467 0.6861875 -0.2126556 0.08867019 0.6862196 0.7219698 -0.08859038 0.6862148 -0.7219842 -0.6956377 0.6862165 -0.2125912 0.08859932 0.6862139 0.7219838 0.6956398 0.6862164 0.2125852 -0.08866846 0.6862204 -0.7219692 0.6956416 0.6861904 0.2126629 0.2148993 -1.15153e-5 -0.9766362 -0.08863103 0.6862683 -0.7219282 0.6955875 0.6862526 0.2126394 0.9991155 -3.48985e-5 -0.0420528 0.2148405 3.48091e-5 -0.9766492 0.9991183 -3.11881e-5 -0.0419858 -0.08862304 -0.6862428 -0.7219535 0.2149127 4.50015e-5 -0.9766333 0.9991163 2.15436e-6 -0.04203301 0.6955611 -0.6862764 0.2126487 -0.08863586 -0.6861929 -0.7219994 0.6956025 -0.6862201 0.2126951 -0.6956328 -0.6862143 -0.2126148 -0.08856493 -0.6862194 -0.7219829 0.6956281 -0.6862196 0.2126134 0.08856755 -0.6862126 0.721989 -0.69561 -0.6862152 -0.2126861 0.08862912 -0.6861842 0.7220085 -0.999116 2.34226e-5 0.04204076 -0.6955776 -0.6862637 -0.2126359 0.08862042 -0.6862425 0.7219541 -0.2149149 4.46737e-5 0.9766328 -0.9991183 -3.04133e-5 0.04198271 -0.6427693 -1.45611e-5 -0.7660598 -0.9991151 -4.04417e-5 0.04205918 -0.6955959 0.6862479 -0.2126269 -0.6427869 -1.45614e-5 -0.766045 -0.6956311 0.6862266 -0.2125807 -0.08857321 0.6862385 -0.7219637 -0.6428027 -1.45617e-5 -0.7660319 -0.08862352 0.6862611 -0.7219361 0.2149199 -2.4494e-5 -0.9766318 -0.6428018 1.45617e-5 -0.7660326 0.2149215 3.8743e-5 -0.9766314 -0.08861315 -0.6862539 -0.7219441 -0.6427852 1.45615e-5 -0.7660466 -0.08856344 -0.6862336 -0.7219696 -0.6956244 -0.686231 -0.2125885 -0.6427716 1.45612e-5 -0.766058 -0.6955869 -0.6862552 -0.2126331 -0.999115 2.44937e-5 0.04206323 -0.9848083 -5.88868e-6 -0.1736452 -0.9848079 7.56515e-7 -0.1736478 -0.9848085 5.71261e-6 -0.1736443 -0.9848079 7.09878e-7 -0.1736479 -0.9848078 0 -0.1736485 -0.9848084 2.85629e-6 -0.1736445 -0.9848079 -5.67902e-7 -0.1736479 -0.9848086 5.88861e-6 -0.1736439 0.04441761 -0.9667097 -0.2519913 0.3864284 -0.6492757 -0.6550681 0.2724604 -0.9285446 -0.2521317 0.04444736 -0.96671 -0.2519846 0.1298528 -0.6640251 -0.7363484 0.3864261 -0.6492751 -0.65507 0.1298438 -0.6639412 -0.7364257 0.4180412 -2.35131e-5 -0.9084281 0.3864029 -0.6492553 -0.6551034 0.1298334 -0.6639423 -0.7364264 0.1736678 -5.20349e-5 -0.9848043 0.4179984 4.71622e-6 -0.9084478 0.17364 5.10067e-5 -0.9848092 0.3864069 0.649253 -0.6551032 0.4180048 -7.15256e-7 -0.9084449 0.1736255 5.0962e-5 -0.9848118 0.129867 0.6639417 -0.7364211 0.3864069 0.649253 -0.6551032 0.1298225 0.664027 -0.736352 0.2951338 0.9286071 -0.2249112 0.3863962 0.6492599 -0.6551027 0.1298577 0.6640281 -0.7363449 0.0444445 0.9667111 -0.2519813 0.2951205 0.9286137 -0.2249014 0.04443222 0.9667297 -0.2519116 -0.04517775 0.9655921 0.2561073 0.2951202 0.9286262 -0.2248501 -0.04515719 0.9655662 0.2562087 0.03512811 0.6728221 0.7389699 0.1491265 0.9461827 0.2872278 -0.04518663 0.9655658 0.2562047 -0.1301231 0.6620693 0.7380599 0.03513014 0.6728215 0.7389703 -0.130137 0.6620134 0.7381075 -0.06131792 -2.27179e-4 0.9981183 0.03514295 0.6727589 0.7390266 -0.1301371 0.6620144 0.7381066 -0.1736292 1.74344e-5 0.9848111 -0.06127023 -2.13392e-4 0.9981213 -0.1736353 -1.72704e-5 0.9848101 -0.004556238 -0.6616113 0.7498332 -0.06125962 -2.85804e-4 0.9981219 -0.1736361 -1.809e-5 0.9848099 -0.1301332 -0.6620149 0.7381069 -0.004548668 -0.6616092 0.7498351 -0.1301183 -0.6620668 0.738063 0.0745877 -0.9568161 0.2809624 -0.004572629 -0.6616498 0.7497991 -0.130154 -0.6620669 0.7380565 -0.04516553 -0.9655651 0.2562114 0.07458931 -0.9568157 0.2809631 -0.04514765 -0.9655922 0.2561126 0.0443989 -0.9667298 -0.2519175 0.0745905 -0.9568403 0.2808787 0.0746358 -0.9568352 0.2808844 0.4910507 -0.8428191 -0.2202845 0.2767953 -0.8744023 0.3985036 0.4910593 -0.8428034 -0.2203258 0.2724837 -0.9285434 -0.2521106 0.7052413 -0.3214514 -0.6319048 0.07465392 -0.9568309 0.280894 0.2724701 -0.9285625 -0.2520552 0.491046 -0.8428202 -0.2202908 0.2724787 -0.9285463 -0.2521055 0.3864696 -0.6492441 -0.6550751 0.7052612 -0.3213946 -0.6319116 0.3864319 -0.6492395 -0.655102 0.4180311 -3.38703e-5 -0.9084327 0.7052426 -0.3213937 -0.6319328 0.4180605 -3.22014e-5 -0.9084192 0.7110716 0.3901666 -0.5849336 0.7052819 -0.3213428 -0.6319149 0.4180417 2.67252e-5 -0.9084278 0.386459 0.6492534 -0.6550722 0.7110654 0.3901665 -0.5849412 0.3864275 0.6492914 -0.655053 0.2951738 0.9285997 -0.2248889 0.7110863 0.3901757 -0.5849096 0.7110657 0.3902053 -0.5849149 0.2952077 0.9286046 -0.2248244 0.4765852 0.8656271 -0.1534807 0.1491611 0.946195 0.2871692 0.2951332 0.928626 -0.2248336 -0.04514735 0.9655922 0.2561123 0.4765437 0.8656607 -0.1534203 0.2951883 0.9286161 -0.2248024 0.1491987 0.9461932 0.2871553 0.4765266 0.8656684 -0.1534298 0.1492102 0.9461876 0.287168 0.3086038 0.9206167 0.2392255 0.1491872 0.9461697 0.2872388 0.03517532 0.6728129 0.738976 0.308592 0.9206028 0.2392939 -0.004531919 -0.6616392 0.7498087 0.07462877 -0.9568066 0.2809833 0.2767833 -0.8743732 0.3985756 0.07460558 -0.9568405 0.2808744 0.04442888 -0.9667297 -0.2519125 0.272468 -0.9285553 -0.2520836 0.2768294 -0.8743875 0.3985123 0.4910464 -0.84282 -0.2202908 0.8427584 -0.5370433 -0.0366441 0.8427534 -0.537049 -0.03667759 0.7210318 -0.566564 0.3988967 0.2768153 -0.8743947 0.3985064 0.4910704 -0.8427963 -0.2203275 0.7052739 -0.3214384 -0.631875 0.9257325 -0.2093783 -0.3149286 0.9257206 -0.2093513 -0.3149819 0.8427415 -0.5370694 -0.03665035 0.4910323 -0.84281 -0.2203602 0.7052927 -0.3213409 -0.6319038 0.7110975 0.390136 -0.5849226 0.9130548 0.243893 -0.3268749 0.913044 0.243918 -0.3268864 0.9257057 -0.2094044 -0.3149902 0.7052674 -0.3213407 -0.631932 0.9130426 0.2439377 -0.3268756 0.4765821 0.8656365 -0.1534371 0.788973 0.6117833 -0.05694562 0.4765787 0.8656278 -0.1534965 0.9130478 0.2438912 -0.3268956 0.711055 0.3902111 -0.5849239 0.7889364 0.6118162 -0.05709993 0.3085698 0.9206242 0.2392401 0.6582336 0.6354371 0.4036684 0.3085618 0.9206264 0.2392424 0.7889465 0.6118102 -0.05702543 0.4765306 0.8656702 -0.1534074 0.6062875 0.2753804 0.7460436 0.658266 0.635452 0.4035923 0.3085612 0.9206261 0.2392443 0.3085728 0.9206125 0.2392814 0.03510528 0.6728088 0.7389832 0.6063398 0.2754033 0.7459928 0.606309 0.27548 0.7459895 -0.06120687 -2.26661e-4 0.9981251 0.617568 -0.2430996 0.7480056 -0.06129187 -2.26855e-4 0.9981199 0.6063085 0.2754598 0.7459973 0.03517603 0.6727793 0.7390066 -0.0612446 -2.8e-4 0.9981228 -0.004531145 -0.6615977 0.7498453 0.6175932 -0.2430578 0.7479984 -0.004513144 -0.661626 0.7498205 0.2767755 -0.8743774 0.3985717 0.6175942 -0.2430627 0.747996 0.7210486 -0.5665856 0.3988356 0.6175559 -0.2430613 0.748028 0.2768432 -0.8743651 0.398552 0.7210243 -0.5665463 0.3989352 0.8427382 -0.5370759 -0.03663158 0.7889171 0.6118499 -0.0570051 0.8427332 -0.5370861 -0.03660029 0.9257184 -0.2093374 -0.3149974 0.7889087 0.6118656 -0.05695396 0.925715 -0.2093824 -0.3149774 0.9130403 0.2438855 -0.3269208 0.7889189 0.6118468 -0.05701243 0.658203 0.6355131 0.4035991 0.606273 0.2754763 0.74602 0.6175152 -0.2430798 0.7480557 0.6581938 0.6354895 0.4036509 0.6175127 -0.2430458 0.7480688 0.7210372 -0.5665811 0.3988625 0.658187 0.6354723 0.4036893 0.7210314 -0.5665658 0.3988948 0.7889082 0.6118661 -0.05695438 -0.08556002 -0.8702169 0.4851825 -0.05863785 -0.9405309 0.3346092 -0.03322643 -0.9814226 0.1889603 -0.03260529 -0.9846246 0.1716137 -0.001058697 -0.9997054 -0.02424949 0.002112984 -0.9998589 -0.01666414 -0.03318709 -0.9814421 0.1888654 -0.03259277 -0.984622 0.1716315 0.002108573 -0.9998593 -0.01664417 -0.08555281 -0.8702277 0.4851644 -0.1054457 -0.8143807 0.570671 -0.06142663 -0.9353693 0.3482974 0.002116203 -0.9998584 -0.01670211 -0.001069962 -0.9997062 -0.02421879 0.01118153 -0.9979262 -0.06338924 -0.05872184 -0.9404879 0.3347153 -0.0326125 -0.9846129 0.1716796 -0.03320831 -0.981429 0.18893 -0.08556133 -0.8701823 0.4852443 -0.1094362 -0.7774294 0.6193765 -0.1054639 -0.8143461 0.5707169 -0.1124421 -0.7818462 0.6132481 -0.1262074 -0.7856307 0.6056865 -0.1054762 -0.8143345 0.5707314 -0.1124269 -0.7818447 0.613253 -0.1054729 -0.81433 0.5707382 -0.1092975 -0.7777369 0.6190151 -0.08555471 -0.8702123 0.4851915 -0.06142956 -0.9353638 0.3483116 -0.05862039 -0.940541 0.3345837 0.05896991 0.9402372 -0.3353754 0.08546113 0.8704578 -0.4847677 0.03567427 0.9820082 -0.1854379 -0.00270909 0.9997524 0.02209085 0.03565657 0.9820142 -0.1854094 0.00407207 0.9998847 0.01462739 0.1043277 0.8150796 -0.5698781 0.08572542 0.8704695 -0.4847001 0.05872535 0.9405923 -0.3344214 -0.002712547 0.9997515 0.02212721 0.004059672 0.9998842 0.01467037 -0.01138478 0.9978501 0.06454086 0.03019791 0.9847385 -0.1714012 0.05895632 0.9402553 -0.3353272 0.0356729 0.9820069 -0.1854454 0.1094546 0.7780262 -0.6186234 0.08573609 0.8704178 -0.484791 0.1043432 0.8150346 -0.5699397 0.122624 0.7875356 -0.6039463 0.1108 0.7843616 -0.6103282 0.1043538 0.8150399 -0.5699301 -0.00272417 0.9997523 0.02208906 0.03019714 0.984754 -0.1713123 0.03563356 0.9820235 -0.1853648 0.1043422 0.8150504 -0.5699173 0.1107459 0.7843456 -0.6103585 0.1094279 0.7780867 -0.6185522 0.05871272 0.9406135 -0.3343637 0.08573693 0.8704766 -0.4846853 0.05896604 0.9402394 -0.3353697 0.9848661 1.13509e-4 0.173317 0.9987844 -0.02944284 0.03953385 0.998982 -0.03345143 0.03026711 0.9989823 -0.03344577 0.03026121 0.9847992 -6.33172e-4 0.1736957 0.9848558 -1.58818e-4 0.1733753 -0.9848077 1.99751e-5 -0.1736487 -0.9630207 -0.02487969 -0.2682764 0.9987878 -0.02938961 0.03948718 0.9332005 -0.01789033 -0.3589106 0.9253548 -0.02389812 -0.3783484 0.9253489 -0.02399426 -0.3783568 0.9989817 -0.03349739 0.03022468 0.9987859 -0.02948272 0.03946852 -0.5826969 -0.2722604 -0.7657275 -0.2788366 -0.5267111 -0.8030103 -0.2848082 -0.5053337 -0.8145688 -0.28479 -0.5052742 -0.814612 -0.5760485 -0.2507991 -0.7779897 -0.5826865 -0.2722268 -0.7657474 0.9331737 -0.01793473 -0.3589782 0.5237959 0.0598697 -0.8497374 0.5233564 0.05615836 -0.8502614 0.5233489 0.05615735 -0.850266 0.9253204 -0.02394551 -0.3784294 0.9331719 -0.01794213 -0.3589826 0.5237455 0.05977535 -0.849775 0.1733534 0.06431943 -0.9827572 0.1733536 0.06437152 -0.9827538 0.5232784 0.0561496 -0.85031 0.5237455 0.05984514 -0.8497702 -0.9630022 -0.02489614 -0.2683414 -0.8571381 -0.125482 -0.4995685 -0.8563101 -0.1227476 -0.5016634 -0.856323 -0.1227518 -0.5016404 -0.9645782 -0.02084743 -0.2629723 -0.9629984 -0.02492809 -0.2683521 0.984116 -0.0069772 0.1773894 0.9848496 -1.24426e-4 0.173411 0.984822 -4.19971e-4 0.1735675 0.9848187 -4.88618e-4 0.1735855 0.9840249 -0.007831692 0.1778588 0.9841167 -0.007003784 0.1773841 -0.2787786 -0.5267454 -0.803008 -0.1170864 -0.5588214 -0.8209809 -0.1172395 -0.5590616 -0.8207954 -0.284754 -0.5053438 -0.8145814 -0.2787869 -0.5267369 -0.8030107 -0.9645869 -0.02085357 -0.2629401 -0.9848064 -6.29529e-5 -0.1736556 -0.9630156 -0.02493613 -0.2682898 -0.857096 -0.1255254 -0.4996299 -0.5827577 -0.2721913 -0.7657058 -0.576143 -0.2507823 -0.7779251 -0.5761353 -0.2507802 -0.7779315 -0.8562613 -0.1227908 -0.5017362 -0.8571036 -0.1254966 -0.499624 -0.1134931 0.7587769 0.6413868 -0.1144917 0.7528458 0.6481628 -0.1134778 0.7588647 0.6412856 -0.1144776 0.7529345 0.6480622 -0.9494669 0.1149641 -0.2920547 -0.9481974 0.1178259 -0.2950233 -0.9483667 0.1174423 -0.294632 -0.949606 0.1146451 -0.2917274 -0.1554526 -0.9073576 0.3905594 1.39193e-6 -1 0 -0.06647109 -0.9238751 0.3768771 -0.1547244 0.9075028 0.3905115 -0.3359082 0.3687181 0.8667253 -0.06647717 0.9238334 0.3769784 -0.3361937 -0.3689715 0.8665068 -0.7613932 0.364712 0.5359716 -0.7611051 -0.3650429 0.5361555 -0.7613623 0.3647479 0.5359912 -0.3361911 -0.3689697 0.8665085 -0.3359042 0.3686906 0.8667386 -0.1554445 -0.9073601 0.3905568 -0.4181264 -0.7881603 0.4516348 8.65593e-7 -1 -6.61174e-6 -0.06649291 -0.9238361 0.3769689 -0.1604533 -0.3826448 0.9098559 -0.3361256 -0.3689996 0.8665212 -0.1604188 -0.3826059 0.9098783 -0.335888 0.3687058 0.8667384 -0.3361455 -0.3689536 0.8665331 -0.1604608 0.3826389 0.909857 -0.06646811 0.9238336 0.3769795 -0.3358974 0.3687143 0.8667311 -0.4180904 -0.7882015 0.4515962 -0.7611402 -0.3649963 0.5361374 -0.9173085 -0.3391656 0.2085951 -0.4180847 -0.7881595 0.4516744 -0.1554339 -0.9073435 0.3905999 -0.3362042 -0.3689995 0.8664907 -0.7613634 0.3647019 0.5360209 -0.3359453 0.3686982 0.8667193 -0.1547995 0.9074986 0.3904913 -0.06647396 -0.9238515 0.3769348 -0.3361096 -0.3689883 0.8665322 -0.1554304 -0.9073262 0.3906413 -0.1604559 0.3826092 0.9098704 -0.3358563 0.3686771 0.8667627 -0.1604447 -0.3826025 0.9098751 -0.1547704 0.9075184 0.3904569 -0.06640285 0.9238748 0.37689 0 1 3.46284e-7 -0.761386 0.3647165 0.5359789 -0.4184973 0.7888694 0.4500502 -0.9173122 0.3391623 0.2085841 -0.4184955 0.788864 0.4500612 -0.1547397 0.9075182 0.3904694 3.14038e-7 1 1.10195e-6 -0.4184483 0.7888525 0.4501256 -0.7613922 0.3647655 0.5359367 -0.1547577 0.9074979 0.3905096 -0.9173235 0.3391105 0.2086185 -0.9173336 -0.3391104 0.2085743 -0.7613856 0.3647635 0.5359475 -0.7611071 -0.3650248 0.536165 -0.4180822 -0.7881793 0.4516422 -0.3361339 -0.3690092 0.8665139 0.001583516 -0.9096013 0.4154794 -0.06643617 -0.923875 0.3768838 0.001583456 -0.9095727 0.4155418 -0.09999638 -0.3737736 0.922114 -0.1604131 -0.3826509 0.9098605 -0.1604217 -0.3826426 0.9098625 -0.06645274 -0.9238351 0.3769784 0.001541197 -0.9095755 0.4155359 -0.09993886 0.3737756 0.9221193 0.001616597 0.9095444 0.4156038 -0.06646054 0.9238368 0.3769731 -0.06643402 0.9238332 0.3769864 -0.1604229 0.3826381 0.9098641 -0.09996086 0.3737647 0.9221214 -0.1000152 -0.3736988 0.9221422 -0.09995609 0.3736934 0.9221509 -0.1604478 0.3826081 0.9098722 -0.1604119 0.3826081 0.9098787 -0.1604174 -0.3826037 0.9098795 -0.1000066 -0.3736974 0.9221436 -0.06647491 0.923875 0.3768769 0.001659393 0.9095614 0.4155663 -0.7611044 -0.3649877 0.5361942 -0.761388 0.364775 0.5359364 -0.9173304 -0.3391104 0.2085883 0.2327004 0.9180479 -0.3209965 0.06647235 0.9238747 -0.3768778 0 1 -4.29938e-7 0.2327077 0.9180222 -0.3210644 0.4813936 0.3923546 -0.7837846 0.1604701 0.3826397 -0.9098551 0.160411 0.3826426 -0.9098644 0.06648898 0.9238351 -0.3769721 0.2326819 0.9180309 -0.3210584 0.4814216 -0.392377 -0.7837561 0.2327514 -0.9180089 -0.321071 0.06647062 -0.9238334 -0.3769795 0.06649839 -0.9238341 -0.3769728 0.1604433 -0.3826401 -0.9098596 0.4814267 -0.3923832 -0.7837499 0.4813882 0.3923602 -0.783785 0.4813755 -0.3924237 -0.783761 0.1604441 -0.3826072 -0.9098734 0.16046 -0.3826071 -0.9098706 0.1604538 0.3826048 -0.9098727 0.4813507 0.3923928 -0.7837917 0.2327356 -0.9180289 -0.321025 0.001563131 -0.9096013 0.4154795 0.2327179 -0.9180288 -0.3210381 0 -1 -4.29936e-7 0.06648415 -0.9238564 -0.3769207 0.00168842 0.9095615 0.4155663 0.232648 0.918048 -0.3210341 0.8787796 4.54485e-6 0.4772278 0.9474066 -0.202062 0.2481766 0.9474212 0.2020743 0.2481108 0.9474006 0.2021479 0.2481299 0.778919 0.3779853 0.5004124 0.8787801 -3.08454e-6 0.477227 0.4105485 -0.2020031 0.889182 0.6279104 -0.3779928 0.6803308 0.6228369 -2.86698e-5 0.7823518 0.6228376 3.94881e-6 0.7823513 0.4105798 0.2019435 0.8891813 0.4105625 -0.2019466 0.8891885 0.6228551 4.05014e-5 0.7823373 0.8787654 3.80687e-5 0.477254 0.7788574 0.3780044 0.5004938 0.8787652 -2.89679e-5 0.4772545 0.6228845 -3.93327e-5 0.782314 0.6279998 -0.3779987 0.680245 0.1736482 0 -0.9848077 0.1736481 0 -0.9848079 0.1736481 0 -0.9848079 0.1736473 -1.23041e-6 -0.9848079 -0.9848189 -2.41064e-5 -0.1735848 -0.9848071 4.32721e-6 -0.1736522 -0.984802 -2.6555e-7 -0.1736813 -0.9848077 -2.43741e-5 -0.1736487 -0.0999996 -0.3737639 0.9221175 0.001563251 -0.9095829 0.4155198 0.09593474 -0.9218462 0.3754947 0.09591382 -0.9218376 0.3755211 -0.01673465 -0.3862056 0.9222609 -0.1000155 -0.3737518 0.9221206 0.001644134 0.9095506 0.4155901 -0.09994184 0.3737703 0.9221212 -0.01690214 0.3863691 0.9221895 -0.01688855 0.38636 0.9221934 0.09579211 0.9218805 0.3754469 0.001654267 0.9095428 0.4156069 -0.09995037 0.373714 0.9221431 -0.09999793 -0.3737026 0.9221425 -0.0167424 -0.3861429 0.9222871 -0.0167827 -0.3861407 0.9222874 -0.01688396 0.38629 0.922223 -0.09996253 0.373721 0.922139 0.4813396 0.3923509 -0.7838194 0.2327148 0.91803 -0.3210371 0.3666905 0.9197446 -0.1400288 0.3666762 0.9197488 -0.1400388 0.7238596 0.4074207 -0.5568086 0.4813472 0.392362 -0.7838093 0.2328006 -0.9180034 -0.3210508 0.4814258 -0.3923946 -0.7837447 0.7237312 -0.4074793 -0.5569327 0.7237395 -0.4074653 -0.5569322 0.3667527 -0.9196965 -0.1401817 0.2327949 -0.9179912 -0.3210901 0.4813926 -0.3923836 -0.7837706 0.4813948 0.3924094 -0.7837564 0.7238783 0.4073547 -0.5568324 0.7238904 0.407328 -0.5568362 0.7237559 -0.4074588 -0.5569154 0.4814001 -0.392423 -0.7837463 0.00160259 -0.9096186 0.4154413 0.2327536 -0.9180182 -0.3210427 0.3667126 -0.9197211 -0.140125 0.3666779 -0.9197315 -0.1401474 0.09593164 -0.9218624 0.3754556 0.001610994 -0.9096093 0.4154618 0.2326698 0.9180476 -0.3210197 0.001656949 0.9095734 0.4155402 0.09577602 0.9218994 0.3754044 0.09578377 0.9219101 0.3753764 0.3666617 0.9197673 -0.1399545 0.2326748 0.9180448 -0.3210239 0.6279715 -0.37805 0.6802425 0.7788513 -0.3780386 0.5004774 0.8787727 -1.07884e-5 0.4772405 0.9473859 -0.202139 0.2481934 0.8787838 -2.94959e-5 0.4772201 0.7789037 -0.3780044 0.5004218 0.7788584 0.3780146 0.5004844 0.6279446 0.3780226 0.6802828 0.6228619 1.94609e-5 0.7823319 0.4106064 0.2020182 0.8891519 0.6228464 1.68988e-5 0.7823442 0.6278926 0.3780124 0.6803364 -0.1703968 0.3822896 -0.9081959 -0.1110878 0.9100809 -0.3992647 -0.07374495 0.9562655 -0.2830517 -0.001757979 0.4063764 -0.9137041 -0.1703991 0.3822515 -0.9082114 0.05203211 0.9631884 -0.2637437 0.05200737 0.9631908 -0.26374 -0.1703856 0.3822577 -0.9082113 -0.07370412 0.9562751 -0.2830299 -0.03032773 0.9268268 0.3742625 -0.07372194 0.9562824 -0.2829998 -0.1110447 0.9100984 -0.3992367 -0.111038 0.9100857 -0.3992675 -0.1704565 0.3822616 -0.9081965 -0.09350138 0.3156439 -0.9442598 -0.00181216 0.4063706 -0.9137066 -0.04592007 -0.4838607 -0.8739396 -0.1703757 0.3822472 -0.9082177 -0.1704483 0.3822376 -0.908208 -0.04595643 -0.4838629 -0.8739364 -0.1363914 -0.477304 -0.8680889 -0.09350794 0.3156392 -0.9442606 -0.1703781 0.3822705 -0.9082073 -0.02557361 -0.506125 -0.862081 -0.02557313 -0.5061768 -0.8620506 -0.170431 0.3822533 -0.9082047 -0.1364066 -0.4773053 -0.8680859 -0.04594868 -0.4838572 -0.8739399 -0.06849932 -0.9734542 -0.2183914 -0.1363679 -0.477339 -0.8680734 -0.1363719 -0.4773507 -0.8680664 -0.06845653 -0.9734585 -0.2183857 0.001906275 -0.9789252 -0.2042106 -0.02554649 -0.5061641 -0.8620587 -0.1364015 -0.4773381 -0.8680685 0.05240577 -0.96316 -0.2637739 0.05241823 -0.9631587 -0.2637759 -0.1364091 -0.4773523 -0.8680596 0.001907885 -0.978921 -0.2042305 -0.06847566 -0.9734718 -0.21832 -0.07344442 -0.7851204 0.6149731 0.00186944 -0.9789367 -0.2041555 0.00191158 -0.9789335 -0.2041702 -0.07348299 -0.7851162 0.6149738 0.1354117 -0.7603613 0.635228 0.05242407 -0.963178 -0.2637041 0.00193113 -0.9789397 -0.2041404 0.1371591 -0.8435755 0.519199 0.1371633 -0.8435884 0.5191771 0.001945436 -0.9789264 -0.2042044 0.1353989 -0.7603553 0.6352378 0.14624 -0.2426105 0.9590381 0.137194 -0.8435389 0.5192494 0.1594309 0.1040797 0.9817073 0.1594626 0.1040099 0.9817095 0.1372023 -0.8435711 0.519195 0.1354434 -0.7603284 0.6352605 -0.01412516 0.1236355 0.9922272 0.1594707 0.1040127 0.9817079 -0.07342284 -0.7851207 0.6149754 -0.07348555 -0.7851274 0.6149594 0.1594229 0.1040262 0.9817143 0.1353996 -0.7603271 0.6352713 0.0734049 0.4503103 0.8898496 0.1462403 -0.2425602 0.9590508 0.1594597 0.1040359 0.9817073 -0.07370913 0.9562764 -0.2830235 -0.03028422 0.9268366 0.3742418 0.06601405 0.8354881 0.5455289 0.05205208 0.9631909 -0.2637307 -0.07369416 0.9562827 -0.2830061 0.05479979 0.8539746 0.517421 0.05479049 0.8539691 0.517431 -0.07374918 0.9562721 -0.2830281 0.06600308 0.8354837 0.5455369 -0.01412314 0.1236621 0.992224 0.05478668 0.8539398 0.5174798 0.1594334 0.1040271 0.9817125 0.1594417 0.1040624 0.9817075 0.05479854 0.8539332 0.5174895 0.06603658 0.8354547 0.5455775 0.0733658 0.4503298 0.8898431 0.159451 0.1039788 0.9817147 -0.03024375 0.9268195 0.3742875 -0.03029221 0.9268316 0.3742535 0.1594856 0.1040347 0.9817032 0.06603604 0.8354552 0.5455767 -0.001791715 0.4063613 -0.9137108 0.05200099 0.9631891 -0.2637476 0.2754806 0.3589218 -0.8917879 0.2754757 0.3589296 -0.8917862 0.05203932 0.9631824 -0.2637646 0.2390192 0.9383134 -0.2498756 0.5250576 0.2695716 -0.8072459 0.2754833 0.358937 -0.8917809 0.4440908 0.8680388 -0.222018 0.4441156 0.8680227 -0.2220312 0.2754704 0.3589125 -0.8917948 0.2390629 0.9383038 -0.2498701 0.5250013 0.2695441 -0.8072915 0.2300296 -0.5597742 -0.7960774 0.2754397 0.3589177 -0.8918021 0.2754433 0.3589057 -0.8918059 0.2299973 -0.5598096 -0.7960619 0.1102265 -0.5193901 -0.8473984 -0.001859664 0.4063696 -0.913707 0.2754544 0.3589292 -0.8917931 -0.04594588 -0.4838424 -0.8739483 -0.04594177 -0.483832 -0.8739543 0.2754098 0.3589717 -0.8917897 0.1102232 -0.5193755 -0.8474078 0.2299857 -0.5597884 -0.7960801 -0.2297055 -0.9499705 -0.2116402 0.1102653 -0.519378 -0.8474008 0.1102071 -0.5193891 -0.8474016 -0.2296791 -0.9499852 -0.2116028 -0.1361155 -0.9670018 -0.2153604 -0.04591083 -0.4838645 -0.873938 0.1102402 -0.519401 -0.8473901 -0.06848037 -0.9734495 -0.2184182 -0.06844472 -0.9734531 -0.2184138 0.1101657 -0.519359 -0.8474254 -0.1361206 -0.966999 -0.2153699 -0.2296851 -0.9499934 -0.2115594 -0.5245822 -0.6531696 0.5460613 -0.1361421 -0.9670082 -0.2153149 -0.1361198 -0.9670205 -0.2152742 -0.5246106 -0.6531674 0.5460367 -0.2989192 -0.7566589 0.5814763 -0.06846523 -0.9734646 -0.2183562 -0.1361309 -0.9670207 -0.2152659 -0.07349783 -0.7851061 0.614985 -0.0735107 -0.7851185 0.6149677 -0.1361508 -0.9670132 -0.2152869 -0.2988657 -0.756663 0.5814985 -0.01412618 0.1236647 0.9922235 -0.07342833 -0.7851167 0.6149798 -0.1981121 0.1625878 0.9666007 -0.1981683 0.1625826 0.9665901 -0.07341653 -0.7851157 0.6149826 -0.298852 -0.7566547 0.5815163 -0.3595629 0.2320145 0.9038163 -0.1981106 0.1625356 0.9666098 -0.5245962 -0.6531479 0.546074 -0.5245929 -0.6531522 0.546072 -0.198172 0.1625748 0.9665905 -0.2989 -0.7566279 0.5815265 0.0520609 0.9631989 -0.2636999 0.05480486 0.853963 0.5174396 0.2390512 0.9383195 -0.249822 0.2390715 0.9383067 -0.2498511 0.05480247 0.853955 0.5174531 0.05761528 0.8623964 0.5029445 0.4441267 0.8680295 -0.2219831 0.2390335 0.9383178 -0.2498453 0.08604931 0.8666985 0.4913547 0.08607155 0.8667187 0.491315 0.2390606 0.9383126 -0.249839 0.05760341 0.8623861 0.5029633 -0.359508 0.2319998 0.9038419 0.08603495 0.8666763 0.4913961 -0.1981731 0.1625613 0.9665927 -0.1981815 0.162586 0.9665868 0.08605045 0.866683 0.4913819 0.05754625 0.8623517 0.5030289 -0.0141015 0.1236784 0.9922222 -0.198153 0.1625784 0.9665939 0.05479681 0.8539285 0.5174974 0.05477255 0.8539308 0.5174962 -0.1981606 0.1625827 0.9665916 0.0575779 0.8623504 0.5030275 0.5250489 0.2695411 -0.8072618 0.4441183 0.8680283 -0.2220047 0.6049067 0.1448886 -0.7830041 0.6049329 0.1448956 -0.7829825 0.4441186 0.8680331 -0.221985 0.6002154 0.7766959 -0.1910107 0.7979351 -0.2802896 -0.533608 0.6049149 0.1449111 -0.7829935 0.9875036 0.1552348 -0.02718287 0.9875075 0.1552021 -0.02722549 0.6049123 0.1448755 -0.783002 0.6001795 0.7767251 -0.1910043 0.7979912 -0.2802325 -0.5335539 0.3488163 -0.7882291 -0.5069736 0.6049178 0.144868 -0.7829993 0.6048992 0.1448764 -0.783012 0.3487391 -0.7882472 -0.5069985 0.1427276 -0.6254075 -0.7671339 0.5250042 0.269537 -0.8072921 0.6048809 0.1448304 -0.7830348 0.2300384 -0.5597962 -0.7960594 0.2300392 -0.5597876 -0.7960653 0.6048991 0.1448769 -0.783012 0.1428031 -0.6254099 -0.7671178 0.3488162 -0.7881985 -0.5070214 -0.0181964 -0.9991053 -0.03817939 0.1427544 -0.6254302 -0.7671105 0.1427763 -0.6254299 -0.7671065 -0.01821619 -0.9991051 -0.03817391 -0.4464545 -0.8756163 -0.1843217 0.2299956 -0.5597935 -0.7960737 0.142722 -0.6254473 -0.7671025 -0.2296921 -0.9499828 -0.2115996 -0.2296663 -0.9499819 -0.2116315 0.1427341 -0.625438 -0.7671079 -0.4464588 -0.8756065 -0.1843579 -0.01817411 -0.9991044 -0.0382108 -0.08868265 -0.7870566 0.6104732 -0.446473 -0.8756151 -0.1842827 -0.4465052 -0.8755963 -0.1842941 -0.08872056 -0.7870613 0.6104615 -0.6971464 -0.4540787 0.5547968 -0.2297292 -0.9499685 -0.2116233 -0.4464883 -0.8756074 -0.1842815 -0.5246285 -0.6531628 0.5460249 -0.5245947 -0.6531753 0.5460426 -0.4464687 -0.8756216 -0.1842625 -0.6971453 -0.4540819 0.5547956 -0.3595684 0.2320038 0.9038169 -0.5245805 -0.6531627 0.5460713 -0.3468381 0.3313877 0.8774313 -0.3467897 0.3313331 0.877471 -0.5245534 -0.6531707 0.5460878 -0.6971623 -0.4540653 0.5547879 0.3191546 -0.2215958 0.9214314 -0.346848 0.331342 0.8774446 -0.08876693 -0.7870704 0.6104432 -0.0887556 -0.7870634 0.6104537 -0.3467846 0.3313291 0.8774746 -0.697174 -0.4540647 0.5547737 0.444131 0.8680291 -0.2219761 0.08607774 0.8666845 0.4913743 0.6001424 0.7767504 -0.1910184 0.6001909 0.7767248 -0.1909699 0.08610612 0.8666727 0.4913902 0.2186359 0.8301897 0.5128194 0.9875028 0.1552258 -0.0272625 0.6001908 0.7767253 -0.1909682 0.7907652 0.1647526 0.5895312 0.7907666 0.164754 0.589529 0.6001792 0.7767322 -0.1909764 0.218648 0.830159 0.5128638 0.3190852 -0.2215821 0.9214586 0.7907992 0.1647651 0.5894823 -0.3467775 0.3313041 0.8774867 -0.3468396 0.3313624 0.8774402 0.7907673 0.1647389 0.5895321 0.2186265 0.830154 0.5128811 -0.3595554 0.2320195 0.903818 -0.3468135 0.3313795 0.877444 0.08602958 0.8666927 0.4913681 0.08604252 0.8666608 0.4914222 -0.3468249 0.3313432 0.8774533 0.2186455 0.8301337 0.5129058 -0.03031551 0.9268427 0.3742239 -0.1110422 0.9101142 -0.3992015 -0.147988 0.9591841 0.240968 -0.04566013 0.8853265 -0.4627227 -0.1480202 0.9591805 0.2409624 -0.1110258 0.9101104 -0.3992145 -0.1110476 0.9100779 -0.3992826 -0.09345966 0.3156676 -0.944256 -0.0456742 0.8852813 -0.4628077 0.1022291 0.2433949 -0.9645249 -0.0455988 0.8852977 -0.4627838 -0.09351193 0.3156641 -0.944252 -0.09345149 0.3156219 -0.9442721 -0.0255618 -0.5061533 -0.8620647 0.1022798 0.2433199 -0.9645385 0.1855376 -0.566462 -0.8029301 0.1022612 0.2433704 -0.9645276 -0.02560549 -0.5061295 -0.8620773 -0.02554076 -0.5061698 -0.8620556 0.05241793 -0.9631567 -0.263783 0.1855485 -0.5665255 -0.8028827 0.1482543 -0.9673843 -0.2053975 0.1855332 -0.5665099 -0.8028973 0.05244636 -0.96316 -0.2637652 0.0524652 -0.9631755 -0.263705 0.13723 -0.8435624 0.5192017 0.1482791 -0.9674028 -0.205293 0.02682816 -0.8628341 0.5047748 0.1482564 -0.9673997 -0.2053238 0.1372019 -0.8435793 0.5191817 0.1371631 -0.8435569 0.5192285 0.1462219 -0.2426422 0.9590329 0.02684628 -0.8628188 0.5047999 -0.1084659 -0.2192823 0.9696136 0.02682703 -0.8628099 0.5048164 0.1462387 -0.2426274 0.9590341 0.1462044 -0.2425944 0.9590476 0.07338023 0.4502697 0.8898723 -0.1084718 -0.2192695 0.9696159 -0.1720196 0.5502535 0.8170865 -0.1084731 -0.2192621 0.9696174 0.07338851 0.4502793 0.8898667 0.07332915 0.4503189 0.8898516 -0.03026252 0.9268161 0.3742943 -0.1720454 0.5503054 0.8170462 -0.1479942 0.9591598 0.2410605 -0.1720339 0.5502886 0.8170599 -0.03031319 0.9268115 0.3743015 0.1023236 0.2433786 -0.9645189 0.185565 -0.5664296 -0.8029465 0.2766036 0.1326305 -0.9517877 0.284729 -0.6172321 -0.7334535 0.2765532 0.1326364 -0.9518014 0.1855606 -0.5664496 -0.8029335 -0.04560059 0.8852997 -0.4627799 0.1023085 0.243396 -0.9645162 0.0947051 0.8158326 -0.5704806 0.2765403 0.1326963 -0.9517968 0.09466105 0.8158645 -0.5704423 0.1022626 0.2434231 -0.9645141 0.1855359 -0.5664989 -0.8029045 0.1482844 -0.9673807 -0.2053931 0.2847421 -0.6172569 -0.7334275 0.1190052 -0.9862847 -0.1143693 0.2847918 -0.6172775 -0.733391 0.1482623 -0.9673897 -0.2053669 -0.1480193 0.9591733 0.2409913 -0.04565089 0.8853103 -0.4627544 -0.1323133 0.9804124 0.1458933 0.09466046 0.8158665 -0.5704396 -0.1322964 0.9804149 0.1458916 -0.04564523 0.8853304 -0.4627168 0.1482706 -0.9673997 -0.2053138 0.02685594 -0.8628302 0.5047801 0.1189759 -0.986298 -0.1142852 -0.1200233 -0.8121659 0.5709474 0.118981 -0.9862983 -0.1142767 0.02684992 -0.8628386 0.504766 -0.1720584 0.5503072 0.8170422 -0.1480457 0.9591479 0.2410764 -0.2871017 0.5846719 0.7587696 -0.1322838 0.9804037 0.1459788 -0.2871332 0.5846665 0.7587619 -0.1480338 0.9591541 0.2410591 -0.1084858 -0.2192915 0.9696092 -0.1720618 0.5502258 0.8170962 -0.2902364 -0.1571129 0.9439694 -0.287092 0.5846214 0.7588123 -0.290255 -0.1570931 0.9439671 -0.1720399 0.5502365 0.8170937 0.02683025 -0.8628014 0.5048307 -0.108438 -0.2192788 0.9696174 -0.1200752 -0.8121065 0.5710211 -0.2901993 -0.1571432 0.9439758 -0.1200831 -0.8121366 0.5709765 -0.1084923 -0.2193274 0.9696005 0.2766 0.1326245 -0.9517894 0.284769 -0.617205 -0.7334607 -0.3388292 0.149192 -0.9289438 -0.3840693 -0.454373 -0.8037636 -0.338848 0.149083 -0.9289545 0.2847843 -0.6172015 -0.7334577 0.09471988 0.8158704 -0.5704243 0.2766214 0.1326813 -0.9517754 -0.4640572 0.6594869 -0.5913782 -0.3388239 0.1490948 -0.9289613 -0.4640678 0.6594601 -0.5913996 0.2765691 0.1326747 -0.9517915 0.284744 -0.6172572 -0.7334265 0.1189924 -0.9862889 -0.1143473 -0.3841435 -0.4543226 -0.8037567 -0.54396 -0.7650223 -0.3447439 -0.3841015 -0.4543067 -0.8037858 0.1189368 -0.9862939 -0.114361 -0.1322776 0.980419 0.1458804 0.09470474 0.8158971 -0.5703885 -0.6583594 0.7508205 -0.05321294 -0.4640454 0.6594839 -0.5913907 -0.6583707 0.7508056 -0.05328172 0.09465104 0.8158879 -0.5704105 0.1189486 -0.9862983 -0.1143113 -0.1200305 -0.8121613 0.5709527 -0.5440039 -0.7649657 -0.3448004 -0.7240692 -0.6612979 0.1959818 -0.5439836 -0.7649837 -0.3447924 -0.1200559 -0.8121462 0.5709688 -0.2871448 0.5846511 0.7587695 -0.1323109 0.9804056 0.1459405 -0.8060896 0.4407045 0.3949671 -0.6583214 0.75085 -0.05326557 -0.8061002 0.4407685 0.3948742 -0.132286 0.9804028 0.1459825 -0.2902839 -0.1571076 0.9439558 -0.2871184 0.5845932 0.758824 -0.837511 -0.1514611 0.5250095 -0.8060793 0.4407662 0.3949194 -0.8375087 -0.1514947 0.5250034 -0.287135 0.5845913 0.7588192 -0.1200918 -0.8121321 0.5709812 -0.2902263 -0.1571956 0.9439588 -0.7240515 -0.6613344 0.1959242 -0.8375085 -0.1514013 0.5250307 -0.7241085 -0.6612606 0.1959626 -0.2902385 -0.1571714 0.9439591 0.348735 -0.7882187 -0.5070455 0.7979552 -0.2802045 -0.5336226 0.9874978 0.1552571 -0.02726632 -0.01825904 -0.9991039 -0.03818863 0.3487294 -0.7882283 -0.5070346 0.9874954 0.1552858 -0.02718669 -0.0887835 -0.787047 0.6104707 -0.01830327 -0.9991031 -0.03818416 0.9874942 0.1552684 -0.02732986 0.3191155 -0.2215653 0.9214522 -0.08875393 -0.7870236 0.6105053 0.7908139 0.1647995 0.5894527 0.790803 0.164762 0.589478 -0.08876949 -0.7870509 0.6104678 0.9874967 0.1552509 -0.02734106 -0.7240035 -0.6613772 0.1959572 -0.8374587 -0.1515361 0.5250713 -0.8060386 0.4407871 0.3949791 -0.7240512 -0.6612958 0.1960556 -0.8060377 0.4407876 0.3949803 -0.6582683 0.7508985 -0.05323678 -0.7240052 -0.6613823 0.1959336 -0.6582738 0.750895 -0.05321967 -0.463988 0.659533 -0.5913811 -0.4639894 0.6595252 -0.5913884 -0.3387992 0.1491332 -0.9289642 -0.3840487 -0.454335 -0.8037949 -0.4639994 0.6595328 -0.5913723 -0.3840169 -0.4542934 -0.8038336 -0.5438866 -0.7650588 -0.3447788 -0.4639852 0.6595299 -0.5913867 -0.5439065 -0.7650165 -0.3448411 -0.7240393 -0.6613114 0.1960468 0.1686675 0.9838124 -0.06053549 0.6232391 0.6092529 0.4902899 0.5142718 0.8372308 -0.1859282 0.16868 0.9838068 -0.06059151 0.3805858 0.7097429 0.5928064 0.6232458 0.6092664 0.4902645 0.3806064 0.7097104 0.5928323 0.428719 0.02515423 0.9030877 0.6232655 0.609228 0.4902871 0.3806117 0.7097198 0.5928176 0.4204961 0.02574831 0.906929 0.4287554 0.02515649 0.9030703 0.4204435 0.02569723 0.9069548 0.01118254 -0.6186986 0.7855489 0.4287261 0.02510797 0.9030856 0.4205053 0.02567523 0.9069268 0.2488526 -0.6921539 0.6774919 0.01119506 -0.6186972 0.7855498 0.2488335 -0.6921867 0.6774656 -0.3848032 -0.9117304 0.1437855 0.01112145 -0.618716 0.7855362 0.2488151 -0.6921961 0.6774627 -0.03599131 -0.9992322 0.01547724 -0.3848326 -0.911721 0.1437669 -0.03601253 -0.9992328 0.01539951 -0.4858124 -0.6264446 -0.6095519 -0.3847719 -0.9117449 0.1437775 -0.03598952 -0.9992328 0.01544576 -0.2530888 -0.6937128 -0.6743208 -0.4858136 -0.6264529 -0.6095426 -0.2531262 -0.6936421 -0.6743796 -0.241658 0.02004456 -0.9701545 -0.4857839 -0.6264668 -0.6095518 -0.2531009 -0.6936359 -0.6743955 -0.2692595 0.02643126 -0.962705 -0.2416606 0.020015 -0.9701544 -0.2692828 0.02650147 -0.9626965 0.1680185 0.6075237 -0.7763279 -0.2416402 0.02006721 -0.9701585 -0.2692434 0.0264734 -0.9627083 -0.09316444 0.7112242 -0.6967644 0.1680074 0.6075416 -0.7763162 -0.09318023 0.7112448 -0.6967413 0.5142238 0.8372544 -0.1859548 0.1680639 0.6075369 -0.7763077 -0.09312665 0.7112419 -0.6967514 0.1686483 0.9838109 -0.06061363 0.5142051 0.8372727 -0.1859235 0.5142466 0.8372411 -0.1859514 0.8299462 0.3693512 0.418054 0.8132263 0.5010594 -0.2959774 0.5142373 0.8372498 -0.1859381 0.6232569 0.6092513 0.4902692 0.8299208 0.3693735 0.4180847 0.6232435 0.609235 0.4903063 0.3923389 0.03337228 0.9192153 0.8299281 0.3693407 0.4180992 0.6232868 0.6092079 0.4902849 0.4287204 0.02515369 0.9030871 0.3923465 0.03336179 0.9192124 0.4287302 0.0251041 0.9030838 -0.294909 -0.3344017 0.8951002 0.3922995 0.03334194 0.9192331 0.4287018 0.02514064 0.9030962 0.01115584 -0.6186859 0.7855593 -0.2949132 -0.3343811 0.8951064 0.01118028 -0.6186681 0.7855729 -0.8147763 -0.4982067 0.2965296 -0.2949846 -0.3343629 0.8950898 0.01118767 -0.6186879 0.7855572 -0.3848093 -0.9117298 0.1437737 -0.8148016 -0.4981872 0.2964931 -0.384804 -0.9117351 0.1437534 -0.801159 -0.3345587 -0.4962003 -0.8147977 -0.4981842 0.2965086 -0.3848085 -0.9117314 0.1437653 -0.4858057 -0.6264359 -0.6095662 -0.8011682 -0.3345916 -0.4961633 -0.4857932 -0.6264432 -0.6095687 -0.2902423 0.03314131 -0.9563792 -0.8011772 -0.3345301 -0.4961905 -0.4858393 -0.626401 -0.6095753 -0.2416654 0.02004629 -0.9701526 -0.2902432 0.03314697 -0.9563787 -0.2416409 0.02006959 -0.9701582 0.3670361 0.3692452 -0.8537814 -0.2902585 0.03318089 -0.9563729 -0.2416246 0.02006733 -0.9701623 0.1680094 0.6075451 -0.776313 0.3670324 0.3692758 -0.8537697 0.1680601 0.607537 -0.7763083 0.8131962 0.5010695 -0.296043 0.3670675 0.3692507 -0.8537656 0.1680646 0.6075246 -0.7763171 0.5142056 0.8372592 -0.185983 0.8131932 0.5010767 -0.2960392 0.8132147 0.5010718 -0.2959883 0.9104292 0.09637033 0.4022828 0.9319879 0.1278102 -0.3392097 0.8132085 0.5010721 -0.2960048 0.829954 0.3693552 0.418035 0.9104408 0.09638351 0.4022536 0.8299344 0.3693175 0.4181072 0.3715598 0.01004022 0.9283548 0.9104131 0.09630566 0.4023348 0.8299613 0.369283 0.4180841 0.3923346 0.0333333 0.9192185 0.3715884 0.01001453 0.9283435 0.3923003 0.03339195 0.919231 -0.3989148 -0.089221 0.9126372 0.371512 0.01005446 0.9283738 0.3922991 0.03334778 0.919233 -0.2949448 -0.3343538 0.8951062 -0.3989402 -0.08919882 0.9126283 -0.2949656 -0.3344105 0.8950782 -0.9313779 -0.1327978 0.338969 -0.398985 -0.0892198 0.9126066 -0.294975 -0.3343718 0.8950895 -0.814806 -0.4981542 0.2965362 -0.9313814 -0.1327824 0.3389655 -0.814817 -0.4981645 0.2964888 -0.8922388 -0.08901596 -0.4427031 -0.9314004 -0.1327562 0.3389235 -0.8148216 -0.4981641 0.2964764 -0.8011718 -0.3345754 -0.4961684 -0.8922455 -0.08898979 -0.442695 -0.8011853 -0.3345209 -0.4961834 -0.3121517 0.01020491 -0.9499775 -0.8922157 -0.08896315 -0.4427604 -0.8011982 -0.3345067 -0.4961721 -0.2902587 0.03309601 -0.9563758 -0.3121291 0.01018989 -0.949985 -0.2902118 0.03319305 -0.9563867 0.4388003 0.09653729 -0.893384 -0.3121023 0.01024377 -0.9499933 -0.2902095 0.0331493 -0.9563888 0.3670408 0.3692348 -0.8537838 0.4387707 0.09643691 -0.8934094 0.3670816 0.3692154 -0.8537747 0.9319714 0.1278304 -0.3392472 0.4388583 0.09645128 -0.8933648 0.3670895 0.3692162 -0.8537709 0.8132029 0.50106 -0.2960408 0.9319769 0.1278139 -0.3392386 0.9319949 -0.1278151 -0.3391885 0.829999 -0.3692153 0.418069 0.8132407 -0.5010627 -0.2959321 0.9319985 -0.1278316 -0.3391724 0.9104251 -0.09645223 0.4022726 0.829992 -0.3692162 0.418082 0.9103917 -0.09643918 0.4023512 0.3924449 -0.03315323 0.9191779 0.8299728 -0.3692368 0.4181021 0.9104117 -0.09634459 0.4023286 0.371562 -0.01024246 0.9283517 0.3924409 -0.03319185 0.9191781 0.3715329 -0.01019012 0.9283639 -0.2948212 0.334506 0.8950901 0.392376 -0.0331614 0.919207 0.3715137 -0.01020258 0.9283714 -0.3988747 0.08896577 0.9126796 -0.2948009 0.334523 0.8950905 -0.3989397 0.08898991 0.9126489 -0.8147619 0.4981874 0.2966016 -0.2948015 0.3345757 0.8950706 -0.3989303 0.08901292 0.9126508 -0.9313498 0.1327537 0.3390637 -0.8147659 0.4981628 0.2966316 -0.9313635 0.1327837 0.3390142 -0.8013143 0.3343719 -0.4960755 -0.8147881 0.498155 0.2965838 -0.9313625 0.1327994 0.3390108 -0.8922513 0.08922111 -0.4426367 -0.8013005 0.3344112 -0.4960712 -0.8922329 0.089199 -0.4426785 -0.2903547 -0.03334808 -0.9563379 -0.801305 0.334354 -0.4961027 -0.8922191 0.0892226 -0.4427015 -0.3121542 -0.01005333 -0.9499784 -0.2903527 -0.03339087 -0.956337 -0.3120763 -0.01001369 -0.9500043 0.3670461 -0.3692825 -0.8537608 -0.2903186 -0.03333294 -0.9563494 -0.3120987 -0.01004034 -0.9499966 0.4388054 -0.09630626 -0.8934065 0.3670167 -0.3693184 -0.853758 0.438875 -0.09638106 -0.8933641 0.8132225 -0.5010709 -0.2959682 0.3670754 -0.3693519 -0.8537183 0.4388399 -0.09637045 -0.8933826 0.9319813 -0.127811 -0.3392274 0.8132135 -0.5010724 -0.2959907 0.8132327 -0.501078 -0.295928 0.6277492 -0.6075254 0.4866663 0.5134858 -0.8372294 -0.1880939 0.8132393 -0.50107 -0.2959237 0.8299798 -0.3692451 0.4180811 0.6277629 -0.6075444 0.4866247 0.8299555 -0.3692733 0.4181042 0.4385122 -0.02006286 0.8985013 0.6277061 -0.6075429 0.4866998 0.8299665 -0.3692517 0.4181014 0.3923977 -0.03319144 0.9191967 0.4385011 -0.02007901 0.8985064 0.3924115 -0.03314822 0.9191923 0.01965039 0.6264374 0.7792242 0.4384772 -0.02004706 0.8985187 0.3924126 -0.03314375 0.919192 -0.2947899 0.3345276 0.8950923 0.01968508 0.6264412 0.7792201 -0.2948048 0.3345928 0.8950631 -0.3871935 0.9117308 0.1372165 0.01967006 0.626438 0.779223 -0.2947931 0.3345953 0.8950659 -0.8147628 0.4981846 0.2966037 -0.3871794 0.9117351 0.1372271 -0.8147609 0.4982064 0.2965723 -0.4963765 0.6186859 -0.6089648 -0.3872018 0.9117279 0.1372122 -0.8147622 0.4982046 0.2965721 -0.8013235 0.3343613 -0.4960677 -0.4963923 0.6186676 -0.6089705 -0.8012812 0.3343819 -0.4961224 -0.2520975 -0.02513951 -0.9673753 -0.4964032 0.6186876 -0.6089414 -0.8012734 0.3344045 -0.4961196 -0.2903547 -0.03333854 -0.9563382 -0.2520669 -0.02509999 -0.9673843 -0.2903025 -0.03336369 -0.9563531 0.1623206 -0.6092078 -0.7762203 -0.2520737 -0.02515608 -0.9673811 -0.2903123 -0.03336852 -0.95635 0.3670307 -0.3692758 -0.8537704 0.1622706 -0.6092304 -0.776213 0.367025 -0.3693739 -0.8537305 0.513454 -0.8372471 -0.1881019 0.1623143 -0.6092525 -0.7761866 0.3670524 -0.3693519 -0.8537282 0.8132148 -0.5010634 -0.2960021 0.5134593 -0.8372431 -0.1881057 0.5134152 -0.8372713 -0.1881003 0.3765265 -0.7112415 0.593602 0.1681556 -0.9838105 -0.06197297 0.5134506 -0.8372519 -0.1880896 0.6277465 -0.6075367 0.4866554 0.3764787 -0.7112455 0.5936275 0.627709 -0.6075354 0.4867054 0.4125626 -0.02646452 0.9105449 0.3765053 -0.7112181 0.5936434 0.6277213 -0.607526 0.4867014 0.4384991 -0.02006858 0.8985075 0.4125264 -0.0265026 0.91056 0.4384809 -0.02000886 0.8985178 0.2396046 0.6936408 0.6793026 0.4125506 -0.02642405 0.9105515 0.4384818 -0.0200538 0.8985163 0.01968151 0.6264599 0.7792052 0.2395778 0.6936358 0.6793172 0.01965057 0.6264507 0.7792134 -0.03749907 0.9992327 0.01130449 0.2395669 0.6937111 0.6792442 0.01965928 0.6264486 0.7792148 -0.3871718 0.911745 0.1371829 -0.03748738 0.9992327 0.01134681 -0.3872103 0.9117209 0.1372349 -0.2448628 0.6921961 -0.6789012 -0.03751975 0.9992323 0.01127874 -0.3872027 0.9117292 0.1372002 -0.496415 0.6187146 -0.6089043 -0.2448518 0.6921858 -0.6789156 -0.4963679 0.6186981 -0.6089593 -0.2608382 -0.0256735 -0.9650412 -0.2448545 0.6921553 -0.6789458 -0.4963731 0.6187027 -0.6089505 -0.2520707 -0.0251041 -0.9673832 -0.2609016 -0.02569311 -0.9650234 -0.2520377 -0.02515423 -0.9673904 -0.0894922 -0.7097182 -0.6987785 -0.2608638 -0.02570223 -0.9650335 -0.2520771 -0.02515602 -0.9673802 0.1623002 -0.6092277 -0.7762088 -0.08950322 -0.7097111 -0.6987842 0.1622986 -0.6092652 -0.7761799 0.1681652 -0.9838064 -0.06201076 -0.08950245 -0.7097426 -0.6987524 0.1622819 -0.6092572 -0.7761895 0.5134692 -0.8372314 -0.1881307 0.1681214 -0.9838123 -0.06203722 -0.1670429 -0.9840223 0.06161856 -0.1622866 -0.6091251 0.7762922 -0.5134333 -0.8372598 0.1881024 -0.1670335 -0.9840254 0.06159573 0.09072822 -0.7099581 0.6983751 -0.1623079 -0.6091489 0.7762692 0.09076827 -0.7099283 0.6984004 0.252002 -0.02484357 0.9674078 -0.1622838 -0.609098 0.7763143 0.09078061 -0.709905 0.6984224 0.2623643 -0.02584028 0.9646229 0.2519997 -0.02485507 0.9674082 0.262463 -0.02580398 0.964597 0.4961886 0.6189361 0.6088638 0.2519657 -0.02478879 0.9674187 0.2624217 -0.02579224 0.9646086 0.2466576 0.6921074 0.6783416 0.4962331 0.618906 0.6088581 0.2466591 0.6921623 0.6782851 0.387229 0.9117172 -0.1372057 0.4962049 0.6189264 0.6088603 0.2466322 0.6921635 0.6782936 0.03931146 0.9991555 -0.01196604 0.3872146 0.9117223 -0.1372138 0.03931695 0.9991543 -0.01203823 -0.01930445 0.6264341 -0.7792354 0.3871845 0.9117315 -0.1372368 0.03931367 0.9991548 -0.01201206 -0.2379361 0.6936344 -0.6798955 -0.01930779 0.6264516 -0.7792212 -0.2379161 0.6935861 -0.6799516 -0.4381731 -0.01994127 -0.8986695 -0.0193718 0.6264576 -0.7792149 -0.2379531 0.6935948 -0.6799299 -0.4111829 -0.02651554 -0.9111672 -0.4381865 -0.01994401 -0.8986628 -0.4111692 -0.0266152 -0.9111704 -0.6275828 -0.6075221 -0.4868848 -0.43821 -0.02001655 -0.8986497 -0.4111945 -0.02659219 -0.9111597 -0.3753477 -0.7113826 -0.5941792 -0.6275928 -0.6075276 -0.4868652 -0.3753634 -0.7114351 -0.5941066 -0.5134385 -0.8372688 0.1880479 -0.6276292 -0.6075453 -0.4867962 -0.3754025 -0.7114166 -0.5941039 -0.1670765 -0.9840204 0.06155693 -0.513421 -0.8372741 0.1880717 -0.5134568 -0.8372462 0.1880986 -0.3676799 -0.3682438 0.8539368 -0.8138003 -0.4999839 0.2962185 -0.5134495 -0.8372446 0.1881256 -0.1623091 -0.6091319 0.7762822 -0.3676451 -0.3682538 0.8539475 -0.162282 -0.6091036 0.7763101 0.2895055 -0.03208345 0.9566385 -0.3676858 -0.3681976 0.8539543 -0.1622874 -0.6090724 0.7763335 0.251986 -0.02483659 0.9674121 0.2895067 -0.03210198 0.9566375 0.251995 -0.02479434 0.9674109 0.8003572 0.3359581 0.4965488 0.2895498 -0.03206849 0.9566256 0.2520286 -0.02480769 0.9674018 0.496235 0.6188957 0.608867 0.800356 0.3359609 0.4965487 0.4962199 0.618943 0.6088312 0.8137791 0.5000389 -0.2961835 0.8004121 0.3359213 0.4964849 0.4961929 0.6189721 0.6088235 0.3871948 0.9117202 -0.1372823 0.8138106 0.4999923 -0.2961754 0.3871493 0.9117405 -0.1372764 0.2937695 0.3363406 -0.8947483 0.8138057 0.4999873 -0.2961975 0.3871545 0.9117383 -0.1372755 -0.01936149 0.6264621 -0.7792114 0.2938231 0.3362889 -0.8947502 -0.01935875 0.62644 -0.7792293 -0.393305 -0.03165775 -0.9188629 0.2937496 0.3363081 -0.8947671 -0.01933372 0.6264223 -0.7792442 -0.4381216 -0.01999336 -0.8986935 -0.3933312 -0.03164225 -0.9188522 -0.438182 -0.01999509 -0.8986639 -0.8306547 -0.3680557 -0.4177892 -0.3933407 -0.03173077 -0.918845 -0.4382109 -0.02002078 -0.8986492 -0.6276237 -0.6075081 -0.4868496 -0.830667 -0.3680312 -0.4177863 -0.6276447 -0.6075174 -0.486811 -0.8138017 -0.500014 0.2961636 -0.8306747 -0.3680437 -0.41776 -0.6276196 -0.6075314 -0.4868258 -0.5134566 -0.8372581 0.1880459 -0.8137931 -0.5000086 0.2961963 -0.8138034 -0.4999924 0.2961952 -0.4388447 -0.09637159 0.8933801 -0.9319831 -0.1278116 0.3392226 -0.8137949 -0.4999873 0.2962274 -0.3677005 -0.3682416 0.8539289 -0.4388779 -0.09638208 0.8933626 -0.3676655 -0.3682311 0.8539485 0.3120993 -0.01003926 0.9499965 -0.438805 -0.09630572 0.8934066 -0.3676832 -0.3682092 0.8539503 0.289493 -0.0320717 0.9566428 0.3120753 -0.01001447 0.9500046 0.2895643 -0.03210937 0.9566199 0.8922172 0.08922171 0.4427053 0.3121501 -0.01005393 0.9499797 0.2895683 -0.03207474 0.9566198 0.8003762 0.3359259 0.4965398 0.8922297 0.0891996 0.4426846 0.8003798 0.3359898 0.4964908 0.9313597 0.1328005 -0.3390183 0.8922545 0.0892235 0.4426298 0.8004015 0.3359217 0.4965019 0.8138155 0.4999901 -0.2961663 0.9313605 0.1327821 -0.3390231 0.8137835 0.500006 -0.2962272 0.3989325 0.08901369 -0.9126497 0.9313507 0.1327543 -0.3390609 0.8138164 0.499962 -0.2962112 0.2937828 0.3363552 -0.8947385 0.3989458 0.08899241 -0.912646 0.2937675 0.3362714 -0.894775 -0.3715125 -0.01020306 -0.9283719 0.3988758 0.08896541 -0.9126792 0.2937972 0.3363015 -0.8947539 -0.3933072 -0.03168028 -0.9188612 -0.3715349 -0.01019012 -0.9283632 -0.3933552 -0.03170454 -0.9188398 -0.9104107 -0.09634655 -0.4023306 -0.3715602 -0.01024413 -0.9283524 -0.393348 -0.03171354 -0.9188426 -0.8306497 -0.3680642 -0.4177917 -0.9103919 -0.09643775 -0.4023512 -0.8306767 -0.3680008 -0.4177938 -0.9319969 -0.1278304 0.3391771 -0.910427 -0.09645116 -0.4022684 -0.8306743 -0.3680272 -0.4177753 -0.8137971 -0.500016 0.2961729 -0.9320085 -0.1278311 0.3391451 -0.9321168 0.1265829 0.3393155 -0.367635 0.3680722 0.8540301 -0.8137909 0.5000085 0.2962026 -0.9321172 0.1266323 0.3392963 -0.4389967 0.09505736 0.8934462 -0.3676387 0.3680962 0.8540181 -0.4389359 0.0950163 0.8934804 0.2895662 0.03177738 0.9566304 -0.3675798 0.3681049 0.8540397 -0.438934 0.09506797 0.8934758 0.3119703 0.008528172 0.9500536 0.2895684 0.0317803 0.9566296 0.3120207 0.008515536 0.9500371 0.800363 -0.3361678 0.4963973 0.289628 0.03171831 0.9566137 0.3120078 0.008483588 0.9500417 0.8920288 -0.09105169 0.4427122 0.8003572 -0.336171 0.4964047 0.8920539 -0.09107351 0.4426573 0.8137972 -0.5000033 -0.2961941 0.8003534 -0.3362297 0.4963711 0.8920557 -0.09107291 0.4426539 0.9311162 -0.1348258 -0.3388874 0.8137888 -0.5000278 -0.2961757 0.9311067 -0.1348278 -0.3389128 0.2940409 -0.3362023 -0.8947111 0.8138108 -0.4999818 -0.2961926 0.931107 -0.1348661 -0.3388968 0.3988278 -0.09104716 -0.9124948 0.2940439 -0.3362184 -0.8947041 0.3987666 -0.09105825 -0.9125205 -0.3930195 0.03176486 -0.9189813 0.2940137 -0.336188 -0.8947255 0.3987678 -0.09106665 -0.9125192 -0.3716552 0.00849843 -0.928332 -0.3930107 0.03179204 -0.9189842 -0.371701 0.008535325 -0.9283133 -0.8305853 0.3680525 -0.41793 -0.3930975 0.03174966 -0.9189485 -0.3716981 0.008542895 -0.9283145 -0.9105589 0.09507262 -0.402298 -0.8305832 0.3680549 -0.4179322 -0.9105899 0.09504729 -0.4022338 -0.8137996 0.4999933 0.2962043 -0.8305792 0.3681042 -0.4178967 -0.9105798 0.09508037 -0.4022488 -0.932155 0.1265665 0.3392168 -0.8137939 0.5000154 0.2961825 -0.8138027 0.499985 0.2962099 -0.1668592 0.6082706 0.775993 -0.5132285 0.8379403 0.1856139 -0.8137973 0.5000033 0.2961937 -0.3676484 0.3680898 0.8540167 -0.1668742 0.6082435 0.7760109 -0.3675922 0.3681063 0.8540338 0.2431899 0.02084261 0.9697548 -0.1668099 0.608242 0.7760259 -0.3675916 0.3681102 0.8540323 0.2896063 0.03183281 0.9566164 0.2432035 0.02085363 0.9697512 0.2896153 0.03173679 0.9566169 0.4876534 -0.6255425 0.6090082 0.2432788 0.02083736 0.9697327 0.2896363 0.03175383 0.95661 0.8003453 -0.3361921 0.4964095 0.4876565 -0.625546 0.609002 0.8003699 -0.3361949 0.4963678 0.3866159 -0.9108778 -0.144326 0.48767 -0.6255566 0.6089802 0.8003579 -0.3362069 0.4963791 0.8137813 -0.5000207 -0.2962086 0.3866426 -0.9108575 -0.1443821 0.813805 -0.4999734 -0.2962232 -0.009583353 -0.6179893 -0.7861282 0.3866789 -0.9108488 -0.14434 0.8137983 -0.4999958 -0.2962036 0.2940678 -0.3361861 -0.8947084 -0.009564518 -0.6179413 -0.7861662 0.2940083 -0.3362094 -0.8947193 -0.4274856 0.02578151 -0.9036546 -0.009559273 -0.6179428 -0.7861649 0.2940065 -0.3362192 -0.8947162 -0.3930373 0.03174036 -0.9189746 -0.4274723 0.02579551 -0.9036604 -0.3930713 0.0318126 -0.9189576 -0.622219 0.6098991 -0.4907817 -0.4274894 0.02581387 -0.9036518 -0.3930693 0.03181564 -0.9189583 -0.8305786 0.3680499 -0.4179456 -0.6222277 0.6098945 -0.4907763 -0.8305805 0.3680959 -0.4179013 -0.5132769 0.8379083 0.1856245 -0.6222357 0.6099411 -0.4907084 -0.830566 0.3681098 -0.417918 -0.8138042 0.4999901 0.2961972 -0.5132823 0.8379032 0.1856328 -0.5132133 0.8379565 0.1855836 0.09430903 0.7114148 0.6964156 -0.1675566 0.9840202 0.06024229 -0.5132197 0.8379465 0.1856104 -0.1668424 0.6082736 0.7759941 0.09433978 0.7114393 0.6963865 -0.1667889 0.6082661 0.7760116 0.2706905 0.02659422 0.9622991 0.09439849 0.7113837 0.6964353 -0.1668336 0.6082172 0.7760402 0.243189 0.02086132 0.9697546 0.2706659 0.02658027 0.9623064 0.2431929 0.02081573 0.9697546 0.2547675 -0.6935936 0.6738112 0.2707023 0.02651709 0.9622979 0.2431893 0.02079105 0.969756 0.4876377 -0.6255639 0.6089987 0.2548118 -0.6935812 0.6738073 0.4876522 -0.6255784 0.6089723 0.03783744 -0.9991547 -0.01607108 0.2547595 -0.6936359 0.6737707 0.4876372 -0.6255602 0.6090028 0.3866317 -0.9108633 -0.1443755 0.03785467 -0.9991543 -0.01605612 0.3866357 -0.9108627 -0.1443675 -0.2470666 -0.6921659 -0.6781332 0.0378068 -0.9991555 -0.01609927 0.3866456 -0.9108616 -0.1443479 -0.009561121 -0.6179582 -0.7861528 -0.2470406 -0.6921655 -0.678143 -0.009588897 -0.6179568 -0.7861536 -0.4190149 0.02579814 -0.9076129 -0.2470839 -0.6921031 -0.6781909 -0.009626924 -0.6179432 -0.7861638 -0.4274837 0.02578365 -0.9036553 -0.418972 0.02580666 -0.9076324 -0.4274823 0.02583032 -0.9036548 -0.3793955 0.7099033 -0.5933771 -0.4190631 0.02583825 -0.9075894 -0.4274824 0.02584683 -0.9036542 -0.6222357 0.6098987 -0.4907611 -0.3793909 0.709929 -0.5933494 -0.6221951 0.6099506 -0.4907481 -0.1675499 0.984025 0.06018161 -0.3794054 0.7099574 -0.5933061 -0.6222284 0.6099259 -0.4907366 -0.5132468 0.8379297 0.1856114 -0.1675686 0.9840223 0.06017553 0.09437745 0.7114234 0.6963976 0.3805604 0.7097479 0.5928167 0.1686726 0.9838104 -0.06055498 0.09435653 0.7114283 0.6963955 0.168627 0.9838178 -0.0605604 -0.1675275 0.9840282 0.06019347 -0.1675938 0.9840196 0.06014728 0.1686241 0.9838171 -0.06058013 -0.09317004 0.7112658 -0.6967212 -0.1675689 0.9840238 0.06015002 -0.09314686 0.7112702 -0.6967199 -0.3793576 0.7099679 -0.593324 0.2707211 0.02660018 0.9622903 0.420453 0.02571457 0.9069499 0.3805708 0.7097327 0.5928284 0.2707193 0.02660155 0.9622908 0.3806285 0.709712 0.5928162 0.09439921 0.711408 0.6964104 0.2466 0.6921656 0.6783033 0.2395538 0.6937112 0.6792487 -0.03746515 0.9992336 0.01133751 0.246654 0.6921648 0.6782843 -0.03744113 0.9992347 0.01132732 0.03931826 0.9991554 -0.01194834 0.03930777 0.9991551 -0.01200115 -0.03744834 0.999235 0.01127237 -0.2448751 0.6922041 -0.6788886 0.03927916 0.9991564 -0.01199084 -0.2447989 0.692202 -0.6789182 -0.2379541 0.6936205 -0.6799032 0.2624537 -0.0257771 0.9646003 0.4125218 -0.02642989 0.9105643 0.2395588 0.6936406 0.6793191 0.2624143 -0.02577269 0.9646111 0.2396211 0.6936395 0.6792982 0.2466854 0.6921144 0.6783244 0.4204833 0.02565944 0.9069375 0.2707217 0.02654212 0.9622917 0.2548166 -0.6935675 0.6738194 0.4205061 0.02565759 0.9069269 0.2547902 -0.6935659 0.6738312 0.2488531 -0.6921408 0.6775051 0.2488738 -0.6922019 0.6774351 0.2547504 -0.6936205 0.6737899 0.03779751 -0.9991564 -0.01606261 0.2487971 -0.6922035 0.6774618 0.03782659 -0.9991551 -0.01607251 -0.03593212 -0.999235 0.01543682 -0.0359615 -0.9992347 0.01539325 0.0378009 -0.9991554 -0.01611638 -0.247044 -0.6921677 -0.6781395 -0.0359866 -0.9992337 0.01539856 -0.2470976 -0.6921669 -0.6781209 -0.253103 -0.6937125 -0.6743159 -0.253084 -0.6936372 -0.6744005 -0.2470958 -0.6921122 -0.6781774 -0.419018 0.02577561 -0.907612 -0.2531464 -0.6936379 -0.6743764 -0.4189826 0.02578067 -0.9076282 -0.2692905 0.02643364 -0.9626963 -0.2692796 0.02650111 -0.9626975 -0.4190016 0.02585893 -0.9076172 -0.3794069 0.7099121 -0.5933592 -0.2692896 0.02650195 -0.9626945 -0.3794226 0.709908 -0.5933542 -0.09320604 0.7112187 -0.6967644 0.4125302 -0.02650171 0.9105584 0.2624315 -0.02585953 0.9646041 0.09076219 -0.7099127 0.698417 0.4125203 -0.02649796 0.910563 0.09074723 -0.7099053 0.6984265 0.3764728 -0.7112159 0.5936668 0.3764886 -0.7112692 0.5935928 0.09077632 -0.709967 0.6983599 -0.1670281 -0.9840239 0.06163442 0.3764725 -0.7112649 0.5936082 -0.1670778 -0.9840165 0.06161773 0.168114 -0.9838171 -0.06198161 0.1681039 -0.9838177 -0.06199926 -0.1670242 -0.9840283 0.06157368 -0.375353 -0.7114287 -0.5941207 0.1681354 -0.9838103 -0.06203168 -0.3753383 -0.7114244 -0.5941352 -0.08952927 -0.7097491 -0.6987423 -0.08947616 -0.7097108 -0.698788 -0.3753294 -0.7114068 -0.5941619 -0.4111649 -0.0265997 -0.9111729 -0.08952957 -0.7097322 -0.6987594 -0.4111638 -0.02659887 -0.9111734 -0.2608898 -0.0257135 -0.9650261 -0.2608599 -0.02565675 -0.9650357 -0.411165 -0.02653968 -0.9111745 -0.237922 0.6935693 -0.6799667 -0.2608336 -0.02565389 -0.9650429 -0.2379486 0.6935683 -0.6799585 -0.2448588 0.6921434 -0.6789563 0.3715795 0.01001948 0.9283471 0.3715842 -0.01024758 0.9283428 0.9104067 -0.09643954 0.4023171 0.3715767 0.01003432 0.9283481 0.9104037 -0.09644877 0.4023216 0.9104226 0.09634268 0.4023044 0.910444 0.09633171 0.4022585 0.9104248 -0.09639424 0.4022871 0.9319933 -0.1278102 -0.3391948 0.910447 0.09632438 0.4022538 0.9320077 -0.1278339 -0.3391463 0.9319901 0.127812 -0.3392027 -0.9313704 -0.1328018 0.3389882 -0.9313486 0.1327479 0.3390693 -0.3989536 0.08898741 0.9126431 -0.9313827 -0.1327551 0.3389728 -0.3989539 0.08896934 0.9126448 -0.3989856 -0.08918893 0.9126094 -0.3989405 -0.08922034 0.912626 -0.3989138 0.08896183 0.9126629 0.3715029 -0.01028478 0.9283749 -0.398938 -0.08922368 0.9126269 0.3715049 -0.01026868 0.9283743 0.3715103 0.01004612 0.9283745 -0.3121599 0.01026844 -0.9499741 -0.3121559 -0.01004648 -0.9499778 -0.8922303 0.08922266 -0.4426788 -0.3121607 0.01028347 -0.9499737 -0.8922314 0.08921837 -0.4426774 -0.8922343 -0.08896368 -0.4427229 -0.8922517 -0.08897227 -0.442686 -0.8922538 0.08918589 -0.4426389 -0.9313693 0.132752 0.3390107 -0.892252 -0.08898526 -0.4426829 -0.9313684 0.1328035 0.338993 -0.9314039 -0.1327461 0.3389178 0.4388086 0.0964474 -0.8933897 0.4388341 -0.09634429 -0.8933882 -0.3120797 -0.01003617 -0.950003 0.4388078 0.09643995 -0.8933908 -0.3120833 -0.01002007 -0.950002 -0.3120768 0.01024717 -0.9500017 0.9319548 0.1278406 -0.339289 0.9319789 -0.1278056 -0.3392359 0.438872 -0.09631842 -0.8933724 0.9319674 0.1277931 -0.3392726 0.43888 -0.09633535 -0.8933666 0.4388481 0.09639066 -0.8933764 0.8922297 0.08921974 0.4426804 0.8920294 -0.09100925 0.4427199 0.3120365 0.008491873 0.9500322 0.8922283 0.08922326 0.4426828 0.3120347 0.008491992 0.9500328 0.3121516 -0.01004648 0.9499792 0.3120841 -0.01002007 0.9500017 0.3119869 0.008516609 0.9500483 -0.4389263 0.09502136 0.8934846 0.3120813 -0.01003557 0.9500024 -0.4389261 0.09503114 0.8934837 -0.4388327 -0.09634363 0.8933891 -0.4388802 -0.09633278 0.8933668 -0.4390045 0.09504097 0.8934441 -0.9321231 0.1265757 0.3393011 -0.4388772 -0.09632164 0.8933694 -0.9321222 0.126578 0.3393026 -0.9319806 -0.1278094 0.3392298 -0.9320087 -0.1278367 0.3391425 -0.9321476 0.1265515 0.3392429 -0.9105904 0.09504723 -0.4022328 -0.9320093 -0.1277962 0.3391561 -0.9105907 0.09506773 -0.4022274 -0.9104264 -0.09639418 -0.4022834 -0.910406 -0.09644883 -0.4023165 -0.910558 0.09502786 -0.4023109 -0.3716858 0.008492052 -0.9283198 -0.9104065 -0.09644043 -0.4023172 -0.3716832 0.008490443 -0.9283208 -0.3715842 -0.01024776 -0.9283428 -0.3715031 -0.01026952 -0.928375 -0.3716322 0.008508324 -0.9283412 0.3987459 -0.09107303 -0.9125281 -0.3715026 -0.01028448 -0.928375 0.3987579 -0.09102559 -0.9125276 0.3989138 0.0889641 -0.9126627 0.3989554 0.08897346 -0.9126437 0.3988161 -0.09101998 -0.9125027 0.9310988 -0.134814 -0.3389399 0.3989562 0.08898848 -0.9126418 0.9311109 -0.1348333 -0.3388991 0.9313496 0.132749 -0.339066 0.9313656 0.1328039 -0.3390005 0.9311109 -0.1348191 -0.3389045 0.892058 -0.09102666 0.4426588 0.9313663 0.1327541 -0.3390181 0.892058 -0.09102559 0.442659 0.8922572 0.08918762 0.4426317 0.3420386 -8.34816e-6 0.939686 0.3420386 1.47323e-5 0.939686 0.8290004 -3.34792e-5 0.559248 0.3420379 -2.03326e-5 0.9396862 0.8289999 1.18704e-5 0.5592488 0.829 -1.11901e-5 0.5592486 0.8290758 -7.49403e-6 0.5591363 0.8290488 1.55716e-5 0.5591763 0.9993915 -3.35872e-5 -0.03488135 0.8290748 2.48812e-5 0.5591377 0.9993915 -8.88722e-7 -0.03488028 0.9993933 -2.40447e-5 -0.03483152 0.9993886 -1.75858e-5 -0.03496485 0.9993886 5.54704e-6 -0.03496402 0.7880239 -4.23715e-5 -0.6156447 0.9993902 3.36058e-5 -0.0349189 0.7880224 8.34816e-6 -0.6156467 0.7880224 -1.47612e-5 -0.6156467 0.7879995 -8.23765e-6 -0.6156759 0.7879995 1.49374e-5 -0.6156759 0.2756566 -3.38927e-5 -0.9612562 0.7879989 3.38256e-5 -0.6156768 0.2756557 8.23765e-6 -0.9612565 0.2756556 -1.47612e-5 -0.9612565 0.2756184 -8.23765e-6 -0.9612672 0.2755723 1.4759e-5 -0.9612804 -0.3420027 -3.37176e-5 -0.9396989 0.2756198 3.39449e-5 -0.9612668 -0.3420015 8.23765e-6 -0.9396995 -0.3419564 -1.49352e-5 -0.9397159 -0.3420389 -8.34815e-6 -0.9396858 -0.3420389 1.47612e-5 -0.9396858 -0.8290274 -3.36207e-5 -0.559208 -0.3420374 3.36207e-5 -0.9396864 -0.8290265 8.34816e-6 -0.5592094 -0.8290265 -1.47612e-5 -0.5592095 -0.8290489 -8.34816e-6 -0.5591761 -0.8290758 -1.18492e-4 -0.5591363 -0.9993915 -3.37064e-5 0.03488147 -0.8290489 2.71723e-5 -0.5591762 -0.9993931 1.17289e-6 0.03483402 -0.9993915 -2.20294e-5 0.03488093 -0.9993885 -1.68318e-5 0.0349664 -0.9993903 6.35968e-6 0.03491723 -0.788023 -4.24087e-5 0.6156459 -0.9993903 3.36356e-5 0.03491908 -0.7880519 8.34693e-6 0.615609 -0.7880223 -1.03682e-4 0.6156467 -0.7879696 -8.34693e-6 0.6157143 -0.7879991 1.47612e-5 0.6156765 -0.2757019 -3.36282e-5 0.9612433 -0.7879686 3.36543e-5 0.6157155 -0.2757003 7.47838e-6 0.9612438 -0.2756547 -1.55147e-5 0.9612568 -0.2755731 -7.61935e-6 0.9612802 -0.2756192 1.53872e-5 0.961267 0.3420019 -3.43397e-5 0.9396993 -0.2755728 3.37847e-5 0.9612803 0.3420022 8.23765e-6 0.9396992 0.3420022 -1.47612e-5 0.9396992 0.2565429 -0.6613922 0.7048022 0.1306833 -0.924147 0.3589905 0.3167185 -0.9241455 0.2136459 0.2565367 -0.6613923 0.7048044 0.3167097 -0.9241474 0.2136511 0.6217958 -0.6613686 0.4194778 0.6218218 -0.6613879 0.4194089 0.3167382 -0.924145 0.2136186 0.3818132 -0.9241437 -0.01331597 0.6218145 -0.6613941 0.4194098 0.3818028 -0.924148 -0.01331096 0.749605 -0.66137 -0.02611786 0.7495854 -0.6613894 -0.02618926 0.3818069 -0.9241457 -0.01335227 0.3010646 -0.9241445 -0.2351964 0.7495828 -0.6613926 -0.02618348 0.3010628 -0.9241475 -0.2351866 0.5910927 -0.661369 -0.4617365 0.5910335 -0.6613894 -0.4617831 0.3010396 -0.9241458 -0.2352229 0.1053211 -0.9241443 -0.3672394 0.5910346 -0.6613932 -0.4617763 0.1053256 -0.9241478 -0.3672294 0.2068015 -0.6613697 -0.7209877 0.2067273 -0.6613891 -0.7209911 0.1052862 -0.9241457 -0.367246 -0.1306508 -0.9241444 -0.3590091 0.2067317 -0.6613942 -0.7209853 -0.1306424 -0.9241482 -0.3590025 -0.2564797 -0.6613704 -0.7048456 -0.2565436 -0.6613894 -0.7048046 -0.1306855 -0.9241458 -0.3589931 -0.3167204 -0.9241442 -0.2136487 -0.2565342 -0.6613955 -0.7048023 -0.3167068 -0.924149 -0.2136481 -0.6217934 -0.661372 -0.419476 -0.621818 -0.6613923 -0.4194074 -0.3167324 -0.9241473 -0.2136177 -0.3818075 -0.9241459 0.01331704 -0.6218151 -0.6613937 -0.4194097 -0.3818033 -0.9241479 0.01331073 -0.7496054 -0.6613696 0.02611821 -0.7495837 -0.6613914 0.02618849 -0.3818044 -0.9241467 0.01335144 -0.3010622 -0.9241454 0.2351956 -0.7495814 -0.6613942 0.02618253 -0.3010609 -0.9241483 0.2351856 -0.5910914 -0.6613708 0.4617356 -0.5910334 -0.6613907 0.4617813 -0.3010391 -0.9241465 0.2352209 -0.1053206 -0.9241452 0.3672376 -0.5910345 -0.6613932 0.4617763 -0.1053252 -0.9241477 0.3672298 -0.2068015 -0.6613695 0.720988 -0.2067266 -0.6613911 0.7209896 -0.1052857 -0.9241466 0.367244 0.1306516 -0.9241452 0.359007 -0.2067314 -0.6613937 0.7209858 0.1306428 -0.9241479 0.3590033 0.2564802 -0.6613696 0.7048462 9.84222e-6 -1 3.08789e-5 0.3166748 -0.9241722 0.2135949 0.1306494 -0.9241715 0.35894 2.48598e-5 -1 1.97925e-5 0.3817422 -0.9241728 -0.01333355 0.3166756 -0.9241718 0.2135958 3.16016e-5 -1 0 0.3009982 -0.9241725 -0.2351711 0.3817442 -0.9241719 -0.0133363 2.59057e-5 -1 -1.8266e-5 0.1052831 -0.9241725 -0.3671794 0.3009991 -0.9241718 -0.2351726 1.01849e-5 -1 -3.01097e-5 -0.130647 -0.9241725 -0.3589383 0.1052825 -0.9241717 -0.3671814 -9.64291e-6 -1 -3.07076e-5 -0.3166747 -0.9241724 -0.2135947 -0.1306492 -0.9241716 -0.3589398 -2.58774e-5 -1 -1.87382e-5 -0.3817432 -0.9241723 0.01333487 -0.3166766 -0.9241717 -0.2135946 -3.17879e-5 -1 -7.89762e-7 -0.3009983 -0.9241725 0.2351705 -0.3817444 -0.9241718 0.01333558 -2.63974e-5 -1 1.90157e-5 -0.1052834 -0.9241722 0.3671803 -0.3009995 -0.9241716 0.2351732 -1.03004e-5 -1 2.97185e-5 0.1306471 -0.9241726 0.3589379 -0.1052824 -0.9241719 0.3671811 0.8290004 -1.24095e-5 0.5592481 0.3420385 -1.4787e-5 0.939686 0.3420386 -1.20699e-5 0.939686 0.3420826 1.33076e-5 0.93967 0.8290265 1.58287e-5 0.5592094 0.8290265 1.31354e-5 0.5592094 0.9993916 -1.202e-5 -0.03487926 0.8290745 -1.43266e-5 0.5591382 0.8290745 -1.1608e-5 0.5591382 0.8290486 1.26248e-5 0.5591766 0.9993916 1.48312e-5 -0.03488087 0.9993915 1.22115e-5 -0.03488087 0.7880516 -1.26229e-5 -0.6156092 0.9993903 -1.48312e-5 -0.03491932 0.9993902 -1.21519e-5 -0.03491932 0.9993901 1.26248e-5 -0.03491914 0.7880518 1.4829e-5 -0.6156091 0.7880518 1.21668e-5 -0.615609 0.2756565 1.34128e-4 -0.9612562 0.7879994 -1.48312e-5 -0.615676 0.7879995 -1.21444e-5 -0.615676 0.7879704 1.26624e-5 -0.6157132 0.2756571 1.50666e-5 -0.961256 0.2756572 1.24797e-5 -0.961256 -0.3420023 -1.2153e-5 -0.9396992 0.2756188 -1.43541e-5 -0.9612671 0.2756188 -1.16155e-5 -0.9612671 0.2756184 1.26248e-5 -0.9612672 -0.3420028 1.48312e-5 -0.9396989 -0.3420028 1.20848e-5 -0.939699 -0.8290269 -1.26248e-5 -0.5592088 -0.3420382 -1.48312e-5 -0.9396861 -0.3420382 -1.21891e-5 -0.9396861 -0.342083 1.38629e-5 -0.9396698 -0.8290266 1.58944e-5 -0.5592091 -0.8290267 1.33812e-5 -0.5592089 -0.9993916 -1.13908e-5 0.03487962 -0.8290746 -1.3527e-5 -0.559138 -0.8290748 -1.09002e-5 -0.5591378 -0.8290752 1.2728e-5 -0.5591372 -0.9993932 1.48608e-5 0.03483265 -0.9993932 1.22339e-5 0.03483265 -0.7880522 -1.2728e-5 0.6156084 -0.9993886 -1.48624e-5 0.03496623 -0.9993886 -1.21146e-5 0.03496623 -0.9993902 1.09852e-4 0.03491908 -0.7880519 1.42749e-5 0.6156089 -0.7880518 1.16229e-5 0.6156089 -0.2757014 -1.30462e-5 0.9612434 -0.7879987 -1.53016e-5 0.6156769 -0.7879987 -1.26511e-5 0.6156769 -0.7879695 1.19742e-5 0.6157143 -0.2756558 1.45202e-5 0.9612565 -0.2756559 1.17272e-5 0.9612564 0.3420022 -1.22372e-5 0.9396992 -0.2756189 -1.47791e-5 0.961267 -0.2756189 -1.21668e-5 0.961267 -0.275618 1.20982e-5 0.9612672 0.341958 1.45268e-5 0.9397152 0.341958 1.18911e-5 0.9397153 0.2565985 -0.661336 0.7048347 0.6218441 -0.6613191 0.4194844 0.72731 -0.4799174 0.4906113 0.7273082 -0.479921 0.4906105 0.3000854 -0.4799317 0.8243873 0.2566002 -0.6613397 0.7048307 0.6218774 -0.6613429 0.4193974 0.7496427 -0.6613263 -0.02614253 0.876776 -0.4799253 -0.0305885 0.8767817 -0.4799152 -0.03058665 0.7273395 -0.4799244 0.4905608 0.6218882 -0.661333 0.4193968 0.7496315 -0.6613355 -0.02623218 0.5911149 -0.6613191 -0.4617795 0.6913516 -0.4799174 -0.5401039 0.6913459 -0.4799259 -0.5401039 0.8767682 -0.4799358 -0.03064846 0.7496243 -0.6613435 -0.02623534 0.5910408 -0.6613434 -0.4618396 0.206789 -0.661327 -0.7210305 0.2418458 -0.4799264 -0.8433157 0.24185 -0.4799238 -0.843316 0.6913095 -0.479932 -0.540145 0.5910425 -0.6613402 -0.461842 0.2067002 -0.6613395 -0.7210446 -0.2565147 -0.6613227 -0.7048777 -0.3000302 -0.4799214 -0.8244133 -0.3000311 -0.4799278 -0.8244094 0.2417887 -0.479938 -0.8433254 0.2066953 -0.6613452 -0.7210407 -0.2565965 -0.6613406 -0.7048312 -0.6218417 -0.6613237 -0.4194806 -0.7273082 -0.4799225 -0.490609 -0.7273058 -0.4799262 -0.4906091 -0.3000829 -0.4799359 -0.8243857 -0.2565962 -0.6613436 -0.7048284 -0.621878 -0.6613424 -0.4193971 -0.749643 -0.661326 0.02614223 -0.876776 -0.4799252 0.03058898 -0.8767738 -0.4799292 0.0305894 -0.7273326 -0.479939 -0.4905567 -0.6218764 -0.6613464 -0.4193934 -0.7496303 -0.6613367 0.02623373 -0.5911136 -0.6613194 0.4617809 -0.6913499 -0.4799178 0.5401058 -0.6913446 -0.4799308 0.5401011 -0.8767659 -0.4799401 0.0306456 -0.7496209 -0.6613475 0.02623164 -0.5910425 -0.6613413 0.4618405 -0.2067911 -0.6613248 0.7210319 -0.2418481 -0.479924 0.8433164 -0.2418473 -0.479925 0.843316 -0.6913071 -0.4799351 0.5401453 -0.5910388 -0.6613427 0.461843 -0.2066998 -0.6613391 0.721045 0.2565159 -0.6613213 0.7048786 0.3000305 -0.4799197 0.8244143 0.3000303 -0.4799249 0.8244113 -0.2417896 -0.4799342 0.8433274 -0.2066966 -0.6613421 0.7210431 5.71402e-7 -1 -1.59557e-6 7.99065e-7 -1 9.95851e-7 0 1 9.97235e-7 0 1 -6.63902e-7 0 -1 -7.97791e-7 0 -1 6.63903e-7 0 1 -6.63903e-7 0 -1 -6.639e-7 0 1 7.97787e-7 0 1 -6.63899e-7 9.8225e-7 -1 5.98343e-7 5.23527e-7 -1 1.3278e-6 0 1 7.97788e-7 0 1 -1.65976e-7 0 -1 1.19668e-6 0 -1 -4.97929e-7 0 1 1.99448e-7 -9.08355e-7 1 -1.49378e-6 0 -1 -9.95851e-7 -2.88819e-6 1 -2.9917e-6 0 1 7.97789e-7 0 1 -6.63903e-7 0 -1 9.97233e-7 0 -1 -6.63903e-7 -6.29101e-7 1 -7.97785e-7 -8.17406e-7 1 -1.16183e-6 0 -1 1.99447e-6 0 -1 4.97926e-7 0 1 -1.99448e-7 0 1 1.82573e-6 2.71425e-5 1 1.58176e-5 0.1306397 0.9241726 0.3589404 0.3166706 0.9241719 0.2136024 3.11565e-5 1 -2.77534e-6 0.3166694 0.9241726 0.2136013 0.3817443 0.9241721 -0.01332575 2.33324e-5 1 -2.03103e-5 0.3817422 0.9241728 -0.01332604 0.3010048 0.9241721 -0.2351641 6.99237e-6 1 -3.02307e-5 0.301003 0.9241726 -0.2351638 0.1052919 0.924172 -0.367178 -1.20997e-5 1 -2.90824e-5 0.1052908 0.9241725 -0.3671772 -0.130639 0.9241718 -0.3589428 -2.83495e-5 1 -1.51303e-5 -0.1306408 0.9241728 -0.3589397 -0.3166719 0.9241716 -0.2136018 -3.0892e-5 1 1.09524e-6 -0.3166692 0.9241724 -0.2136027 -0.381744 0.9241721 0.01332432 -2.34565e-5 1 2.06381e-5 -0.3817425 0.9241726 0.01332676 -0.3010047 0.9241721 0.2351647 -6.80424e-6 1 3.02754e-5 -0.301003 0.9241728 0.2351638 -0.1052919 0.924172 0.367178 1.22301e-5 1 2.87555e-5 -0.105291 0.9241727 0.3671768 0.1306388 0.9241719 0.3589425 0.1306872 0.9241465 0.3589906 0.2634227 0.637865 0.7236965 0.6384748 0.6378698 0.4306647 0.1306819 0.9241445 0.3589975 0.6384723 0.6378683 0.4306706 0.3167148 0.9241459 0.2136498 0.3167359 0.924147 0.2136136 0.6384906 0.637866 0.430647 0.7696743 0.6378711 -0.02687048 0.3167393 0.9241436 0.213623 0.7696786 0.6378663 -0.02686369 0.3818101 0.9241451 -0.01331269 0.381805 0.9241464 -0.01335698 0.7696787 0.6378649 -0.02689528 0.6068862 0.6378697 -0.4741429 0.3818099 0.9241446 -0.01334857 0.606892 0.6378684 -0.4741373 0.3010638 0.9241459 -0.2351913 0.3010351 0.9241467 -0.2352249 0.6068738 0.6378655 -0.4741645 0.2122863 0.6378702 -0.7403082 0.3010451 0.924144 -0.2352227 0.2122945 0.6378674 -0.7403082 0.1053241 0.9241454 -0.3672357 0.1052818 0.9241469 -0.3672443 0.212265 0.6378657 -0.7403181 -0.263398 0.6378709 -0.7237004 0.1052898 0.9241444 -0.3672484 -0.2633924 0.6378679 -0.723705 -0.130647 0.9241457 -0.3590071 -0.1306867 0.924147 -0.3589894 -0.2634228 0.6378661 -0.7236957 -0.6384746 0.6378708 -0.4306635 -0.1306822 0.9241447 -0.3589971 -0.6384726 0.6378683 -0.4306704 -0.3167151 0.9241458 -0.2136496 -0.3167361 0.9241473 -0.2136124 -0.6384912 0.6378666 -0.4306454 -0.7696741 0.6378713 0.02687269 -0.3167396 0.9241431 -0.2136248 -0.7696787 0.6378662 0.02686256 -0.3818104 0.9241449 0.01331114 -0.3818043 0.9241467 0.0133562 -0.7696781 0.6378656 0.0268954 -0.6068854 0.6378705 0.4741427 -0.3818122 0.9241435 0.01335018 -0.6068925 0.6378663 0.4741393 -0.3010658 0.924145 0.2351927 -0.3010351 0.924147 0.2352237 -0.6068733 0.6378663 0.4741638 -0.212286 0.6378712 0.7403073 -0.3010466 0.9241431 0.2352246 -0.212295 0.6378656 0.7403096 -0.1053259 0.9241446 0.3672373 -0.1052809 0.924147 0.3672441 -0.2122634 0.6378661 0.7403182 0.2633994 0.6378711 0.7236998 -0.1052901 0.9241444 0.3672482 0.2633919 0.6378682 0.723705 0.1306469 0.9241457 0.3590071 0.3420377 -3.34819e-6 0.9396864 0.3420831 1.96965e-5 0.9396698 0.8289998 -2.92771e-5 0.5592489 0.3420384 3.37027e-5 0.939686 0.8290002 8.23644e-6 0.5592484 0.829027 -1.47612e-5 0.5592086 0.8290754 -8.23643e-6 0.5591369 0.8290486 1.47612e-5 0.5591766 0.9993916 -3.37027e-5 -0.03488081 0.8290754 2.48551e-5 0.559137 0.9993916 -9.25502e-7 -0.03488111 0.9993916 -1.12894e-4 -0.03488022 0.9993886 -1.74753e-5 -0.03496682 0.9993886 5.54707e-6 -0.03496599 0.7880226 -4.25093e-5 -0.6156464 0.9993902 3.37474e-5 -0.03491836 0.7880226 8.23765e-6 -0.6156463 0.7880226 -1.47612e-5 -0.6156463 0.7879996 -8.23765e-6 -0.6156758 0.7879702 1.4759e-5 -0.6157135 0.2756568 -3.37102e-5 -0.9612562 0.7879994 3.37102e-5 -0.6156762 0.2756563 8.23765e-6 -0.9612563 0.2757024 -1.4759e-5 -0.961243 0.2756186 -8.23765e-6 -0.9612672 0.2755724 1.03667e-4 -0.9612804 -0.3420026 -3.36915e-5 -0.9396991 0.2756198 3.3766e-5 -0.9612668 -0.3420015 -1.47612e-5 -0.9396995 -0.342083 -8.23643e-6 -0.9396697 -0.342038 1.47612e-5 -0.9396862 -0.829 -3.38182e-5 -0.5592487 -0.3420379 3.38256e-5 -0.9396861 -0.829 8.23643e-6 -0.5592487 -0.8290267 -1.47612e-5 -0.5592089 -0.8290755 -8.23643e-6 -0.5591367 -0.8290486 1.47612e-5 -0.5591765 -0.9993915 -3.36878e-5 0.03488105 -0.829049 3.3766e-5 -0.559176 -0.9993915 8.23765e-6 0.03488153 -0.9993932 -1.03667e-4 0.03483355 -0.9993903 -8.23765e-6 0.03491848 -0.9993903 1.47612e-5 0.03491848 -0.7880522 -3.36878e-5 0.6156086 -0.9993886 3.11285e-5 0.03496646 -0.7880226 5.01081e-6 0.6156464 -0.7880228 -1.80613e-5 0.6156462 -0.7879692 -1.22504e-5 0.6157147 -0.7879989 1.07815e-5 0.6156767 -0.2756555 -3.81246e-5 0.9612565 -0.7879698 3.4824e-5 0.615714 -0.2757023 7.83665e-6 0.9612431 -0.275656 -1.51827e-5 0.9612565 -0.2755736 -1.09727e-5 0.96128 -0.2755736 1.20685e-5 0.96128 0.3420014 2.02805e-5 0.9396995 -0.2756184 3.69065e-5 0.9612671 0.3420026 1.13507e-5 0.939699 0.3420026 -1.16112e-5 0.939699 0.6384832 0.6378279 0.4307145 0.263448 0.6378148 0.7237316 0.3090335 0.428739 0.8489294 0.3090318 0.4287425 0.8489283 0.7489436 0.4287564 0.5052242 0.638491 0.6378205 0.4307138 0.7697122 0.6378269 -0.02683383 0.6385331 0.6378134 0.430662 0.7490013 0.4287374 0.5051547 0.7490038 0.4287354 0.5051528 0.902875 0.4287489 -0.03148365 0.7697227 0.6378139 -0.02684086 0.6069375 0.6378262 -0.4741359 0.7697213 0.6378128 -0.02690798 0.9028778 0.4287363 -0.0315752 0.9028796 0.4287325 -0.03157484 0.7119374 0.4287468 -0.5561667 0.6069453 0.6378117 -0.4741451 0.2123363 0.6378207 -0.7403365 0.6069046 0.6378067 -0.4742041 0.7118871 0.4287296 -0.5562444 0.7118824 0.4287413 -0.5562412 0.2490599 0.4287555 -0.8684113 0.2123284 0.6378196 -0.7403397 -0.2633747 0.6378264 -0.7237482 0.2122664 0.6378128 -0.7403633 0.2489766 0.4287368 -0.8684443 0.2489745 0.4287374 -0.8684446 -0.3089461 0.4287505 -0.8489555 -0.2633845 0.6378152 -0.7237544 -0.6384883 0.6378187 -0.4307204 -0.2634541 0.6378053 -0.7237378 -0.3090366 0.4287285 -0.8489336 -0.3090316 0.428743 -0.8489281 -0.7489436 0.4287566 -0.5052241 -0.6384912 0.6378208 -0.4307132 -0.7697158 0.6378225 0.02683478 -0.638538 0.6378092 -0.4306607 -0.7490046 0.428733 -0.5051537 -0.7490021 0.4287394 -0.5051518 -0.9028729 0.4287534 0.03148478 -0.7697195 0.6378179 0.02684193 -0.606938 0.637826 0.4741353 -0.7697216 0.6378124 0.02690798 -0.9028594 0.4287752 0.03157347 -0.9028755 0.4287413 0.03157407 -0.7119334 0.4287551 0.5561654 -0.6069383 0.6378194 0.474144 -0.2123348 0.6378223 0.7403355 -0.606903 0.6378087 0.4742035 -0.7118859 0.4287323 0.5562438 -0.7118825 0.4287405 0.5562419 -0.24906 0.4287542 0.8684118 -0.212328 0.6378186 0.7403407 0.2633766 0.6378231 0.7237504 -0.2122642 0.6378095 0.7403668 -0.2489745 0.428733 0.8684468 -0.2489746 0.4287413 0.8684427 0.3089459 0.4287549 0.8489532 0.263384 0.6378193 0.723751 0 -1 7.97783e-7 0 -1 -7.46888e-7 0 1 1.65975e-7 0 -1 3.98896e-7 0 -1 -3.31951e-7 0 1 1.99448e-7 0 -1 3.98895e-7 0 1 -3.98893e-7 0 1 1.65975e-7 0 -1 -2.99171e-7 0 1 -1.99447e-7 0 1 4.97927e-7 0 -1 6.98064e-7 0 -1 2.48963e-7 0 1 -5.98341e-7 0 1 6.63902e-7 0 -1 7.97785e-7 0 -1 -5.80914e-7 0 1 1.65976e-7 0 -1 -3.98894e-7 0 -1 3.3195e-7 0 -1 -3.98895e-7 0 1 -1.65975e-7 0 -1 2.9917e-7 0 1 -1.99447e-7 0 -1 -6.98064e-7 0 -1 -2.48964e-7 0 1 -1.99448e-7 -0.05555629 0.6856591 0.7257996 -0.01161223 0.7312013 -0.682063 -0.2433097 0.7310381 0.6374824 -0.05555188 0.6856589 0.7258001 -0.1297143 0.8037667 -0.5806318 -0.0116418 0.7312015 -0.6820623 -0.1297059 0.8037697 -0.5806295 0.2421488 -0.6538262 -0.7168509 -0.01164513 0.7312566 -0.6820032 -0.1296791 0.8037885 -0.5806095 -0.1296076 -0.8037209 -0.5807192 0.2421089 -0.6538517 -0.7168412 -0.1296169 -0.8037013 -0.5807442 -0.01656758 -0.6531783 0.7570229 0.2421417 -0.6537981 -0.7168791 -0.129597 -0.8037242 -0.5807169 -0.05537116 -0.6858054 0.7256756 -0.0165736 -0.6531934 0.7570099 -0.0554012 -0.6858814 0.7256014 -0.2430316 0.7311204 0.637494 -0.01648032 -0.6532468 0.7569656 -0.05539327 -0.6858805 0.7256029 -0.05551797 0.6857168 0.7257481 -0.2433151 0.7310698 0.637444 -0.2432866 0.7310415 0.6374873 -0.2491138 0.6428826 -0.7243234 -0.481884 0.6428596 0.5954154 -0.2433459 0.7310195 0.6374898 -0.01158785 0.7311782 -0.6820882 -0.2491741 0.642862 -0.724321 -0.01165539 0.7312547 -0.682005 0.4565792 -0.5744562 -0.6793642 -0.2491391 0.6429247 -0.7242773 -0.0116136 0.7312624 -0.6819974 0.2421278 -0.6538296 -0.7168549 0.4566205 -0.5744318 -0.679357 0.2420843 -0.6538004 -0.7168963 0.1965898 -0.5744234 0.7946007 0.4565048 -0.5744221 -0.6794429 0.2421197 -0.6537897 -0.7168941 -0.01648682 -0.653171 0.757031 0.1967037 -0.5743805 0.7946036 -0.0164597 -0.6532428 0.7569696 -0.4818821 0.6428956 0.595378 0.1966899 -0.5744544 0.7945536 -0.01651859 -0.6532536 0.756959 -0.2433522 0.7310631 0.6374374 -0.4819108 0.6428785 0.5953733 -0.4818639 0.6428703 0.5954201 -0.4436119 0.4771862 -0.7586184 -0.6763706 0.4771426 0.561122 -0.4819139 0.6428298 0.5954234 -0.2491552 0.6428734 -0.7243173 -0.4436615 0.4771454 -0.7586152 -0.2491607 0.642912 -0.7242811 0.6303711 -0.4263741 -0.6487199 -0.44365 0.4772202 -0.7585749 -0.2491899 0.642895 -0.7242862 0.4565626 -0.5744658 -0.6793671 0.6304029 -0.4263353 -0.6487144 0.4564982 -0.5744479 -0.6794256 0.3703764 -0.4263719 0.8252445 0.6302928 -0.4263698 -0.6487988 0.4565891 -0.5743721 -0.6794285 0.1966741 -0.5743751 0.7946147 0.3704686 -0.4262968 0.8252419 0.1966301 -0.5744895 0.794543 -0.6763802 0.4771751 0.5610828 0.370481 -0.4263717 0.8251976 0.1966729 -0.5744649 0.7945501 -0.4819333 0.642865 0.5953696 -0.6764021 0.477148 0.5610793 -0.676356 0.4771582 0.5611264 -0.5705404 0.2539103 -0.7810335 -0.8032476 0.2539347 0.5388048 -0.6763882 0.4771052 0.5611325 -0.4436476 0.4771639 -0.7586116 -0.5705131 0.2539551 -0.7810389 -0.4436666 0.4771999 -0.7585778 0.7447143 -0.2117466 -0.6329013 -0.5706177 0.2539544 -0.7809626 -0.4436881 0.4771742 -0.7585814 0.6303591 -0.4263884 -0.6487222 0.7447162 -0.2117408 -0.6329011 0.6302926 -0.4263963 -0.6487815 0.482366 -0.2204567 0.8477746 0.7446402 -0.2117291 -0.6329942 0.6303544 -0.4262942 -0.6487886 0.3704399 -0.4262968 0.8252547 0.482414 -0.2203763 0.8477683 0.3704379 -0.4264243 0.8251898 -0.8033304 0.2538989 0.5386983 0.4824283 -0.2204565 0.8477393 0.3704686 -0.4263872 0.8251952 -0.6764186 0.4771282 0.5610765 -0.8033004 0.2539821 0.5387036 -0.8032534 0.2539143 0.5388056 -0.1432251 0.3589399 -0.9223062 -0.3301707 0.917757 0.2207021 -0.8032577 0.2538916 0.5388099 -0.5705283 0.2539266 -0.7810371 -0.1432197 0.3589988 -0.9222841 -0.5706264 0.2539309 -0.780964 0.7447252 -0.2117133 -0.6328995 -0.143154 0.3589419 -0.9223165 -0.1431571 0.358939 -0.9223172 0.7447262 -0.2117112 -0.6328991 0.8137966 -7.388e-5 -0.5811498 0.7446731 -0.2117254 -0.6329568 0.4823754 -0.2204201 0.8477789 0.9960597 0.07101303 -0.05312544 0.9960574 0.07104253 -0.05313026 0.4823883 -0.2204149 0.8477728 0.372556 0.8602159 0.3481822 0.4824193 -0.2204819 0.8477378 -0.8033044 0.2539716 0.5387026 0.3724255 0.8602601 0.3482126 0.3724817 0.8602316 0.3482224 -0.8033337 0.253889 0.538698 -0.3301472 0.9177368 0.2208217 -0.3319353 -0.9150894 0.2289771 -0.5705773 -0.2539086 -0.781007 -0.803292 -0.2538866 0.5387613 -0.331951 -0.9150668 0.2290442 -0.143196 -0.3589338 -0.9223132 -0.5705765 -0.2539083 -0.7810077 -0.1431379 -0.3589551 -0.9223138 0.7446948 0.2117089 -0.6329368 -0.5706393 -0.2538947 -0.7809664 -0.1431553 -0.3589401 -0.922317 0.8137964 -1.08376e-4 -0.5811504 0.744707 0.2116715 -0.6329349 0.8137567 -1.86831e-4 -0.5812057 0.9960881 -0.07133549 -0.05215251 0.7446766 0.2116249 -0.6329864 0.4824446 0.220409 0.8477424 0.3735469 -0.8571299 0.3546703 -0.8032519 -0.2541178 0.538712 -0.8032575 -0.2539751 0.5387709 -0.4436792 -0.477103 -0.7586314 -0.6763553 -0.4771625 0.5611236 -0.8032796 -0.2539336 0.5387576 -0.5705543 -0.2539578 -0.7810078 -0.4436499 -0.477159 -0.7586132 -0.5706075 -0.2539826 -0.7809609 0.6303603 0.4263874 -0.6487217 -0.4437254 -0.4771283 -0.7585883 -0.5705505 -0.2541434 -0.7809503 0.7447033 0.2116821 -0.6329358 0.6303291 0.426424 -0.648728 0.7446984 0.2116197 -0.6329625 0.3704411 0.4262949 0.8252552 0.6303524 0.4262967 -0.6487889 0.7446402 0.2117311 -0.6329936 0.4823617 0.2204628 0.8477755 0.3703844 0.4263966 0.825228 0.4824555 0.2203807 0.8477435 -0.6763808 -0.4771734 0.5610835 0.3704679 0.4263886 0.8251947 0.4824516 0.2203896 0.8477435 -0.8033106 -0.2539542 0.5387017 -0.6763598 -0.4771994 0.5610867 -0.6763669 -0.4771453 0.561124 -0.2492043 -0.6428295 -0.7243393 -0.4818605 -0.6428736 0.5954193 -0.6763224 -0.4771863 0.5611429 -0.4436647 -0.4771417 -0.7586154 -0.2491582 -0.6428692 -0.7243199 -0.4437098 -0.4771478 -0.7585854 0.4565643 0.574465 -0.6793667 -0.2492414 -0.6428646 -0.7242955 -0.4436876 -0.4771748 -0.7585814 0.6303721 0.4263726 -0.64872 0.456521 0.5744901 -0.6793745 0.6303744 0.4262974 -0.648767 0.1966748 0.5743733 0.7946159 0.4565856 0.5743756 -0.6794279 0.6302887 0.4263733 -0.6488005 0.3703783 0.426371 0.8252441 0.1965895 0.5744491 0.7945822 0.3705115 0.4263355 0.8252025 -0.4818832 -0.6428943 0.5953783 0.196671 0.5744661 0.7945498 0.3704807 0.4263731 0.825197 -0.6763426 -0.4772198 0.56109 -0.4818531 -0.642912 0.5953838 -0.4818806 -0.642861 0.5954166 -0.01168304 -0.7311785 -0.6820862 -0.2432829 -0.7310432 0.6374868 -0.4818238 -0.6428824 0.5954394 -0.2491795 -0.6428593 -0.7243214 -0.01163363 -0.7311978 -0.6820663 -0.249219 -0.6428781 -0.7242912 0.2421125 0.6538676 -0.7168255 -0.01164871 -0.7312563 -0.6820033 -0.2491906 -0.6428943 -0.7242866 0.4565811 0.5744552 -0.6793637 0.242155 0.6538606 -0.7168175 0.4566107 0.5743824 -0.6794053 -0.01648479 0.6531712 0.7570309 0.2421394 0.6537818 -0.7168947 0.4565046 0.5744217 -0.6794433 0.196594 0.5744218 0.7946007 -0.01659035 0.6532126 0.7569928 0.1967309 0.5744314 0.79456 -0.2432963 -0.7310726 0.637448 -0.01651972 0.6532545 0.7569582 0.1966884 0.574456 0.7945527 -0.4818325 -0.642924 0.5953875 -0.2432631 -0.7310786 0.6374536 -0.2432836 -0.731038 0.6374924 -0.1297176 -0.8037666 -0.5806313 -0.05558097 -0.6856592 0.7257978 -0.2432382 -0.7310393 0.6375083 -0.01163417 -0.7311999 -0.682064 -0.1297321 -0.8037658 -0.580629 -0.01166069 -0.7312614 -0.6819976 -0.1294984 0.8037697 -0.5806758 -0.1296561 -0.8037833 -0.5806219 -0.01164257 -0.7312573 -0.6820023 0.2420802 0.6538736 -0.716831 -0.1296073 0.8037273 -0.5807105 0.2421259 0.6537969 -0.7168855 -0.05537068 0.6857938 0.7256866 -0.1296144 0.8037114 -0.5807307 0.2420631 0.6537991 -0.7169047 -0.01655155 0.6531864 0.7570163 -0.05529689 0.6857972 0.725689 -0.01649111 0.6532491 0.7569636 -0.05547165 -0.6857113 0.7257568 -0.05540436 0.6858821 0.7256006 -0.01626586 0.6532093 0.7570027 -0.243238 -0.7310826 0.6374587 -0.05551689 -0.6857158 0.7257491 0.8137964 -8.29995e-5 -0.5811501 -0.1431969 -0.3589045 -0.9223244 -0.1431838 0.358916 -0.922322 -0.7412652 -0.6422076 -0.1951804 -0.7404136 0.6430895 -0.1955085 -0.1571269 0.5923321 -0.7902239 -0.7412602 -0.6422075 -0.1951999 -0.1571074 0.5922541 -0.7902863 -0.1572713 -0.5912234 -0.7910251 -0.3301231 0.9177554 0.22078 -0.1431418 0.359023 -0.9222869 0.3446341 0.8493677 -0.3997522 0.3446063 0.8493677 -0.3997762 -0.03266704 0.9974749 0.06306159 -0.3301107 0.9177555 0.2207985 -0.1430709 -0.3589793 -0.9223148 -0.3318693 -0.9151075 0.2290003 -0.03744918 -0.9970499 0.0670014 -0.03743988 -0.99705 0.06700497 0.3445231 -0.8493674 -0.3998484 -0.1431214 -0.3589777 -0.9223076 -0.1431564 0.3589394 -0.922317 -0.1431294 -0.3589619 -0.9223124 0.3444334 -0.8493953 -0.3998665 0.344475 -0.8493781 -0.3998676 0.3446184 0.8493395 -0.3998259 -0.1431708 0.3589367 -0.9223158 -0.3177363 -0.7127246 0.6253538 -0.3174205 0.7171598 0.6204242 -0.1950435 0.7190843 0.6669901 -0.1897269 0.6494992 0.7363114 -0.1950461 -0.6528267 0.7319661 -0.1961044 -0.7117358 0.6745187 -0.5183759 -0.6322784 0.5757694 -0.58433 0.6479062 0.4886473 -0.5182387 0.6322797 0.5758916 -0.7075372 0.5057089 0.4936087 -0.7077377 -0.5052971 0.4937431 -0.5183644 -0.632262 0.5757978 -0.7404521 0.6430186 -0.1955959 -0.06834679 0.9951507 0.07073855 0.6415231 0.7561747 -0.1290273 0.3445813 0.8493579 -0.399819 0.6415262 0.7561693 -0.129043 -0.06836551 0.9951514 0.07071053 0.8898702 0.3912207 -0.2346861 0.8893793 -0.3924431 -0.234506 0.4707311 -0.5830681 -0.6621509 0.4707487 -0.583108 -0.6621034 0.4707567 0.5829948 -0.6621974 0.889879 0.3911994 -0.2346881 0.6418537 -0.7559812 -0.1285164 0.3445301 -0.8493808 -0.3998144 -0.06885689 -0.9948417 0.07449144 -0.06884312 -0.9948412 0.07450973 -0.1573271 -0.591212 -0.7910225 0.641842 -0.75599 -0.1285229 -0.05544734 -0.685811 0.7256644 -0.129594 -0.8037101 -0.5807372 0.1616365 -0.6656228 0.728574 -0.1297572 0.8037382 -0.5806617 -0.05547475 0.685659 0.725806 0.1615009 0.6656939 0.7285389 -0.05556643 0.6857129 0.7257481 0.161693 -0.6656885 0.7285014 0.161486 0.6657695 0.7284733 -0.05556011 0.6857367 0.725726 -0.05533349 -0.6858938 0.7255949 0.1617167 -0.6656925 0.7284925 0.1615375 -0.6656224 0.7285963 -0.1296241 -0.8037097 -0.5807309 0.4280246 -0.6656939 0.6112664 -0.1297187 0.8037667 -0.5806308 0.1615275 0.6656939 0.7285331 0.4279971 0.6656939 0.6112856 0.1614882 0.6657642 0.7284776 0.4279525 -0.6657738 0.61123 0.4279702 0.6657695 0.6112222 0.1615274 0.6657738 0.7284602 0.1616574 -0.6656876 0.7285101 0.4279918 -0.6657642 0.6112128 0.4280372 -0.6656939 0.6112574 -0.5012787 -0.8028531 -0.3227176 0.6293453 -0.6656224 0.4010878 0.4280819 -0.6656939 0.6112262 -0.1295586 -0.8037098 -0.5807455 -0.5012748 -0.8028531 -0.3227236 -0.1295967 -0.8037207 -0.5807217 -0.5011931 0.8029434 -0.322626 -0.5012978 -0.8028486 -0.3226991 -0.1296866 -0.8037517 -0.5806589 -0.1296758 0.8037832 -0.5806176 -0.5012921 0.8029094 -0.3225568 -0.1297001 0.8037664 -0.5806354 0.6293271 0.6656942 0.400997 -0.5012864 0.80291 -0.3225641 -0.1296718 0.8037667 -0.5806413 0.4280224 0.6656939 0.6112679 0.6293717 0.6656939 0.4009276 0.4279705 0.6657644 0.6112275 0.6292577 -0.6656964 0.4011023 0.6292967 0.6657694 0.40092 0.4280008 0.6657736 0.6111962 0.4279873 -0.6657694 0.6112104 0.6292946 -0.6656848 0.4010636 0.6293504 -0.6656223 0.4010797 -0.5012365 -0.802855 -0.3227785 0.7008428 -0.6858456 0.1960489 -0.5012591 0.8029101 -0.3226061 0.629367 0.6656941 0.4009347 0.7010621 0.6855891 0.1961621 0.6293169 0.6657536 0.4009147 0.7007831 -0.6859111 0.1960334 0.7009897 0.6856487 0.1962125 0.6292957 0.6657533 0.4009484 0.6292743 -0.6656861 0.4010934 0.7007863 -0.6859021 0.1960534 -0.0555163 -0.6856583 0.7258034 -0.1296669 -0.8037673 -0.5806415 0.1615132 -0.6656932 0.728537 -0.1295385 0.8037096 -0.5807501 -0.05533224 0.6858101 0.7256742 0.1616516 0.6656231 0.7285702 -0.05541199 0.6858682 0.7256131 0.1615347 -0.6657596 0.7284715 0.1617009 0.665686 0.7285019 -0.05529248 0.685858 0.7256319 -0.05546265 -0.6857417 0.7257288 0.1615027 -0.665757 0.7284809 0.1617419 -0.6656954 0.7284842 -0.1297085 -0.8037655 -0.5806347 0.4280247 -0.6656949 0.6112653 -0.1295336 0.8037097 -0.5807511 0.1616511 0.6656224 0.7285711 0.427998 0.6656939 0.611285 0.1616463 0.665685 0.7285149 0.4279525 -0.6657737 0.61123 0.4279706 0.6657693 0.6112221 0.1616955 0.6656951 0.7284947 0.1615099 -0.6657705 0.7284671 0.4279918 -0.6657656 0.6112114 0.4280369 -0.6656939 0.6112577 -0.501255 -0.8028245 -0.3228254 0.6293513 -0.6656939 0.4009596 0.4280825 -0.6656929 0.6112269 -0.129629 -0.8037673 -0.5806501 -0.501307 -0.802825 -0.3227434 -0.1296703 -0.8037815 -0.5806213 -0.5011948 0.8028054 -0.3229663 -0.5013151 -0.802823 -0.3227359 -0.129657 -0.8037769 -0.5806307 -0.129581 0.8037506 -0.580684 -0.5012068 0.8028013 -0.3229579 -0.1296208 0.8037098 -0.5807316 0.629308 0.6656224 0.4011464 -0.5012778 0.8027673 -0.322932 -0.1295866 0.8037097 -0.5807393 0.4280221 0.6656939 0.6112681 0.6293613 0.6656224 0.4010627 0.4279699 0.6657643 0.611228 0.6292824 -0.6657738 0.4009352 0.6292852 0.6656875 0.401074 0.4280008 0.6657738 0.6111961 0.427987 -0.6657693 0.6112106 0.6293127 -0.6657645 0.4009029 0.6293724 -0.6656959 0.4009231 -0.5012541 -0.8028235 -0.3228296 0.7010506 -0.6855892 0.1962029 -0.5012401 0.8027688 -0.3229873 0.6293619 0.6656232 0.4010603 0.700845 0.6858792 0.1959237 0.6292532 0.665692 0.4011168 0.7009804 -0.6856526 0.1962318 0.7007425 0.6859548 0.1960259 0.6293103 0.6657088 0.4009991 0.6293208 -0.6657694 0.4008822 0.7009751 -0.6856651 0.196207 -0.6357346 0.7316246 -0.2461041 0.7243235 0.6428821 -0.2491147 -0.5953822 0.6427597 -0.4820582 -0.6357334 0.7316492 -0.2460337 0.6821819 0.7311086 -0.01040524 0.7243214 0.6428614 -0.2491743 0.682159 0.7311291 -0.0104624 0.679329 -0.5743504 0.4567644 0.7242794 0.6429221 -0.2491398 0.6821827 0.7311048 -0.01061427 0.7170064 -0.6532347 0.2432826 0.6793561 -0.5744313 0.4566226 0.7170835 -0.6531889 0.2431782 -0.794601 -0.5744227 0.1965904 0.6794421 -0.5744214 0.4565069 0.7170821 -0.6531513 0.2432831 -0.7552571 -0.6551112 -0.02039772 -0.7946026 -0.5743818 0.1967038 -0.7552166 -0.6551592 -0.02035915 -0.5953388 0.6429248 -0.4818915 -0.7945548 -0.5744528 0.1966899 -0.755214 -0.655162 -0.02036583 -0.6356662 0.7317137 -0.2460156 -0.5953172 0.6428437 -0.4820264 -0.5953953 0.6427451 -0.4820615 0.724317 0.6428744 -0.2491537 0.8561623 0.5054889 0.1070854 0.7242933 0.642871 -0.2492311 0.6793633 -0.5744521 0.4565857 0.8561656 0.5054757 0.1071209 0.8561646 0.5054746 0.1071346 0.6793689 -0.5744754 0.4565478 0.6487162 -0.4263533 0.630389 0.679426 -0.5744485 0.4564967 -0.8252443 -0.4263713 0.3703776 0.648799 -0.4263702 0.6302923 0.6794281 -0.574373 0.4565887 -0.7946156 -0.5743739 0.1966744 -0.8252421 -0.4262953 0.3704698 -0.7945442 -0.5744854 0.1966377 -0.8405718 0.5051146 -0.1956993 -0.825192 -0.4264065 0.3704537 -0.8251944 -0.4263964 0.3704595 -0.8405657 0.5051139 -0.1957277 -0.7870259 -0.1759876 -0.5912857 0.9415356 -0.1801265 -0.2847195 0.6487171 -0.4263701 0.6303767 0.6287155 -0.2268635 0.7438077 0.648781 -0.4263964 0.6302931 -0.8452467 -0.2268931 0.4838156 0.6287968 -0.2268908 0.7437307 0.6487889 -0.4262929 0.630355 -0.825255 -0.4262968 0.3704395 -0.8452386 -0.2267916 0.4838774 -0.8251942 -0.4263911 0.3704662 -0.7870202 -0.1759231 -0.5913124 -0.845197 -0.2268887 0.4839047 -0.7869977 -0.1759473 -0.5913352 0.7923344 0.106689 -0.600686 -0.539108 0.106704 -0.8354502 -0.7869948 -0.1759527 -0.5913375 0.9415 -0.180207 -0.2847865 0.7923401 0.1067351 -0.6006702 0.9415363 -0.1801193 -0.2847217 0.6287183 -0.2268655 0.7438047 0.7922871 0.1067473 -0.6007381 0.7922887 0.1066607 -0.6007513 0.6287177 -0.2268477 0.7438105 0.5974096 -0.05988538 0.7996973 0.6287764 -0.2269179 0.7437396 -0.8349595 -0.05993384 0.5470383 0.5975089 -0.05995523 0.7996178 0.6287916 -0.2268009 0.7437624 -0.8452519 -0.2268038 0.4838485 -0.8349543 -0.05984175 0.547056 -0.8451942 -0.2269302 0.48389 -0.5390388 0.1066499 -0.8355017 -0.8348928 -0.05990028 0.5471435 -0.8451995 -0.2268474 0.4839197 -0.7870256 -0.1759847 -0.5912868 -0.5390409 0.1067159 -0.835492 -0.5390661 -0.106552 -0.8354966 0.9415287 0.1800931 -0.2847636 -0.7869756 0.175968 -0.5913583 -0.5390836 -0.1066238 -0.8354761 0.7923144 -0.1065597 -0.6007354 0.9415435 0.1800408 -0.2847478 0.7922605 -0.106628 -0.6007944 0.6287202 0.2268659 0.743803 0.941538 0.1800907 -0.2847343 0.7922617 -0.1065306 -0.6008101 0.5974861 0.05979716 0.7996466 0.6287244 0.2269279 0.7437805 0.5975202 0.05971515 0.7996272 -0.8452528 0.2268012 0.483848 0.6287904 0.226803 0.7437628 0.5975304 0.05979716 0.7996135 -0.8349756 0.05973696 0.5470349 -0.8452312 0.2269147 0.4838325 -0.8349488 0.05978417 0.5470708 -0.5389966 -0.106666 -0.8355269 -0.8452008 0.2268467 0.4839175 -0.8451989 0.2268834 0.4839037 -0.5389965 -0.1066601 -0.8355277 -0.787023 0.1759549 -0.5912991 0.9415356 0.1801212 -0.2847229 0.628719 0.2269034 0.7437925 0.6487216 0.4263952 0.6303551 0.6287692 0.2267911 0.7437843 -0.8252552 0.4262949 0.3704411 0.6487893 0.4262965 0.6303521 0.6287957 0.2268961 0.74373 -0.8452475 0.2268935 0.4838141 -0.8252281 0.4263988 0.370382 -0.8451997 0.2268736 0.4839068 -0.7870212 0.1759564 -0.5913011 -0.8251991 0.4263707 0.3704788 0.9415379 0.1801003 -0.2847284 0.648728 0.4264073 0.6303402 0.856256 -0.5053451 0.1070139 0.8562692 -0.5053337 0.1069627 0.6487227 0.4264133 0.6303417 0.6793584 0.5744446 0.4566024 0.6487653 0.4262953 0.6303777 -0.7946163 0.5743728 0.1966749 0.6794276 0.5743737 0.4565885 0.6487994 0.426371 0.6302914 -0.8252443 0.4263679 0.3703814 -0.7945834 0.5744466 0.196592 -0.8251953 0.4264047 0.3704484 -0.840541 -0.5051644 -0.1957036 -0.7945511 0.5744711 0.1966511 -0.8252019 0.4263591 0.370486 -0.7870186 0.1759052 -0.5913199 -0.8405468 -0.5051608 -0.1956877 -0.5952982 -0.6427447 -0.4821819 0.6821945 -0.7310962 -0.01043921 -0.6358422 -0.7315945 -0.2459156 -0.5952819 -0.6427289 -0.482223 0.724281 -0.6427931 -0.2494676 0.6822108 -0.7310805 -0.01048189 0.7242305 -0.6428394 -0.2494949 0.7169917 0.6532171 0.243373 0.6821537 -0.7311341 -0.01045727 0.7242476 -0.6427842 -0.2495878 0.6793642 0.5744543 0.4565815 0.7169988 0.653227 0.243325 0.6794061 0.5743815 0.4566109 -0.7553585 0.6550001 -0.02021211 0.7170482 0.6531774 0.2433129 0.6794425 0.5744215 0.456506 -0.7946013 0.574421 0.1965941 -0.7553656 0.6549925 -0.02019304 -0.7945607 0.5744307 0.1967299 -0.6357557 -0.7316685 -0.2459187 -0.755312 0.6550548 -0.0201773 -0.7945527 0.5744563 0.1966879 -0.5952077 -0.6427871 -0.4822372 -0.6357639 -0.7316771 -0.2458717 0.5974104 -0.05984383 0.7996997 0.5974861 0.05979323 0.7996469 0.7922626 -0.1065035 -0.6008137 0.5974088 -0.05984938 0.7997004 0.7922619 -0.106577 -0.6008015 0.7922899 0.1066087 -0.600759 -0.8349615 -0.05980902 0.5470488 -0.834975 0.05977982 0.5470312 0.5975288 0.05972331 0.7996202 -0.83495 -0.05995303 0.5470506 0.5975301 0.05970489 0.7996207 0.5974983 -0.05990278 0.7996297 -0.8349481 0.05975127 0.5470753 -0.8348945 -0.05985754 0.5471456 -0.5390396 0.1066961 -0.8354952 -0.834949 0.05977183 0.5470719 -0.5390363 0.1066657 -0.8355013 -0.5389958 -0.1065574 -0.8355412 -0.5390664 -0.1066073 -0.8354893 -0.5391065 0.1066371 -0.8354596 0.7923277 0.1067016 -0.6006926 -0.5390706 -0.1065658 -0.835492 0.7923406 0.1066276 -0.6006886 0.7923155 -0.1065825 -0.60073 0.6822003 0.7310912 -0.01041132 -0.6357139 0.7316484 -0.2460864 -0.5013093 0.8028916 -0.3225742 -0.5012744 0.8028913 -0.3226291 0.701045 0.6855976 0.1961935 0.682187 0.7311023 -0.01051288 -0.7552561 -0.6551125 -0.020392 0.7170928 -0.6531558 0.2432396 0.7008121 -0.6858577 0.1961166 0.7008304 -0.6858529 0.1960677 -0.501243 -0.8028504 -0.3227798 -0.7552452 -0.6551252 -0.02038788 -0.6356701 0.7317038 -0.2460347 -0.7552024 -0.6551742 -0.02039986 -0.5012211 -0.8028713 -0.3227617 -0.501261 -0.8028774 -0.3226848 -0.5012864 0.8029163 -0.3225482 -0.6356776 0.7317078 -0.2460036 -0.6358498 -0.7315879 -0.2459152 0.6821942 -0.7310959 -0.01047742 0.7010287 -0.6855919 0.1962717 0.7010447 -0.6856052 0.1961676 -0.5012758 -0.8028221 -0.3227993 -0.6358237 -0.7316049 -0.2459318 0.6820987 -0.7311871 -0.01034176 0.7169981 0.6532261 0.24333 0.7007797 0.6859297 0.1959801 0.7007564 0.68597 0.1959227 0.7009847 -0.6856714 0.1961511 0.6821435 -0.7311446 -0.01039344 0.7170474 0.6531731 0.2433272 -0.7553723 0.6549857 -0.02016431 -0.5012079 0.8027843 -0.3229985 -0.5012239 0.8027691 -0.3230116 0.7008261 0.6858847 0.1959719 0.7170574 0.6531822 0.2432733 -0.7553162 0.6550516 -0.02012431 -0.6357614 -0.7316634 -0.2459189 -0.5012426 -0.8028433 -0.3227981 -0.5012584 -0.8028752 -0.3226941 -0.5011981 0.8027831 -0.3230167 -0.7552855 0.6550846 -0.02019816 0.7009776 0.6856585 0.1962214 0.7007651 -0.6859292 0.1960341 0.7170071 -0.6532447 0.2432535 0.7009992 0.6856273 0.1962532 0.7169862 -0.6532114 0.2434042 0.6821537 0.7311341 -0.01045674 -0.7404141 0.6430882 -0.1955112 -0.7412555 -0.6422167 -0.1951872 -0.7077018 -0.5053383 0.4937525 -0.7077223 -0.5052481 0.4938154 -0.7075095 0.5057232 0.4936338 -0.7404118 0.6430886 -0.1955186 -0.1950926 -0.6528407 0.7319412 -0.18975 0.6495149 0.7362917 -0.463868 0.6048954 0.6472466 -0.4638488 0.6048965 0.6472594 -0.4514218 -0.6268256 0.6350654 -0.1950729 -0.6528139 0.7319703 -0.06839507 0.9951431 0.07079863 -0.7404727 0.6430176 -0.1955212 -0.7075699 0.5056618 0.4936103 -0.06837391 0.9951458 0.070782 -0.5843512 0.6478133 0.488745 -0.03269135 0.9974707 0.06311446 -0.06886833 -0.9948369 0.07454454 -0.03747516 -0.997045 0.06705927 -0.5822271 -0.6483156 0.4906104 -0.06889569 -0.994832 0.07458323 -0.7077388 -0.5052159 0.4938247 -0.7412707 -0.6421816 -0.1952448 0.3446348 0.849328 -0.3998361 0.3445516 -0.8493713 -0.3998158 0.6418172 -0.7560276 -0.1284256 0.6417837 -0.7560421 -0.1285071 0.6414773 0.756199 -0.1291134 0.3446097 0.8493379 -0.3998365 -0.1572177 0.5922967 -0.7902325 -0.7404417 0.6430436 -0.195553 0.6415211 0.7561679 -0.1290768 -0.0374521 -0.9970488 0.06701564 -0.06884783 -0.9948401 0.07451969 0.3444969 -0.8493795 -0.3998455 0.6415088 0.7561824 -0.1290538 0.6418523 -0.7559782 -0.1285404 0.8893997 -0.3923901 -0.2345171 0.8893789 -0.3924192 -0.2345473 0.889878 0.3911525 -0.2347695 0.6415073 0.7561671 -0.1291507 0.641811 -0.756016 -0.1285248 -0.157319 -0.5911709 -0.791055 0.4707235 -0.5830115 -0.6622062 0.4707153 -0.5830853 -0.6621471 0.8894149 -0.392362 -0.2345067 0.6417735 -0.7560528 -0.1284956 -0.157335 -0.5912199 -0.791015 -0.1572101 0.5923146 -0.7902206 0.4707726 0.5829864 -0.6621935 0.4707712 0.5829916 -0.6621899 0.4707274 -0.5830861 -0.6621378 -0.1573479 -0.5912052 -0.7910234 0.4707941 0.5829879 -0.6621769 0.6414761 0.756203 -0.1290947 0.8898912 0.3911578 -0.2347112 0.6415184 0.7561752 -0.1290481 0.4707854 0.5829027 -0.662258 -0.1572281 0.5922779 -0.7902445 0.856176 0.5054705 0.1070628 0.6487249 -0.4264138 0.6303391 0.941532 -0.1801846 -0.2846949 -0.7945544 -0.5744456 0.1967121 -0.5953123 0.6428145 -0.4820715 -0.8405707 0.5051089 -0.1957191 -0.595395 0.6428158 -0.4819676 0.8561496 0.5055072 0.1071002 -0.8405388 0.505151 -0.1957475 0.8562592 -0.5053406 0.1070108 0.6793651 0.5744595 0.4565736 0.7242243 -0.6428624 -0.2494534 -0.8405331 -0.5051551 -0.1957618 0.8562126 -0.5054125 0.1070436 0.7242818 -0.6428328 -0.2493631 -0.8405027 -0.5052538 -0.1956371 0.7243269 -0.642746 -0.2494559 -0.5952889 -0.6427565 -0.4821775 -0.7945521 0.5744607 0.1966776 -0.8405538 -0.5051601 -0.1956596 -0.5952023 -0.6427763 -0.4822581 0.7470843 0.3946841 -0.5348734 0.6808035 -0.6443816 0.3482513 0.6307355 -0.7658628 0.1250078 0.7964548 0.5190302 -0.3102702 0.6807907 -0.6444256 0.3481948 0.7470942 0.3947185 -0.5348341 -0.5506283 0.8139136 -0.185346 0.7965027 0.5189527 -0.3102768 0.7472174 0.3947753 -0.5346202 -0.5924394 0.7084859 -0.3834885 0.7965038 0.5189808 -0.3102271 -0.5506469 0.8138923 -0.1853848 -0.6805084 -0.4822425 0.5516797 -0.5923676 0.7085419 -0.3834959 -0.5505801 0.8139215 -0.1854548 -0.7238008 -0.5932061 0.3524472 -0.5923684 0.708545 -0.3834888 -0.6805371 -0.4823324 0.5515658 0.6307759 -0.7658313 0.1249966 -0.7238515 -0.5931766 0.3523926 -0.6805754 -0.4822286 0.5516094 0.6808567 -0.6443492 0.3482074 -0.7238512 -0.5931901 0.3523705 0.6307727 -0.7658356 0.1249871 0.6135796 0.295936 -0.7320806 0.6307218 -0.7658745 0.1250055 0.497228 -0.8646107 -0.07219946 0.7470963 0.3947066 -0.5348402 0.6307538 -0.765843 0.1250369 0.6136041 0.2959705 -0.7320461 -0.431328 0.9021491 -0.009122908 0.7471218 0.3946615 -0.5348377 0.6137938 0.295998 -0.731876 -0.5506444 0.8138934 -0.1853865 0.747117 0.3946545 -0.5348495 -0.4313629 0.9021321 -0.009161591 -0.5611973 -0.3940253 0.7278748 -0.5505495 0.813959 -0.1853811 -0.4313181 0.9021525 -0.009245455 -0.6805016 -0.4822963 0.5516411 -0.5506297 0.8138833 -0.1854751 -0.5612696 -0.3941033 0.7277768 0.4972751 -0.8645815 -0.07222348 -0.6805744 -0.4822273 0.5516117 -0.5612785 -0.393994 0.7278291 0.6307556 -0.7658559 0.1249493 -0.6805927 -0.4822494 0.5515698 0.4972665 -0.8645858 -0.072232 0.4130831 0.2314932 -0.8807799 0.4972234 -0.8646135 -0.07219803 0.2967414 -0.9290568 -0.220903 0.6136045 0.2959592 -0.7320504 0.4972643 -0.8645918 -0.07217514 0.4131224 0.2315157 -0.8807556 -0.2521679 0.9597379 0.1237522 0.6136198 0.2959116 -0.7320567 0.4131609 0.2314643 -0.8807511 -0.4313593 0.9021338 -0.009155333 0.6136116 0.2959085 -0.7320649 -0.2522124 0.9597291 0.1237301 -0.3820329 -0.3364503 0.8607276 -0.4312563 0.9021828 -0.009180784 -0.2521911 0.9597468 0.1236352 -0.561211 -0.39407 0.7278401 -0.43137 0.9021278 -0.009251236 -0.3821455 -0.3365059 0.8606559 0.2967804 -0.9290361 -0.2209377 -0.5612741 -0.3939924 0.7278334 -0.3821175 -0.3364045 0.8607081 0.4972393 -0.8645992 -0.0722596 -0.5613085 -0.3940085 0.7277982 0.2967688 -0.9290387 -0.2209424 0.2304062 0.2345438 -0.9444058 0.2967326 -0.9290603 -0.2209 0.1107295 -0.957431 -0.2665802 0.4131198 0.2315039 -0.8807598 0.2967805 -0.9290483 -0.2208861 0.2304434 0.2345477 -0.9443957 -0.09695398 0.9719873 0.2141045 0.4131245 0.2314577 -0.8807699 0.2304485 0.2344708 -0.9444136 -0.2522089 0.95973 0.1237301 0.4131126 0.231454 -0.8807764 -0.09703814 0.971984 0.2140811 -0.2235972 -0.289026 0.9308428 -0.2521113 0.9597626 0.1236765 -0.09702783 0.9720047 0.2139916 -0.3820632 -0.3364909 0.8606984 -0.2522484 0.9597308 0.1236442 -0.2235801 -0.2890251 0.9308472 0.1106896 -0.9574021 -0.2667005 -0.3821097 -0.3364065 0.8607108 -0.2236149 -0.2889648 0.9308575 0.2967304 -0.9290467 -0.2209603 -0.3821603 -0.3364098 0.8606869 0.1107034 -0.957403 -0.2666917 0.2113772 0.9707601 0.1137744 -0.09701287 0.9719923 0.2140547 0.09581518 0.2338292 -0.967545 0.09575587 0.2338122 -0.9675551 -0.09698152 0.9719906 0.2140772 0.2304294 0.2344525 -0.9444229 0.07219111 -0.4202203 0.904546 -0.2236914 -0.2890155 0.9308235 0.2113292 0.9707743 0.1137421 0.2113819 0.9707609 0.1137593 -0.2236323 -0.2890204 0.9308362 -0.096969 0.9720074 0.2140061 -0.2236198 -0.2889208 0.9308701 0.07218879 -0.4201927 0.904559 0.1106574 -0.9574041 -0.2667063 0.1107577 -0.9573944 -0.2666998 0.07217001 -0.4202302 0.9045431 -0.02319121 -0.9565814 -0.2905412 0.1106284 -0.9574335 -0.2666134 -0.02321124 -0.9566013 -0.2904744 0.2304573 0.2345766 -0.9443852 0.2304075 0.2345813 -0.9443961 -0.02318829 -0.9566032 -0.2904698 0.0958833 0.2338895 -0.9675237 0.6807805 -0.6443954 0.3482708 0.796459 0.5190522 -0.3102223 0.8562534 -0.5053467 0.1070272 0.9415264 0.1801277 -0.284749 0.8562475 -0.505359 0.1070163 0.79643 0.5190756 -0.3102578 -0.5923458 0.7085547 -0.3835059 -0.7238113 -0.5932172 0.3524069 -0.7870098 0.1759804 -0.5913091 -0.8405293 -0.5051791 -0.1957159 -0.7870154 0.1759935 -0.5912977 -0.7238066 -0.5932051 0.352437 -0.7238692 -0.5931277 0.3524387 0.6808592 -0.6443232 0.3482504 -0.8405105 -0.5052132 -0.1957086 0.8562324 -0.5053723 0.1070746 -0.8405239 -0.5052139 -0.1956489 0.6808572 -0.6443331 0.348236 -0.7870201 0.1760085 -0.5912872 0.941529 0.1802182 -0.2846833 -0.5924363 0.7084975 -0.3834717 -0.5924329 0.7084848 -0.3835003 0.9414994 0.1801262 -0.2848395 0.7965008 0.5189936 -0.3102133 0.07214641 -0.4202079 0.9045553 -0.4321988 -0.8745446 -0.2199451 -0.2407757 -0.9193963 -0.3110266 -0.3130435 0.3147097 -0.8960813 0.2113118 0.9707714 0.1137999 -0.1254798 0.2306438 -0.9649137 -0.2407078 -0.9194402 -0.3109491 -0.3129433 0.3147933 -0.8960869 -0.1254627 0.2307081 -0.9649004 -0.432192 -0.8745754 -0.2198362 -0.31295 0.3147907 -0.8960855 -0.2407124 -0.9194415 -0.3109423 0.07220339 -0.4202065 0.9045515 -0.2407556 -0.9194065 -0.311012 -0.02320384 -0.9565799 -0.2905455 -0.1255226 0.2306222 -0.9649133 0.2114291 0.9707465 0.113794 0.09578192 0.2338302 -0.9675481 -0.0231564 -0.956615 -0.2904336 -0.1255051 0.2307243 -0.9648911 0.09578144 0.2339116 -0.9675285 -0.2407282 -0.9194407 -0.3109322 -0.125548 0.2307304 -0.9648841 -0.02329051 -0.9566096 -0.2904404 0.3438779 -0.4868606 0.8029413 -0.7517895 -0.5666097 0.3372924 -0.6064496 -0.7838311 -0.1335212 -0.7453119 0.1076622 -0.657966 0.7809603 0.5778445 -0.2370587 -0.4908657 0.3692535 -0.7891152 -0.6064347 -0.7838577 -0.1334334 -0.7454124 0.1076198 -0.657859 -0.4908687 0.3693875 -0.7890506 -0.7517272 -0.566702 0.3372761 -0.7454124 0.1076245 -0.6578583 -0.606441 -0.7838613 -0.1333822 0.343859 -0.4868575 0.8029513 -0.6065188 -0.7837895 -0.1334508 0.07218211 -0.4202141 0.9045496 -0.4322715 -0.8745177 -0.2199094 0.07220858 -0.4202187 0.9045454 -0.606524 -0.7837864 -0.1334451 0.7809695 0.5778412 -0.2370365 0.3438621 -0.4868944 0.8029276 0.2113041 0.9707729 0.1138011 0.0722351 -0.4202773 0.9045161 0.2114073 0.9707593 0.1137249 0.3438558 -0.4868932 0.8029311 -0.490893 0.369272 -0.7890895 0.7809603 0.5778481 -0.23705 -0.31306 0.3147132 -0.8960743 0.2113531 0.9707631 0.113793 -0.3130362 0.3147082 -0.8960844 0.7809616 0.5778459 -0.2370509 -0.6064136 -0.7838761 -0.1334202 -0.4908715 0.369358 -0.7890626 -0.4321804 -0.8745788 -0.219846 -0.3129661 0.3147989 -0.896077 -0.4322081 -0.8745691 -0.2198297 -0.4908151 0.369348 -0.7891024 -0.7848064 -0.1384494 0.6040785 -0.7453706 0.1076765 -0.657897 -0.7517316 -0.5666998 0.3372699 0.7808855 0.577942 -0.2370679 0.5298113 -0.1606878 0.8327541 0.343895 -0.4868699 0.8029284 0.5298724 -0.1606507 0.8327224 -0.7517732 -0.5666761 0.337217 0.3438192 -0.486917 0.8029323 0.529913 -0.1606576 0.8326953 -0.7848633 -0.1384739 0.6039989 -0.7517617 -0.5667009 0.3372008 0.6807878 0.6444328 0.3481875 0.747101 -0.3947403 -0.5348087 0.6307381 0.7658607 0.1250076 0.6807942 0.6444101 0.3482168 0.7964569 -0.5190271 -0.3102697 0.7470891 -0.3946975 -0.5348568 0.7965021 -0.5189695 -0.3102502 -0.5506368 -0.8139052 -0.1853573 0.7471396 -0.3946889 -0.5347926 0.796504 -0.5189833 -0.3102223 -0.5924389 -0.7084896 -0.3834823 -0.5506165 -0.8139279 -0.1853188 -0.5923659 -0.7085462 -0.3834906 -0.6805399 0.4823321 0.5515626 -0.5505805 -0.8139207 -0.1854571 -0.5923655 -0.7085555 -0.3834739 -0.7237998 0.5932071 0.3524476 -0.6805129 0.4822652 0.5516544 -0.7238514 0.593163 0.352416 0.6307732 0.7658341 0.1249934 -0.680579 0.4822325 0.5516014 -0.7238495 0.5931835 0.3523851 0.6808573 0.6443547 0.3481959 0.6307641 0.7658467 0.1249618 0.6307439 0.7658533 0.1250239 0.6136214 -0.2959896 -0.732024 0.497236 0.8646059 -0.07220232 0.6307072 0.7658903 0.1249831 0.7470973 -0.3947031 -0.5348412 0.6135882 -0.2959514 -0.7320671 0.7471312 -0.3946755 -0.5348142 -0.4313414 -0.9021427 -0.009134888 0.6136547 -0.2959315 -0.7320194 0.7471183 -0.3946621 -0.5348421 -0.5506436 -0.8138969 -0.1853743 -0.4313099 -0.902158 -0.009101092 -0.5506071 -0.8139019 -0.1854608 -0.5612772 0.3940983 0.7277737 -0.4313161 -0.9021535 -0.009247541 -0.5505515 -0.8139598 -0.1853717 -0.680501 0.4822963 0.5516419 -0.5612084 0.3940457 0.7278552 -0.6806057 0.4822605 0.551544 0.4972695 0.8645848 -0.07222425 -0.5612848 0.3939947 0.7278239 -0.6805858 0.4822441 0.5515829 0.6307528 0.7658597 0.12494 0.4972499 0.8645937 -0.07225191 0.4972475 0.8646005 -0.07218611 0.4131472 -0.2315301 -0.8807402 0.2967411 0.9290563 -0.2209057 0.4971976 0.8646269 -0.07221424 0.613604 -0.2959576 -0.7320515 0.413098 -0.2315025 -0.8807705 0.6136387 -0.295921 -0.7320371 -0.2521829 -0.9597349 0.1237446 0.4131715 -0.2314665 -0.8807455 0.6136165 -0.2959117 -0.7320595 -0.4313514 -0.9021378 -0.009146034 -0.2521373 -0.9597436 0.1237707 -0.4313455 -0.9021396 -0.009232044 -0.3821457 0.3365107 0.8606539 -0.2521911 -0.9597464 0.1236396 -0.4312505 -0.9021856 -0.009184062 -0.5612132 0.3940645 0.7278413 -0.3820592 0.3364568 0.8607134 -0.5613287 0.3940217 0.7277755 0.2967751 0.9290366 -0.2209427 -0.3821259 0.3364078 0.860703 -0.5612972 0.3940016 0.7278106 0.4972311 0.8646032 -0.07226729 0.2967423 0.9290443 -0.2209542 0.2967607 0.9290532 -0.2208923 0.2304872 -0.2345564 -0.9443828 0.1107452 0.9574176 -0.2666216 0.2967021 0.9290681 -0.2209082 0.4131188 -0.2315077 -0.8807595 0.2304124 -0.2345459 -0.9444038 0.4131484 -0.2314602 -0.8807579 -0.09697282 -0.9719873 0.2140963 0.230458 -0.2344678 -0.944412 0.4131194 -0.2314578 -0.8807722 -0.2522009 -0.9597312 0.1237368 -0.09695506 -0.9719871 0.2141048 -0.252221 -0.9597368 0.1236521 -0.2236153 0.2890334 0.9308362 -0.0970298 -0.9720038 0.2139953 -0.252107 -0.9597639 0.1236749 -0.3820651 0.3364875 0.8606988 -0.2235909 0.2890232 0.9308453 -0.3821849 0.3364218 0.8606713 0.1106824 0.9574021 -0.2667036 -0.2236326 0.2889204 0.9308671 -0.3819551 0.3363701 0.8607937 0.2967201 0.9290487 -0.2209661 0.1106761 0.957404 -0.2666991 -0.09698343 -0.9719936 0.2140627 0.2113748 -0.9707605 0.1137754 0.09583604 -0.2338288 -0.9675431 -0.09697544 -0.9719912 0.2140771 0.09585845 -0.2338055 -0.9675465 0.23043 -0.2344508 -0.944423 -0.2235284 0.2890288 0.9308584 0.07219338 0.4202206 0.9045457 0.2113276 -0.9707747 0.1137423 -0.223631 0.2890209 0.9308363 0.2113484 -0.9707693 0.113749 -0.09696775 -0.9720075 0.2140069 0.07227146 0.420209 0.9045448 -0.2236233 0.2889208 0.9308692 0.1107671 0.9573993 -0.2666781 0.07215726 0.4201853 0.904565 0.1106584 0.9573979 -0.2667282 -0.02318555 0.9565809 -0.2905434 -0.0232411 0.9565985 -0.2904814 0.110727 0.9574255 -0.2666007 0.2304616 -0.2345764 -0.9443842 -0.02319324 0.9566029 -0.2904703 0.2304374 -0.2345782 -0.9443896 0.09588408 -0.2338891 -0.9675237 0.7964685 -0.5190069 -0.3102738 0.6807964 0.6444276 0.3481802 0.8561539 0.5054847 0.1071717 0.8561762 0.5054593 0.1071143 0.9415254 -0.1801643 -0.2847294 0.7964299 -0.5190904 -0.3102334 -0.7238062 0.5932349 0.3523877 -0.5923522 -0.7085635 -0.3834797 -0.7870122 -0.1760039 -0.5912991 -0.7870181 -0.1759928 -0.5912944 -0.8405473 0.5051424 -0.1957334 -0.7237979 0.5932248 0.3524218 0.6808581 0.6443344 0.3482317 -0.7238692 0.5931305 0.3524337 -0.8405219 0.5051809 -0.1957426 -0.8405642 0.5051482 -0.1956458 0.8561495 0.5055076 0.1070987 0.6808518 0.6443381 0.3482376 0.9415318 -0.1802427 -0.2846587 -0.7869539 -0.1759561 -0.5913908 -0.5924398 -0.7084989 -0.3834639 0.9415319 -0.1802211 -0.2846719 -0.5924324 -0.7085036 -0.3834665 0.7965017 -0.5190081 -0.3101863 -0.4322697 0.8745186 -0.2199097 0.0720573 0.4201877 0.9045718 -0.2407777 0.9193967 -0.3110237 0.2113972 -0.9707544 0.1137859 -0.312974 -0.3146843 -0.8961145 -0.1254792 -0.2306439 -0.9649137 -0.3129378 -0.3147936 -0.8960887 -0.2408085 0.9194298 -0.3109018 -0.1254619 -0.2307099 -0.9649001 -0.3129569 -0.3147905 -0.8960831 -0.4321939 0.8745753 -0.2198331 -0.24072 0.9194408 -0.310938 -0.2407545 0.9194063 -0.3110137 0.07221692 0.4202107 0.9045484 -0.02327919 0.956575 -0.2905553 0.2114173 -0.9707487 0.1137964 -0.1255198 -0.2306212 -0.9649139 0.09586101 -0.2338283 -0.9675407 -0.1254948 -0.2307266 -0.9648919 -0.02327466 0.9566131 -0.29043 0.09577572 -0.2339138 -0.9675285 -0.1254307 -0.2307398 -0.9648971 -0.2408223 0.9194124 -0.310943 -0.02318328 0.9566113 -0.2904437 -0.7515864 0.5664588 0.3379976 0.344073 0.4860842 0.8033281 -0.606494 0.7837917 -0.1335501 0.7811405 -0.5781647 -0.2356804 -0.7455217 -0.1076079 -0.657737 -0.490908 -0.3692816 -0.7890757 -0.7455539 -0.1075667 -0.6577074 -0.6064975 0.783818 -0.1333793 -0.4908915 -0.3693675 -0.7890458 -0.7455733 -0.1075958 -0.6576805 -0.7515583 0.5664675 0.3380458 -0.6064919 0.7838167 -0.1334128 -0.6065223 0.7837775 -0.1335048 0.3441265 0.4861135 0.8032874 0.07215917 0.4202104 0.9045532 0.0721808 0.4202154 0.9045491 -0.4322739 0.8745161 -0.219911 -0.6065265 0.7837749 -0.1335018 0.3440711 0.4861086 0.8033142 0.7810797 -0.5782546 -0.2356612 0.2114044 -0.97076 0.1137244 0.2114238 -0.9707572 0.1137123 0.07214385 0.4202076 0.9045557 0.3441717 0.4861462 0.8032483 0.7811397 -0.5781684 -0.2356737 -0.4908941 -0.3692735 -0.7890881 -0.312967 -0.3146793 -0.8961187 -0.3130609 -0.3147148 -0.8960735 0.2113536 -0.9707633 0.1137907 0.7811388 -0.5781726 -0.2356664 -0.4908832 -0.3693605 -0.7890543 -0.6064991 0.7838085 -0.1334287 -0.4322013 0.8745718 -0.2198321 -0.4321968 0.8745729 -0.2198367 -0.3129665 -0.3147982 -0.896077 -0.4908971 -0.3693645 -0.7890438 0.5275516 0.1614152 0.834047 0.3440967 0.486097 0.8033102 -0.7515547 0.5664832 0.3380271 -0.7515187 0.5665369 0.3380172 -0.7455421 -0.1075446 -0.6577242 -0.7843784 0.1383007 0.6046682 0.3441452 0.4860317 0.8033288 0.5274868 0.16146 0.8340795 0.7811039 -0.5782263 -0.2356504 -0.7844487 0.1382027 0.6045995 0.5275516 0.1614122 0.8340477 -0.7515683 0.5664845 0.3379948 0.7810987 -0.5782001 -0.2357323 0.8377407 0.3020966 0.4548938 0.780902 0.5779098 -0.237092 0.5275015 0.1614818 0.8340658 0.8377369 0.3021095 0.4548922 0.781108 -0.5781971 -0.2357086 -0.9431937 -0.3014262 0.139742 -0.7848563 -0.1384546 0.6040125 0.5299122 -0.160684 0.8326907 -0.7844249 0.1383221 0.6046029 0.8376724 0.3022028 0.4549487 0.5275759 0.1614331 0.8340281 -0.745369 0.1076399 -0.6579049 -0.9432281 -0.3013433 0.1396883 -0.7455468 -0.1075655 -0.6577154 -0.7848015 -0.1384612 0.6040821 -0.9432255 -0.301366 0.139658 -0.7453652 0.1076307 -0.6579107 -0.7454106 0.1076686 -0.657853 -0.7455725 -0.1076341 -0.6576751 0.7810933 -0.5782256 -0.2356876 -0.7454236 0.1076471 -0.6578418 0.7811821 -0.5780999 -0.2357017 0.7809342 0.5778821 -0.2370536 0.8384317 -0.3004201 0.4547309 -0.9432323 -0.3013172 0.1397165 0.5298754 -0.1607395 0.8327034 -0.9432413 -0.3013214 0.1396469 -0.9431146 0.3016908 0.1397051 -0.7455371 -0.1075541 -0.6577284 0.8384396 -0.3004563 0.4546924 0.5298106 -0.160668 0.8327585 0.7808907 0.5779212 -0.2371008 -0.9431337 0.3016199 0.13973 -0.7843884 0.1381803 0.6046827 -0.7455427 -0.1075816 -0.6577175 -0.784424 0.1382667 0.6046167 -0.9431296 0.3016142 0.1397693 0.8377189 0.302096 0.4549344 0.837723 0.3020861 0.4549334 0.8384503 -0.3004722 0.4546619 0.7808811 0.5779462 -0.2370715 -0.9432153 -0.3013754 0.1397067 0.8383755 -0.3005067 0.4547773 0.468509 -0.5770779 0.6689398 0.4684906 -0.5770718 0.668958 -0.6689584 -0.5773346 0.4681661 -0.94321 -0.3013663 0.139762 -0.9431271 0.3016368 0.1397382 -0.943231 -0.3013444 0.1396675 -0.6689577 -0.5772822 0.4682317 -0.6689685 -0.5772786 0.4682208 -0.6687816 0.5774461 0.468281 -0.9431285 0.3016269 0.1397496 0.8376992 0.3021529 0.4549327 -0.943106 0.3016958 0.1397523 -0.6688217 0.5773922 0.4682902 -0.6688317 0.5773859 0.468284 0.4679923 0.5776095 0.6688427 0.8377411 0.3021441 0.4548614 0.8384431 -0.3004208 0.4547094 0.8377317 0.3021274 0.4548898 0.4679381 0.5775917 0.668896 0.467913 0.5776392 0.6688725 0.4684774 -0.5770917 0.6689501 0.8384163 -0.3004335 0.4547504 -0.7077608 -0.5052111 0.4937981 -0.06888836 -0.9948329 0.07457894 -0.5183631 -0.6321916 0.5758764 -0.1573811 -0.5912088 -0.7910142 -0.06885445 -0.9948391 0.07452613 -0.741301 -0.6421706 -0.1951663 -0.5184046 -0.6321856 0.5758457 -0.06886976 -0.9948372 0.07453882 -0.5822098 -0.6483329 0.490608 -0.5843405 0.647887 0.4886601 -0.5183462 -0.6322368 0.575842 -0.5822277 -0.6483634 0.4905467 -0.5182761 0.6322417 0.5758996 -0.06841051 0.9951427 0.07078897 -0.7075853 0.5056354 0.4936152 -0.06833481 0.9951515 0.07073813 -0.03266555 0.9974741 0.06307637 0.3445973 0.8493536 -0.399814 -0.06837201 0.9951459 0.07078158 -0.5182653 0.6322427 0.5759083 -0.5843408 0.6478503 0.4887084 -0.5183585 -0.6322626 0.5758025 -0.5182512 0.6322821 0.5758778 -0.7075114 0.5057282 0.4936261 -0.1949975 0.7190262 0.6670663 -0.03267925 0.9974707 0.06312114 -0.1897156 0.6494349 0.736371 -0.1950506 0.7190189 0.6670585 -0.3175193 0.7171006 0.6204421 -0.3301109 0.9177623 0.2207697 -0.1950756 -0.6527491 0.7320274 -0.03745061 -0.9970467 0.0670489 -0.1960819 -0.7116959 0.6745672 -0.3318448 -0.915113 0.2290137 -0.1961702 -0.7116887 0.6745491 -0.03744268 -0.9970486 0.06702435 -0.03270709 0.9974712 0.06310111 -0.5844011 0.6478151 0.4886829 -0.4638826 0.6048217 0.647305 -0.4638834 0.6048388 0.6472885 -0.1897293 0.6494387 0.7363642 -0.03270089 0.997469 0.06313782 -0.5843024 0.6478997 0.4886888 -0.5822397 -0.6483621 0.490534 -0.4514257 -0.6268709 0.6350181 -0.4513933 -0.6268486 0.6350628 -0.4638011 0.6048623 0.6473253 -0.5843059 0.6479033 0.4886798 -0.5822172 -0.6483237 0.4906113 -0.03745162 -0.9970481 0.06702703 -0.1951094 -0.6527534 0.7320147 -0.1950674 -0.6527543 0.732025 -0.4513845 -0.6267905 0.6351266 -0.5822417 -0.6483083 0.4906026 0.3735849 -0.857111 0.3546763 -0.3318626 -0.9150915 0.2290735 -0.8033296 -0.2539007 0.5386984 0.7446728 0.2115913 -0.6330021 0.9960891 -0.07131677 -0.05215775 0.4823831 0.2204242 0.8477734 0.3724914 0.8602223 0.3482353 -0.3301187 0.9177559 0.2207847 -0.3174404 0.7171046 0.6204779 -0.3318603 -0.9151092 0.2290067 0.3735376 -0.8571405 0.3546546 -0.3177887 -0.712675 0.6253836 0.9960858 -0.07136493 -0.0521565 0.5177879 -0.7371647 -0.4341475 0.3735727 -0.8571274 0.3546494 0.9960891 -0.07131391 -0.0521633 0.3736133 -0.8571345 0.3545894 0.4823765 0.2203274 0.8478024 0.8137448 -9.5427e-5 -0.5812224 0.9960578 0.07105022 -0.05310958 0.9960876 -0.07133877 -0.05215704 0.7446858 -0.2117368 -0.6329381 0.9960568 0.07103705 -0.05314701 0.8137511 -1.83583e-4 -0.5812135 0.9960869 -0.07137328 -0.05212253 0.4516292 0.7037878 -0.5483738 0.5177505 -0.7371819 -0.4341629 -0.3175714 0.7170856 0.6204327 -0.4666901 0.7022256 0.5376611 0.4516882 0.703692 -0.5484482 -0.3177261 -0.7126676 0.625424 0.3735722 -0.8571316 0.3546398 0.5178331 -0.7371157 -0.4341768 0.4515985 0.7037243 -0.5484806 0.3725075 0.8602343 0.3481885 -0.3175379 0.7171115 0.6204199 -0.3174746 0.7171533 0.620404 -0.3177267 -0.7127287 0.6253539 -0.4666368 0.7022957 0.537616 0.9960877 -0.07133597 -0.0521605 0.9960585 0.07102847 -0.05312711 0.4515359 0.7037662 -0.5484783 0.9960515 0.0710718 -0.05319923 0.3725279 0.8602207 0.3482003 0.4516066 0.7037354 -0.5484597 -0.4666651 0.7023045 0.5375798 -0.3177798 -0.7127522 0.6253003 -0.3439029 -0.7364377 0.5825722 0.5177912 -0.7371252 -0.4342105 -0.3439106 -0.7363798 0.5826409 -0.3178 -0.7126609 0.6253941 -0.03266334 0.997474 0.06307744 -0.1950058 0.7190192 0.6670713 -0.330109 0.9177482 0.2208316 -0.1961196 -0.7117339 0.6745162 -0.1949282 0.7190864 0.6670215 -0.1897926 0.6494933 0.7362996 -0.1961404 -0.7116957 0.6745504 -0.331867 -0.9151086 0.228999 -0.3176929 -0.7126635 0.6254454 -0.1950631 0.7190893 0.666979 -0.1961221 -0.7117395 0.6745095 -0.317694 -0.7127252 0.6253746 -0.6689449 -0.5773515 0.4681646 0.4685471 -0.5770498 0.6689374 0.4679703 0.5776376 0.6688339 -0.668959 -0.5773646 0.4681283 0.467946 0.5776231 0.6688634 -0.6688802 0.577351 0.4682575 0.9593161 0.2695547 -0.08398103 0.1297405 -0.1300481 0.9829826 0.9907059 -0.1289163 -0.04338741 0.9593102 0.2695792 -0.08397132 0.08320164 0.268243 0.9597516 0.1297543 -0.1301784 0.9829637 0.08324003 0.2682455 0.9597477 -0.9817337 0.1136865 0.1525599 0.1298205 -0.130096 0.9829658 0.083256 0.2682484 0.9597455 -0.959587 0.2683501 0.08474153 -0.9817407 0.1136676 0.1525284 -0.9595754 0.2683667 0.08482015 -0.01934951 0.1151724 -0.993157 -0.981727 0.1136574 0.152625 -0.9595955 0.2682894 0.08483678 -0.08400994 0.2697865 -0.9592484 -0.01932114 0.1152071 -0.9931536 -0.08405798 0.2697757 -0.9592474 0.9907092 -0.1289094 -0.0433318 -0.0193963 0.1152326 -0.9931492 -0.08407914 0.2697091 -0.9592642 0.9592961 0.2696502 -0.0839045 0.9906995 -0.1289818 -0.04334098 0.9907094 -0.1288913 -0.04338091 0.06176799 -0.3711049 0.9265343 0.9231582 -0.3711694 -0.1000615 0.9907001 -0.128953 -0.04340845 0.1297346 -0.1301065 0.9829757 0.06176251 -0.3711665 0.92651 0.12981 -0.130161 0.9829586 -0.9210734 0.331676 0.2039973 0.06183123 -0.371123 0.926523 0.1298179 -0.1301353 0.9829609 -0.9817298 0.1137129 0.1525655 -0.921056 0.3317117 0.2040176 -0.9817168 0.1137068 0.1526532 0.04102247 0.3315861 -0.9425327 -0.9210897 0.331586 0.2040704 -0.9817139 0.1137278 0.1526565 -0.01934564 0.1152384 -0.9931495 0.0410456 0.3316975 -0.9424925 -0.0193966 0.1152379 -0.9931486 0.9231612 -0.3711752 -0.1000125 0.0409587 0.3316753 -0.9425041 -0.01940333 0.1151779 -0.9931554 0.9907016 -0.1289658 -0.04333806 0.9231486 -0.371204 -0.1000221 0.9231657 -0.3711515 -0.1000592 -0.06516194 -0.5686062 0.820025 0.7962096 -0.5686585 -0.2065862 0.9231426 -0.3711997 -0.1000924 0.06176877 -0.3711477 0.9265171 -0.06518679 -0.568654 0.8199899 0.06182318 -0.3711471 0.9265137 -0.8076376 0.5081444 0.2991836 -0.06510394 -0.5686364 0.8200087 0.06181013 -0.371176 0.9265031 -0.9210817 0.3316563 0.2039922 -0.8076072 0.5081787 0.2992078 -0.9210986 0.3315813 0.2040376 0.1544365 0.5080496 -0.8473695 -0.8076758 0.5080533 0.2992351 -0.9210517 0.3316712 0.2041031 0.04105836 0.3316681 -0.9425023 0.1544815 0.5081411 -0.8473064 0.04092901 0.3316125 -0.9425274 0.796059 -0.5688407 -0.2066649 0.154394 0.5081455 -0.8473199 0.04095119 0.3316565 -0.9425111 0.9231377 -0.3712286 -0.1000314 0.7961909 -0.5686968 -0.2065529 0.7962245 -0.5686412 -0.2065767 -0.2362201 -0.6974973 0.6765336 0.6252586 -0.6974815 -0.350102 0.7961911 -0.5686727 -0.2066187 -0.06516891 -0.5686377 0.8200025 -0.2361933 -0.6974706 0.6765705 -0.06511861 -0.5686497 0.8199983 -0.6547917 0.6233646 0.4273926 -0.2361345 -0.697559 0.6764997 -0.06513696 -0.5686743 0.8199798 -0.807648 0.5081326 0.2991759 -0.6549144 0.6233039 0.427293 -0.8076838 0.5080587 0.2992045 0.3071005 0.623234 -0.719214 -0.6549417 0.6232468 0.4273347 -0.8076169 0.5081174 0.2992853 0.1544954 0.5081165 -0.8473185 0.3071714 0.623298 -0.7191282 0.1543574 0.5081026 -0.8473521 0.6253599 -0.6974934 -0.349897 0.3070697 0.6233005 -0.7191695 0.1545125 0.5082726 -0.8472219 0.7961762 -0.5687128 -0.2065653 0.6252362 -0.6975526 -0.3500002 0.6252452 -0.6974872 -0.3501145 -0.3439366 -0.7363764 0.5826299 0.5178424 -0.7371002 -0.434192 0.6252298 -0.6974915 -0.3501334 -0.2362121 -0.697485 0.6765491 -0.3439064 -0.7363691 0.5826568 -0.2361514 -0.6975697 0.6764828 -0.6549261 0.6232989 0.4272825 -0.3438911 -0.7364304 0.5825885 -0.3438001 -0.7364123 0.5826649 -0.6549202 0.6233015 0.4272876 -0.4666689 0.7022951 0.5375889 -0.6549494 0.6232585 0.4273056 0.451629 0.7037205 -0.5484604 -0.4667236 0.7022125 0.5376493 -0.6548815 0.6232764 0.4273837 0.3071808 0.623278 -0.7191415 0.4516633 0.7037298 -0.5484201 0.3071813 0.6233542 -0.7190753 0.6252288 -0.6975553 -0.350008 0.4515973 0.7037634 -0.5484315 0.4515761 0.703763 -0.5484494 0.6251665 -0.6975853 -0.3500596 0.5177605 -0.7371676 -0.4341752 0.5983406 0.7995304 -0.05234229 -0.05215382 0.7996204 -0.5982367 0.05248224 0.7994305 0.5984618 -0.05215579 0.7996255 -0.5982298 -0.5982973 0.7995504 0.05253297 0.05237632 0.7994542 0.5984395 0.9593141 0.2695842 -0.08391046 -0.08408641 0.2696909 -0.9592687 -0.05212253 0.7996696 -0.5981736 -0.05211848 0.7996869 -0.5981509 0.5983087 0.7995625 -0.05221742 0.9593136 0.2695925 -0.0838887 -0.9596066 0.2682821 0.08473432 0.08325272 0.2682139 0.9597553 0.05241179 0.7994977 0.5983783 0.05245018 0.799456 0.5984306 -0.5982439 0.7995966 0.052437 -0.9596073 0.2682913 0.08469879 -0.08396881 0.2697083 -0.9592741 -0.9596059 0.2682652 0.08479487 -0.5982195 0.7996091 0.05252355 -0.5982237 0.7996078 0.05249637 -0.0520603 0.7996476 -0.5982086 -0.08397573 0.2697086 -0.9592733 0.08313775 0.2682801 0.9597468 0.9593237 0.2695345 -0.08396041 0.5982567 0.7995945 -0.05232197 0.5982928 0.7995679 -0.05231726 0.05237287 0.7994574 0.5984354 0.08317023 0.2682194 0.959761 -0.03321099 0.9814223 0.188964 -0.05863791 0.9405305 0.3346102 -0.08555322 0.8702164 0.4851847 0.002113401 0.999859 -0.01666456 -0.00107336 0.9997066 -0.02420359 -0.03260898 0.9846246 0.1716133 0.002108812 0.9998593 -0.01664507 -0.03260076 0.9846222 0.1716291 -0.0331642 0.9814422 0.1888685 -0.06142741 0.9353681 0.3483007 -0.10544 0.8143785 0.5706751 -0.08555567 0.870226 0.4851671 0.01118183 0.9979261 -0.06339102 -0.001070857 0.9997062 -0.024221 0.002108633 0.9998591 -0.01665663 -0.03320515 0.9814293 0.1889284 -0.03261041 0.9846133 0.1716778 -0.05860489 0.940546 0.3345724 -0.1054739 0.8143448 0.5707171 -0.1093024 0.7777264 0.6190273 -0.08556205 0.8701815 0.4852458 -0.1054772 0.8143359 0.5707291 -0.1262074 0.785632 0.6056848 -0.1124408 0.7818489 0.613245 -0.1092973 0.7777366 0.6190153 -0.1054661 0.8143302 0.5707393 -0.1124265 0.7818446 0.6132532 -0.05862063 0.940541 0.3345836 -0.06142038 0.9353808 0.3482677 -0.08555775 0.8702124 0.4851911 0.03566783 -0.9820081 -0.1854401 0.08573108 -0.8704572 -0.4847211 0.0589556 -0.9402529 -0.3353339 0.004058599 -0.9998842 0.01467341 0.03565913 -0.9820143 -0.1854091 -0.002707719 -0.9997523 0.02209144 0.05872523 -0.9405915 -0.3344234 0.08572357 -0.8704684 -0.4847022 0.1043297 -0.8150784 -0.5698795 -0.0113855 -0.9978499 0.06454449 0.004060268 -0.9998841 0.01467442 -0.002714574 -0.9997514 0.02213054 0.03567647 -0.9820063 -0.1854483 0.05896669 -0.9402378 -0.3353744 0.030209 -0.9847378 -0.1714026 0.1043412 -0.8150622 -0.5699005 0.08620464 -0.8704411 -0.484666 0.1094283 -0.7780858 -0.6185532 0.1043553 -0.8150405 -0.5699289 0.1108024 -0.7843627 -0.6103262 0.1226266 -0.7875364 -0.6039447 0.03567141 -0.9820145 -0.1854051 0.03022503 -0.984754 -0.1713069 -0.002724051 -0.9997524 0.02208924 0.1094278 -0.7780869 -0.6185518 0.1107458 -0.7843462 -0.6103578 0.1043443 -0.8150506 -0.5699167 0.05895501 -0.9402569 -0.3353229 0.08573341 -0.8704782 -0.4846829 0.05867403 -0.9406797 -0.3341844 0.9989815 0.03346389 0.03026843 0.9987839 0.02945709 0.03953462 0.9848662 -1.04376e-4 0.1733172 0.9848559 1.5334e-4 0.1733754 0.9848002 6.31685e-4 0.1736901 0.9989827 0.03343558 0.03026044 -0.9848077 -1.99751e-5 -0.1736488 -0.9630208 0.02488142 -0.2682761 0.9253547 0.02389508 -0.3783487 0.9332014 0.01786899 -0.3589094 0.9987881 0.02938055 0.03948706 0.9987858 0.02948194 0.0394693 0.998982 0.03348994 0.03022456 0.9253495 0.02398085 -0.3783562 -0.2848094 0.5053135 -0.8145809 -0.2788371 0.5267096 -0.8030112 -0.5827202 0.2722771 -0.765704 -0.5826869 0.2722171 -0.7657506 -0.5762026 0.2532326 -0.7770867 -0.2847977 0.5052765 -0.814608 0.523353 -0.05615586 -0.8502636 0.5237944 -0.05987876 -0.8497377 0.933172 0.0179345 -0.3589826 0.9331715 0.0179407 -0.3589836 0.9253201 0.02395552 -0.3784295 0.5233501 -0.05617189 -0.8502644 0.173353 -0.06432116 -0.9827572 0.5237445 -0.05984312 -0.849771 0.5237461 -0.05985403 -0.8497691 0.5232786 -0.05614757 -0.8503099 0.1733542 -0.06436949 -0.9827538 -0.8563095 0.1227269 -0.5016694 -0.8570986 0.1248463 -0.4997954 -0.9630019 0.02489042 -0.2683429 -0.9629986 0.02494108 -0.2683498 -0.9645782 0.02085059 -0.262972 -0.8563246 0.1227673 -0.5016338 0.9848003 6.30395e-4 0.1736893 0.9848498 1.29835e-4 0.1734101 0.9841155 0.006980478 0.177392 0.9841264 0.006930649 0.1773341 0.984025 0.007840335 0.177858 0.9848194 4.98673e-4 0.1735822 -0.1170865 0.5588206 -0.8209813 -0.278778 0.5267395 -0.803012 -0.2787881 0.5267332 -0.8030128 -0.2847551 0.5053426 -0.8145819 -0.1172413 0.5590643 -0.8207932 -0.963016 0.02493983 -0.2682877 -0.9848067 6.29536e-5 -0.1736544 -0.9645875 0.02086216 -0.262937 -0.576107 0.2508061 -0.7779442 -0.5827633 0.272221 -0.7656911 -0.8570964 0.1255165 -0.4996314 -0.8571025 0.1255148 -0.4996213 -0.8562591 0.1227895 -0.50174 -0.5761334 0.2507904 -0.7779297 -0.1144911 -0.7528514 0.6481564 -0.1134926 -0.7587825 0.6413803 -0.1134778 -0.7588647 0.6412856 -0.1144759 -0.7529345 0.6480625 -0.9482962 -0.1176065 -0.2947936 -0.9481968 -0.1178291 -0.2950242 -0.9494658 -0.1149643 -0.2920581 -0.9495074 -0.114871 -0.2919597 -0.9496057 -0.11465 -0.2917271 -0.9483523 -0.117481 -0.2946627 0.9848077 -2.53055e-6 0.1736484 0.9848074 -1.88308e-5 0.17365 0.1733673 4.73173e-4 -0.9848572 -0.5060158 0.8579627 -0.0885899 -0.5060222 0.8579589 -0.0885902 0.1736482 4.77181e-4 -0.9848077 6.17711e-5 -1 -3.50484e-4 -1.26594e-4 0.9999998 7.17866e-4 -1.26595e-4 0.9999998 7.18045e-4 -0.1736479 -2.39714e-4 0.9848078 3.11098e-4 -1 5.47999e-5 -0.1736176 -4.75776e-4 0.9848131 -0.1735057 -2.39503e-4 0.984833 0.1735861 9.51663e-4 -0.9848182 -0.5055038 -0.858142 -0.0897684 -0.5074285 -0.8570038 -0.08978277 -0.0737617 -0.9562662 -0.2830446 -0.1110739 -0.9100822 -0.3992655 -0.1704434 -0.3822869 -0.9081882 0.05203223 -0.9631867 -0.26375 -0.1704198 -0.3822461 -0.9082098 -0.001806139 -0.4063599 -0.9137114 -0.07368856 -0.9562777 -0.2830249 -0.1704605 -0.3822695 -0.9081924 0.05202764 -0.9631898 -0.2637396 -0.1110516 -0.9101 -0.3992312 -0.07368677 -0.9562874 -0.2829924 -0.0302639 -0.9268302 0.3742593 -0.0935046 -0.3156377 -0.9442615 -0.1704072 -0.3822647 -0.9082043 -0.1110458 -0.9100834 -0.399271 -0.1704372 -0.3822424 -0.9082081 -0.04592657 0.4838619 -0.8739385 -0.001812517 -0.4063707 -0.9137066 -0.1363496 0.4773052 -0.8680948 -0.04589521 0.483852 -0.8739456 -0.1704951 -0.382233 -0.9082012 -0.02557396 0.5061244 -0.8620812 -0.170452 -0.3822717 -0.9081931 -0.09355205 -0.3156487 -0.9442532 -0.1363888 0.477302 -0.8680904 -0.1703882 -0.3822082 -0.9082317 -0.02559107 0.5061815 -0.8620472 -0.1364363 0.4773362 -0.8680642 -0.06844508 0.9734566 -0.2183979 -0.04596596 0.4838513 -0.8739423 0.001899063 0.978927 -0.2042022 -0.06847339 0.9734591 -0.2183781 -0.1364287 0.4773175 -0.8680757 0.05245876 0.9631544 -0.2637832 -0.1363833 0.4773463 -0.868067 -0.02558267 0.5061656 -0.8620569 0.001923918 0.9789215 -0.2042281 -0.1363616 0.477356 -0.868065 0.05240851 0.9631618 -0.2637667 0.001952052 0.9789357 -0.20416 -0.07344484 0.7851204 0.6149731 -0.06843292 0.9734725 -0.2183309 0.1353995 0.7603698 0.6352201 -0.07342672 0.7851216 0.6149738 0.001861333 0.9789309 -0.2041836 0.1371498 0.8435762 0.5192005 0.001941084 0.9789391 -0.2041433 0.05243837 0.963177 -0.2637051 0.1354609 0.7603541 0.635226 0.001866638 0.9789294 -0.2041904 0.1371476 0.8435968 0.5191679 0.1594107 -0.1040665 0.981712 0.1371971 0.843543 0.5192421 0.1462249 0.2426252 0.9590367 0.135439 0.7603261 0.6352643 0.1371225 0.843567 0.5192227 0.1594607 -0.1040126 0.9817095 -0.0734772 0.785106 0.6149876 0.1594498 -0.1040201 0.9817106 -0.01413625 -0.1236381 0.9922267 0.1354138 0.7603223 0.6352742 0.1594761 -0.1040211 0.9817062 -0.07346397 0.7851298 0.6149588 0.1594557 -0.1040453 0.981707 0.1462323 0.2425596 0.9590522 0.07335698 -0.4502899 0.889864 0.0659992 -0.835485 0.5455355 -0.03031325 -0.9268354 0.3742424 -0.07375204 -0.9562762 -0.2830134 0.05479478 -0.8539744 0.5174218 -0.07371443 -0.9562825 -0.283002 0.05200219 -0.9631926 -0.2637344 0.06600761 -0.8354794 0.5455431 -0.07370162 -0.9562751 -0.2830303 0.05480408 -0.8539649 0.5174365 0.1594545 -0.1040271 0.9817091 0.05479139 -0.8539381 0.5174821 -0.01413744 -0.1236617 0.9922237 0.0660423 -0.8354596 0.5455692 0.0547772 -0.8539382 0.5174834 0.1594284 -0.1040701 0.9817087 -0.03028142 -0.9268115 0.3743042 0.1594737 -0.1039776 0.9817112 0.07340538 -0.450321 0.8898442 0.06601625 -0.835459 0.5455732 0.1594241 -0.1040453 0.9817121 -0.03032666 -0.9268489 0.3742078 0.2754595 -0.358918 -0.891796 0.05205011 -0.9631897 -0.2637357 -0.001839756 -0.4063742 -0.913705 0.2390362 -0.9383086 -0.2498772 0.05205667 -0.9631826 -0.2637602 0.2754631 -0.3589287 -0.8917905 0.4441481 -0.868012 -0.2220082 0.2754644 -0.3589471 -0.8917827 0.5250038 -0.2695762 -0.8072793 0.2390783 -0.9383019 -0.2498622 0.2754564 -0.3589183 -0.8917968 0.444131 -0.868015 -0.2220305 0.2754609 -0.3589184 -0.8917954 0.2300167 0.5597734 -0.7960818 0.5250185 -0.2695334 -0.8072839 0.1102307 0.5193919 -0.8473967 0.2300708 0.5597774 -0.7960633 0.2754608 -0.3589068 -0.8918001 -0.04593026 0.4838472 -0.8739464 0.2754725 -0.3589206 -0.8917909 -0.001799046 -0.4063798 -0.9137025 0.110181 0.5193788 -0.8474113 0.2754611 -0.3589504 -0.8917824 -0.04595804 0.4838266 -0.8739565 0.1101995 0.5193567 -0.8474225 -0.2296665 0.9499822 -0.2116298 0.230006 0.5597869 -0.7960754 -0.1361473 0.9669966 -0.2153643 -0.229694 0.9499812 -0.211605 0.1102152 0.5193956 -0.8473965 -0.06844657 0.9734504 -0.2184249 0.1101773 0.5193793 -0.8474115 -0.04597347 0.483855 -0.8739399 -0.1361064 0.9670016 -0.2153669 0.1102194 0.5193719 -0.8474106 -0.06845688 0.9734523 -0.2184134 -0.1361322 0.9670128 -0.2153009 -0.5245927 0.6531618 0.5460607 -0.2296777 0.9499974 -0.2115492 -0.2988616 0.7566677 0.5814943 -0.524552 0.6531704 0.5460895 -0.1361631 0.9670132 -0.2152788 -0.07348763 0.785108 0.6149839 -0.1361093 0.9670134 -0.2153119 -0.06847035 0.9734638 -0.2183579 -0.2988655 0.7566604 0.5815021 -0.1361508 0.9670144 -0.2152816 -0.07344281 0.7851275 0.6149641 -0.1981363 -0.1625876 0.9665957 -0.07349747 0.7851213 0.6149657 -0.01410496 -0.1236593 0.9922246 -0.2988715 0.7566469 0.5815165 -0.07348227 0.7851201 0.6149689 -0.198164 -0.1625833 0.9665908 -0.5245801 0.6531593 0.5460758 -0.1981302 -0.1625418 0.9666047 -0.3595104 -0.2320084 0.9038387 -0.2989437 0.7566255 0.5815073 -0.1981208 -0.1625515 0.9666051 -0.5245777 0.6531609 0.5460761 0.2390343 -0.9383217 -0.2498303 0.05481475 -0.8539635 0.5174376 0.05205982 -0.963198 -0.2637034 0.05761009 -0.862398 0.5029423 0.05481672 -0.853954 0.5174532 0.2390143 -0.9383162 -0.2498698 0.0861079 -0.8666897 0.4913598 0.2390195 -0.9383183 -0.2498571 0.4441152 -0.8680303 -0.2220025 0.05759811 -0.8623903 0.5029568 0.2390457 -0.9383143 -0.2498468 0.08608579 -0.8667184 0.4913131 -0.1981545 -0.1625508 0.9665982 0.08604288 -0.8666688 0.4914082 -0.3595254 -0.2319982 0.9038354 0.0575354 -0.8623574 0.5030203 0.08610504 -0.8666663 0.4914015 -0.1981607 -0.162589 0.9665905 0.05477869 -0.8539275 0.5175009 -0.1981369 -0.1625666 0.9665991 -0.01410973 -0.1236722 0.9922229 0.05756014 -0.8623531 0.5030248 -0.1981526 -0.162581 0.9665935 0.05482548 -0.8539249 0.5175004 0.604891 -0.1448993 -0.7830141 0.4441228 -0.8680277 -0.2219977 0.5250144 -0.2695721 -0.8072738 0.6001717 -0.7767225 -0.1910397 0.4441357 -0.8680268 -0.2219752 0.6048792 -0.1449157 -0.7830203 0.9875026 -0.1552407 -0.02718329 0.6049008 -0.1449197 -0.7830028 0.7979493 0.2802832 -0.53359 0.600198 -0.7767118 -0.1910004 0.6048987 -0.1448763 -0.7830125 0.9875115 -0.1551734 -0.02724355 0.6048651 -0.1449104 -0.7830321 0.348713 0.7882615 -0.5069941 0.797994 0.2802127 -0.5335604 0.1427706 0.6254243 -0.7671122 0.3488196 0.7882274 -0.5069739 0.604909 -0.1448687 -0.7830059 0.2299984 0.5597703 -0.7960892 0.6048928 -0.1448254 -0.7830265 0.5250129 -0.2695366 -0.8072865 0.1427942 0.6254047 -0.7671238 0.6049126 -0.1448698 -0.7830028 0.2300293 0.5597809 -0.7960729 0.1427708 0.6254409 -0.7670986 -0.01820379 0.9991052 -0.03817731 0.3488205 0.7881888 -0.5070331 -0.4464435 0.8756233 -0.1843153 -0.01823955 0.9991054 -0.03815662 0.142777 0.6254364 -0.7671011 -0.2296555 0.9499947 -0.2115858 0.1427421 0.6254493 -0.7670971 0.2300176 0.559798 -0.7960642 -0.4464283 0.8756313 -0.1843139 0.1427477 0.6254448 -0.7670997 -0.2296766 0.9499787 -0.2116342 -0.4465067 0.8755877 -0.1843314 -0.08867949 0.7870652 0.6104626 -0.01817971 0.9991029 -0.03824788 -0.6971446 0.4540854 0.5547936 -0.08873468 0.7870458 0.6104795 -0.4464939 0.8756029 -0.1842902 -0.5246224 0.653161 0.5460331 -0.4464781 0.8756151 -0.18427 -0.2297247 0.9499729 -0.2116084 -0.697162 0.4540774 0.5547782 -0.4464563 0.8756276 -0.1842637 -0.5246097 0.6531701 0.5460345 -0.3467751 -0.3313476 0.8774713 -0.5245779 0.6531659 0.5460699 -0.3595542 -0.2319893 0.9038262 -0.6971195 0.4540926 0.5548192 -0.5245337 0.6531725 0.5461045 -0.3467952 -0.3313406 0.877466 -0.08868104 0.7870345 0.6105018 -0.3468012 -0.3313138 0.8774737 0.3191549 0.2215952 0.9214314 -0.6971579 0.4540395 0.5548145 -0.3467994 -0.3313381 0.8774653 -0.08873295 0.7870545 0.6104685 0.6001915 -0.7767212 -0.1909822 0.08609217 -0.8666808 0.4913784 0.4441238 -0.8680309 -0.2219834 0.2186923 -0.8301602 0.5128428 0.08605664 -0.8666911 0.4913663 0.6001747 -0.7767362 -0.1909744 0.7907733 -0.1647493 0.5895212 0.6001735 -0.77674 -0.1909632 0.9874961 -0.1552554 -0.02733612 0.2186367 -0.8301563 0.5128729 0.6001632 -0.7767472 -0.1909657 0.7907806 -0.1647453 0.5895127 -0.3468167 -0.3313513 0.8774535 0.7907941 -0.1647483 0.5894937 0.3191662 0.2215558 0.9214369 0.2186316 -0.8301591 0.5128707 0.7907808 -0.16477 0.5895054 -0.3468009 -0.3313381 0.8774647 0.08606922 -0.8666684 0.4914042 -0.3468068 -0.3313671 0.8774515 -0.3595228 -0.232001 0.9038357 0.2186441 -0.8301455 0.5128871 -0.3468057 -0.3313491 0.8774586 0.08603966 -0.8666697 0.4914072 -0.1480315 -0.9591776 0.2409665 -0.1110547 -0.9101161 -0.3991938 -0.03031563 -0.92684 0.3742308 -0.1110934 -0.9101037 -0.3992111 -0.1480325 -0.9591794 0.2409593 -0.04564899 -0.8853271 -0.4627225 -0.04559719 -0.8852843 -0.4628097 -0.09347212 -0.3156644 -0.9442558 -0.1110505 -0.9100756 -0.3992875 -0.09345924 -0.3156591 -0.9442588 -0.04565733 -0.8852951 -0.4627829 0.1022397 -0.2433995 -0.9645225 0.1022274 -0.2433253 -0.9645426 -0.02554565 0.5061565 -0.8620632 -0.09352958 -0.3155929 -0.9442741 -0.0255593 0.5061414 -0.8620718 0.1022736 -0.2433692 -0.9645266 0.185541 0.5664609 -0.8029301 0.1855059 0.5665306 -0.8028889 0.05246537 0.9631593 -0.2637644 -0.02557706 0.5061898 -0.8620428 0.05243569 0.9631586 -0.263773 0.1855186 0.5665037 -0.8029051 0.1482697 0.9673805 -0.2054049 0.1482415 0.9674067 -0.2053016 0.1372115 0.8435636 0.5192047 0.05247104 0.9631752 -0.2637051 0.1371856 0.843577 0.5191898 0.1482491 0.9674019 -0.2053191 0.02688562 0.8628255 0.5047865 0.02685993 0.8628217 0.5047945 0.1462109 0.2426444 0.959034 0.1371704 0.8435582 0.5192245 0.146225 0.2426313 0.9590351 0.02683269 0.8628131 0.5048103 -0.1084844 0.219294 0.9696089 -0.1085224 0.2192574 0.9696129 0.07333499 -0.4502817 0.8898699 0.146215 0.2425902 0.9590471 0.07333135 -0.4503054 0.8898583 -0.1084578 0.2192632 0.9696188 -0.1720268 -0.550252 0.8170861 -0.1720392 -0.550305 0.8170477 -0.03030735 -0.926818 0.3742859 0.07336306 -0.4503342 0.889841 -0.03032046 -0.9268101 0.3743045 -0.172026 -0.550283 0.8170654 -0.1480087 -0.9591559 0.2410676 0.2765535 -0.1326345 -0.9518016 0.1855512 0.5664277 -0.8029511 0.1022576 -0.2433577 -0.9645313 0.1855498 0.566449 -0.8029364 0.2765684 -0.1326352 -0.9517973 0.2847297 0.6172323 -0.733453 0.09471327 -0.815834 -0.5704773 0.1022394 -0.2434006 -0.9645223 -0.04564821 -0.8852923 -0.4627894 0.102306 -0.2434217 -0.9645099 0.09470111 -0.8158628 -0.5704382 0.2765563 -0.132703 -0.9517913 0.2847539 0.6172501 -0.7334287 0.1482927 0.9673786 -0.2053973 0.1855376 0.5664929 -0.8029082 0.1482509 0.9673924 -0.2053623 0.2847578 0.6172885 -0.7333948 0.1190021 0.9862861 -0.1143615 -0.1323043 -0.9804137 0.1458924 -0.04566669 -0.8853074 -0.4627586 -0.148069 -0.9591679 0.2409826 -0.0456531 -0.8853307 -0.4627153 -0.1322883 -0.9804154 0.1458959 0.09469336 -0.815876 -0.5704206 0.1189823 0.9862976 -0.1142818 0.02683657 0.8628312 0.5047795 0.1482705 0.9674004 -0.2053102 0.02684605 0.862845 0.5047553 0.1189756 0.9862975 -0.1142891 -0.1200044 0.8121703 0.5709453 -0.2870901 -0.5846683 0.758777 -0.1480627 -0.9591575 0.2410279 -0.1720185 -0.5503126 0.8170469 -0.1480419 -0.9591535 0.2410562 -0.287118 -0.5846681 0.7587665 -0.1323331 -0.9803995 0.1459618 -0.2902245 0.1571138 0.9439731 -0.1720714 -0.5502271 0.8170934 -0.108474 0.2192881 0.9696114 -0.1720504 -0.5502374 0.817091 -0.2902441 0.1570948 0.9439702 -0.2871021 -0.5846188 0.7588105 -0.1200636 0.8121095 0.5710192 -0.1084547 0.2192808 0.9696152 0.02682238 0.862805 0.5048249 -0.1085041 0.219325 0.9695997 -0.1200348 0.8121383 0.5709844 -0.2902112 0.1571456 0.9439719 -0.3388845 -0.1490932 -0.9289395 0.2847843 0.6172055 -0.7334545 0.2765929 -0.1326224 -0.9517919 0.2847689 0.6172031 -0.7334623 -0.3388094 -0.149156 -0.9289568 -0.3841034 0.4542856 -0.8037968 -0.4640489 -0.6595057 -0.5913636 0.2765774 -0.1326887 -0.9517871 0.09471595 -0.8158696 -0.5704261 0.2766367 -0.1326596 -0.9517739 -0.464051 -0.6595112 -0.5913559 -0.338868 -0.1491442 -0.9289374 -0.3841285 0.4543125 -0.8037695 0.1189475 0.9862934 -0.1143546 0.2847843 0.6172592 -0.7334092 0.1189992 0.9862877 -0.114349 -0.384101 0.4543045 -0.8037872 -0.543961 0.7650085 -0.3447731 -0.658356 -0.7508251 -0.05319005 0.09471303 -0.8158959 -0.5703889 -0.1322708 -0.9804198 0.145882 0.09471684 -0.8158878 -0.5703998 -0.6583645 -0.7508161 -0.05321127 -0.4640235 -0.6594813 -0.5914108 -0.543983 0.7649673 -0.3448298 -0.1200721 0.8121705 0.5709307 0.1189537 0.9862957 -0.1143276 -0.1199936 0.8121411 0.5709889 -0.5439124 0.7649998 -0.3448692 -0.7240762 0.6612983 0.1959548 -0.8060831 -0.4407876 0.3948882 -0.1322581 -0.9804109 0.1459525 -0.2871324 -0.5846532 0.7587725 -0.132301 -0.9804001 0.1459868 -0.8060886 -0.4407288 0.3949422 -0.6583694 -0.7508115 -0.05321377 -0.837502 0.1514819 0.5250178 -0.2871159 -0.5845917 0.7588262 -0.2902702 0.1571067 0.9439602 -0.2871481 -0.5845927 0.7588133 -0.8375142 0.1514831 0.5249981 -0.8060874 -0.440752 0.3949189 -0.7241181 0.6612506 0.1959608 -0.2902735 0.1571797 0.943947 -0.1200861 0.8121252 0.5709923 -0.2902535 0.1571699 0.9439547 -0.7240484 0.6613372 0.1959263 -0.837517 0.1514227 0.5250108 0.9875 -0.1552467 -0.0272476 0.7979637 0.2802119 -0.5336058 0.3487375 0.788222 -0.5070388 0.9874959 -0.1552622 -0.0273059 0.3487325 0.7882205 -0.5070446 -0.01826232 0.9991034 -0.03819602 0.9874948 -0.1552932 -0.02716845 -0.01830559 0.9991027 -0.03819316 -0.08877849 0.7870481 0.6104702 0.7907472 -0.1647528 0.5895553 -0.08876562 0.7870358 0.6104878 0.3191124 0.2215627 0.921454 0.9874966 -0.1552518 -0.0273388 -0.08877652 0.7870681 0.6104447 0.7907976 -0.1647557 0.589487 -0.8060322 -0.4408079 0.394969 -0.8374667 0.1514121 0.5250943 -0.724047 0.661292 0.1960842 -0.658279 -0.7508918 -0.05320256 -0.8060442 -0.4407579 0.3950006 -0.7240216 0.6613571 0.1959582 -0.4639814 -0.6595183 -0.5914025 -0.6582641 -0.7509014 -0.0532515 -0.7240461 0.6612976 0.1960683 -0.3840479 0.454357 -0.8037828 -0.3387973 -0.1490972 -0.9289706 -0.4639881 -0.6595094 -0.5914072 -0.5438737 0.7650521 -0.3448141 -0.3840273 0.4543499 -0.8037969 -0.4639962 -0.65952 -0.5913891 -0.7240484 0.6612944 0.1960706 -0.54392 0.7650226 -0.3448064 -0.4639767 -0.6595186 -0.5914059 0.5060801 -0.09779512 0.8569242 0.5171769 -0.845345 0.1338659 0.6358677 -0.1469924 -0.7576712 0.6269706 0.7751488 0.07779651 0.5060623 -0.09778887 0.8569355 0.6358907 -0.147005 -0.7576495 0.5172705 -0.845281 0.1339084 0.5061202 -0.09774512 0.8569063 -0.1760668 -0.9607668 0.2143073 -0.07110291 0.003394424 0.9974633 -0.1760275 -0.9607843 0.2142615 0.5060859 -0.09768629 0.8569332 0.6358584 -0.1470029 -0.7576768 0.5172363 -0.8453009 0.1339144 0.02172267 -0.2591428 -0.9655948 -0.1760738 -0.9607586 0.2143387 0.02173191 -0.2591272 -0.9655987 0.5171574 -0.8453415 0.1339638 0.6270239 0.7751099 0.07775431 0.6358343 -0.1469783 -0.7577019 0.1597079 0.9871428 -0.006522357 0.0216574 -0.2591634 -0.9655907 0.1597309 0.987139 -0.00654149 0.6358283 -0.1469949 -0.7577038 0.5061406 -0.09775894 0.8568927 0.626975 0.7751435 0.0778138 -0.07106482 0.00329566 0.9974663 0.1597039 0.9871429 -0.006607115 -0.07104921 0.003280222 0.9974674 0.6270074 0.7751216 0.07777136 -0.1760726 -0.9607729 0.2142757 -0.07107847 0.003376543 0.997465 -0.18749 -0.9335464 0.3055139 -0.1552765 0.1626285 0.9743928 -0.1875582 -0.933532 0.3055157 -0.07104545 0.003381192 0.9974674 0.02169328 -0.259135 -0.9655975 -0.1760907 -0.9607512 0.2143578 0.1432802 -0.2730358 -0.951274 -0.1875774 -0.9335119 0.3055653 0.143243 -0.2730256 -0.9512826 -0.1761194 -0.9607523 0.2143294 0.1597066 0.9871428 -0.00655657 0.02163654 -0.2591654 -0.9655906 0.1569494 0.9838407 -0.08616441 0.1432542 -0.2730834 -0.9512643 0.1568983 0.9838497 -0.08615577 0.02172607 -0.2591875 -0.9655827 -0.07104676 0.00331223 0.9974675 0.1596782 0.9871469 -0.006625711 -0.155216 0.1625364 0.9744178 0.1568893 0.9838407 -0.08627378 -0.1552205 0.162529 0.9744183 0.1597185 0.9871406 -0.006604313 -0.187512 -0.9335374 0.3055277 -0.1552286 0.1626129 0.974403 -0.6955907 -0.7003878 0.1600331 -0.7402497 0.2095293 0.6388489 -0.695548 -0.7004302 0.1600332 -0.1552682 0.162631 0.9743936 0.1432606 -0.2730186 -0.9512819 -0.1875571 -0.9335238 0.3055418 -0.4046661 -0.301072 -0.8634818 -0.6955996 -0.7003776 0.1600393 -0.4046439 -0.3010753 -0.8634911 -0.187559 -0.9335257 0.3055347 0.1568384 0.9838559 -0.08619344 0.1432664 -0.2730952 -0.951259 -0.4677837 0.8287672 -0.3071209 -0.4046863 -0.3010318 -0.8634865 -0.4677407 0.828784 -0.3071416 0.1432526 -0.2730785 -0.9512659 -0.1552815 0.1625115 0.9744114 0.1568833 0.9838418 -0.08627331 -0.7402098 0.2094541 0.6389198 -0.4677927 0.8287336 -0.3071982 -0.7402315 0.2094877 0.6388837 0.1568399 0.9838489 -0.08627057 -0.4046963 -0.3011472 -0.8634417 -0.6955664 -0.7004111 0.1600367 -0.7402279 0.209603 0.63885 -0.7402122 0.209529 0.6388925 -0.4677892 0.8287358 -0.3071973 -0.404687 -0.3010623 -0.8634756 0.2945067 -0.5600414 -0.7743511 0.7478834 -0.5998271 0.2843908 0.0115115 -0.599827 0.8000469 0.01153057 -0.599827 0.8000466 -0.82838 -0.5600414 0.01184582 0.2945114 -0.5600414 -0.7743492 -0.2955521 0.9485577 -0.1135227 -0.9018415 0.3768041 -0.2114248 -0.7385949 0.5847681 0.3354458 -0.9018444 0.3768232 -0.2113788 -0.2955012 0.9485686 -0.113564 0.1100872 0.3773574 -0.9195011 -0.2954878 0.9485832 -0.1134774 -0.738578 0.584804 0.3354204 -0.5150608 0.5362178 0.6687175 -0.01320636 0.95084 -0.3094008 0.002704441 0.9340886 0.3570311 0.305436 0.9405676 0.1484634 0.002716302 0.9340564 0.3571154 -0.515034 0.5362561 0.6687073 0.07294845 0.3553361 0.9318878 0.3054888 0.940548 0.1484794 0.8505355 0.3575947 0.3856365 0.7910379 0.5618838 -0.2419622 0.141728 -0.577417 -0.804054 -0.8041263 -0.5773084 -0.1417608 -0.9018334 0.3768472 -0.2113832 -0.9018546 0.3768047 -0.2113685 0.1100811 0.3774444 -0.9194662 0.1417828 -0.5773503 -0.8040922 0.01153826 -0.5998661 0.8000173 -0.9124283 -0.3030111 0.2750615 -0.8283889 -0.5600262 0.01193362 -0.8041019 -0.5773336 -0.1417958 -0.74224 -0.600524 0.297407 -0.7385526 0.5848225 0.3354442 -0.7385759 0.5848121 0.3354109 -0.9018003 0.376897 -0.2114353 -0.8040656 -0.5773971 -0.1417434 -0.5150257 0.5362718 0.6687011 -0.9124112 -0.3030531 0.275072 0.07302504 0.3553479 0.9318773 -0.5149788 0.5362718 0.6687372 -0.7385444 0.5848262 0.3354558 -0.7422587 -0.6005141 0.2973802 -0.9124436 -0.3029751 0.2750504 0.01156872 -0.5998383 0.8000378 0.07301008 0.3553763 0.9318676 -0.9124245 -0.3029811 0.2751077 -0.5149733 0.5362673 0.6687451 -0.742233 -0.6005276 0.2974169 0.01143556 -0.5998697 0.800016 0.7478674 -0.5998615 0.2843601 0.8505742 0.3575751 0.3855695 0.8505399 0.3576306 0.3855935 0.07293564 0.3553436 0.931886 0.01145374 -0.5998861 0.8000035 0.7478203 -0.5998804 0.2844438 0.2945375 -0.5600262 -0.7743502 0.5705375 -0.3029869 -0.7633388 0.7910481 0.5618947 -0.2419033 0.5705835 -0.3029801 -0.763307 0.5333253 -0.6005205 -0.5957679 0.5705433 -0.3030289 -0.7633177 0.8505064 0.3576195 0.3856775 0.7478283 -0.5998554 0.2844759 0.7910597 0.5618856 -0.2418864 0.5333584 -0.6005377 -0.5957209 0.560743 0.5959861 -0.5747764 0.5705477 -0.3030647 -0.7633001 0.7910263 0.5618955 -0.2419729 0.8505055 0.3576248 0.3856746 0.5332977 -0.6005055 -0.5958076 0.1417608 -0.5773083 -0.8041263 0.11009 0.3775005 -0.919442 0.110058 0.3773989 -0.9194877 0.5607344 0.5959824 -0.5747887 0.5333261 -0.6005206 -0.595767 -0.804084 -0.5773509 -0.1418274 0.1418413 -0.5773507 -0.8040816 0.5333518 -0.6004405 -0.5958248 -0.8040912 -0.577351 -0.1417862 0.5333775 -0.6004409 -0.5958013 -0.7422848 -0.6004403 0.2974639 0.5333887 -0.6004465 -0.5957856 0.5705879 -0.3030846 -0.7632622 -0.9124261 -0.3030274 0.2750514 0.5334101 -0.6004881 -0.5957247 -0.9123806 -0.3030894 0.2751335 -0.7423051 -0.6004296 0.2974349 -0.9124414 -0.3029698 0.2750638 0.5705288 -0.3030391 -0.7633244 0.2944796 -0.5599985 -0.7743924 -0.912422 -0.3030411 0.2750499 0.2944199 -0.560088 -0.7743503 -0.8283901 -0.5600262 0.01185035 0.8505578 0.3575547 0.3856242 0.3054547 0.9405546 0.1485077 0.07301503 0.3552563 0.931913 0.3054616 0.9405655 0.1484241 0.7910756 0.5618504 -0.2419167 0.5607756 0.5959697 -0.5747616 -0.01316756 0.9508296 -0.3094345 0.3054873 0.9405524 0.148455 0.5607854 0.5959726 -0.5747491 0.3054782 0.9405479 0.1485015 0.002731084 0.9340634 0.357097 0.07294797 0.3552905 0.9319052 0.002728819 0.9340886 0.3570309 -0.01320934 0.95084 -0.3094007 -0.2954684 0.9485887 -0.1134818 -0.01316082 0.9508162 -0.3094764 0.5607922 0.5959757 -0.5747391 0.110064 0.3773807 -0.9194943 -0.2955368 0.9485583 -0.113558 -0.01321703 0.9508121 -0.3094862 0.1100894 0.3773591 -0.9195002 0.002699434 0.9340847 0.3570415 -0.2954934 0.9485802 -0.1134879 -0.5150271 0.536238 0.6687272 -0.252372 0.8979846 -0.3604611 0.01627403 0.3616559 -0.9321696 -0.5347525 0.3616561 -0.7637045 -0.2523985 0.8979783 -0.3604582 0.007665574 0.8979833 -0.4399629 0.0162059 0.3616228 -0.9321837 0.007699549 0.8979849 -0.4399592 0.5610807 0.3616568 -0.7445756 0.01626944 0.3616567 -0.9321694 0.007677197 0.8979775 -0.4399747 0.2648051 0.8979825 -0.3514338 0.561034 0.3616213 -0.7446281 0.2648299 0.8979848 -0.3514093 0.8915742 0.3616573 -0.2725797 0.5610776 0.3616566 -0.7445781 0.2648209 0.897978 -0.3514333 0.4207987 0.8979831 -0.1286661 0.8915671 0.3616226 -0.2726486 0.4208056 0.8979846 -0.1286328 0.881517 0.3616568 0.3035327 0.8915734 0.3616563 -0.2725834 0.4208124 0.897978 -0.1286565 0.416061 0.8979831 0.1432471 0.8815513 0.3616221 0.3034747 0.4160465 0.897985 0.1432772 0.5347495 0.3616575 0.763706 0.881518 0.361657 0.3035297 0.4160649 0.897979 0.1432611 0.2523998 0.897984 0.3604431 0.5348112 0.3616241 0.7636786 0.2523723 0.8979853 0.360459 -0.01627314 0.3616581 0.9321689 0.5347533 0.3616575 0.7637034 0.2523996 0.8979784 0.3604571 -0.007664203 0.8979837 0.4399619 -0.01620423 0.361624 0.9321832 -0.007698357 0.8979851 0.4399587 -0.5610798 0.3616577 0.7445759 -0.01626855 0.3616571 0.9321693 -0.007677555 0.8979782 0.4399732 -0.2648054 0.8979831 0.3514319 -0.5610345 0.3616223 0.7446272 -0.2648305 0.8979852 0.3514078 -0.8915744 0.3616572 0.2725791 -0.5610778 0.361657 0.7445777 -0.2648221 0.8979789 0.3514304 -0.4207987 0.8979836 0.1286624 -0.8915681 0.3616228 0.2726452 -0.4208043 0.8979852 0.1286325 -0.881517 0.3616577 -0.3035318 -0.8915727 0.3616573 0.272584 -0.420812 0.8979778 0.1286597 -0.4160621 0.897983 -0.143244 -0.8815527 0.3616225 -0.3034699 -0.4160468 0.8979847 -0.1432778 -0.5347502 0.3616566 -0.7637059 -0.8815183 0.3616563 -0.3035295 -0.4160679 0.8979778 -0.1432599 -0.2524039 0.897983 -0.3604428 -0.534815 0.3616222 -0.763677 -0.5347692 0.3615919 -0.7637233 0.01624822 -0.3621504 -0.9319781 -0.5346201 -0.3621561 -0.7635604 -0.5347645 0.3615953 -0.7637249 0.01625472 0.3616087 -0.9321883 0.01623678 -0.3621605 -0.9319744 0.01626712 0.3615917 -0.9321947 0.5609475 -0.3621505 -0.744436 0.01629215 -0.3621562 -0.9319751 0.01627194 0.3615954 -0.9321932 0.5610762 0.3616086 -0.7446024 0.5609362 -0.3621604 -0.7444398 0.5610923 0.3615916 -0.7445986 0.8913851 -0.3621507 -0.2725428 0.5609833 -0.3621562 -0.7444063 0.5611246 0.3616378 -0.7445518 0.8915867 0.3616084 -0.2726036 0.8913775 -0.3621607 -0.2725542 0.8915973 0.3615909 -0.2725917 0.8813422 -0.3621512 0.3034508 0.8913956 -0.3621568 -0.2724999 0.8915961 0.3616376 -0.2725343 0.8815412 0.3616082 0.3035205 0.8813428 -0.362161 0.3034375 0.8815435 0.361591 0.3035345 0.5346587 -0.3621511 0.7635357 0.8813264 -0.3621568 0.3034902 0.8815077 0.3616378 0.3035827 0.5347763 0.3616084 0.7637106 0.5346648 -0.3621606 0.7635268 0.5347691 0.3615913 0.7637236 -0.01624882 -0.3621507 0.931978 0.5346196 -0.3621565 0.7635605 0.5347134 0.3616375 0.7637407 -0.01625454 0.3616083 0.9321884 -0.01623708 -0.3621608 0.9319742 -0.01626813 0.3615913 0.9321948 -0.5609486 -0.3621506 0.7444351 -0.01629346 -0.3621565 0.9319749 -0.01632219 0.3616376 0.9321759 -0.5610759 0.3616083 0.7446029 -0.5609359 -0.3621606 0.7444398 -0.5610916 0.3615915 0.7445992 -0.891385 -0.3621506 0.2725433 -0.560983 -0.3621563 0.7444064 -0.5611252 0.3616378 0.7445513 -0.8915868 0.3616086 0.2726029 -0.8913778 -0.3621605 0.2725533 -0.8915967 0.3615916 0.2725932 -0.881343 -0.3621505 -0.3034495 -0.8913955 -0.3621562 0.2725013 -0.8915956 0.361638 0.272535 -0.8815413 0.3616088 -0.3035197 -0.8813433 -0.3621603 -0.303437 -0.8815425 0.3615916 -0.3035363 -0.534657 -0.3621505 -0.7635371 -0.881326 -0.362156 -0.3034925 -0.8815076 0.3616382 -0.3035823 -0.5347765 0.3616087 -0.7637102 -0.5346651 -0.3621603 -0.7635269 -0.5346345 -0.3621951 -0.7635318 0.007658243 -0.8983153 -0.4392849 -0.2519953 -0.8983141 -0.359903 -0.5346183 -0.362182 -0.7635493 0.01624256 -0.3621817 -0.9319661 0.007670521 -0.8983113 -0.4392927 0.01626348 -0.3621946 -0.9319607 0.2643995 -0.8983153 -0.3508884 0.007675588 -0.8983141 -0.4392871 0.01628845 -0.362183 -0.9319647 0.5609371 -0.3621817 -0.7444287 0.2644158 -0.8983115 -0.3508859 0.5609458 -0.3621966 -0.7444149 0.420147 -0.8983166 -0.1284666 0.2644109 -0.898315 -0.3508803 0.5609735 -0.3621819 -0.7444012 0.8913723 -0.3621806 -0.2725449 0.420164 -0.8983108 -0.128453 0.8913726 -0.362195 -0.2725252 0.4154185 -0.8983154 0.1430279 0.4201584 -0.8983141 -0.1284476 0.8913856 -0.3621808 -0.2725014 0.8813336 -0.3621796 0.3034421 0.4154235 -0.8983104 0.1430452 0.8813217 -0.3621948 0.3034587 0.2520109 -0.8983153 0.3598892 0.415415 -0.898314 0.1430468 0.8813186 -0.3621818 0.303483 0.5346562 -0.3621811 0.7635232 0.252005 -0.898311 0.3599039 0.5346364 -0.3621954 0.7635302 -0.007655799 -0.8983157 0.439284 0.2519975 -0.8983144 0.3599008 0.534617 -0.3621822 0.7635502 -0.01624417 -0.3621805 0.9319664 -0.007671833 -0.8983108 0.4392938 -0.01626241 -0.3621953 0.9319605 -0.2643991 -0.8983156 0.3508881 -0.007674872 -0.8983142 0.4392866 -0.01628887 -0.3621823 0.931965 -0.5609373 -0.3621808 0.7444289 -0.2644169 -0.8983109 0.3508864 -0.5609503 -0.3621947 0.7444124 -0.4201511 -0.8983151 0.1284645 -0.2644165 -0.8983139 0.350879 -0.5609735 -0.3621824 0.7444009 -0.8913723 -0.3621808 0.2725447 -0.4201636 -0.898311 0.1284525 -0.8913728 -0.3621954 0.2725235 -0.4154183 -0.8983153 -0.1430291 -0.4201586 -0.8983142 0.1284465 -0.8913846 -0.3621819 0.2725033 -0.8813335 -0.3621815 -0.3034403 -0.4154223 -0.8983112 -0.1430432 -0.8813213 -0.3621948 -0.3034596 -0.2520099 -0.8983152 -0.3598901 -0.4154146 -0.8983141 -0.1430481 -0.8813183 -0.3621824 -0.3034834 -0.5346557 -0.362182 -0.7635231 -0.252004 -0.8983114 -0.3599038 -0.2520219 -0.8983318 -0.3598405 0.007635533 -0.8983318 -0.4392516 0.2644113 -0.8983317 -0.3508374 -0.2519846 -0.8983302 -0.3598702 0.2643952 -0.8983302 -0.3508534 0.4201161 -0.8983315 -0.1284645 -0.2519475 -0.8983318 -0.3598924 0.4201238 -0.8983317 -0.1284372 0.4153778 -0.8983317 0.1430441 -0.251976 -0.8983323 -0.3598713 0.4153874 -0.8983315 0.1430169 0.2519707 -0.8983312 0.3598778 -0.2520042 -0.8983323 -0.3598514 0.2520084 -0.8983312 0.3598512 -0.007616579 -0.8983311 0.4392532 -0.2519668 -0.8983318 -0.359879 -0.007656753 -0.8983317 0.4392512 -0.2643958 -0.8983317 0.350849 -0.2519956 -0.8983311 -0.3598605 -0.2643516 -0.8983324 0.3508809 -0.4201171 -0.8983319 0.1284582 -0.2519586 -0.8983325 -0.3598828 -0.4201083 -0.8983314 0.1284913 -0.4153935 -0.8983319 -0.1429966 -0.2648146 0.8980157 0.3513417 -0.007708847 0.8980155 0.4398963 0.2523779 0.8980156 0.3603799 -0.2647784 0.8980157 0.351369 0.2523605 0.8980154 0.360392 0.4159886 0.8980154 0.1432549 -0.2647425 0.8980156 0.3513966 0.4159966 0.8980153 0.1432318 0.4207348 0.8980155 -0.1286487 -0.2647701 0.8980157 0.3513755 0.4207434 0.8980154 -0.1286212 0.2648727 0.8980155 -0.3512985 -0.2647978 0.8980157 0.3513545 0.2648019 0.8980154 -0.351352 0.007728695 0.8980156 -0.4398958 -0.2647618 0.8980156 0.351382 0.007689237 0.8980156 -0.4398965 -0.2523604 0.8980156 -0.3603919 -0.2647895 0.8980156 0.3513612 -0.2523151 0.8980156 -0.3604236 -0.4159886 0.8980156 -0.1432533 -0.2647542 0.8980156 0.3513875 -0.4159787 0.8980156 -0.1432822 -0.4207486 0.8980156 0.1286029 -0.5206668 0.8472235 0.1054441 -0.642911 -0.5436426 0.5395537 -0.3486207 0.8904685 0.2924547 0.008910953 -0.5319181 -0.846749 0.05138713 -0.04886507 -0.9974827 0.1561255 0.1851763 -0.970224 0.9912539 -0.04894518 0.1225573 -0.008983671 0.531938 0.8467357 -3.39091e-4 0.2979092 0.9545942 0.6429237 0.5436429 -0.5395383 0.3486463 -0.8904687 -0.2924231 0.4708694 0.5003967 -0.726557 0.008942067 -0.5319597 -0.8467226 0.1560791 0.185059 -0.9702538 0.07628804 -0.7226754 -0.6869647 -0.9152428 -0.3758813 0.1450648 -0.7972739 -0.5004056 0.3375629 -0.689718 0.7227321 -0.04412841 -0.4708594 -0.5003938 0.7265655 -0.1942347 0.8472092 0.4944789 -0.6429651 -0.5436443 0.5394875 0.3486074 -0.8904449 -0.292542 0.5206979 -0.8471999 -0.1054807 -0.4708845 -0.5003572 0.7265745 -0.3017398 -0.3758248 0.8761901 -0.0763033 0.7227044 0.6869325 -0.1942713 0.8472275 0.4944335 0.9152459 0.3758755 -0.145061 0.6897361 -0.7227144 0.04413622 0.7972838 0.5003993 -0.337549 -0.8354361 0.5319167 -0.1382431 -0.9152771 -0.3758214 0.1450034 -0.6897222 0.7227283 -0.04412734 3.33101e-4 -0.2979183 -0.9545913 0.008983552 -0.5319457 -0.8467308 -0.9826072 -0.1851152 -0.01467931 0.3017902 0.37588 -0.8761489 0.4709187 0.5004228 -0.7265072 0.1942634 -0.8472281 -0.4944353 0.1561644 0.1850953 -0.9702332 0.05144542 -0.04893267 -0.9974763 -0.9401528 0.2978985 -0.1654369 0.6897482 -0.722706 0.04408574 0.8354389 -0.5319271 0.1381861 -0.1561384 -0.1850754 0.9702411 -0.008894562 0.5319961 0.8467002 -0.1561044 -0.1851007 0.9702418 -2.36243e-4 0.2979457 0.9545828 0.6428893 0.5436469 -0.5395753 0.5206689 -0.8472217 -0.1054483 0.3486147 -0.8904666 -0.2924672 0.9152662 0.3758403 -0.1450244 0.8354042 -0.5319721 0.1382228 0.6897826 -0.722668 0.0441693 0.7972988 0.5003604 -0.3375711 0.6429623 0.5436056 -0.5395298 -0.3486397 0.8904449 0.2925033 0.6429944 0.5436078 -0.5394894 -0.5206972 0.8472002 0.1054817 -0.3486075 0.890444 0.2925444 0.008965909 -0.5319073 -0.8467552 -0.9152467 -0.3758525 0.1451155 -0.9826159 -0.1850681 -0.01469731 2.45392e-4 -0.2979522 -0.9545809 0.0513674 -0.04891145 -0.9974815 0.008887469 -0.5319564 -0.8467252 -0.7972974 -0.5003901 0.3375305 -0.6429615 -0.5436448 0.5394914 -0.5206755 0.8472189 0.1054385 0.07627779 -0.7226656 -0.6869762 0.1561442 0.1851454 -0.9702269 0.3017652 0.3758431 -0.8761735 0.05145245 -0.04887801 -0.9974786 -0.9912585 0.04890108 -0.1225372 -0.9401388 0.2979488 -0.1654262 -0.982607 -0.1851112 -0.01474487 -0.9152606 -0.3758509 0.1450315 -0.8354434 0.5319013 -0.1382585 0.4709099 0.5003674 -0.7265511 0.3018213 0.375846 -0.8761528 -0.6897784 0.7226754 -0.04411447 0.301851 0.3758696 -0.8761326 -0.8354396 0.5319241 -0.1381937 -0.6897491 0.7227044 -0.04409688 0.9826132 0.1850815 0.01470112 0.9152428 0.3758617 -0.1451157 -0.07635396 0.7227126 0.6869182 0.9152599 0.3758342 -0.1450794 -0.194307 0.8472065 0.4944553 -0.07633978 0.7226822 0.6869518 -0.3017584 -0.3758549 0.8761706 -0.1561211 -0.1851384 0.9702319 -0.008914291 0.5318759 0.8467754 0.6897422 -0.7227112 0.04409497 -0.1561509 -0.185072 0.9702398 -0.3018395 -0.3758555 0.8761425 0.9401423 -0.2979582 0.1653892 0.9912583 -0.04889678 0.1225407 -3.33652e-4 0.2979564 0.9545795 0.9401363 -0.2979519 0.1654339 -3.33607e-4 0.2979466 0.9545826 -0.05145168 0.0489006 0.9974776 0.9912542 -0.04887306 0.1225829 0.8354437 -0.5319021 0.1382532 0.9826127 0.1850793 0.01475882 0.9912557 -0.04893088 0.1225484 0.9826105 0.1850972 0.01468968 -0.008982002 0.5319546 0.8467254 0.7972756 0.5004033 -0.3375622 0.689747 -0.722703 0.04415339 0.5206194 -0.8472471 -0.1054887 0.520686 -0.8472055 -0.1054937 0.689772 -0.7226819 0.04410928 -0.3018102 -0.3758359 0.8761609 0.7972385 0.5004264 -0.3376156 0.520601 -0.847256 -0.1055082 0.642945 0.5436424 -0.5395134 0.6429832 0.5436031 -0.5395075 0.470893 0.500357 -0.7265691 -0.5207077 0.8471958 0.1054649 0.0762875 -0.7226977 -0.6869412 0.3018009 0.3758912 -0.8761405 0.1942493 -0.8472209 -0.4944531 0.05145454 -0.04889875 -0.9974775 3.37571e-4 -0.297946 -0.9545827 -0.9912596 0.04887878 -0.1225374 0.008982419 -0.5319291 -0.8467413 0.07635772 -0.7227069 -0.6869238 -0.9152337 -0.3758794 0.1451271 0.07632791 -0.7226716 -0.6869642 -0.7972908 -0.5003629 0.3375862 -0.9152568 -0.3758375 0.1450902 0.1942989 -0.8471983 -0.4944725 0.3486348 -0.8904435 -0.2925134 -0.6429493 -0.5436099 0.5395411 0.3485964 -0.8904455 -0.2925531 -0.4708953 -0.5003609 0.726565 -0.6429855 -0.5436047 0.5395031 0.7973034 0.5003575 -0.3375644 -0.3486327 0.8904449 0.2925117 -0.1942949 0.8472008 0.4944698 -0.6430133 -0.5436451 0.5394293 -0.1942552 0.8472223 0.4944484 -0.3485569 0.8904674 0.2925336 -0.9401533 0.2978695 -0.1654863 -0.9912497 0.04890912 -0.1226048 -0.8354216 0.5319411 -0.1382381 0.1561691 0.185115 -0.9702287 -0.9401487 0.2979145 -0.1654313 -0.8354288 0.5319427 -0.1381869 0.4709384 0.5004313 -0.7264886 0.3485987 -0.8904679 -0.2924826 0.1943036 -0.8472515 -0.4943794 0.3018456 0.3758645 -0.8761366 0.1561542 0.1850855 -0.9702368 -0.835445 0.5319147 -0.1381971 0.1942849 -0.8471978 -0.4944787 -0.642961 -0.5436028 0.5395344 -0.7972979 -0.5003587 0.3375759 0.07633614 -0.7226825 -0.6869518 0.1943044 -0.8472067 -0.494456 -0.7972782 -0.5003721 0.3376022 0.9826146 0.185073 0.01471054 -0.07635205 0.7227035 0.686928 -0.008981406 0.5319237 0.8467448 -0.3017488 -0.3758387 0.8761809 -0.008931994 0.5319725 0.8467145 -0.07626956 0.7226696 0.6869729 -0.9912557 0.04887235 -0.1225709 -0.9825969 -0.1851693 -0.01468896 -0.8354304 0.5319271 -0.1382378 3.37064e-4 -0.2979062 -0.9545952 -0.9826087 -0.1851073 -0.01468592 -0.9912564 0.04891955 -0.1225465 0.9826026 0.1851363 0.01472282 0.8354582 -0.5318789 0.1382561 0.9152593 0.3758529 -0.1450358 0.9152553 0.3758383 -0.1450985 0.7972877 0.5003619 -0.3375951 -0.1943068 0.8472157 0.4944396 0.8354192 -0.5319588 0.1381832 -0.05144137 0.04892498 0.9974769 -0.1561637 -0.1851013 0.9702322 -2.68996e-4 0.297905 0.9545956 -0.1560999 -0.1851277 0.9702374 -0.05138933 0.04886907 0.9974824 0.9912533 -0.04888755 0.1225849 0.9401374 -0.2978981 0.1655248 0.8354224 -0.5319271 0.1382864 0.8354306 -0.5319398 0.138188 0.9401504 -0.2979108 0.1654281 -0.05143433 0.04894334 0.9974764 -0.6897678 0.7226821 -0.04417026 -0.7972908 -0.5003952 0.3375383 -0.5206922 0.8472111 0.1054187 0.4709181 0.5003684 -0.7265451 -0.6897724 0.7226811 -0.04411464 -0.5206853 0.8472068 0.105486 -0.3017718 -0.3758578 0.8761649 -0.1942465 0.8472198 0.4944563 -0.47085 -0.5003852 0.7265775 0.5206738 -0.8472127 -0.1054966 -0.3018215 -0.3758378 0.8761563 -0.4709078 -0.5003641 0.7265546 -0.1279952 -0.6759102 0.7257841 0.2520949 -0.6759048 0.6925323 0.3413567 -0.06130301 0.9379327 0.1280296 -0.6758971 -0.7257903 -0.3413179 -0.06131172 -0.9379462 0.1733024 -0.06128674 -0.9829599 0.6925399 -0.6759128 -0.2520527 0.4736931 -0.6759065 -0.564593 0.6415849 -0.06130492 -0.7645984 -0.4737435 -0.6758269 0.5646462 0.4737698 -0.6758268 -0.5646241 0.692583 -0.6758268 -0.2521646 -0.6925708 -0.6758987 0.2520053 -0.6416383 -0.0613135 0.7645528 -0.9379084 -0.06128817 0.3414261 -0.5645579 -0.6759099 -0.4737302 -0.7258006 -0.6759042 -0.1279339 -0.9829464 -0.06130248 -0.1733738 0.5645382 -0.6758931 0.4737777 0.9829431 -0.06130778 0.1733907 0.7646428 -0.06128305 0.641534 0.1279904 -0.6759096 -0.7257855 -0.2521005 -0.6759034 -0.6925315 -0.3413178 -0.06130099 -0.9379469 0.1280052 -0.6758211 -0.7258653 -0.7258589 -0.6758276 -0.1280073 -0.2520851 -0.6758214 -0.6926172 -0.6925473 -0.6759085 0.2520437 -0.4737061 -0.6759029 0.5645865 -0.6416341 -0.06130081 0.7645574 -0.4737235 -0.6758268 0.564663 -0.6926048 -0.6758268 0.2521047 0.128035 -0.6758268 -0.7258548 0.5645525 -0.6759113 0.4737346 0.7258245 -0.6758731 0.1279628 0.9829448 -0.06130367 0.1733827 -0.1279727 -0.6758234 0.7258689 0.6926458 -0.675829 -0.2519863 0.2521202 -0.6758235 0.6926024 -0.5645372 -0.6758967 -0.4737737 -0.9829462 -0.06127238 -0.1733858 -0.7646464 -0.06128638 -0.6415293 0.6925932 -0.6758625 -0.2520412 0.6415971 -0.06127095 -0.7645907 0.9379059 -0.06128466 -0.3414334 -0.1280324 -0.675899 0.7257881 0.3413144 -0.0613141 0.9379473 -0.1733058 -0.06128913 0.9829592 -0.2520524 -0.6759085 -0.6925442 -0.5645928 -0.6759027 -0.4736989 -0.764565 -0.06129974 -0.6416252 -0.2520592 -0.6758225 -0.6926255 -0.7258749 -0.6758277 -0.1279166 -0.5646517 -0.6758244 -0.4737404 -0.473735 -0.6759103 0.5645534 -0.1279387 -0.6759046 0.7257994 -0.1733813 -0.06130295 0.9829451 -0.4738155 -0.6758269 0.5645858 0.6926302 -0.6758268 -0.2520353 -0.1279247 -0.6758268 0.7258743 0.4737422 -0.6759095 -0.5645483 0.1279491 -0.6759032 -0.7257989 0.1733947 -0.06130087 -0.9829428 0.4737635 -0.6758268 -0.5646293 -0.47378 -0.6758268 0.5646156 0.1279641 -0.6758268 -0.7258673 0.2520493 -0.6759097 0.6925441 0.5645911 -0.6759039 0.4736992 0.7645632 -0.06130129 0.6416271 0.2520564 -0.675831 0.6926182 0.7258446 -0.6758612 0.1279115 0.5646238 -0.6758645 0.4737163 -0.7257867 -0.6759067 -0.1280001 -0.6925377 -0.6759008 0.2520907 -0.9379516 -0.06129795 0.3413054 0.1279851 -0.6758286 -0.7258619 -0.6925883 -0.6758257 0.252153 -0.7258538 -0.6758272 -0.1280394 0.7257833 -0.675911 0.1279959 0.6925323 -0.6759047 -0.2520951 0.9379332 -0.0613023 -0.3413553 0.2521364 -0.6758301 0.6925901 0.6926066 -0.6758248 -0.2521053 0.7258696 -0.6758273 0.1279485 -0.7258211 -0.6758673 -0.128013 -0.9379441 -0.06131529 0.341323 -0.9829691 -0.0612902 -0.1732497 0 1 -1.36893e-5 -0.2520189 -0.6758971 -0.6925674 -0.7645631 -0.06131136 -0.6416262 -0.3414409 -0.06128674 -0.9379031 0 1 -1.83399e-6 0.473771 -0.6758999 -0.5645356 0.1733373 -0.0613144 -0.9829521 0.6415285 -0.06129014 -0.7646469 0.7257947 -0.6758935 0.1280241 0.9379444 -0.0613082 -0.3413233 0.9829693 -0.0612837 0.1732504 0.2520194 -0.6758999 0.6925645 0.7645661 -0.06131529 0.6416223 0.3414455 -0.06128996 0.9379011 -0.4737709 -0.6758987 0.5645372 -0.1733328 -0.06131464 0.9829528 -0.641525 -0.06128907 0.7646498 -0.4737377 -0.6759102 0.5645512 -0.1279671 -0.6758717 0.7258251 -0.1733874 -0.06130206 0.982944 0.4737702 -0.6758978 -0.5645387 0.1733794 -0.06131285 -0.9829448 0.6415245 -0.06128764 -0.7646505 0.7257826 -0.6759108 0.1280006 0.6925335 -0.6759052 -0.2520904 0.9379351 -0.06130331 -0.3413501 -0.6925964 -0.6758288 0.2521225 0.6926135 -0.6758238 -0.252089 0.7258744 -0.6758286 0.1279145 -0.7257875 -0.6759001 -0.1280298 -0.9379462 -0.06131482 0.3413174 -0.9829681 -0.06129014 -0.1732555 -0.2520589 -0.6759112 -0.6925392 -0.564597 -0.6759054 -0.4736902 -0.7645722 -0.06130307 -0.6416162 0 1 -4.2354e-6 0.2520191 -0.6758977 0.6925669 0.7645631 -0.06131124 0.6416263 0.3414409 -0.06128692 0.9379031 0.4737319 -0.6759088 -0.5645579 0.1279345 -0.6759026 -0.725802 0.1733753 -0.06130033 -0.9829463 0.4737818 -0.6758203 -0.5646218 -0.5646116 -0.6758217 -0.4737919 0.127991 -0.6758154 -0.7258732 -0.7257861 -0.6759073 -0.1279997 -0.6925369 -0.6759015 0.2520911 -0.9379515 -0.06129884 0.3413057 -0.6925885 -0.6758268 0.2521495 -0.7258656 -0.6758268 -0.127974 0.4738082 -0.6758268 -0.5645918 0.2520568 -0.6759098 0.6925413 0.5645954 -0.6759042 0.4736936 0.7645692 -0.06130117 0.64162 -0.4737588 -0.6758268 0.5646334 0.7258683 -0.6758269 0.1279586 -0.1279549 -0.6758268 0.7258689 -0.2520192 -0.6758974 -0.6925671 -0.7645642 -0.06131172 -0.6416249 -0.3413976 -0.06128668 -0.9379189 0 1 3.09484e-6 0.7257882 -0.6758992 0.1280301 0.9379463 -0.06131458 -0.3413171 0.982968 -0.06128984 0.1732561 0 1 -2.89284e-6 -0.4737762 -0.6758971 0.5645346 -0.1733434 -0.06131154 0.9829512 -0.6415333 -0.0612868 0.7646431 0.1279944 -0.6759083 -0.725786 -0.2520961 -0.6759023 -0.6925343 -0.3413122 -0.06129962 -0.9379491 0.1280248 -0.6758196 -0.7258633 -0.5646704 -0.6758242 -0.4737185 -0.2521329 -0.6758197 -0.6926015 -0.6925448 -0.6759094 0.2520481 -0.4737008 -0.6759037 0.56459 -0.641592 -0.06130123 0.7645927 -0.6926297 -0.6758268 0.2520363 0.7258532 -0.6758268 0.1280441 -0.4737245 -0.6758268 0.564662 0.6925495 -0.6759082 -0.2520385 0.4737102 -0.6759024 -0.5645837 0.6416034 -0.06129974 -0.7645834 0.6926077 -0.6758276 -0.2520947 -0.6926142 -0.6758247 0.2520847 0.4737555 -0.6758308 -0.5646313 -0.1279982 -0.6759092 0.7257846 0.252094 -0.6759029 0.6925344 0.3413538 -0.06130051 0.9379339 -0.1280277 -0.675834 0.7258495 0.5646445 -0.6758648 0.4736913 0.2521294 -0.6758338 0.6925889 -0.5645537 -0.6759099 -0.4737352 -0.7257997 -0.675904 -0.1279399 -0.9829449 -0.06130182 -0.1733825 0.4737694 -0.6758274 -0.5646237 -0.7258759 -0.6758267 -0.127916 -0.5645915 -0.6758273 -0.4738078 0.5645585 -0.6759108 0.4737283 0.7258005 -0.6759048 0.1279318 0.9829467 -0.06130278 0.173372 -0.12794 -0.6758165 0.7258811 0.7258641 -0.6758286 0.1279727 0.5646513 -0.6758202 0.473747 0 1 5.78568e-6 -0.5645365 -0.6758981 -0.4737725 -0.9829438 -0.06131297 -0.1733849 -0.7646467 -0.06128823 -0.6415289 0.1280303 -0.6758981 -0.7257893 -0.3413162 -0.06131219 -0.9379467 0.1732568 -0.06128758 -0.982968 0 1 -1.834e-6 0.6925696 -0.6758983 -0.2520099 0.6416336 -0.06131362 -0.7645567 0.9379227 -0.06128823 -0.3413867 0.5645349 -0.6758974 0.4737754 0.9829431 -0.06131154 0.1733899 0.7646435 -0.06128692 0.6415327 0 1 -1.3689e-5 -0.1280311 -0.6758977 0.7257894 0.341317 -0.06131339 0.9379464 -0.173256 -0.06128811 0.9829681 -0.6925699 -0.6758968 0.2520127 -0.6416316 -0.0613116 0.7645586 -0.9379055 -0.06128633 0.3414343 -0.9236871 0.3636413 0.1206946 -0.7197502 0.6298972 0.2918721 -0.4391178 0.86251 -0.2514997 0.04144012 -0.3637374 0.9305793 0.3238866 -0.8625395 0.3887457 0.6031315 -0.4980419 0.6230463 0.04143542 0.3637714 0.9305663 0.1161057 5.82635e-5 0.993237 0.7053719 5.29587e-5 0.7088374 -0.9983129 4.64205e-5 0.05806326 0.1161722 5.49853e-6 0.9932292 0.04154938 0.3636549 0.9306067 -0.9236323 -0.3637503 0.1207852 -0.8205605 -3.8362e-5 -0.5715598 -0.718366 -0.4979242 -0.485821 -0.4411083 -0.727396 0.5256602 -0.7197355 -0.6299059 0.2918893 -0.4390384 -0.8625691 -0.2514361 0.6427875 -8.47069e-6 -0.7660445 -0.4411601 0.7273852 0.5256317 0.3238451 0.8625685 0.3887158 -0.05754768 0.995978 0.06867498 0.04149699 -0.3636145 0.9306249 -0.1624571 -0.6299004 0.7594954 0.3239288 -0.8625108 0.3887742 0.04153066 -0.363723 0.9305809 -0.7196626 -0.6300098 0.291845 -0.1624211 -0.629997 0.7594231 -0.923622 -0.3637753 0.1207891 -0.9983066 -4.30047e-5 0.05817276 -0.8205552 -5.81443e-5 -0.5715674 -0.9983131 7.12872e-5 0.05806183 -0.9236648 -0.3636968 0.1206985 0.04153281 -0.3636763 0.9305991 -0.4411681 0.7273921 0.5256153 -0.1625421 0.6299644 0.7594242 0.3238474 0.8625735 0.3887027 -0.9236501 0.3637298 0.1207108 0.04147517 0.3638028 0.9305523 -0.7196589 0.6300191 0.2918337 -0.4410376 -0.7273893 0.5257286 -0.4390407 -0.8625697 -0.2514294 -0.05763423 -0.9959784 0.06859582 0.6427859 -5.01057e-6 -0.766046 0.6427881 -3.20954e-6 -0.7660441 0.04147833 0.363655 0.9306098 0.7053672 1.52119e-5 0.7088422 0.6031759 0.4979456 0.6230803 0.6427878 5.78567e-6 -0.7660443 -0.9236809 0.3636546 0.1207023 -0.4391193 0.8625115 -0.2514924 -0.7183158 0.4980351 -0.4857812 -0.1624971 -0.6299505 0.7594453 -0.4411025 -0.727407 0.5256499 -0.0575475 -0.9959781 0.06867426 -0.1624226 -0.6299442 0.7594665 -0.7197426 -0.6299254 0.2918298 -0.441107 -0.7274155 0.5256343 -0.9983097 1.72267e-5 0.05811786 -0.9236418 0.3637238 0.120793 -0.7183437 0.4979781 -0.4857985 -0.9983129 -5.34803e-5 0.0580635 0.04149687 0.3637621 0.9305672 -0.923632 0.3637701 0.1207273 0.1161174 9.89856e-5 0.9932355 0.04148113 -0.3636322 0.9306187 0.6031777 -0.4979313 0.6230899 0.1161711 -2.10003e-5 0.9932293 -0.998313 -1.27405e-5 0.05806285 0.04151046 -0.3637467 0.9305726 -0.7197594 0.6298955 0.2918531 -0.44115 0.7273523 0.5256857 -0.05763316 0.9959779 0.06860452 -0.7196908 0.629993 0.2918116 -0.1623866 0.6299745 0.759449 -0.441011 0.7274699 0.5256395 -0.7197172 -0.62993 0.2918824 -0.9236751 -0.3636487 0.1207643 -0.7183347 -0.4979969 -0.4857924 0.04151457 -0.3637127 0.9305857 -0.9236839 -0.3636671 0.1206418 -0.7196518 -0.6300204 0.2918487 -0.1625134 0.6299139 0.7594722 0.04146385 0.3636465 0.9306138 0.6031336 0.4980323 0.6230521 -0.7196505 0.6300068 0.2918812 0.04153275 0.3637067 0.9305872 -0.1624101 0.6299613 0.759455 0.6427892 1.15716e-5 -0.7660431 -0.7196498 -0.629997 0.2919043 -0.7183164 -0.4980469 -0.4857681 -0.4391026 -0.8625194 -0.251494 0.6427931 0 -0.7660398 -0.1624445 -0.6298967 0.7595012 -0.05756068 -0.9959771 0.06867706 0.3238472 -0.8625738 0.3887025 0.6427871 3.20944e-6 -0.7660448 0.1161581 6.37118e-5 0.9932307 0.6031698 -0.4979372 0.623093 0.7053726 -5.41657e-5 0.7088367 0.6427854 -1.0021e-5 -0.7660464 -0.1624963 0.6299933 0.75941 0.603128 0.498035 0.6230552 0.3239319 0.8625127 0.3887674 0.6427838 -1.3689e-5 -0.7660477 -0.7197555 0.6298977 0.2918577 -0.05764037 0.9959775 0.06860464 -0.439035 0.862571 -0.2514355 0.6427876 8.47097e-6 -0.7660445 -0.9983096 -7.72178e-5 0.05812209 -0.7183631 0.4979395 -0.4858095 -0.8205533 5.67734e-5 -0.5715701 -0.7399441 0.2588205 0.6208822 -0.7399453 0.25882 0.620881</float_array>
          <technique_common>
            <accessor source="#default_default-mesh-normals-array" count="6250" stride="3">
              <param name="X" type="float"/>
              <param name="Y" type="float"/>
              <param name="Z" type="float"/>
            </accessor>
          </technique_common>
        </source>
        <source id="default_default-mesh-map-0">
          <float_array id="default_default-mesh-map-0-array" count="13428">0.975586 0.37793 0.975586 0.430664 0.932617 0.37793 0.928711 0.428711 0.928711 0.379883 0.932617 0.37793 0.928711 0.428711 0.918945 0.40332 0.928711 0.379883 0.975586 0.37793 0.979492 0.379883 0.975586 0.430664 0.932617 0.37793 0.932617 0.430664 0.928711 0.428711 0.932617 0.37793 0.975586 0.430664 0.932617 0.430664 0.979492 0.428711 0.975586 0.430664 0.979492 0.379883 0.979492 0.379883 0.989258 0.40332 0.979492 0.428711 0.932617 0.157227 0.975586 0.157227 0.975586 0.374023 0.975586 0.374023 0.932617 0.374023 0.932617 0.157227 0.926758 0.157227 0.932617 0.157227 0.932617 0.374023 0.932617 0.374023 0.926758 0.374023 0.926758 0.157227 0.874023 0.157227 0.899414 0.157227 0.899414 0.374023 0.899414 0.374023 0.874023 0.374023 0.874023 0.157227 0.899414 0.157227 0.926758 0.157227 0.926758 0.374023 0.926758 0.374023 0.899414 0.374023 0.899414 0.157227 0.975586 0.157227 0.981445 0.157227 0.981445 0.374023 0.981445 0.374023 0.975586 0.374023 0.975586 0.157227 0.868164 0.157227 0.874023 0.157227 0.874023 0.374023 0.874023 0.374023 0.868164 0.374023 0.868164 0.157227 0.825195 0.157227 0.868164 0.157227 0.868164 0.374023 0.868164 0.374023 0.825195 0.374023 0.825195 0.157227 0.819336 0.157227 0.825195 0.157227 0.825195 0.374023 0.825195 0.374023 0.819336 0.374023 0.819336 0.157227 0.764648 0.157227 0.791992 0.157227 0.791992 0.374023 0.791992 0.374023 0.764648 0.374023 0.764648 0.157227 0.791992 0.157227 0.819336 0.157227 0.819336 0.374023 0.819336 0.374023 0.791992 0.374023 0.791992 0.157227 0.932617 0.157227 0.926758 0.155273 0.932617 0.09863299 0.926758 0.155273 0.926758 0.1005859 0.932617 0.09863299 0.926758 0.155273 0.915039 0.12793 0.926758 0.1005859 0.932617 0.157227 0.932617 0.09863299 0.975586 0.157227 0.932617 0.09863299 0.975586 0.09863299 0.975586 0.157227 0.975586 0.09863299 0.981445 0.1005859 0.981445 0.155273 0.975586 0.09863299 0.981445 0.155273 0.975586 0.157227 0.981445 0.1005859 0.993164 0.12793 0.981445 0.155273 0.932617 0.374023 0.975586 0.374023 0.975586 0.37793 0.975586 0.37793 0.932617 0.37793 0.932617 0.374023 0.924805 0.37793 0.932617 0.374023 0.932617 0.37793 0.932617 0.37793 0.928711 0.379883 0.924805 0.37793 0.924805 0.430664 0.913086 0.40332 0.918945 0.40332 0.918945 0.40332 0.928711 0.428711 0.924805 0.430664 0.913086 0.40332 0.924805 0.37793 0.928711 0.379883 0.928711 0.379883 0.918945 0.40332 0.913086 0.40332 0.975586 0.374023 0.983398 0.37793 0.979492 0.379883 0.979492 0.379883 0.975586 0.37793 0.975586 0.374023 0.932617 0.43457 0.924805 0.430664 0.928711 0.428711 0.928711 0.428711 0.932617 0.430664 0.932617 0.43457 0.975586 0.43457 0.932617 0.43457 0.932617 0.430664 0.932617 0.430664 0.975586 0.430664 0.975586 0.43457 0.983398 0.430664 0.975586 0.43457 0.975586 0.430664 0.975586 0.430664 0.979492 0.428711 0.983398 0.430664 0.983398 0.37793 0.995117 0.40332 0.989258 0.40332 0.989258 0.40332 0.979492 0.379883 0.983398 0.37793 0.995117 0.40332 0.983398 0.430664 0.979492 0.428711 0.979492 0.428711 0.989258 0.40332 0.995117 0.40332 0.21582 0.780273 0.249023 0.766602 0.229492 0.766602 0.21582 0.797852 0.249023 0.766602 0.21582 0.780273 0.229492 0.811523 0.249023 0.766602 0.21582 0.797852 0.249023 0.811523 0.249023 0.766602 0.229492 0.811523 0.262695 0.797852 0.249023 0.766602 0.249023 0.811523 0.262695 0.780273 0.249023 0.766602 0.262695 0.797852 0.676758 0.952148 0.698242 0.961914 0.698242 0.952148 0.676758 0.961914 0.698242 0.961914 0.676758 0.952148 0.657227 0.952148 0.676758 0.961914 0.676758 0.952148 0.657227 0.961914 0.676758 0.961914 0.657227 0.952148 0.637695 0.952148 0.657227 0.961914 0.657227 0.952148 0.637695 0.961914 0.657227 0.961914 0.637695 0.952148 0.618164 0.952148 0.637695 0.961914 0.637695 0.952148 0.618164 0.961914 0.637695 0.961914 0.618164 0.952148 0.59668 0.952148 0.618164 0.961914 0.618164 0.952148 0.59668 0.961914 0.618164 0.961914 0.59668 0.952148 0.567383 0.952148 0.59668 0.961914 0.59668 0.952148 0.567383 0.961914 0.59668 0.961914 0.567383 0.952148 0.698242 0.952148 0.729492 0.961914 0.729492 0.952148 0.698242 0.961914 0.729492 0.961914 0.698242 0.952148 0.249023 0.766602 0.262695 0.780273 0.229492 0.766602 0.229492 0.766602 0.262695 0.780273 0.21582 0.780273 0.21582 0.780273 0.262695 0.780273 0.21582 0.797852 0.21582 0.797852 0.262695 0.780273 0.229492 0.811523 0.229492 0.811523 0.262695 0.780273 0.249023 0.811523 0.249023 0.811523 0.262695 0.780273 0.262695 0.797852 0.262695 0.797852 0.249023 0.811523 0.282227 0.807617 0.272461 0.819336 0.282227 0.807617 0.249023 0.811523 0.567383 0.961914 0.567383 0.952148 0.547852 0.961914 0.547852 0.952148 0.547852 0.961914 0.567383 0.952148 0.249023 0.811523 0.262695 0.797852 0.272461 0.819336 0.282227 0.807617 0.272461 0.819336 0.262695 0.797852 0.729492 0.952148 0.729492 0.961914 0.733398 0.952148 0.733398 0.961914 0.733398 0.952148 0.729492 0.961914 0.272461 0.819336 0.282227 0.807617 0.282227 0.807617 0.282227 0.807617 0.272461 0.819336 0.272461 0.819336 0.249023 0.766602 0.21582 0.780273 0.229492 0.766602 0.249023 0.766602 0.21582 0.799805 0.21582 0.780273 0.249023 0.766602 0.229492 0.813477 0.21582 0.799805 0.249023 0.766602 0.249023 0.813477 0.229492 0.813477 0.249023 0.766602 0.262695 0.799805 0.249023 0.813477 0.249023 0.766602 0.262695 0.780273 0.262695 0.799805 0.698242 0.961914 0.676758 0.952148 0.698242 0.952148 0.698242 0.961914 0.676758 0.961914 0.676758 0.952148 0.676758 0.961914 0.657227 0.952148 0.676758 0.952148 0.676758 0.961914 0.657227 0.961914 0.657227 0.952148 0.657227 0.961914 0.637695 0.952148 0.657227 0.952148 0.657227 0.961914 0.637695 0.961914 0.637695 0.952148 0.637695 0.961914 0.618164 0.952148 0.637695 0.952148 0.637695 0.961914 0.618164 0.961914 0.618164 0.952148 0.618164 0.961914 0.59668 0.952148 0.618164 0.952148 0.618164 0.961914 0.59668 0.961914 0.59668 0.952148 0.59668 0.961914 0.567383 0.952148 0.59668 0.952148 0.59668 0.961914 0.567383 0.961914 0.567383 0.952148 0.729492 0.961914 0.698242 0.952148 0.729492 0.952148 0.729492 0.961914 0.698242 0.961914 0.698242 0.952148 0.262695 0.780273 0.249023 0.766602 0.229492 0.766602 0.262695 0.780273 0.229492 0.766602 0.21582 0.780273 0.262695 0.780273 0.21582 0.780273 0.21582 0.799805 0.262695 0.780273 0.21582 0.799805 0.229492 0.813477 0.262695 0.780273 0.229492 0.813477 0.249023 0.813477 0.262695 0.780273 0.249023 0.813477 0.262695 0.799805 0.249023 0.813477 0.262695 0.799805 0.282227 0.80957 0.282227 0.80957 0.272461 0.819336 0.249023 0.813477 0.567383 0.952148 0.567383 0.961914 0.547852 0.961914 0.547852 0.961914 0.547852 0.952148 0.567383 0.952148 0.262695 0.799805 0.249023 0.813477 0.272461 0.819336 0.272461 0.819336 0.282227 0.80957 0.262695 0.799805 0.729492 0.961914 0.729492 0.952148 0.733398 0.952148 0.733398 0.952148 0.733398 0.961914 0.729492 0.961914 0.282227 0.80957 0.272461 0.819336 0.282227 0.80957 0.272461 0.819336 0.282227 0.80957 0.272461 0.819336 0.260742 0.799805 0.249023 0.766602 0.260742 0.77832 0.260742 0.799805 0.227539 0.766602 0.249023 0.766602 0.260742 0.799805 0.21582 0.77832 0.227539 0.766602 0.260742 0.799805 0.21582 0.799805 0.21582 0.77832 0.260742 0.799805 0.227539 0.811523 0.21582 0.799805 0.260742 0.799805 0.249023 0.811523 0.227539 0.811523 0.618164 0.952148 0.641602 0.961914 0.618164 0.961914 0.618164 0.952148 0.641602 0.952148 0.641602 0.961914 0.641602 0.952148 0.665039 0.961914 0.641602 0.961914 0.641602 0.952148 0.665039 0.952148 0.665039 0.961914 0.665039 0.952148 0.686523 0.961914 0.665039 0.961914 0.665039 0.952148 0.686523 0.952148 0.686523 0.961914 0.686523 0.952148 0.709961 0.961914 0.686523 0.961914 0.686523 0.952148 0.709961 0.952148 0.709961 0.961914 0.709961 0.952148 0.733398 0.961914 0.709961 0.961914 0.709961 0.952148 0.733398 0.952148 0.733398 0.961914 0.547852 0.952148 0.573242 0.961914 0.547852 0.961914 0.547852 0.952148 0.573242 0.952148 0.573242 0.961914 0.573242 0.952148 0.59668 0.961914 0.573242 0.961914 0.573242 0.952148 0.59668 0.952148 0.59668 0.961914 0.59668 0.952148 0.618164 0.961914 0.59668 0.961914 0.59668 0.952148 0.618164 0.952148 0.618164 0.961914 0.227539 0.766602 0.249023 0.766602 0.260742 0.77832 0.227539 0.766602 0.260742 0.77832 0.260742 0.799805 0.227539 0.766602 0.260742 0.799805 0.249023 0.811523 0.227539 0.766602 0.249023 0.811523 0.227539 0.811523 0.227539 0.766602 0.227539 0.811523 0.21582 0.799805 0.227539 0.766602 0.21582 0.799805 0.21582 0.77832 0.249023 0.766602 0.260742 0.799805 0.260742 0.77832 0.227539 0.766602 0.260742 0.799805 0.249023 0.766602 0.21582 0.77832 0.260742 0.799805 0.227539 0.766602 0.21582 0.799805 0.260742 0.799805 0.21582 0.77832 0.227539 0.811523 0.260742 0.799805 0.21582 0.799805 0.249023 0.811523 0.260742 0.799805 0.227539 0.811523 0.641602 0.961914 0.618164 0.952148 0.618164 0.961914 0.641602 0.952148 0.618164 0.952148 0.641602 0.961914 0.665039 0.961914 0.641602 0.952148 0.641602 0.961914 0.665039 0.952148 0.641602 0.952148 0.665039 0.961914 0.686523 0.961914 0.665039 0.952148 0.665039 0.961914 0.686523 0.952148 0.665039 0.952148 0.686523 0.961914 0.709961 0.961914 0.686523 0.952148 0.686523 0.961914 0.709961 0.952148 0.686523 0.952148 0.709961 0.961914 0.733398 0.961914 0.709961 0.952148 0.709961 0.961914 0.733398 0.952148 0.709961 0.952148 0.733398 0.961914 0.573242 0.961914 0.547852 0.952148 0.547852 0.961914 0.573242 0.952148 0.547852 0.952148 0.573242 0.961914 0.59668 0.961914 0.573242 0.952148 0.573242 0.961914 0.59668 0.952148 0.573242 0.952148 0.59668 0.961914 0.618164 0.961914 0.59668 0.952148 0.59668 0.961914 0.618164 0.952148 0.59668 0.952148 0.618164 0.961914 0.249023 0.766602 0.227539 0.766602 0.260742 0.77832 0.260742 0.77832 0.227539 0.766602 0.260742 0.799805 0.260742 0.799805 0.227539 0.766602 0.249023 0.811523 0.249023 0.811523 0.227539 0.766602 0.227539 0.811523 0.227539 0.811523 0.227539 0.766602 0.21582 0.799805 0.21582 0.799805 0.227539 0.766602 0.21582 0.77832 0.936523 0.47168 0.944336 0.47168 0.936523 0.524414 0.944336 0.524414 0.936523 0.524414 0.944336 0.47168 0.87207 0.586914 0.879883 0.583008 0.879883 0.59082 0.87207 0.524414 0.87207 0.47168 0.879883 0.524414 0.879883 0.47168 0.879883 0.524414 0.87207 0.47168 0.879883 0.59082 0.879883 0.583008 0.936523 0.59082 0.936523 0.583008 0.879883 0.583008 0.879883 0.532227 0.879883 0.524414 0.879883 0.47168 0.936523 0.524414 0.936523 0.47168 0.936523 0.524414 0.879883 0.47168 0.936523 0.524414 0.879883 0.532227 0.879883 0.524414 0.936523 0.532227 0.936523 0.583008 0.879883 0.532227 0.879883 0.532227 0.936523 0.524414 0.936523 0.532227 0.879883 0.524414 0.879883 0.532227 0.87207 0.52832 0.879883 0.583008 0.936523 0.583008 0.936523 0.59082 0.87207 0.583008 0.87207 0.532227 0.879883 0.532227 0.879883 0.532227 0.879883 0.583008 0.87207 0.583008 0.94043 0.702148 0.913086 0.711914 0.928711 0.711914 0.94043 0.702148 0.901367 0.702148 0.913086 0.711914 0.94043 0.702148 0.895508 0.686523 0.901367 0.702148 0.924805 0.686523 0.916992 0.702148 0.916992 0.686523 0.924805 0.686523 0.924805 0.702148 0.916992 0.702148 0.924805 0.702148 0.916992 0.711914 0.916992 0.702148 0.924805 0.702148 0.924805 0.711914 0.916992 0.711914 0.924805 0.711914 0.916992 0.711914 0.916992 0.711914 0.924805 0.711914 0.924805 0.711914 0.916992 0.711914 0.924805 0.711914 0.916992 0.702148 0.916992 0.711914 0.924805 0.711914 0.924805 0.702148 0.916992 0.702148 0.924805 0.702148 0.916992 0.686523 0.916992 0.702148 0.924805 0.702148 0.924805 0.686523 0.916992 0.686523 0.913086 0.711914 0.94043 0.702148 0.928711 0.711914 0.901367 0.702148 0.94043 0.702148 0.913086 0.711914 0.895508 0.686523 0.94043 0.702148 0.901367 0.702148 0.946289 0.686523 0.94043 0.702148 0.895508 0.686523 0.895508 0.663086 0.946289 0.686523 0.946289 0.663086 0.895508 0.663086 0.895508 0.686523 0.946289 0.686523 0.94043 0.702148 0.946289 0.686523 0.895508 0.686523 0.924805 0.686523 0.916992 0.686523 0.916992 0.663086 0.916992 0.663086 0.924805 0.663086 0.924805 0.686523 0.916992 0.686523 0.924805 0.686523 0.924805 0.663086 0.924805 0.663086 0.916992 0.663086 0.916992 0.686523 0.946289 0.686523 0.895508 0.686523 0.895508 0.663086 0.895508 0.663086 0.946289 0.663086 0.946289 0.686523 0.916992 0.663086 0.895508 0.663086 0.946289 0.663086 0.916992 0.663086 0.946289 0.663086 0.916992 0.663086 0.942383 0.700195 0.911133 0.711914 0.930664 0.711914 0.942383 0.700195 0.899414 0.700195 0.911133 0.711914 0.942383 0.700195 0.895508 0.686523 0.899414 0.700195 0.924805 0.686523 0.916992 0.700195 0.916992 0.686523 0.924805 0.686523 0.924805 0.700195 0.916992 0.700195 0.924805 0.700195 0.916992 0.711914 0.916992 0.700195 0.924805 0.700195 0.924805 0.711914 0.916992 0.711914 0.924805 0.711914 0.916992 0.711914 0.916992 0.711914 0.924805 0.711914 0.924805 0.711914 0.916992 0.711914 0.924805 0.711914 0.916992 0.700195 0.916992 0.711914 0.924805 0.711914 0.924805 0.700195 0.916992 0.700195 0.924805 0.700195 0.916992 0.686523 0.916992 0.700195 0.924805 0.700195 0.924805 0.686523 0.916992 0.686523 0.911133 0.711914 0.942383 0.700195 0.930664 0.711914 0.899414 0.700195 0.942383 0.700195 0.911133 0.711914 0.895508 0.686523 0.942383 0.700195 0.899414 0.700195 0.946289 0.686523 0.942383 0.700195 0.895508 0.686523 0.895508 0.663086 0.946289 0.686523 0.946289 0.663086 0.895508 0.663086 0.895508 0.686523 0.946289 0.686523 0.942383 0.700195 0.946289 0.686523 0.895508 0.686523 0.924805 0.686523 0.916992 0.686523 0.916992 0.663086 0.916992 0.663086 0.924805 0.663086 0.924805 0.686523 0.916992 0.686523 0.924805 0.686523 0.924805 0.663086 0.924805 0.663086 0.916992 0.663086 0.916992 0.686523 0.946289 0.686523 0.895508 0.686523 0.895508 0.663086 0.895508 0.663086 0.946289 0.663086 0.946289 0.686523 0.916992 0.663086 0.895508 0.663086 0.946289 0.663086 0.916992 0.663086 0.946289 0.663086 0.916992 0.663086 0.606445 0.385742 0.569336 0.424805 0.569336 0.385742 0.606445 0.727539 0.571289 0.65918 0.606445 0.65918 0.657227 0.65918 0.657227 0.727539 0.620117 0.727539 0.362305 0.481445 0.399414 0.458008 0.485352 0.614258 0.485352 0.614258 0.44043 0.625977 0.362305 0.481445 0.399414 0.458008 0.362305 0.481445 0.44043 0.625977 0.44043 0.625977 0.485352 0.614258 0.399414 0.458008 0.606445 0.223633 0.620117 0.342773 0.606445 0.342773 0.620117 0.342773 0.606445 0.223633 0.620117 0.223633 0.44043 0.625977 0.485352 0.614258 0.524414 0.651367 0.524414 0.651367 0.454102 0.651367 0.44043 0.625977 0.620117 0.65918 0.657227 0.624023 0.657227 0.65918 0.606445 0.65918 0.571289 0.65918 0.571289 0.624023 0.485352 0.614258 0.44043 0.625977 0.454102 0.651367 0.454102 0.651367 0.524414 0.651367 0.485352 0.614258 0.40918 0.641602 0.44043 0.625977 0.450195 0.641602 0.40918 0.641602 0.405273 0.651367 0.450195 0.641602 0.616211 0.551758 0.643555 0.551758 0.643555 0.598633 0.616211 0.551758 0.583008 0.598633 0.583008 0.551758 0.524414 0.651367 0.485352 0.614258 0.52832 0.614258 0.524414 0.651367 0.52832 0.614258 0.485352 0.614258 0.657227 0.624023 0.571289 0.624023 0.583008 0.598633 0.583008 0.598633 0.643555 0.598633 0.657227 0.624023 0.485352 0.614258 0.52832 0.614258 0.518555 0.588867 0.518555 0.588867 0.47168 0.588867 0.485352 0.614258 0.52832 0.614258 0.485352 0.614258 0.47168 0.588867 0.47168 0.588867 0.518555 0.588867 0.52832 0.614258 0.657227 0.577148 0.643555 0.551758 0.657227 0.424805 0.657227 0.424805 0.616211 0.551758 0.569336 0.424805 0.643555 0.551758 0.616211 0.551758 0.657227 0.424805 0.569336 0.577148 0.569336 0.424805 0.583008 0.551758 0.598633 0.37793 0.569336 0.2412109 0.598633 0.2412109 0.569336 0.2412109 0.598633 0.37793 0.569336 0.385742 0.62793 0.37793 0.657227 0.385742 0.620117 0.385742 0.657227 0.385742 0.62793 0.37793 0.657227 0.2412109 0.598633 0.2412109 0.569336 0.2412109 0.598633 0.2255859 0.569336 0.217773 0.598633 0.2255859 0.569336 0.2412109 0.62793 0.2255859 0.657227 0.2412109 0.62793 0.2412109 0.62793 0.2255859 0.620117 0.217773 0.657227 0.217773 0.583008 0.598633 0.616211 0.551758 0.643555 0.598633 0.616211 0.551758 0.583008 0.551758 0.569336 0.424805 0.620117 0.385742 0.657227 0.385742 0.657227 0.424805 0.569336 0.424805 0.606445 0.385742 0.657227 0.424805 0.327148 0.506836 0.366211 0.487305 0.44043 0.625977 0.606445 0.774414 0.620117 0.790039 0.606445 0.790039 0.620117 0.790039 0.606445 0.774414 0.620117 0.774414 0.389648 0.624023 0.395508 0.635742 0.44043 0.625977 0.327148 0.506836 0.389648 0.624023 0.366211 0.487305 0.40918 0.641602 0.395508 0.635742 0.44043 0.625977 0.317383 0.506836 0.327148 0.506836 0.362305 0.481445 0.389648 0.624023 0.327148 0.506836 0.44043 0.625977 0.450195 0.641602 0.454102 0.651367 0.405273 0.651367 0.571289 0.65918 0.606445 0.727539 0.571289 0.727539 0.606445 0.727539 0.620117 0.774414 0.606445 0.774414 0.383789 0.625977 0.317383 0.506836 0.327148 0.506836 0.327148 0.506836 0.389648 0.624023 0.383789 0.625977 0.317383 0.506836 0.383789 0.625977 0.389648 0.624023 0.389648 0.624023 0.327148 0.506836 0.317383 0.506836 0.454102 0.651367 0.450195 0.641602 0.405273 0.651367 0.362305 0.481445 0.327148 0.506836 0.317383 0.506836 0.395508 0.635742 0.389648 0.641602 0.389648 0.624023 0.395508 0.635742 0.40918 0.641602 0.405273 0.651367 0.389648 0.641602 0.405273 0.651367 0.40918 0.641602 0.395508 0.635742 0.389648 0.624023 0.383789 0.625977 0.366211 0.487305 0.362305 0.481445 0.327148 0.506836 0.450195 0.641602 0.405273 0.651367 0.40918 0.641602 0.620117 0.65918 0.620117 0.727539 0.606445 0.727539 0.620117 0.727539 0.620117 0.774414 0.606445 0.727539 0.606445 0.342773 0.620117 0.342773 0.620117 0.385742 0.606445 0.342773 0.620117 0.385742 0.606445 0.385742 0.606445 0.385742 0.620117 0.385742 0.657227 0.424805 0.657227 0.2412109 0.62793 0.2255859 0.657227 0.217773 0.40918 0.641602 0.450195 0.641602 0.44043 0.625977 0.598633 0.2255859 0.569336 0.217773 0.606445 0.217773 0.389648 0.624023 0.44043 0.625977 0.366211 0.487305 0.62793 0.2412109 0.657227 0.2412109 0.62793 0.37793 0.327148 0.506836 0.362305 0.481445 0.366211 0.487305 0.598633 0.37793 0.606445 0.385742 0.569336 0.385742 0.389648 0.641602 0.395508 0.635742 0.383789 0.625977 0.395508 0.635742 0.40918 0.641602 0.44043 0.625977 0.395508 0.635742 0.389648 0.641602 0.40918 0.641602 0.620117 0.223633 0.606445 0.204102 0.620117 0.204102 0.606445 0.204102 0.620117 0.223633 0.606445 0.223633 0.389648 0.641602 0.383789 0.625977 0.389648 0.624023 0.389648 0.641602 0.395508 0.635742 0.405273 0.651367 0.395508 0.635742 0.389648 0.624023 0.44043 0.625977 0.657227 0.624023 0.620117 0.65918 0.571289 0.624023 0.620117 0.727539 0.620117 0.65918 0.657227 0.65918 0.606445 0.727539 0.606445 0.65918 0.620117 0.65918 0.620117 0.65918 0.606445 0.65918 0.571289 0.624023 0.520508 0.727539 0.50293 0.717773 0.520508 0.708008 0.520508 0.727539 0.50293 0.739258 0.50293 0.717773 0.520508 0.727539 0.520508 0.74707 0.50293 0.739258 0.520508 0.727539 0.540039 0.739258 0.520508 0.74707 0.520508 0.727539 0.540039 0.717773 0.540039 0.739258 0.520508 0.727539 0.520508 0.708008 0.540039 0.717773 0.540039 0.696289 0.557617 0.670898 0.557617 0.696289 0.540039 0.696289 0.540039 0.670898 0.557617 0.670898 0.540039 0.670898 0.557617 0.649414 0.557617 0.670898 0.540039 0.670898 0.540039 0.649414 0.557617 0.649414 0.540039 0.78418 0.557617 0.758789 0.557617 0.78418 0.540039 0.78418 0.540039 0.758789 0.557617 0.758789 0.540039 0.758789 0.557617 0.739258 0.557617 0.758789 0.540039 0.758789 0.540039 0.739258 0.557617 0.739258 0.540039 0.739258 0.557617 0.717773 0.557617 0.739258 0.540039 0.739258 0.540039 0.717773 0.557617 0.717773 0.540039 0.717773 0.557617 0.696289 0.557617 0.717773 0.540039 0.717773 0.540039 0.696289 0.557617 0.696289 0.577148 0.727539 0.577148 0.708008 0.594727 0.717773 0.577148 0.727539 0.594727 0.717773 0.594727 0.739258 0.577148 0.727539 0.594727 0.739258 0.577148 0.74707 0.577148 0.727539 0.577148 0.74707 0.557617 0.739258 0.577148 0.727539 0.557617 0.739258 0.557617 0.717773 0.577148 0.727539 0.557617 0.717773 0.577148 0.708008 0.28418 0.239258 0.274414 0.245117 0.250977 0.299805 0.28418 0.239258 0.40918 0.299805 0.374023 0.239258 0.374023 0.239258 0.40918 0.299805 0.385742 0.245117 0.40918 0.299805 0.28418 0.239258 0.250977 0.299805 0.40918 0.299805 0.28418 0.239258 0.374023 0.239258 0.385742 0.245117 0.40918 0.299805 0.374023 0.239258 0.250977 0.299805 0.28418 0.239258 0.40918 0.299805 0.28418 0.239258 0.250977 0.299805 0.274414 0.245117 0.416992 0.09081995 0.379883 0.08300799 0.379883 0.09081995 0.416992 0.09081995 0.416992 0.08300799 0.379883 0.08300799 0.416992 0.08300799 0.379883 0.04199194 0.379883 0.08300799 0.416992 0.08300799 0.416992 0.04199194 0.379883 0.04199194 0.416992 0.04199194 0.379883 0.004882991 0.379883 0.04199194 0.416992 0.04199194 0.416992 0.004882991 0.379883 0.004882991 0.416992 0.08300799 0.379883 0.09081995 0.379883 0.08300799 0.416992 0.08300799 0.416992 0.09081995 0.379883 0.09081995 0.416992 0.09081995 0.416992 0.155273 0.379883 0.09081995 0.416992 0.155273 0.379883 0.1630859 0.379883 0.155273 0.416992 0.155273 0.416992 0.1630859 0.379883 0.1630859 0.416992 0.1630859 0.379883 0.200195 0.379883 0.1630859 0.416992 0.1630859 0.416992 0.200195 0.379883 0.200195 0.416992 0.200195 0.379883 0.237305 0.379883 0.200195 0.416992 0.200195 0.416992 0.237305 0.379883 0.237305 0.416992 0.1630859 0.379883 0.155273 0.379883 0.1630859 0.416992 0.1630859 0.416992 0.155273 0.379883 0.155273 0.416992 0.155273 0.416992 0.09081995 0.379883 0.155273 0.379883 0.155273 0.338867 0.118164 0.338867 0.1474609 0.338867 0.118164 0.379883 0.09081995 0.338867 0.09667998 0.379883 0.155273 0.379883 0.09081995 0.338867 0.118164 0.379883 0.09081995 0.379883 0.08300799 0.338867 0.09667998 0.379883 0.08300799 0.379883 0.04199194 0.336914 0.05761694 0.379883 0.04199194 0.336914 0.03027296 0.336914 0.05761694 0.379883 0.04199194 0.379883 0.004882991 0.336914 0.03027296 0.379883 0.08300799 0.379883 0.09081995 0.338867 0.09667998 0.338867 0.09667998 0.379883 0.09081995 0.338867 0.118164 0.379883 0.155273 0.379883 0.09081995 0.416992 0.155273 0.338867 0.118164 0.379883 0.09081995 0.379883 0.155273 0.338867 0.118164 0.379883 0.155273 0.338867 0.1474609 0.379883 0.155273 0.379883 0.1630859 0.338867 0.1474609 0.379883 0.1630859 0.379883 0.155273 0.338867 0.1474609 0.379883 0.155273 0.416992 0.09081995 0.379883 0.09081995 0.338867 0.1474609 0.338867 0.118164 0.301758 0.137695 0.301758 0.137695 0.301758 0.1474609 0.338867 0.1474609 0.338867 0.118164 0.338867 0.09667998 0.301758 0.125977 0.301758 0.125977 0.301758 0.137695 0.338867 0.118164 0.336914 0.05761694 0.336914 0.03027296 0.301758 0.03613299 0.301758 0.03613299 0.301758 0.04980498 0.336914 0.05761694 0.301758 0.125977 0.338867 0.118164 0.301758 0.137695 0.338867 0.118164 0.301758 0.125977 0.338867 0.09667998 0.301758 0.137695 0.338867 0.1474609 0.301758 0.1474609 0.338867 0.1474609 0.301758 0.137695 0.338867 0.118164 0.301758 0.15918 0.301758 0.1474609 0.338867 0.1474609 0.338867 0.1474609 0.379883 0.1630859 0.301758 0.15918 0.301758 0.1943359 0.379883 0.200195 0.301758 0.206055 0.379883 0.200195 0.301758 0.1943359 0.379883 0.1630859 0.379883 0.200195 0.379883 0.237305 0.301758 0.206055 0.379883 0.1630859 0.338867 0.1474609 0.301758 0.15918 0.301758 0.1474609 0.301758 0.15918 0.338867 0.1474609 0.004882991 0.03808599 0.004882991 0.02050799 0.04980498 0.02050799 0.004882991 0.02050799 0.01855498 0.008788943 0.04980498 0.02050799 0.01855498 0.008788943 0.03613299 0.008788943 0.04980498 0.02050799 0.04980498 0.03808599 0.03613299 0.05175799 0.01855498 0.05175799 0.04980498 0.03808599 0.01855498 0.05175799 0.004882991 0.03808599 0.04980498 0.03808599 0.004882991 0.03808599 0.04980498 0.02050799 0.806869 0.706809 0.781777 0.48708 0.764033 0.706797 0.764034 0.490609 0.669339 0.490609 0.701261 0.689079 0.764033 0.706797 0.764034 0.490609 0.701261 0.689079 0.806869 0.706809 0.806869 0.461987 0.796818 0.477029 0.701261 0.689079 0.669339 0.490609 0.669353 0.655044 0.781777 0.48708 0.764034 0.490609 0.764033 0.706797 0.806869 0.706809 0.841288 0.706821 0.806869 0.461987 0.841367 0.443237 0.810398 0.444244 0.806869 0.461987 0.841367 0.443237 0.806869 0.461987 0.841288 0.706821 0.806869 0.706809 0.796818 0.477029 0.781777 0.48708 0.895508 0.62207 0.879883 0.475586 0.907227 0.475586 0.969727 0.618164 0.907227 0.475586 0.948242 0.487305 0.879883 0.637695 0.879883 0.475586 0.885742 0.62793 0.969727 0.618164 0.948242 0.487305 0.969727 0.508789 0.907227 0.618164 0.895508 0.62207 0.907227 0.475586 0.858398 0.475586 0.879883 0.475586 0.879883 0.637695 0.87793 0.649414 0.858398 0.649414 0.879883 0.637695 0.969727 0.618164 0.907227 0.618164 0.907227 0.475586 0.879883 0.637695 0.858398 0.649414 0.858398 0.475586 0.885742 0.62793 0.879883 0.475586 0.895508 0.62207 0.879883 0.520508 0.866211 0.555664 0.874023 0.557617 0.874023 0.557617 0.887695 0.522461 0.879883 0.520508 0.866211 0.631836 0.866211 0.555664 0.874023 0.631836 0.866211 0.555664 0.866211 0.608398 0.874023 0.608398 0.874023 0.608398 0.874023 0.557617 0.866211 0.555664 0.975586 0.499023 0.973633 0.489258 0.969727 0.489258 0.969727 0.489258 0.97168 0.499023 0.975586 0.499023 0.866211 0.608398 0.866211 0.631836 0.874023 0.631836 0.874023 0.631836 0.874023 0.608398 0.866211 0.608398 0.977539 0.508789 0.977539 0.618164 0.969727 0.618164 0.969727 0.618164 0.969727 0.508789 0.977539 0.508789 0.866211 0.555664 0.874023 0.536133 0.881836 0.538086 0.881836 0.538086 0.874023 0.557617 0.866211 0.555664 0.90332 0.491211 0.879883 0.520508 0.887695 0.522461 0.887695 0.522461 0.90918 0.49707 0.90332 0.491211 0.973633 0.489258 0.97168 0.477539 0.967773 0.477539 0.967773 0.477539 0.969727 0.489258 0.973633 0.489258 0.874023 0.557617 0.874023 0.631836 0.866211 0.555664 0.874023 0.536133 0.879883 0.520508 0.887695 0.522461 0.887695 0.522461 0.881836 0.538086 0.874023 0.536133 0.995117 0.475586 0.995117 0.651367 0.991211 0.651367 0.995117 0.475586 0.991211 0.651367 0.991211 0.477539 0.841367 0.443237 0.810398 0.444244 0.810398 0.444244 0.810398 0.444244 0.841367 0.443237 0.841367 0.443237 0.774414 0.125977 0.74707 0.133789 0.74707 0.125977 0.774414 0.09472697 0.774414 0.102539 0.74707 0.09472697 0.774414 0.118164 0.799805 0.102539 0.799805 0.118164 0.799805 0.102539 0.774414 0.118164 0.774414 0.102539 0.774414 0.125977 0.790039 0.133789 0.74707 0.133789 0.74707 0.125977 0.74707 0.118164 0.774414 0.118164 0.74707 0.118164 0.774414 0.102539 0.774414 0.118164 0.74707 0.102539 0.74707 0.09472697 0.774414 0.102539 0.790039 0.133789 0.799805 0.118164 0.799805 0.133789 0.790039 0.133789 0.774414 0.125977 0.774414 0.118164 0.799805 0.118164 0.774414 0.118164 0.774414 0.125977 0.74707 0.125977 0.774414 0.118164 0.774414 0.125977 0.74707 0.102539 0.774414 0.102539 0.74707 0.118164 0.774414 0.125977 0.74707 0.125977 0.74707 0.133789 0.799805 0.118164 0.790039 0.133789 0.799805 0.133789 0.790039 0.133789 0.774414 0.125977 0.74707 0.133789 0.790039 0.133789 0.799805 0.118164 0.774414 0.125977 0.807617 0.102539 0.807617 0.118164 0.799805 0.102539 0.799805 0.118164 0.790039 0.133789 0.774414 0.118164 0.74707 0.133789 0.504883 0.125977 0.74707 0.125977 0.504883 0.125977 0.512695 0.118164 0.74707 0.118164 0.74707 0.118164 0.74707 0.125977 0.504883 0.125977 0.512695 0.102539 0.504883 0.09472697 0.74707 0.09472697 0.74707 0.09472697 0.74707 0.102539 0.512695 0.102539 0.512695 0.118164 0.512695 0.102539 0.74707 0.102539 0.74707 0.102539 0.74707 0.118164 0.512695 0.118164 0.74707 0.133789 0.74707 0.125977 0.504883 0.125977 0.799805 0.118164 0.799805 0.102539 0.807617 0.118164 0.487305 0.161133 0.74707 0.161133 0.74707 0.133789 0.487305 0.196289 0.479492 0.186523 0.74707 0.186523 0.74707 0.186523 0.74707 0.196289 0.487305 0.196289 0.479492 0.170898 0.487305 0.161133 0.74707 0.161133 0.74707 0.161133 0.74707 0.170898 0.479492 0.170898 0.479492 0.186523 0.479492 0.170898 0.74707 0.170898 0.74707 0.170898 0.74707 0.186523 0.479492 0.186523 0.487305 0.161133 0.504883 0.125977 0.74707 0.133789 0.487305 0.161133 0.74707 0.133789 0.74707 0.161133 0.504883 0.125977 0.487305 0.161133 0.74707 0.133789 0.469727 0.110352 0.479492 0.104492 0.479492 0.1162109 0.479492 0.1162109 0.475586 0.124023 0.469727 0.110352 0.442383 0.104492 0.446289 0.09667998 0.452148 0.110352 0.452148 0.110352 0.442383 0.1162109 0.442383 0.104492 0.452148 0.110352 0.469727 0.110352 0.475586 0.124023 0.469727 0.110352 0.452148 0.110352 0.446289 0.09667998 0.473633 0.268555 0.46582 0.260742 0.46582 0.250977 0.46582 0.250977 0.473633 0.243164 0.473633 0.268555 0.504883 0.268555 0.473633 0.268555 0.473633 0.243164 0.473633 0.243164 0.504883 0.243164 0.504883 0.268555 0.530273 0.260742 0.522461 0.268555 0.522461 0.243164 0.522461 0.243164 0.530273 0.250977 0.530273 0.260742 0.522461 0.268555 0.504883 0.268555 0.504883 0.243164 0.504883 0.243164 0.522461 0.243164 0.522461 0.268555 0.512695 0.118164 0.504883 0.125977 0.475586 0.124023 0.475586 0.124023 0.479492 0.1162109 0.512695 0.118164 0.504883 0.09472697 0.512695 0.102539 0.479492 0.104492 0.479492 0.104492 0.475586 0.09667998 0.504883 0.09472697 0.512695 0.102539 0.512695 0.118164 0.479492 0.1162109 0.479492 0.1162109 0.479492 0.104492 0.512695 0.102539 0.479492 0.170898 0.487305 0.161133 0.463867 0.145508 0.463867 0.145508 0.459961 0.15332 0.479492 0.170898 0.487305 0.161133 0.479492 0.170898 0.459961 0.15332 0.459961 0.15332 0.463867 0.145508 0.487305 0.161133 0.479492 0.170898 0.479492 0.186523 0.461914 0.18457 0.461914 0.18457 0.461914 0.172852 0.479492 0.170898 0.504883 0.125977 0.487305 0.161133 0.463867 0.145508 0.463867 0.145508 0.475586 0.124023 0.504883 0.125977 0.487305 0.161133 0.504883 0.125977 0.475586 0.124023 0.475586 0.124023 0.463867 0.145508 0.487305 0.161133 0.446289 0.09667998 0.475586 0.09667998 0.469727 0.110352 0.479492 0.104492 0.469727 0.110352 0.475586 0.09667998 0.475586 0.124023 0.448242 0.124023 0.452148 0.110352 0.442383 0.1162109 0.452148 0.110352 0.448242 0.124023 0.694336 0.01464796 0.758789 0.002929985 0.694336 0.002929985 0.641602 0.01464796 0.694336 0.01464796 0.641602 0.002929985 0.641602 0.002929985 0.694336 0.01464796 0.694336 0.002929985 0.758789 0.06933599 0.694336 0.08105498 0.758789 0.08105498 0.758789 0.002929985 0.694336 0.01464796 0.758789 0.01464796 0.641602 0.01464796 0.641602 0.02636694 0.694336 0.01464796 0.694336 0.01464796 0.641602 0.02636694 0.694336 0.02636694 0.758789 0.01464796 0.694336 0.01464796 0.758789 0.02636694 0.758789 0.02636694 0.694336 0.01464796 0.694336 0.02636694 0.641602 0.02636694 0.641602 0.03613299 0.694336 0.02636694 0.694336 0.02636694 0.641602 0.03613299 0.694336 0.03613299 0.758789 0.02636694 0.694336 0.02636694 0.758789 0.03613299 0.758789 0.03613299 0.694336 0.02636694 0.694336 0.03613299 0.641602 0.03613299 0.641602 0.04785197 0.694336 0.03613299 0.694336 0.03613299 0.641602 0.04785197 0.694336 0.04785197 0.758789 0.03613299 0.694336 0.03613299 0.758789 0.04785197 0.758789 0.04785197 0.694336 0.03613299 0.694336 0.04785197 0.758789 0.05371099 0.758789 0.04785197 0.694336 0.05956995 0.694336 0.05956995 0.758789 0.04785197 0.694336 0.04785197 0.641602 0.05956995 0.694336 0.05956995 0.641602 0.04785197 0.641602 0.04785197 0.694336 0.05956995 0.694336 0.04785197 0.758789 0.05956995 0.758789 0.05371099 0.694336 0.05956995 0.694336 0.08105498 0.758789 0.06933599 0.694336 0.06933599 0.641602 0.08105498 0.694336 0.08105498 0.641602 0.06933599 0.641602 0.06933599 0.694336 0.08105498 0.694336 0.06933599 0.641602 0.05956995 0.641602 0.06933599 0.694336 0.05956995 0.694336 0.05956995 0.641602 0.06933599 0.694336 0.06933599 0.758789 0.05956995 0.694336 0.05956995 0.758789 0.06933599 0.758789 0.06933599 0.694336 0.05956995 0.694336 0.06933599 0.641602 0.01464796 0.641602 0.002929985 0.579102 0.01464796 0.579102 0.01464796 0.641602 0.002929985 0.579102 0.002929985 0.520508 0.01464796 0.579102 0.01464796 0.520508 0.002929985 0.520508 0.002929985 0.579102 0.01464796 0.579102 0.002929985 0.520508 0.01464796 0.520508 0.02636694 0.579102 0.01464796 0.579102 0.01464796 0.520508 0.02636694 0.579102 0.02636694 0.641602 0.01464796 0.579102 0.01464796 0.641602 0.02636694 0.641602 0.02636694 0.579102 0.01464796 0.579102 0.02636694 0.520508 0.02636694 0.520508 0.03613299 0.579102 0.02636694 0.579102 0.02636694 0.520508 0.03613299 0.577148 0.03613299 0.641602 0.02636694 0.579102 0.02636694 0.641602 0.03613299 0.641602 0.03613299 0.579102 0.02636694 0.577148 0.03613299 0.520508 0.03613299 0.520508 0.04785197 0.577148 0.03613299 0.577148 0.03613299 0.520508 0.04785197 0.577148 0.04785197 0.641602 0.03613299 0.577148 0.03613299 0.641602 0.04785197 0.641602 0.04785197 0.577148 0.03613299 0.577148 0.04785197 0.641602 0.05956995 0.641602 0.04785197 0.577148 0.05956995 0.577148 0.05956995 0.641602 0.04785197 0.577148 0.04785197 0.520508 0.05956995 0.577148 0.05956995 0.520508 0.04785197 0.520508 0.04785197 0.577148 0.05956995 0.577148 0.04785197 0.641602 0.08105498 0.641602 0.06933599 0.579102 0.08105498 0.579102 0.08105498 0.641602 0.06933599 0.577148 0.06933599 0.520508 0.08105498 0.579102 0.08105498 0.520508 0.06933599 0.520508 0.06933599 0.579102 0.08105498 0.577148 0.06933599 0.520508 0.05956995 0.520508 0.06933599 0.577148 0.05956995 0.577148 0.05956995 0.520508 0.06933599 0.577148 0.06933599 0.641602 0.05956995 0.577148 0.05956995 0.641602 0.06933599 0.641602 0.06933599 0.577148 0.05956995 0.577148 0.06933599 0.520508 0.01464796 0.520508 0.002929985 0.479492 0.01464796 0.479492 0.01464796 0.520508 0.002929985 0.479492 0.002929985 0.446289 0.01464796 0.479492 0.01464796 0.446289 0.002929985 0.446289 0.002929985 0.479492 0.01464796 0.479492 0.002929985 0.446289 0.01464796 0.446289 0.02636694 0.479492 0.01464796 0.479492 0.01464796 0.446289 0.02636694 0.479492 0.02636694 0.520508 0.01464796 0.479492 0.01464796 0.520508 0.02636694 0.520508 0.02636694 0.479492 0.01464796 0.479492 0.02636694 0.446289 0.02636694 0.446289 0.03613299 0.479492 0.02636694 0.479492 0.02636694 0.446289 0.03613299 0.479492 0.03613299 0.520508 0.02636694 0.479492 0.02636694 0.520508 0.03613299 0.520508 0.03613299 0.479492 0.02636694 0.479492 0.03613299 0.446289 0.03613299 0.446289 0.04785197 0.479492 0.03613299 0.479492 0.03613299 0.446289 0.04785197 0.479492 0.04785197 0.520508 0.03613299 0.479492 0.03613299 0.520508 0.04785197 0.520508 0.04785197 0.479492 0.03613299 0.479492 0.04785197 0.520508 0.05956995 0.520508 0.04785197 0.479492 0.05956995 0.479492 0.05956995 0.520508 0.04785197 0.479492 0.04785197 0.446289 0.05956995 0.479492 0.05956995 0.446289 0.04785197 0.446289 0.04785197 0.479492 0.05956995 0.479492 0.04785197 0.520508 0.08105498 0.520508 0.06933599 0.479492 0.08105498 0.479492 0.08105498 0.520508 0.06933599 0.479492 0.06933599 0.446289 0.08105498 0.479492 0.08105498 0.446289 0.06933599 0.446289 0.06933599 0.479492 0.08105498 0.479492 0.06933599 0.446289 0.05956995 0.446289 0.06933599 0.479492 0.05956995 0.479492 0.05956995 0.446289 0.06933599 0.479492 0.06933599 0.520508 0.05956995 0.479492 0.05956995 0.520508 0.06933599 0.520508 0.06933599 0.479492 0.05956995 0.479492 0.06933599 0.758789 0.06933599 0.758789 0.08105498 0.834961 0.06933599 0.834961 0.08105498 0.834961 0.06933599 0.758789 0.08105498 0.758789 0.002929985 0.758789 0.01464796 0.834961 0.002929985 0.834961 0.01464796 0.834961 0.002929985 0.758789 0.01464796 0.758789 0.01464796 0.758789 0.02636694 0.834961 0.01464796 0.834961 0.02636694 0.834961 0.01464796 0.758789 0.02636694 0.758789 0.02636694 0.758789 0.03613299 0.834961 0.02636694 0.834961 0.03613299 0.834961 0.02636694 0.758789 0.03613299 0.758789 0.03613299 0.758789 0.04785197 0.834961 0.03613299 0.834961 0.04785197 0.834961 0.03613299 0.758789 0.04785197 0.758789 0.04785197 0.758789 0.05371099 0.834961 0.04785197 0.834961 0.05371099 0.834961 0.04785197 0.758789 0.05371099 0.758789 0.05371099 0.758789 0.05956995 0.834961 0.05371099 0.834961 0.05956995 0.834961 0.05371099 0.758789 0.05956995 0.758789 0.05956995 0.758789 0.06933599 0.834961 0.05956995 0.834961 0.06933599 0.834961 0.05956995 0.758789 0.06933599 0.834961 0.01464796 0.834961 0.02636694 0.913086 0.01464796 0.913086 0.02636694 0.913086 0.01464796 0.834961 0.02636694 0.834961 0.002929985 0.834961 0.01464796 0.913086 0.002929985 0.913086 0.01464796 0.913086 0.002929985 0.834961 0.01464796 0.834961 0.02636694 0.834961 0.03613299 0.913086 0.02636694 0.913086 0.03613299 0.913086 0.02636694 0.834961 0.03613299 0.834961 0.06933599 0.834961 0.08105498 0.913086 0.06933599 0.913086 0.08105498 0.913086 0.06933599 0.834961 0.08105498 0.834961 0.03613299 0.834961 0.04785197 0.913086 0.03613299 0.913086 0.04785197 0.913086 0.03613299 0.834961 0.04785197 0.834961 0.05956995 0.834961 0.06933599 0.913086 0.05956995 0.913086 0.06933599 0.913086 0.05956995 0.834961 0.06933599 0.834961 0.05371099 0.834961 0.05956995 0.913086 0.05371099 0.913086 0.05956995 0.913086 0.05371099 0.834961 0.05956995 0.834961 0.04785197 0.834961 0.05371099 0.913086 0.04785197 0.913086 0.05371099 0.913086 0.04785197 0.834961 0.05371099 0.913086 0.01464796 0.913086 0.02636694 0.995117 0.01464796 0.995117 0.02636694 0.995117 0.01464796 0.913086 0.02636694 0.913086 0.002929985 0.913086 0.01464796 0.995117 0.002929985 0.995117 0.01464796 0.995117 0.002929985 0.913086 0.01464796 0.913086 0.02636694 0.913086 0.03613299 0.995117 0.02636694 0.995117 0.03613299 0.995117 0.02636694 0.913086 0.03613299 0.913086 0.06933599 0.913086 0.08105498 0.995117 0.06933599 0.995117 0.08105498 0.995117 0.06933599 0.913086 0.08105498 0.913086 0.03613299 0.913086 0.04785197 0.995117 0.03613299 0.995117 0.04785197 0.995117 0.03613299 0.913086 0.04785197 0.913086 0.05956995 0.913086 0.06933599 0.995117 0.05956995 0.995117 0.06933599 0.995117 0.05956995 0.913086 0.06933599 0.913086 0.05371099 0.913086 0.05956995 0.995117 0.05371099 0.995117 0.05956995 0.995117 0.05371099 0.913086 0.05956995 0.913086 0.04785197 0.913086 0.05371099 0.995117 0.04785197 0.995117 0.05371099 0.995117 0.04785197 0.913086 0.05371099 0.786133 0.311523 0.786133 0.323242 0.774414 0.327148 0.776367 0.305664 0.786133 0.311523 0.774414 0.327148 0.764648 0.305664 0.776367 0.305664 0.774414 0.327148 0.756836 0.31543 0.764648 0.305664 0.762695 0.323242 0.762695 0.323242 0.764648 0.305664 0.774414 0.327148 0.758789 0.21582 0.758789 0.206055 0.766602 0.198242 0.758789 0.21582 0.766602 0.198242 0.77832 0.198242 0.758789 0.21582 0.77832 0.198242 0.788086 0.206055 0.788086 0.206055 0.788086 0.21582 0.780273 0.223633 0.788086 0.206055 0.780273 0.223633 0.768555 0.223633 0.788086 0.206055 0.768555 0.223633 0.758789 0.21582 0.540039 0.301758 0.553711 0.293945 0.555664 0.297852 0.540039 0.301758 0.540039 0.297852 0.553711 0.293945 0.540039 0.297852 0.551758 0.290039 0.553711 0.293945 0.540039 0.297852 0.540039 0.293945 0.551758 0.290039 0.540039 0.293945 0.549805 0.286133 0.551758 0.290039 0.540039 0.293945 0.540039 0.288086 0.549805 0.286133 0.540039 0.288086 0.547852 0.282227 0.549805 0.286133 0.540039 0.288086 0.540039 0.28418 0.547852 0.282227 0.540039 0.28418 0.549805 0.286133 0.547852 0.282227 0.540039 0.28418 0.540039 0.288086 0.549805 0.286133 0.540039 0.288086 0.551758 0.290039 0.549805 0.286133 0.540039 0.288086 0.540039 0.293945 0.551758 0.290039 0.540039 0.293945 0.553711 0.293945 0.551758 0.290039 0.540039 0.293945 0.540039 0.297852 0.553711 0.293945 0.540039 0.297852 0.555664 0.297852 0.553711 0.293945 0.540039 0.297852 0.540039 0.301758 0.555664 0.297852 0.555664 0.297852 0.56543 0.282227 0.569336 0.28418 0.555664 0.297852 0.553711 0.293945 0.56543 0.282227 0.553711 0.293945 0.561523 0.280273 0.56543 0.282227 0.553711 0.293945 0.551758 0.290039 0.561523 0.280273 0.551758 0.290039 0.557617 0.27832 0.561523 0.280273 0.551758 0.290039 0.549805 0.286133 0.557617 0.27832 0.549805 0.286133 0.553711 0.276367 0.557617 0.27832 0.549805 0.286133 0.547852 0.282227 0.553711 0.276367 0.547852 0.282227 0.557617 0.27832 0.553711 0.276367 0.547852 0.282227 0.549805 0.286133 0.557617 0.27832 0.549805 0.286133 0.561523 0.280273 0.557617 0.27832 0.549805 0.286133 0.551758 0.290039 0.561523 0.280273 0.551758 0.290039 0.56543 0.282227 0.561523 0.280273 0.551758 0.290039 0.553711 0.293945 0.56543 0.282227 0.553711 0.293945 0.569336 0.28418 0.56543 0.282227 0.553711 0.293945 0.555664 0.297852 0.569336 0.28418 0.569336 0.28418 0.569336 0.264648 0.573242 0.264648 0.569336 0.28418 0.56543 0.282227 0.569336 0.264648 0.56543 0.282227 0.56543 0.264648 0.569336 0.264648 0.56543 0.282227 0.561523 0.280273 0.56543 0.264648 0.561523 0.280273 0.561523 0.264648 0.56543 0.264648 0.561523 0.280273 0.557617 0.27832 0.561523 0.264648 0.557617 0.27832 0.557617 0.264648 0.561523 0.264648 0.557617 0.27832 0.553711 0.276367 0.557617 0.264648 0.553711 0.276367 0.561523 0.264648 0.557617 0.264648 0.553711 0.276367 0.557617 0.27832 0.561523 0.264648 0.557617 0.27832 0.56543 0.264648 0.561523 0.264648 0.557617 0.27832 0.561523 0.280273 0.56543 0.264648 0.561523 0.280273 0.569336 0.264648 0.56543 0.264648 0.561523 0.280273 0.56543 0.282227 0.569336 0.264648 0.56543 0.282227 0.573242 0.264648 0.569336 0.264648 0.56543 0.282227 0.569336 0.28418 0.573242 0.264648 0.573242 0.24707 0.56543 0.229492 0.569336 0.227539 0.573242 0.24707 0.569336 0.24707 0.56543 0.229492 0.569336 0.24707 0.561523 0.231445 0.56543 0.229492 0.569336 0.24707 0.56543 0.24707 0.561523 0.231445 0.56543 0.24707 0.557617 0.233398 0.561523 0.231445 0.56543 0.24707 0.561523 0.24707 0.557617 0.233398 0.561523 0.24707 0.553711 0.235352 0.557617 0.233398 0.561523 0.24707 0.557617 0.24707 0.553711 0.235352 0.557617 0.24707 0.557617 0.233398 0.553711 0.235352 0.557617 0.24707 0.561523 0.24707 0.557617 0.233398 0.561523 0.24707 0.561523 0.231445 0.557617 0.233398 0.561523 0.24707 0.56543 0.24707 0.561523 0.231445 0.56543 0.24707 0.56543 0.229492 0.561523 0.231445 0.56543 0.24707 0.569336 0.24707 0.56543 0.229492 0.569336 0.24707 0.569336 0.227539 0.56543 0.229492 0.569336 0.24707 0.573242 0.24707 0.569336 0.227539 0.569336 0.227539 0.553711 0.219727 0.555664 0.21582 0.569336 0.227539 0.56543 0.229492 0.553711 0.219727 0.56543 0.229492 0.551758 0.223633 0.553711 0.219727 0.56543 0.229492 0.561523 0.231445 0.551758 0.223633 0.561523 0.231445 0.549805 0.227539 0.551758 0.223633 0.561523 0.231445 0.557617 0.233398 0.549805 0.227539 0.557617 0.233398 0.547852 0.231445 0.549805 0.227539 0.557617 0.233398 0.553711 0.235352 0.547852 0.231445 0.553711 0.235352 0.549805 0.227539 0.547852 0.231445 0.553711 0.235352 0.557617 0.233398 0.549805 0.227539 0.557617 0.233398 0.551758 0.223633 0.549805 0.227539 0.557617 0.233398 0.561523 0.231445 0.551758 0.223633 0.561523 0.231445 0.553711 0.219727 0.551758 0.223633 0.561523 0.231445 0.56543 0.229492 0.553711 0.219727 0.56543 0.229492 0.555664 0.21582 0.553711 0.219727 0.56543 0.229492 0.569336 0.227539 0.555664 0.21582 0.555664 0.21582 0.540039 0.213867 0.540039 0.2099609 0.555664 0.21582 0.553711 0.219727 0.540039 0.213867 0.553711 0.219727 0.540039 0.219727 0.540039 0.213867 0.553711 0.219727 0.551758 0.223633 0.540039 0.219727 0.551758 0.223633 0.540039 0.2255859 0.540039 0.219727 0.551758 0.223633 0.549805 0.227539 0.540039 0.2255859 0.549805 0.227539 0.540039 0.229492 0.540039 0.2255859 0.549805 0.227539 0.547852 0.231445 0.540039 0.229492 0.547852 0.231445 0.540039 0.2255859 0.540039 0.229492 0.547852 0.231445 0.549805 0.227539 0.540039 0.2255859 0.549805 0.227539 0.540039 0.219727 0.540039 0.2255859 0.549805 0.227539 0.551758 0.223633 0.540039 0.219727 0.551758 0.223633 0.540039 0.213867 0.540039 0.219727 0.551758 0.223633 0.553711 0.219727 0.540039 0.213867 0.553711 0.219727 0.540039 0.2099609 0.540039 0.213867 0.553711 0.219727 0.555664 0.21582 0.540039 0.2099609 0.459961 0.2099609 0.446289 0.219727 0.444336 0.21582 0.459961 0.2099609 0.459961 0.213867 0.446289 0.219727 0.459961 0.213867 0.448242 0.223633 0.446289 0.219727 0.459961 0.213867 0.459961 0.219727 0.448242 0.223633 0.459961 0.219727 0.450195 0.227539 0.448242 0.223633 0.459961 0.219727 0.459961 0.2255859 0.450195 0.227539 0.459961 0.2255859 0.452148 0.231445 0.450195 0.227539 0.459961 0.2255859 0.459961 0.229492 0.452148 0.231445 0.459961 0.229492 0.450195 0.227539 0.452148 0.231445 0.459961 0.229492 0.459961 0.2255859 0.450195 0.227539 0.459961 0.2255859 0.448242 0.223633 0.450195 0.227539 0.459961 0.2255859 0.459961 0.219727 0.448242 0.223633 0.459961 0.219727 0.446289 0.219727 0.448242 0.223633 0.459961 0.219727 0.459961 0.213867 0.446289 0.219727 0.459961 0.213867 0.444336 0.21582 0.446289 0.219727 0.459961 0.213867 0.459961 0.2099609 0.444336 0.21582 0.444336 0.21582 0.43457 0.231445 0.430664 0.229492 0.444336 0.21582 0.446289 0.219727 0.43457 0.231445 0.446289 0.219727 0.438477 0.233398 0.43457 0.231445 0.446289 0.219727 0.448242 0.223633 0.438477 0.233398 0.448242 0.223633 0.442383 0.235352 0.438477 0.233398 0.448242 0.223633 0.450195 0.227539 0.442383 0.235352 0.450195 0.227539 0.446289 0.237305 0.442383 0.235352 0.450195 0.227539 0.452148 0.231445 0.446289 0.237305 0.452148 0.231445 0.442383 0.235352 0.446289 0.237305 0.452148 0.231445 0.450195 0.227539 0.442383 0.235352 0.450195 0.227539 0.438477 0.233398 0.442383 0.235352 0.450195 0.227539 0.448242 0.223633 0.438477 0.233398 0.448242 0.223633 0.43457 0.231445 0.438477 0.233398 0.448242 0.223633 0.446289 0.219727 0.43457 0.231445 0.446289 0.219727 0.430664 0.229492 0.43457 0.231445 0.446289 0.219727 0.444336 0.21582 0.430664 0.229492 0.430664 0.229492 0.430664 0.24707 0.426758 0.24707 0.430664 0.229492 0.43457 0.231445 0.430664 0.24707 0.43457 0.231445 0.43457 0.24707 0.430664 0.24707 0.43457 0.231445 0.438477 0.233398 0.43457 0.24707 0.438477 0.233398 0.438477 0.24707 0.43457 0.24707 0.438477 0.233398 0.442383 0.235352 0.438477 0.24707 0.442383 0.235352 0.442383 0.24707 0.438477 0.24707 0.442383 0.235352 0.446289 0.237305 0.442383 0.24707 0.446289 0.237305 0.438477 0.24707 0.442383 0.24707 0.446289 0.237305 0.442383 0.235352 0.438477 0.24707 0.442383 0.235352 0.43457 0.24707 0.438477 0.24707 0.442383 0.235352 0.438477 0.233398 0.43457 0.24707 0.438477 0.233398 0.430664 0.24707 0.43457 0.24707 0.438477 0.233398 0.43457 0.231445 0.430664 0.24707 0.43457 0.231445 0.426758 0.24707 0.430664 0.24707 0.43457 0.231445 0.430664 0.229492 0.426758 0.24707 0.426758 0.264648 0.43457 0.282227 0.430664 0.28418 0.426758 0.264648 0.430664 0.264648 0.43457 0.282227 0.430664 0.264648 0.438477 0.280273 0.43457 0.282227 0.430664 0.264648 0.43457 0.264648 0.438477 0.280273 0.43457 0.264648 0.442383 0.27832 0.438477 0.280273 0.43457 0.264648 0.438477 0.264648 0.442383 0.27832 0.438477 0.264648 0.446289 0.276367 0.442383 0.27832 0.438477 0.264648 0.442383 0.264648 0.446289 0.276367 0.442383 0.264648 0.442383 0.27832 0.446289 0.276367 0.442383 0.264648 0.438477 0.264648 0.442383 0.27832 0.438477 0.264648 0.438477 0.280273 0.442383 0.27832 0.438477 0.264648 0.43457 0.264648 0.438477 0.280273 0.43457 0.264648 0.43457 0.282227 0.438477 0.280273 0.43457 0.264648 0.430664 0.264648 0.43457 0.282227 0.430664 0.264648 0.430664 0.28418 0.43457 0.282227 0.430664 0.264648 0.426758 0.264648 0.430664 0.28418 0.430664 0.28418 0.446289 0.293945 0.444336 0.297852 0.430664 0.28418 0.43457 0.282227 0.446289 0.293945 0.43457 0.282227 0.448242 0.290039 0.446289 0.293945 0.43457 0.282227 0.438477 0.280273 0.448242 0.290039 0.438477 0.280273 0.450195 0.286133 0.448242 0.290039 0.438477 0.280273 0.442383 0.27832 0.450195 0.286133 0.442383 0.27832 0.452148 0.282227 0.450195 0.286133 0.442383 0.27832 0.446289 0.276367 0.452148 0.282227 0.446289 0.276367 0.450195 0.286133 0.452148 0.282227 0.446289 0.276367 0.442383 0.27832 0.450195 0.286133 0.442383 0.27832 0.448242 0.290039 0.450195 0.286133 0.442383 0.27832 0.438477 0.280273 0.448242 0.290039 0.438477 0.280273 0.446289 0.293945 0.448242 0.290039 0.438477 0.280273 0.43457 0.282227 0.446289 0.293945 0.43457 0.282227 0.444336 0.297852 0.446289 0.293945 0.43457 0.282227 0.430664 0.28418 0.444336 0.297852 0.444336 0.297852 0.459961 0.297852 0.459961 0.301758 0.444336 0.297852 0.446289 0.293945 0.459961 0.297852 0.446289 0.293945 0.459961 0.293945 0.459961 0.297852 0.446289 0.293945 0.448242 0.290039 0.459961 0.293945 0.448242 0.290039 0.459961 0.288086 0.459961 0.293945 0.448242 0.290039 0.450195 0.286133 0.459961 0.288086 0.450195 0.286133 0.459961 0.28418 0.459961 0.288086 0.450195 0.286133 0.452148 0.282227 0.459961 0.28418 0.452148 0.282227 0.459961 0.288086 0.459961 0.28418 0.452148 0.282227 0.450195 0.286133 0.459961 0.288086 0.450195 0.286133 0.459961 0.293945 0.459961 0.288086 0.450195 0.286133 0.448242 0.290039 0.459961 0.293945 0.448242 0.290039 0.459961 0.297852 0.459961 0.293945 0.448242 0.290039 0.446289 0.293945 0.459961 0.297852 0.446289 0.293945 0.459961 0.301758 0.459961 0.297852 0.446289 0.293945 0.444336 0.297852 0.459961 0.301758 0.459961 0.297852 0.540039 0.297852 0.540039 0.301758 0.459961 0.297852 0.540039 0.301758 0.459961 0.301758 0.459961 0.301758 0.540039 0.301758 0.540039 0.297852 0.459961 0.301758 0.540039 0.297852 0.459961 0.297852 0.459961 0.293945 0.540039 0.293945 0.540039 0.297852 0.459961 0.293945 0.540039 0.297852 0.459961 0.297852 0.459961 0.2255859 0.540039 0.2255859 0.540039 0.229492 0.459961 0.2255859 0.540039 0.229492 0.459961 0.229492 0.459961 0.229492 0.540039 0.229492 0.540039 0.2255859 0.459961 0.229492 0.540039 0.2255859 0.459961 0.2255859 0.459961 0.219727 0.540039 0.219727 0.540039 0.2255859 0.459961 0.219727 0.540039 0.2255859 0.459961 0.2255859 0.540039 0.293945 0.459961 0.293945 0.459961 0.288086 0.540039 0.293945 0.459961 0.288086 0.540039 0.288086 0.540039 0.288086 0.459961 0.288086 0.459961 0.28418 0.540039 0.288086 0.459961 0.28418 0.540039 0.28418 0.540039 0.28418 0.459961 0.28418 0.459961 0.288086 0.540039 0.28418 0.459961 0.288086 0.540039 0.288086 0.540039 0.288086 0.459961 0.288086 0.459961 0.293945 0.540039 0.288086 0.459961 0.293945 0.540039 0.293945 0.540039 0.293945 0.459961 0.293945 0.459961 0.297852 0.540039 0.293945 0.459961 0.297852 0.540039 0.297852 0.540039 0.219727 0.459961 0.219727 0.459961 0.213867 0.540039 0.219727 0.459961 0.213867 0.540039 0.213867 0.540039 0.213867 0.459961 0.213867 0.459961 0.2099609 0.540039 0.213867 0.459961 0.2099609 0.540039 0.2099609 0.540039 0.2099609 0.459961 0.2099609 0.459961 0.213867 0.540039 0.2099609 0.459961 0.213867 0.540039 0.213867 0.540039 0.213867 0.459961 0.213867 0.459961 0.219727 0.540039 0.213867 0.459961 0.219727 0.540039 0.219727 0.540039 0.219727 0.459961 0.219727 0.459961 0.2255859 0.540039 0.219727 0.459961 0.2255859 0.540039 0.2255859 0.56543 0.264648 0.56543 0.24707 0.569336 0.24707 0.56543 0.264648 0.569336 0.24707 0.569336 0.264648 0.569336 0.264648 0.569336 0.24707 0.573242 0.24707 0.569336 0.264648 0.573242 0.24707 0.573242 0.264648 0.557617 0.264648 0.557617 0.24707 0.561523 0.24707 0.557617 0.264648 0.561523 0.24707 0.561523 0.264648 0.561523 0.264648 0.561523 0.24707 0.56543 0.24707 0.561523 0.264648 0.56543 0.24707 0.56543 0.264648 0.56543 0.264648 0.56543 0.24707 0.561523 0.24707 0.56543 0.264648 0.561523 0.24707 0.561523 0.264648 0.561523 0.264648 0.561523 0.24707 0.557617 0.24707 0.561523 0.264648 0.557617 0.24707 0.557617 0.264648 0.569336 0.264648 0.569336 0.24707 0.56543 0.24707 0.569336 0.264648 0.56543 0.24707 0.56543 0.264648 0.573242 0.264648 0.573242 0.24707 0.569336 0.24707 0.573242 0.264648 0.569336 0.24707 0.569336 0.264648 0.438477 0.24707 0.438477 0.264648 0.43457 0.264648 0.438477 0.24707 0.43457 0.264648 0.43457 0.24707 0.43457 0.24707 0.43457 0.264648 0.430664 0.264648 0.43457 0.24707 0.430664 0.264648 0.430664 0.24707 0.430664 0.24707 0.430664 0.264648 0.426758 0.264648 0.430664 0.24707 0.426758 0.264648 0.426758 0.24707 0.426758 0.24707 0.426758 0.264648 0.430664 0.264648 0.426758 0.24707 0.430664 0.264648 0.430664 0.24707 0.430664 0.24707 0.430664 0.264648 0.43457 0.264648 0.430664 0.24707 0.43457 0.264648 0.43457 0.24707 0.43457 0.24707 0.43457 0.264648 0.438477 0.264648 0.43457 0.24707 0.438477 0.264648 0.438477 0.24707 0.438477 0.24707 0.438477 0.264648 0.442383 0.264648 0.438477 0.24707 0.442383 0.264648 0.442383 0.24707 0.442383 0.24707 0.442383 0.264648 0.438477 0.264648 0.442383 0.24707 0.438477 0.264648 0.438477 0.24707 0.06738299 0.317383 0.06738299 0.313477 0.125977 0.313477 0.06738299 0.317383 0.125977 0.313477 0.125977 0.317383 0.125977 0.317383 0.125977 0.313477 0.186523 0.313477 0.125977 0.317383 0.186523 0.313477 0.186523 0.317383 0.186523 0.317383 0.186523 0.313477 0.245117 0.313477 0.186523 0.317383 0.245117 0.313477 0.245117 0.317383 0.245117 0.317383 0.245117 0.313477 0.303711 0.313477 0.245117 0.317383 0.303711 0.313477 0.303711 0.317383 0.303711 0.317383 0.303711 0.313477 0.245117 0.313477 0.303711 0.317383 0.245117 0.313477 0.245117 0.317383 0.245117 0.317383 0.245117 0.313477 0.186523 0.313477 0.245117 0.317383 0.186523 0.313477 0.186523 0.317383 0.186523 0.317383 0.186523 0.313477 0.125977 0.313477 0.186523 0.317383 0.125977 0.313477 0.125977 0.317383 0.125977 0.317383 0.125977 0.313477 0.06738299 0.313477 0.125977 0.317383 0.06738299 0.313477 0.06738299 0.317383 0.06738299 0.317383 0.06738299 0.313477 0.006835997 0.313477 0.06738299 0.317383 0.006835997 0.313477 0.006835997 0.317383 0.006835997 0.317383 0.006835997 0.313477 0.06738299 0.313477 0.006835997 0.317383 0.06738299 0.313477 0.06738299 0.317383 0.143555 0.274414 0.143555 0.2255859 0.102539 0.211914 0.143555 0.274414 0.102539 0.211914 0.07519495 0.250977 0.07519495 0.250977 0.102539 0.211914 0.07910197 0.1787109 0.07519495 0.250977 0.07910197 0.1787109 0.03417998 0.196289 0.03417998 0.196289 0.07910197 0.1787109 0.07910197 0.135742 0.03417998 0.196289 0.07910197 0.135742 0.03417998 0.120117 0.03417998 0.120117 0.07910197 0.135742 0.102539 0.102539 0.03417998 0.120117 0.102539 0.102539 0.07519495 0.06542998 0.07519495 0.06542998 0.102539 0.102539 0.143555 0.09081995 0.07519495 0.06542998 0.143555 0.09081995 0.143555 0.04199194 0.143555 0.04199194 0.143555 0.09081995 0.186523 0.102539 0.143555 0.04199194 0.186523 0.102539 0.211914 0.06542998 0.211914 0.06542998 0.186523 0.102539 0.208008 0.135742 0.211914 0.06542998 0.208008 0.135742 0.254883 0.12207 0.254883 0.12207 0.208008 0.135742 0.208008 0.1787109 0.254883 0.12207 0.208008 0.1787109 0.254883 0.192383 0.254883 0.192383 0.208008 0.1787109 0.18457 0.211914 0.254883 0.192383 0.18457 0.211914 0.211914 0.250977 0.211914 0.250977 0.18457 0.211914 0.143555 0.2255859 0.211914 0.250977 0.143555 0.2255859 0.143555 0.274414 0.143555 0.157227 0.102539 0.211914 0.143555 0.2255859 0.143555 0.157227 0.07910197 0.1787109 0.102539 0.211914 0.143555 0.157227 0.07910197 0.135742 0.07910197 0.1787109 0.143555 0.157227 0.102539 0.102539 0.07910197 0.135742 0.143555 0.157227 0.143555 0.09081995 0.102539 0.102539 0.143555 0.157227 0.186523 0.102539 0.143555 0.09081995 0.143555 0.157227 0.208008 0.135742 0.186523 0.102539 0.143555 0.157227 0.208008 0.1787109 0.208008 0.135742 0.143555 0.157227 0.18457 0.211914 0.208008 0.1787109 0.143555 0.157227 0.143555 0.2255859 0.18457 0.211914 0.125977 0.395508 0.06738299 0.395508 0.06738299 0.334961 0.06738299 0.334961 0.125977 0.334961 0.125977 0.395508 0.186523 0.395508 0.125977 0.395508 0.125977 0.334961 0.125977 0.334961 0.186523 0.334961 0.186523 0.395508 0.245117 0.395508 0.186523 0.395508 0.186523 0.334961 0.186523 0.334961 0.245117 0.334961 0.245117 0.395508 0.303711 0.395508 0.245117 0.395508 0.245117 0.334961 0.245117 0.334961 0.303711 0.334961 0.303711 0.395508 0.245117 0.395508 0.303711 0.395508 0.303711 0.334961 0.303711 0.334961 0.245117 0.334961 0.245117 0.395508 0.186523 0.395508 0.245117 0.395508 0.245117 0.334961 0.245117 0.334961 0.186523 0.334961 0.186523 0.395508 0.125977 0.395508 0.186523 0.395508 0.186523 0.334961 0.186523 0.334961 0.125977 0.334961 0.125977 0.395508 0.06738299 0.395508 0.125977 0.395508 0.125977 0.334961 0.125977 0.334961 0.06738299 0.334961 0.06738299 0.395508 0.006835997 0.395508 0.06738299 0.395508 0.06738299 0.334961 0.06738299 0.334961 0.006835997 0.334961 0.006835997 0.395508 0.06738299 0.395508 0.006835997 0.395508 0.006835997 0.334961 0.006835997 0.334961 0.06738299 0.334961 0.06738299 0.395508 0.143555 0.274414 0.07519495 0.250977 0.073242 0.254883 0.073242 0.254883 0.143555 0.27832 0.143555 0.274414 0.07519495 0.250977 0.03417998 0.196289 0.03027296 0.198242 0.03027296 0.198242 0.073242 0.254883 0.07519495 0.250977 0.03417998 0.196289 0.03417998 0.120117 0.03027296 0.118164 0.03027296 0.118164 0.03027296 0.198242 0.03417998 0.196289 0.03417998 0.120117 0.07519495 0.06542998 0.073242 0.06152296 0.073242 0.06152296 0.03027296 0.118164 0.03417998 0.120117 0.07519495 0.06542998 0.143555 0.04199194 0.143555 0.03808599 0.143555 0.03808599 0.073242 0.06152296 0.07519495 0.06542998 0.143555 0.04199194 0.211914 0.06542998 0.213867 0.06152296 0.213867 0.06152296 0.143555 0.03808599 0.143555 0.04199194 0.211914 0.06542998 0.254883 0.12207 0.258789 0.120117 0.258789 0.120117 0.213867 0.06152296 0.211914 0.06542998 0.254883 0.12207 0.254883 0.192383 0.258789 0.1943359 0.258789 0.1943359 0.258789 0.120117 0.254883 0.12207 0.254883 0.192383 0.211914 0.250977 0.213867 0.254883 0.213867 0.254883 0.258789 0.1943359 0.254883 0.192383 0.211914 0.250977 0.143555 0.274414 0.143555 0.27832 0.143555 0.27832 0.213867 0.254883 0.211914 0.250977 0.143555 0.27832 0.073242 0.254883 0.06152296 0.274414 0.06152296 0.274414 0.143555 0.301758 0.143555 0.27832 0.901367 0.72168 0.870117 0.696289 0.860352 0.704102 0.860352 0.704102 0.897461 0.733398 0.901367 0.72168 0.073242 0.254883 0.03027296 0.198242 0.008788943 0.202148 0.008788943 0.202148 0.06152296 0.274414 0.073242 0.254883 0.94043 0.72168 0.901367 0.72168 0.897461 0.733398 0.897461 0.733398 0.944336 0.733398 0.94043 0.72168 0.03027296 0.198242 0.03027296 0.118164 0.008788943 0.114258 0.008788943 0.114258 0.008788943 0.202148 0.03027296 0.198242 0.97168 0.696289 0.94043 0.72168 0.944336 0.733398 0.944336 0.733398 0.981445 0.704102 0.97168 0.696289 0.03027296 0.118164 0.073242 0.06152296 0.06152296 0.04199194 0.06152296 0.04199194 0.008788943 0.114258 0.03027296 0.118164 0.983398 0.661133 0.97168 0.696289 0.981445 0.704102 0.981445 0.704102 0.995117 0.661133 0.983398 0.661133 0.073242 0.06152296 0.143555 0.03808599 0.143555 0.01269495 0.143555 0.01269495 0.06152296 0.04199194 0.073242 0.06152296 0.97168 0.696289 0.983398 0.661133 0.995117 0.661133 0.995117 0.661133 0.981445 0.704102 0.97168 0.696289 0.143555 0.03808599 0.213867 0.06152296 0.231445 0.04199194 0.231445 0.04199194 0.143555 0.01269495 0.143555 0.03808599 0.94043 0.72168 0.97168 0.696289 0.981445 0.704102 0.981445 0.704102 0.944336 0.733398 0.94043 0.72168 0.213867 0.06152296 0.258789 0.120117 0.28418 0.114258 0.28418 0.114258 0.231445 0.04199194 0.213867 0.06152296 0.901367 0.72168 0.94043 0.72168 0.944336 0.733398 0.944336 0.733398 0.897461 0.733398 0.901367 0.72168 0.258789 0.120117 0.258789 0.1943359 0.28418 0.202148 0.28418 0.202148 0.28418 0.114258 0.258789 0.120117 0.870117 0.696289 0.901367 0.72168 0.897461 0.733398 0.897461 0.733398 0.860352 0.704102 0.870117 0.696289 0.258789 0.1943359 0.213867 0.254883 0.231445 0.274414 0.231445 0.274414 0.28418 0.202148 0.258789 0.1943359 0.860352 0.661133 0.870117 0.696289 0.860352 0.704102 0.860352 0.704102 0.84668 0.661133 0.860352 0.661133 0.213867 0.254883 0.143555 0.27832 0.143555 0.301758 0.143555 0.301758 0.231445 0.274414 0.213867 0.254883 0.870117 0.696289 0.860352 0.661133 0.84668 0.661133 0.84668 0.661133 0.860352 0.704102 0.870117 0.696289 0.143555 0.157227 0.143555 0.2255859 0.102539 0.211914 0.143555 0.157227 0.102539 0.211914 0.07910197 0.1787109 0.143555 0.157227 0.07910197 0.1787109 0.07910197 0.135742 0.143555 0.157227 0.07910197 0.135742 0.102539 0.102539 0.143555 0.157227 0.102539 0.102539 0.143555 0.09081995 0.143555 0.157227 0.143555 0.09081995 0.186523 0.102539 0.143555 0.157227 0.186523 0.102539 0.208008 0.135742 0.143555 0.157227 0.208008 0.135742 0.208008 0.1787109 0.143555 0.157227 0.208008 0.1787109 0.18457 0.211914 0.143555 0.157227 0.18457 0.211914 0.143555 0.2255859 0.143555 0.2255859 0.143555 0.274414 0.07519495 0.250977 0.143555 0.2255859 0.07519495 0.250977 0.102539 0.211914 0.102539 0.211914 0.07519495 0.250977 0.03417998 0.196289 0.102539 0.211914 0.03417998 0.196289 0.07910197 0.1787109 0.07910197 0.1787109 0.03417998 0.196289 0.03417998 0.120117 0.07910197 0.1787109 0.03417998 0.120117 0.07910197 0.135742 0.07910197 0.135742 0.03417998 0.120117 0.07519495 0.06542998 0.07910197 0.135742 0.07519495 0.06542998 0.102539 0.102539 0.102539 0.102539 0.07519495 0.06542998 0.143555 0.04199194 0.102539 0.102539 0.143555 0.04199194 0.143555 0.09081995 0.143555 0.09081995 0.143555 0.04199194 0.211914 0.06542998 0.143555 0.09081995 0.211914 0.06542998 0.186523 0.102539 0.186523 0.102539 0.211914 0.06542998 0.254883 0.12207 0.186523 0.102539 0.254883 0.12207 0.208008 0.135742 0.208008 0.135742 0.254883 0.12207 0.254883 0.192383 0.208008 0.135742 0.254883 0.192383 0.208008 0.1787109 0.208008 0.1787109 0.254883 0.192383 0.211914 0.250977 0.208008 0.1787109 0.211914 0.250977 0.18457 0.211914 0.18457 0.211914 0.211914 0.250977 0.143555 0.274414 0.18457 0.211914 0.143555 0.274414 0.143555 0.2255859 0.06738299 0.317383 0.06738299 0.313477 0.125977 0.313477 0.06738299 0.317383 0.125977 0.313477 0.125977 0.317383 0.125977 0.317383 0.125977 0.313477 0.186523 0.313477 0.125977 0.317383 0.186523 0.313477 0.186523 0.317383 0.186523 0.317383 0.186523 0.313477 0.245117 0.313477 0.186523 0.317383 0.245117 0.313477 0.245117 0.317383 0.245117 0.317383 0.245117 0.313477 0.303711 0.313477 0.245117 0.317383 0.303711 0.313477 0.303711 0.317383 0.303711 0.317383 0.303711 0.313477 0.245117 0.313477 0.303711 0.317383 0.245117 0.313477 0.245117 0.317383 0.245117 0.317383 0.245117 0.313477 0.186523 0.313477 0.245117 0.317383 0.186523 0.313477 0.186523 0.317383 0.186523 0.317383 0.186523 0.313477 0.125977 0.313477 0.186523 0.317383 0.125977 0.313477 0.125977 0.317383 0.125977 0.317383 0.125977 0.313477 0.06738299 0.313477 0.125977 0.317383 0.06738299 0.313477 0.06738299 0.317383 0.06738299 0.317383 0.06738299 0.313477 0.006835997 0.313477 0.06738299 0.317383 0.006835997 0.313477 0.006835997 0.317383 0.006835997 0.317383 0.006835997 0.313477 0.06738299 0.313477 0.006835997 0.317383 0.06738299 0.313477 0.06738299 0.317383 0.07519495 0.250977 0.143555 0.274414 0.143555 0.27832 0.143555 0.27832 0.073242 0.254883 0.07519495 0.250977 0.03417998 0.196289 0.07519495 0.250977 0.073242 0.254883 0.073242 0.254883 0.03027296 0.198242 0.03417998 0.196289 0.03417998 0.120117 0.03417998 0.196289 0.03027296 0.198242 0.03027296 0.198242 0.03027296 0.118164 0.03417998 0.120117 0.07519495 0.06542998 0.03417998 0.120117 0.03027296 0.118164 0.03027296 0.118164 0.073242 0.06152296 0.07519495 0.06542998 0.143555 0.04199194 0.07519495 0.06542998 0.073242 0.06152296 0.073242 0.06152296 0.143555 0.03808599 0.143555 0.04199194 0.211914 0.06542998 0.143555 0.04199194 0.143555 0.03808599 0.143555 0.03808599 0.213867 0.06152296 0.211914 0.06542998 0.254883 0.12207 0.211914 0.06542998 0.213867 0.06152296 0.213867 0.06152296 0.258789 0.120117 0.254883 0.12207 0.254883 0.192383 0.254883 0.12207 0.258789 0.120117 0.258789 0.120117 0.258789 0.1943359 0.254883 0.192383 0.211914 0.250977 0.254883 0.192383 0.258789 0.1943359 0.258789 0.1943359 0.213867 0.254883 0.211914 0.250977 0.143555 0.274414 0.211914 0.250977 0.213867 0.254883 0.213867 0.254883 0.143555 0.27832 0.143555 0.274414 0.870117 0.696289 0.901367 0.72168 0.897461 0.733398 0.897461 0.733398 0.860352 0.704102 0.870117 0.696289 0.073242 0.254883 0.143555 0.27832 0.143555 0.301758 0.143555 0.301758 0.06090795 0.274973 0.073242 0.254883 0.901367 0.72168 0.94043 0.72168 0.944336 0.733398 0.944336 0.733398 0.897461 0.733398 0.901367 0.72168 0.03027296 0.198242 0.073242 0.254883 0.06090795 0.274973 0.06090795 0.274973 0.008397996 0.202699 0.03027296 0.198242 0.94043 0.72168 0.97168 0.696289 0.981445 0.704102 0.981445 0.704102 0.944336 0.733398 0.94043 0.72168 0.03027296 0.118164 0.03027296 0.198242 0.008397996 0.202699 0.008397996 0.202699 0.008397996 0.113364 0.03027296 0.118164 0.97168 0.696289 0.983398 0.661133 0.995117 0.661133 0.995117 0.661133 0.981445 0.704102 0.97168 0.696289 0.073242 0.06152296 0.03027296 0.118164 0.008397996 0.113364 0.008397996 0.113364 0.06090795 0.04108995 0.073242 0.06152296 0.983398 0.661133 0.97168 0.696289 0.981445 0.704102 0.981445 0.704102 0.995117 0.661133 0.983398 0.661133 0.143555 0.03808599 0.073242 0.06152296 0.06090795 0.04108995 0.06090795 0.04108995 0.143555 0.01269495 0.143555 0.03808599 0.97168 0.696289 0.94043 0.72168 0.944336 0.733398 0.944336 0.733398 0.981445 0.704102 0.97168 0.696289 0.213867 0.06152296 0.143555 0.03808599 0.143555 0.01269495 0.143555 0.01269495 0.230834 0.04108995 0.213867 0.06152296 0.94043 0.72168 0.901367 0.72168 0.897461 0.733398 0.897461 0.733398 0.944336 0.733398 0.94043 0.72168 0.258789 0.120117 0.213867 0.06152296 0.230834 0.04108995 0.230834 0.04108995 0.283344 0.113364 0.258789 0.120117 0.901367 0.72168 0.870117 0.696289 0.860352 0.704102 0.860352 0.704102 0.897461 0.733398 0.901367 0.72168 0.258789 0.1943359 0.258789 0.120117 0.283344 0.113364 0.283344 0.113364 0.283344 0.202699 0.258789 0.1943359 0.870117 0.696289 0.860352 0.661133 0.84668 0.661133 0.84668 0.661133 0.860352 0.704102 0.870117 0.696289 0.213867 0.254883 0.258789 0.1943359 0.283344 0.202699 0.283344 0.202699 0.230834 0.274973 0.213867 0.254883 0.860352 0.661133 0.870117 0.696289 0.860352 0.704102 0.860352 0.704102 0.84668 0.661133 0.860352 0.661133 0.143555 0.27832 0.213867 0.254883 0.230834 0.274973 0.230834 0.274973 0.143555 0.301758 0.143555 0.27832 0.227539 0.993164 0.08300799 0.975586 0.08300799 0.993164 0.227539 0.993164 0.231445 0.975586 0.08300799 0.975586 0.854492 0.745117 0.709961 0.762695 0.706055 0.745117 0.854492 0.745117 0.854492 0.762695 0.709961 0.762695 0.176758 0.938477 0.03417998 0.958008 0.03417998 0.938477 0.176758 0.938477 0.174805 0.958008 0.03417998 0.958008 0.19043 0.631836 0.334961 0.612305 0.331055 0.631836 0.19043 0.631836 0.19043 0.612305 0.334961 0.612305 0.08300799 0.993164 0.06738299 0.975586 0.06738299 0.993164 0.08300799 0.993164 0.08300799 0.975586 0.06738299 0.975586 0.706055 0.745117 0.698242 0.768555 0.688477 0.750977 0.706055 0.745117 0.709961 0.762695 0.698242 0.768555 0.03417998 0.938477 0.02246099 0.958008 0.02246099 0.938477 0.03417998 0.938477 0.03417998 0.958008 0.02246099 0.958008 0.331055 0.631836 0.352539 0.618164 0.342773 0.637695 0.331055 0.631836 0.334961 0.612305 0.352539 0.618164 0.06738299 0.993164 0.05175799 0.975586 0.05175799 0.993164 0.06738299 0.993164 0.06738299 0.975586 0.05175799 0.975586 0.688477 0.750977 0.686523 0.776367 0.672852 0.764648 0.688477 0.750977 0.698242 0.768555 0.686523 0.776367 0.02246099 0.938477 0.01074194 0.958008 0.01074194 0.938477 0.02246099 0.938477 0.02246099 0.958008 0.01074194 0.958008 0.342773 0.637695 0.368164 0.631836 0.354492 0.645508 0.342773 0.637695 0.352539 0.618164 0.368164 0.631836 0.05175799 0.993164 0.03222697 0.975586 0.03222697 0.993164 0.05175799 0.993164 0.05175799 0.975586 0.03222697 0.975586 0.672852 0.764648 0.680664 0.788086 0.663086 0.782227 0.672852 0.764648 0.686523 0.776367 0.680664 0.788086 0.864258 0.930664 0.875977 0.913086 0.875977 0.930664 0.864258 0.930664 0.864258 0.913086 0.875977 0.913086 0.354492 0.645508 0.37793 0.649414 0.360352 0.657227 0.354492 0.645508 0.368164 0.631836 0.37793 0.649414 0.03222697 0.993164 0.01269495 0.975586 0.01269495 0.993164 0.03222697 0.993164 0.03222697 0.975586 0.01269495 0.975586 0.663086 0.782227 0.680664 0.788086 0.65918 0.801758 0.65918 0.801758 0.680664 0.788086 0.678711 0.811523 0.875977 0.930664 0.875977 0.913086 0.891602 0.920898 0.891602 0.920898 0.875977 0.913086 0.889648 0.913086 0.360352 0.657227 0.37793 0.649414 0.362305 0.668945 0.362305 0.668945 0.37793 0.649414 0.381836 0.668945 0.01269495 0.993164 0.03222697 0.975586 0.03222697 0.993164 0.01269495 0.993164 0.01269495 0.975586 0.03222697 0.975586 0.65918 0.821289 0.680664 0.834961 0.663086 0.84082 0.65918 0.821289 0.678711 0.811523 0.680664 0.834961 0.899414 0.930664 0.907227 0.920898 0.922852 0.930664 0.360352 0.702148 0.362305 0.69043 0.37793 0.709961 0.03222697 0.993164 0.05175799 0.975586 0.05175799 0.993164 0.03222697 0.993164 0.03222697 0.975586 0.05175799 0.975586 0.663086 0.84082 0.686523 0.84668 0.672852 0.858398 0.663086 0.84082 0.680664 0.834961 0.686523 0.84668 0.922852 0.930664 0.93457 0.913086 0.93457 0.930664 0.922852 0.930664 0.922852 0.913086 0.93457 0.913086 0.360352 0.702148 0.368164 0.727539 0.354492 0.713867 0.360352 0.702148 0.37793 0.709961 0.368164 0.727539 0.05175799 0.993164 0.06738299 0.975586 0.06738299 0.993164 0.05175799 0.993164 0.05175799 0.975586 0.06738299 0.975586 0.672852 0.858398 0.698242 0.856445 0.688477 0.87207 0.672852 0.858398 0.686523 0.84668 0.698242 0.856445 0.01074194 0.938477 0.02246099 0.958008 0.02246099 0.938477 0.01074194 0.938477 0.01074194 0.958008 0.02246099 0.958008 0.354492 0.713867 0.352539 0.739258 0.342773 0.723633 0.354492 0.713867 0.368164 0.727539 0.352539 0.739258 0.06738299 0.993164 0.08300799 0.975586 0.08300799 0.993164 0.06738299 0.993164 0.06738299 0.975586 0.08300799 0.975586 0.688477 0.87207 0.709961 0.860352 0.706055 0.87793 0.688477 0.87207 0.698242 0.856445 0.709961 0.860352 0.02246099 0.938477 0.03417998 0.958008 0.03417998 0.938477 0.02246099 0.938477 0.02246099 0.958008 0.03417998 0.958008 0.342773 0.723633 0.334961 0.74707 0.331055 0.727539 0.342773 0.723633 0.352539 0.739258 0.334961 0.74707 0.08300799 0.993164 0.231445 0.975586 0.227539 0.993164 0.08300799 0.993164 0.08300799 0.975586 0.231445 0.975586 0.706055 0.87793 0.854492 0.860352 0.854492 0.87793 0.706055 0.87793 0.709961 0.860352 0.854492 0.860352 0.03417998 0.938477 0.174805 0.958008 0.176758 0.938477 0.03417998 0.938477 0.03417998 0.958008 0.174805 0.958008 0.331055 0.727539 0.19043 0.74707 0.19043 0.727539 0.331055 0.727539 0.334961 0.74707 0.19043 0.74707 0.678711 0.811523 0.65918 0.821289 0.65918 0.801758 0.489258 0.977539 0.489258 0.993164 0.454102 0.993164 0.489258 0.977539 0.454102 0.993164 0.454102 0.977539 0.774414 0.918945 0.774414 0.899414 0.618164 0.899414 0.618164 0.899414 0.618164 0.918945 0.774414 0.918945 0.774414 0.899414 0.774414 0.918945 0.618164 0.918945 0.618164 0.918945 0.618164 0.899414 0.774414 0.899414 0.65918 0.801758 0.65918 0.821289 0.50293 0.821289 0.50293 0.821289 0.50293 0.801758 0.65918 0.801758 0.791992 0.977539 0.791992 0.993164 0.743164 0.993164 0.616211 0.993164 0.616211 0.977539 0.743164 0.977539 0.555664 0.977539 0.573242 0.993164 0.555664 0.993164 0.500977 0.993164 0.500977 0.977539 0.555664 0.977539 0.499023 0.866211 0.567383 0.897461 0.610352 0.885742 0.618164 0.899414 0.610352 0.885742 0.567383 0.897461 0.364258 0.993164 0.364258 0.977539 0.424805 0.977539 0.424805 0.977539 0.424805 0.993164 0.364258 0.993164 0.610352 0.885742 0.618164 0.899414 0.567383 0.897461 0.567383 0.897461 0.522461 0.844727 0.610352 0.885742 0.174805 0.958008 0.176758 0.938477 0.18457 0.956055 0.231445 0.975586 0.227539 0.993164 0.237305 0.991211 0.19043 0.612305 0.1787109 0.631836 0.1787109 0.612305 0.19043 0.612305 0.19043 0.631836 0.1787109 0.631836 0.18457 0.956055 0.176758 0.938477 0.1943359 0.950195 0.231445 0.975586 0.237305 0.991211 0.24707 0.985352 0.1787109 0.612305 0.170898 0.631836 0.170898 0.612305 0.1787109 0.612305 0.1787109 0.631836 0.170898 0.631836 0.1943359 0.950195 0.182617 0.932617 0.200195 0.94043 0.1943359 0.950195 0.176758 0.938477 0.182617 0.932617 0.854492 0.762695 0.860352 0.745117 0.860352 0.762695 0.854492 0.762695 0.854492 0.745117 0.860352 0.745117 0.231445 0.975586 0.25293 0.975586 0.237305 0.969727 0.231445 0.975586 0.24707 0.985352 0.25293 0.975586 0.170898 0.612305 0.161133 0.631836 0.161133 0.612305 0.170898 0.612305 0.170898 0.631836 0.161133 0.631836 0.200195 0.94043 0.182617 0.932617 0.202148 0.928711 0.237305 0.969727 0.25293 0.975586 0.254883 0.96582 0.161133 0.612305 0.151367 0.631836 0.151367 0.612305 0.161133 0.612305 0.161133 0.631836 0.151367 0.631836 0.227539 0.993164 0.231445 0.975586 0.237305 0.991211 0.176758 0.938477 0.174805 0.958008 0.18457 0.956055 0.19043 0.727539 0.1787109 0.74707 0.1787109 0.727539 0.19043 0.727539 0.19043 0.74707 0.1787109 0.74707 0.237305 0.991211 0.231445 0.975586 0.24707 0.985352 0.176758 0.938477 0.18457 0.956055 0.1943359 0.950195 0.1787109 0.727539 0.170898 0.74707 0.170898 0.727539 0.1787109 0.727539 0.1787109 0.74707 0.170898 0.74707 0.24707 0.985352 0.237305 0.969727 0.25293 0.975586 0.24707 0.985352 0.231445 0.975586 0.237305 0.969727 0.854492 0.87793 0.860352 0.860352 0.860352 0.87793 0.854492 0.87793 0.854492 0.860352 0.860352 0.860352 0.176758 0.938477 0.200195 0.94043 0.182617 0.932617 0.176758 0.938477 0.1943359 0.950195 0.200195 0.94043 0.170898 0.727539 0.161133 0.74707 0.161133 0.727539 0.170898 0.727539 0.170898 0.74707 0.161133 0.74707 0.25293 0.975586 0.237305 0.969727 0.254883 0.96582 0.182617 0.932617 0.200195 0.94043 0.202148 0.928711 0.161133 0.727539 0.151367 0.74707 0.151367 0.727539 0.161133 0.727539 0.161133 0.74707 0.151367 0.74707 0.237305 0.920898 0.254883 0.90332 0.237305 0.90332 0.237305 0.920898 0.254883 0.920898 0.254883 0.90332 0.106445 0.612305 0.09667998 0.635742 0.088867 0.620117 0.106445 0.612305 0.110352 0.631836 0.09667998 0.635742 0.202148 0.889648 0.182617 0.875977 0.202148 0.875977 0.202148 0.889648 0.182617 0.889648 0.182617 0.875977 0.905273 0.762695 0.926758 0.750977 0.916992 0.768555 0.905273 0.762695 0.90918 0.745117 0.926758 0.750977 0.237305 0.90332 0.254883 0.90332 0.254883 0.893555 0.088867 0.620117 0.09667998 0.635742 0.07910197 0.625977 0.07910197 0.625977 0.09667998 0.635742 0.086914 0.643555 0.202148 0.875977 0.182617 0.866211 0.202148 0.866211 0.202148 0.875977 0.182617 0.875977 0.182617 0.866211 0.916992 0.768555 0.936523 0.758789 0.928711 0.776367 0.928711 0.776367 0.936523 0.758789 0.948242 0.772461 0.06738299 0.641602 0.086914 0.643555 0.08105498 0.655273 0.899414 0.84668 0.879883 0.834961 0.899414 0.834961 0.899414 0.84668 0.879883 0.84668 0.879883 0.834961 0.928711 0.776367 0.948242 0.772461 0.93457 0.788086 0.84082 0.772461 0.860352 0.801758 0.84082 0.801758 0.84082 0.772461 0.860352 0.772461 0.860352 0.801758 0.06738299 0.641602 0.08105498 0.655273 0.05956995 0.668945 0.05956995 0.668945 0.08105498 0.655273 0.07910197 0.668945 0.899414 0.834961 0.879883 0.821289 0.899414 0.821289 0.899414 0.834961 0.879883 0.834961 0.879883 0.821289 0.93457 0.788086 0.956055 0.801758 0.936523 0.801758 0.93457 0.788086 0.948242 0.772461 0.956055 0.801758 0.84082 0.821289 0.860352 0.850586 0.84082 0.850586 0.84082 0.821289 0.860352 0.821289 0.860352 0.850586 0.05956995 0.69043 0.08105498 0.704102 0.06738299 0.717773 0.05956995 0.69043 0.07910197 0.69043 0.08105498 0.704102 0.899414 0.799805 0.879883 0.788086 0.899414 0.788086 0.899414 0.799805 0.879883 0.799805 0.879883 0.788086 0.936523 0.821289 0.956055 0.821289 0.93457 0.834961 0.93457 0.834961 0.956055 0.821289 0.948242 0.850586 0.06738299 0.717773 0.08105498 0.704102 0.086914 0.71582 0.899414 0.788086 0.879883 0.776367 0.899414 0.776367 0.899414 0.788086 0.879883 0.788086 0.879883 0.776367 0.93457 0.834961 0.948242 0.850586 0.928711 0.84668 0.06738299 0.717773 0.086914 0.71582 0.07910197 0.733398 0.07910197 0.733398 0.086914 0.71582 0.09667998 0.723633 0.202148 0.866211 0.182617 0.875977 0.202148 0.875977 0.202148 0.866211 0.182617 0.866211 0.182617 0.875977 0.928711 0.84668 0.936523 0.864258 0.916992 0.856445 0.928711 0.84668 0.948242 0.850586 0.936523 0.864258 0.237305 0.90332 0.254883 0.920898 0.237305 0.920898 0.237305 0.90332 0.254883 0.90332 0.254883 0.920898 0.088867 0.739258 0.110352 0.727539 0.106445 0.74707 0.088867 0.739258 0.09667998 0.723633 0.110352 0.727539 0.202148 0.875977 0.182617 0.889648 0.202148 0.889648 0.202148 0.875977 0.182617 0.875977 0.182617 0.889648 0.916992 0.856445 0.90918 0.87793 0.905273 0.860352 0.916992 0.856445 0.926758 0.87207 0.90918 0.87793 0.07910197 0.668945 0.07910197 0.69043 0.05956995 0.69043 0.07910197 0.668945 0.05956995 0.69043 0.05956995 0.668945 0.879883 0.821289 0.879883 0.799805 0.899414 0.799805 0.879883 0.821289 0.899414 0.799805 0.899414 0.821289 0.936523 0.821289 0.936523 0.801758 0.956055 0.801758 0.936523 0.821289 0.956055 0.801758 0.956055 0.821289 0.84082 0.821289 0.84082 0.801758 0.860352 0.801758 0.84082 0.821289 0.860352 0.801758 0.860352 0.821289 0.254883 0.920898 0.237305 0.920898 0.237305 0.969727 0.237305 0.969727 0.254883 0.96582 0.254883 0.920898 0.182617 0.889648 0.202148 0.889648 0.202148 0.928711 0.202148 0.928711 0.182617 0.932617 0.182617 0.889648 0.90918 0.745117 0.905273 0.762695 0.860352 0.762695 0.860352 0.762695 0.860352 0.745117 0.90918 0.745117 0.237305 0.920898 0.254883 0.920898 0.254883 0.96582 0.254883 0.96582 0.237305 0.969727 0.237305 0.920898 0.106445 0.74707 0.110352 0.727539 0.151367 0.727539 0.151367 0.727539 0.151367 0.74707 0.106445 0.74707 0.202148 0.889648 0.182617 0.889648 0.182617 0.932617 0.182617 0.932617 0.202148 0.928711 0.202148 0.889648 0.905273 0.860352 0.90918 0.87793 0.860352 0.87793 0.860352 0.87793 0.860352 0.860352 0.905273 0.860352 0.151367 0.612305 0.151367 0.631836 0.110352 0.631836 0.151367 0.612305 0.110352 0.631836 0.106445 0.612305 0.489258 0.993164 0.489258 0.977539 0.500977 0.977539 0.500977 0.977539 0.500977 0.993164 0.489258 0.993164 0.616211 0.977539 0.616211 0.993164 0.59082 0.993164 0.59082 0.993164 0.59082 0.977539 0.616211 0.977539 0.567383 0.897461 0.499023 0.866211 0.50293 0.87793 0.567383 0.897461 0.575195 0.918945 0.618164 0.918945 0.567383 0.897461 0.618164 0.918945 0.575195 0.918945 0.567383 0.897461 0.50293 0.87793 0.499023 0.866211 0.34668 0.993164 0.34668 0.977539 0.360352 0.977539 0.360352 0.977539 0.360352 0.993164 0.34668 0.993164 0.522461 0.844727 0.499023 0.866211 0.610352 0.885742 0.618164 0.918945 0.567383 0.897461 0.618164 0.899414 0.360352 0.993164 0.360352 0.977539 0.364258 0.977539 0.364258 0.977539 0.364258 0.993164 0.360352 0.993164 0.610352 0.885742 0.522461 0.844727 0.551758 0.836914 0.551758 0.836914 0.612305 0.881836 0.610352 0.885742 0.454102 0.977539 0.454102 0.993164 0.424805 0.993164 0.424805 0.993164 0.424805 0.977539 0.454102 0.977539 0.551758 0.836914 0.610352 0.885742 0.612305 0.881836 0.610352 0.885742 0.551758 0.836914 0.522461 0.844727 0.07910197 0.625977 0.086914 0.643555 0.06738299 0.641602 0.916992 0.768555 0.926758 0.750977 0.936523 0.758789 0.237305 0.90332 0.254883 0.893555 0.237305 0.893555 0.07910197 0.733398 0.09667998 0.723633 0.088867 0.739258 0.237305 0.893555 0.254883 0.893555 0.254883 0.90332 0.237305 0.893555 0.254883 0.90332 0.237305 0.90332 0.916992 0.856445 0.936523 0.864258 0.926758 0.87207 0.024414 0.743164 0.04980498 0.750977 0.03417998 0.758789 0.040039 0.733398 0.04980498 0.750977 0.024414 0.743164 0.504883 0.932617 0.52832 0.938477 0.522461 0.924805 0.510742 0.942383 0.52832 0.938477 0.504883 0.932617 0.973633 0.885742 0.97168 0.864258 0.983398 0.870117 0.961914 0.879883 0.97168 0.864258 0.973633 0.885742 0.249023 0.848633 0.237305 0.868164 0.233398 0.856445 0.254883 0.864258 0.237305 0.868164 0.249023 0.848633 0.01074194 0.750977 0.03417998 0.758789 0.02050799 0.766602 0.024414 0.743164 0.03417998 0.758789 0.01074194 0.750977 0.49707 0.924805 0.522461 0.924805 0.508789 0.911133 0.504883 0.932617 0.522461 0.924805 0.49707 0.924805 0.981445 0.891602 0.983398 0.870117 0.991211 0.875977 0.973633 0.885742 0.983398 0.870117 0.981445 0.891602 0.235352 0.834961 0.233398 0.856445 0.223633 0.848633 0.249023 0.848633 0.233398 0.856445 0.235352 0.834961 0.141602 0.805664 0.15918 0.793945 0.141602 0.790039 0.15918 0.811523 0.15918 0.793945 0.141602 0.805664 0.485352 0.918945 0.508789 0.911133 0.491211 0.90332 0.49707 0.924805 0.508789 0.911133 0.485352 0.918945 0.155273 0.924805 0.166992 0.905273 0.155273 0.90918 0.166992 0.920898 0.166992 0.905273 0.155273 0.924805 0.217773 0.827148 0.223633 0.848633 0.211914 0.842773 0.235352 0.834961 0.223633 0.848633 0.217773 0.827148 0.12207 0.803711 0.141602 0.790039 0.12207 0.788086 0.141602 0.805664 0.141602 0.790039 0.12207 0.803711 0.47168 0.916992 0.491211 0.90332 0.47168 0.899414 0.485352 0.918945 0.491211 0.90332 0.47168 0.916992 0.141602 0.926758 0.155273 0.90918 0.141602 0.911133 0.155273 0.924805 0.155273 0.90918 0.141602 0.926758 0.198242 0.823242 0.211914 0.842773 0.198242 0.84082 0.217773 0.827148 0.211914 0.842773 0.198242 0.823242 0.385742 0.916992 0.47168 0.916992 0.389648 0.899414 0.389648 0.899414 0.47168 0.916992 0.47168 0.899414 0.055664 0.926758 0.141602 0.926758 0.055664 0.911133 0.055664 0.911133 0.141602 0.926758 0.141602 0.911133 0.198242 0.84082 0.112305 0.84082 0.198242 0.823242 0.198242 0.823242 0.112305 0.84082 0.1162109 0.823242 0.12207 0.788086 0.040039 0.788086 0.12207 0.803711 0.12207 0.803711 0.040039 0.788086 0.040039 0.803711 0.04980498 0.750977 0.040039 0.733398 0.07910197 0.733398 0.06738299 0.717773 0.07910197 0.733398 0.040039 0.733398 0.97168 0.864258 0.961914 0.879883 0.948242 0.850586 0.936523 0.864258 0.948242 0.850586 0.961914 0.879883 0.237305 0.868164 0.254883 0.864258 0.237305 0.893555 0.254883 0.893555 0.237305 0.893555 0.254883 0.864258 0.510742 0.961914 0.52832 0.961914 0.510742 0.942383 0.510742 0.942383 0.52832 0.961914 0.52832 0.938477 0.112305 0.84082 0.09472697 0.831055 0.104492 0.825195 0.368164 0.907227 0.385742 0.916992 0.37793 0.901367 0.02831995 0.790039 0.01855498 0.807617 0.02831995 0.805664 0.01855498 0.791992 0.01855498 0.807617 0.02831995 0.790039 0.112305 0.84082 0.104492 0.825195 0.1162109 0.823242 0.37793 0.901367 0.385742 0.916992 0.389648 0.899414 0.040039 0.788086 0.02831995 0.805664 0.040039 0.803711 0.02831995 0.790039 0.02831995 0.805664 0.040039 0.788086 0.02831995 0.915039 0.008788943 0.918945 0.01660197 0.901367 0.280273 0.989258 0.299805 0.985352 0.288086 0.97168 0.415039 0.819336 0.407227 0.793945 0.424805 0.803711 0.397461 0.80957 0.407227 0.793945 0.415039 0.819336 0.02831995 0.915039 0.01660197 0.901367 0.112305 0.84082 0.09472697 0.831055 0.112305 0.84082 0.01660197 0.901367 0.34668 0.874023 0.356445 0.889648 0.274414 0.916992 0.28418 0.932617 0.274414 0.916992 0.356445 0.889648 0.288086 0.97168 0.299805 0.985352 0.368164 0.907227 0.385742 0.916992 0.368164 0.907227 0.299805 0.985352 0.415039 0.819336 0.424805 0.803711 0.485352 0.860352 0.495117 0.842773 0.485352 0.860352 0.424805 0.803711 0.391602 0.793945 0.407227 0.793945 0.397461 0.80957 0.34668 0.874023 0.366211 0.87207 0.356445 0.889648 0.15918 0.874023 0.139648 0.889648 0.15918 0.891602 0.15918 0.874023 0.139648 0.874023 0.139648 0.889648 0.04980498 0.610352 0.024414 0.616211 0.03417998 0.600586 0.04980498 0.610352 0.040039 0.625977 0.024414 0.616211 0.52832 0.938477 0.504883 0.932617 0.522461 0.924805 0.52832 0.938477 0.510742 0.942383 0.504883 0.932617 0.97168 0.758789 0.973633 0.737305 0.983398 0.75293 0.97168 0.758789 0.961914 0.743164 0.973633 0.737305 0.237305 0.868164 0.249023 0.848633 0.233398 0.856445 0.237305 0.868164 0.254883 0.864258 0.249023 0.848633 0.03417998 0.600586 0.01074194 0.608398 0.02050799 0.592773 0.03417998 0.600586 0.024414 0.616211 0.01074194 0.608398 0.522461 0.924805 0.49707 0.924805 0.508789 0.911133 0.522461 0.924805 0.504883 0.932617 0.49707 0.924805 0.983398 0.75293 0.981445 0.731445 0.991211 0.74707 0.983398 0.75293 0.973633 0.737305 0.981445 0.731445 0.233398 0.856445 0.235352 0.834961 0.223633 0.848633 0.233398 0.856445 0.249023 0.848633 0.235352 0.834961 0.15918 0.793945 0.141602 0.805664 0.141602 0.790039 0.15918 0.793945 0.15918 0.811523 0.141602 0.805664 0.508789 0.911133 0.485352 0.918945 0.491211 0.90332 0.508789 0.911133 0.49707 0.924805 0.485352 0.918945 0.166992 0.905273 0.155273 0.924805 0.155273 0.90918 0.166992 0.905273 0.166992 0.920898 0.155273 0.924805 0.223633 0.848633 0.217773 0.827148 0.211914 0.842773 0.223633 0.848633 0.235352 0.834961 0.217773 0.827148 0.141602 0.790039 0.12207 0.803711 0.12207 0.788086 0.141602 0.790039 0.141602 0.805664 0.12207 0.803711 0.491211 0.90332 0.47168 0.916992 0.47168 0.899414 0.491211 0.90332 0.485352 0.918945 0.47168 0.916992 0.155273 0.90918 0.141602 0.926758 0.141602 0.911133 0.155273 0.90918 0.155273 0.924805 0.141602 0.926758 0.211914 0.842773 0.198242 0.823242 0.198242 0.84082 0.211914 0.842773 0.217773 0.827148 0.198242 0.823242 0.47168 0.916992 0.385742 0.916992 0.389648 0.899414 0.47168 0.916992 0.389648 0.899414 0.47168 0.899414 0.141602 0.926758 0.055664 0.926758 0.055664 0.911133 0.141602 0.926758 0.055664 0.911133 0.141602 0.911133 0.112305 0.84082 0.198242 0.84082 0.198242 0.823242 0.112305 0.84082 0.198242 0.823242 0.1162109 0.823242 0.040039 0.788086 0.12207 0.788086 0.12207 0.803711 0.040039 0.788086 0.12207 0.803711 0.040039 0.803711 0.040039 0.625977 0.04980498 0.610352 0.07910197 0.625977 0.07910197 0.625977 0.06738299 0.641602 0.040039 0.625977 0.961914 0.743164 0.97168 0.758789 0.948242 0.772461 0.948242 0.772461 0.936523 0.758789 0.961914 0.743164 0.254883 0.864258 0.237305 0.868164 0.237305 0.893555 0.237305 0.893555 0.254883 0.893555 0.254883 0.864258 0.52832 0.961914 0.510742 0.961914 0.510742 0.942383 0.52832 0.961914 0.510742 0.942383 0.52832 0.938477 0.09472697 0.831055 0.112305 0.84082 0.104492 0.825195 0.385742 0.916992 0.368164 0.907227 0.37793 0.901367 0.01855498 0.807617 0.02831995 0.790039 0.02831995 0.805664 0.01855498 0.807617 0.01855498 0.791992 0.02831995 0.790039 0.104492 0.825195 0.112305 0.84082 0.1162109 0.823242 0.385742 0.916992 0.37793 0.901367 0.389648 0.899414 0.02831995 0.805664 0.040039 0.788086 0.040039 0.803711 0.02831995 0.805664 0.02831995 0.790039 0.040039 0.788086 0.008788943 0.918945 0.02831995 0.915039 0.01660197 0.901367 0.299805 0.985352 0.280273 0.989258 0.288086 0.97168 0.407227 0.74707 0.415039 0.72168 0.424805 0.737305 0.407227 0.74707 0.397461 0.731445 0.415039 0.72168 0.01660197 0.901367 0.02831995 0.915039 0.112305 0.84082 0.112305 0.84082 0.09472697 0.831055 0.01660197 0.901367 0.356445 0.807617 0.34668 0.823242 0.274414 0.780273 0.274414 0.780273 0.28418 0.764648 0.356445 0.807617 0.299805 0.985352 0.288086 0.97168 0.368164 0.907227 0.368164 0.907227 0.385742 0.916992 0.299805 0.985352 0.424805 0.737305 0.415039 0.72168 0.485352 0.680664 0.485352 0.680664 0.495117 0.696289 0.424805 0.737305 0.15918 0.874023 0.15918 0.891602 0.139648 0.889648 0.397461 0.731445 0.407227 0.74707 0.391602 0.74707 0.356445 0.807617 0.366211 0.825195 0.34668 0.823242 0.139648 0.874023 0.15918 0.874023 0.139648 0.889648 0.34668 0.823242 0.366211 0.836914 0.34668 0.874023 0.366211 0.825195 0.366211 0.836914 0.34668 0.823242 0.139648 0.860352 0.139648 0.874023 0.15918 0.874023 0.139648 0.874023 0.15918 0.860352 0.15918 0.874023 0.407227 0.793945 0.391602 0.780273 0.407227 0.74707 0.391602 0.793945 0.391602 0.780273 0.407227 0.793945 0.331055 0.87207 0.331055 0.825195 0.34668 0.823242 0.331055 0.87207 0.34668 0.823242 0.34668 0.874023 0.15918 0.860352 0.139648 0.860352 0.15918 0.874023 0.391602 0.780273 0.391602 0.760742 0.407227 0.74707 0.366211 0.858398 0.366211 0.87207 0.34668 0.874023 0.391602 0.760742 0.391602 0.74707 0.407227 0.74707 0.139648 0.874023 0.139648 0.860352 0.15918 0.860352 0.366211 0.836914 0.366211 0.858398 0.34668 0.874023 0.01855498 0.655273 0.03808599 0.655273 0.03808599 0.706055 0.03808599 0.706055 0.01855498 0.706055 0.01855498 0.655273 0.391602 0.760742 0.391602 0.780273 0.34082 0.780273 0.34082 0.780273 0.34082 0.760742 0.391602 0.760742 0.03808599 0.655273 0.01855498 0.655273 0.01855498 0.706055 0.01855498 0.706055 0.03808599 0.706055 0.03808599 0.655273 0.366211 0.858398 0.366211 0.836914 0.416992 0.836914 0.416992 0.836914 0.416992 0.858398 0.366211 0.858398 0.50293 0.87793 0.567383 0.897461 0.557617 0.90332 0.522461 0.844727 0.567383 0.897461 0.499023 0.866211 0.557617 0.90332 0.567383 0.897461 0.575195 0.918945 0.573242 0.993164 0.555664 0.977539 0.573242 0.977539 0.557617 0.90332 0.567383 0.897461 0.50293 0.87793 0.567383 0.897461 0.618164 0.918945 0.618164 0.899414 0.567383 0.897461 0.557617 0.90332 0.575195 0.918945 0.555664 0.977539 0.555664 0.993164 0.500977 0.993164 0.745117 0.938477 0.618164 0.918945 0.618164 0.938477 0.745117 0.938477 0.791992 0.948242 0.774414 0.918945 0.618164 0.938477 0.618164 0.918945 0.745117 0.938477 0.774414 0.918945 0.745117 0.938477 0.618164 0.918945 0.618164 0.918945 0.575195 0.918945 0.592773 0.93457 0.592773 0.93457 0.618164 0.938477 0.618164 0.918945 0.573242 0.993164 0.573242 0.977539 0.59082 0.977539 0.59082 0.977539 0.59082 0.993164 0.573242 0.993164 0.575195 0.918945 0.618164 0.918945 0.618164 0.938477 0.618164 0.938477 0.592773 0.93457 0.575195 0.918945 0.362305 0.69043 0.381836 0.69043 0.37793 0.709961 0.922852 0.930664 0.907227 0.920898 0.922852 0.913086 0.793945 0.918945 0.774414 0.918945 0.791992 0.948242 0.774414 0.918945 0.793945 0.918945 0.791992 0.948242 0.793945 0.90918 0.842773 0.94043 0.793945 0.918945 0.907227 0.920898 0.90918 0.913086 0.922852 0.913086 0.899414 0.930664 0.891602 0.920898 0.907227 0.920898 0.875977 0.930664 0.891602 0.920898 0.899414 0.930664 0.120117 0.688477 0.168945 0.672852 0.168945 0.688477 0.791992 0.948242 0.833008 0.963867 0.84082 0.944336 0.791992 0.948242 0.793945 0.918945 0.84082 0.944336 0.84082 0.944336 0.793945 0.918945 0.791992 0.948242 0.791992 0.993164 0.791992 0.977539 0.831055 0.993164 0.120117 0.688477 0.120117 0.672852 0.168945 0.672852 0.793945 0.90918 0.793945 0.918945 0.842773 0.94043 0.831055 0.993164 0.791992 0.977539 0.831055 0.977539 0.84082 0.944336 0.833008 0.963867 0.791992 0.948242 0.618164 0.918945 0.745117 0.938477 0.774414 0.918945 0.743164 0.977539 0.743164 0.993164 0.616211 0.993164 0.745117 0.938477 0.774414 0.918945 0.791992 0.948242 0.743164 0.993164 0.743164 0.977539 0.791992 0.977539 0.489258 0.52832 0.489258 0.520508 0.49707 0.520508 0.489258 0.52832 0.49707 0.520508 0.49707 0.52832 0.692383 0.446289 0.672852 0.301758 0.692383 0.301758 0.692383 0.446289 0.672852 0.446289 0.672852 0.301758 0.749023 0.446289 0.731445 0.301758 0.749023 0.301758 0.749023 0.446289 0.731445 0.446289 0.731445 0.301758 0.731445 0.446289 0.711914 0.301758 0.731445 0.301758 0.731445 0.446289 0.711914 0.446289 0.711914 0.301758 0.711914 0.446289 0.692383 0.301758 0.711914 0.301758 0.711914 0.446289 0.692383 0.446289 0.692383 0.301758 0.692383 0.301758 0.672852 0.290039 0.692383 0.290039 0.692383 0.301758 0.672852 0.301758 0.672852 0.290039 0.749023 0.301758 0.731445 0.290039 0.749023 0.290039 0.749023 0.301758 0.731445 0.301758 0.731445 0.290039 0.731445 0.301758 0.711914 0.290039 0.731445 0.290039 0.731445 0.301758 0.711914 0.301758 0.711914 0.290039 0.711914 0.301758 0.692383 0.290039 0.711914 0.290039 0.711914 0.301758 0.692383 0.301758 0.692383 0.290039 0.692383 0.290039 0.672852 0.27832 0.692383 0.27832 0.692383 0.290039 0.672852 0.290039 0.672852 0.27832 0.749023 0.290039 0.731445 0.27832 0.749023 0.27832 0.749023 0.290039 0.731445 0.290039 0.731445 0.27832 0.731445 0.290039 0.711914 0.27832 0.731445 0.27832 0.731445 0.290039 0.711914 0.290039 0.711914 0.27832 0.711914 0.290039 0.692383 0.27832 0.711914 0.27832 0.711914 0.290039 0.692383 0.290039 0.692383 0.27832 0.692383 0.27832 0.672852 0.249023 0.692383 0.249023 0.692383 0.27832 0.672852 0.27832 0.672852 0.249023 0.749023 0.27832 0.731445 0.249023 0.749023 0.249023 0.749023 0.27832 0.731445 0.27832 0.731445 0.249023 0.731445 0.27832 0.711914 0.249023 0.731445 0.249023 0.731445 0.27832 0.711914 0.27832 0.711914 0.249023 0.711914 0.27832 0.692383 0.249023 0.711914 0.249023 0.711914 0.27832 0.692383 0.27832 0.692383 0.249023 0.692383 0.249023 0.672852 0.223633 0.692383 0.223633 0.692383 0.249023 0.672852 0.249023 0.672852 0.223633 0.749023 0.249023 0.731445 0.249023 0.749023 0.223633 0.749023 0.223633 0.731445 0.249023 0.731445 0.223633 0.731445 0.249023 0.711914 0.223633 0.731445 0.223633 0.731445 0.249023 0.711914 0.249023 0.711914 0.223633 0.711914 0.249023 0.692383 0.249023 0.711914 0.223633 0.711914 0.223633 0.692383 0.249023 0.692383 0.223633 0.629883 0.864258 0.629883 0.852539 0.641602 0.864258 0.629883 0.852539 0.641602 0.852539 0.641602 0.864258 0.625977 0.868164 0.625977 0.848633 0.629883 0.852539 0.629883 0.852539 0.629883 0.864258 0.625977 0.868164 0.645508 0.848633 0.645508 0.868164 0.641602 0.864258 0.641602 0.864258 0.641602 0.852539 0.645508 0.848633 0.625977 0.848633 0.645508 0.848633 0.641602 0.852539 0.641602 0.852539 0.629883 0.852539 0.625977 0.848633 0.645508 0.868164 0.625977 0.868164 0.629883 0.864258 0.629883 0.864258 0.641602 0.864258 0.645508 0.868164 0.764033 0.706797 0.781777 0.48708 0.806869 0.706809 0.701261 0.689079 0.669339 0.490609 0.764034 0.490609 0.701261 0.689079 0.764034 0.490609 0.764033 0.706797 0.796818 0.477029 0.806869 0.461987 0.806869 0.706809 0.669353 0.655044 0.669339 0.490609 0.701261 0.689079 0.764033 0.706797 0.764034 0.490609 0.781777 0.48708 0.806869 0.461987 0.841288 0.706821 0.806869 0.706809 0.806869 0.461987 0.810398 0.444244 0.841367 0.443237 0.841288 0.706821 0.806869 0.461987 0.841367 0.443237 0.781777 0.48708 0.796818 0.477029 0.806869 0.706809 0.907227 0.473633 0.879883 0.473633 0.895508 0.620117 0.948242 0.485352 0.907227 0.473633 0.969727 0.618164 0.885742 0.62793 0.879883 0.473633 0.879883 0.637695 0.969727 0.508789 0.948242 0.485352 0.969727 0.618164 0.907227 0.473633 0.895508 0.620117 0.907227 0.618164 0.879883 0.637695 0.879883 0.473633 0.858398 0.473633 0.879883 0.637695 0.858398 0.649414 0.87793 0.649414 0.907227 0.473633 0.907227 0.618164 0.969727 0.618164 0.858398 0.473633 0.858398 0.649414 0.879883 0.637695 0.895508 0.620117 0.879883 0.473633 0.885742 0.62793 0.874023 0.555664 0.866211 0.553711 0.879883 0.518555 0.879883 0.518555 0.887695 0.520508 0.874023 0.555664 0.874023 0.629883 0.866211 0.553711 0.866211 0.629883 0.874023 0.606445 0.866211 0.606445 0.866211 0.553711 0.866211 0.553711 0.874023 0.555664 0.874023 0.606445 0.967773 0.487305 0.97168 0.487305 0.973633 0.49707 0.973633 0.49707 0.969727 0.49707 0.967773 0.487305 0.874023 0.629883 0.866211 0.629883 0.866211 0.606445 0.866211 0.606445 0.874023 0.606445 0.874023 0.629883 0.969727 0.618164 0.979492 0.618164 0.979492 0.508789 0.979492 0.508789 0.969727 0.508789 0.969727 0.618164 0.881836 0.536133 0.874023 0.53418 0.866211 0.553711 0.866211 0.553711 0.874023 0.555664 0.881836 0.536133 0.887695 0.520508 0.879883 0.518555 0.90332 0.489258 0.90332 0.489258 0.90918 0.495117 0.887695 0.520508 0.96582 0.477539 0.969727 0.475586 0.97168 0.487305 0.97168 0.487305 0.967773 0.487305 0.96582 0.477539 0.866211 0.553711 0.874023 0.629883 0.874023 0.555664 0.887695 0.520508 0.879883 0.518555 0.874023 0.53418 0.874023 0.53418 0.881836 0.536133 0.887695 0.520508 0.989258 0.643555 0.995117 0.643555 0.995117 0.467773 0.989258 0.467773 0.989258 0.643555 0.995117 0.467773 0.810398 0.444244 0.810398 0.444244 0.841367 0.443237 0.841367 0.443237 0.841367 0.443237 0.810398 0.444244 0.928711 0.514648 0.936523 0.461914 0.928711 0.461914 0.936523 0.461914 0.928711 0.514648 0.936523 0.514648 0.87207 0.581055 0.87207 0.573242 0.864258 0.577148 0.87207 0.514648 0.864258 0.461914 0.864258 0.514648 0.864258 0.461914 0.87207 0.514648 0.87207 0.461914 0.928711 0.581055 0.87207 0.573242 0.87207 0.581055 0.87207 0.522461 0.87207 0.573242 0.928711 0.573242 0.928711 0.514648 0.87207 0.461914 0.87207 0.514648 0.87207 0.461914 0.928711 0.514648 0.928711 0.461914 0.87207 0.514648 0.87207 0.522461 0.928711 0.514648 0.87207 0.522461 0.928711 0.573242 0.928711 0.522461 0.928711 0.522461 0.928711 0.514648 0.87207 0.522461 0.864258 0.518555 0.87207 0.522461 0.87207 0.514648 0.928711 0.581055 0.928711 0.573242 0.87207 0.573242 0.87207 0.522461 0.864258 0.522461 0.864258 0.573242 0.864258 0.573242 0.87207 0.573242 0.87207 0.522461 0.694336 0.002929985 0.758789 0.002929985 0.694336 0.01464796 0.641602 0.002929985 0.694336 0.01464796 0.641602 0.01464796 0.694336 0.002929985 0.694336 0.01464796 0.641602 0.002929985 0.758789 0.08105498 0.694336 0.08105498 0.758789 0.06933599 0.758789 0.01464796 0.694336 0.01464796 0.758789 0.002929985 0.694336 0.01464796 0.641602 0.02636694 0.641602 0.01464796 0.694336 0.02636694 0.641602 0.02636694 0.694336 0.01464796 0.758789 0.02636694 0.694336 0.01464796 0.758789 0.01464796 0.694336 0.02636694 0.694336 0.01464796 0.758789 0.02636694 0.694336 0.02636694 0.641602 0.03613299 0.641602 0.02636694 0.694336 0.03613299 0.641602 0.03613299 0.694336 0.02636694 0.758789 0.03613299 0.694336 0.02636694 0.758789 0.02636694 0.694336 0.03613299 0.694336 0.02636694 0.758789 0.03613299 0.694336 0.03613299 0.641602 0.04785197 0.641602 0.03613299 0.694336 0.04785197 0.641602 0.04785197 0.694336 0.03613299 0.758789 0.04785197 0.694336 0.03613299 0.758789 0.03613299 0.694336 0.04785197 0.694336 0.03613299 0.758789 0.04785197 0.694336 0.05956995 0.758789 0.04785197 0.758789 0.05371099 0.694336 0.04785197 0.758789 0.04785197 0.694336 0.05956995 0.641602 0.04785197 0.694336 0.05956995 0.641602 0.05956995 0.694336 0.04785197 0.694336 0.05956995 0.641602 0.04785197 0.694336 0.05956995 0.758789 0.05371099 0.758789 0.05956995 0.694336 0.06933599 0.758789 0.06933599 0.694336 0.08105498 0.641602 0.06933599 0.694336 0.08105498 0.641602 0.08105498 0.694336 0.06933599 0.694336 0.08105498 0.641602 0.06933599 0.694336 0.05956995 0.641602 0.06933599 0.641602 0.05956995 0.694336 0.06933599 0.641602 0.06933599 0.694336 0.05956995 0.758789 0.06933599 0.694336 0.05956995 0.758789 0.05956995 0.694336 0.06933599 0.694336 0.05956995 0.758789 0.06933599 0.579102 0.01464796 0.641602 0.002929985 0.641602 0.01464796 0.579102 0.002929985 0.641602 0.002929985 0.579102 0.01464796 0.520508 0.002929985 0.579102 0.01464796 0.520508 0.01464796 0.579102 0.002929985 0.579102 0.01464796 0.520508 0.002929985 0.579102 0.01464796 0.520508 0.02636694 0.520508 0.01464796 0.579102 0.02636694 0.520508 0.02636694 0.579102 0.01464796 0.641602 0.02636694 0.579102 0.01464796 0.641602 0.01464796 0.579102 0.02636694 0.579102 0.01464796 0.641602 0.02636694 0.579102 0.02636694 0.520508 0.03613299 0.520508 0.02636694 0.577148 0.03613299 0.520508 0.03613299 0.579102 0.02636694 0.641602 0.03613299 0.579102 0.02636694 0.641602 0.02636694 0.577148 0.03613299 0.579102 0.02636694 0.641602 0.03613299 0.577148 0.03613299 0.520508 0.04785197 0.520508 0.03613299 0.577148 0.04785197 0.520508 0.04785197 0.577148 0.03613299 0.641602 0.04785197 0.577148 0.03613299 0.641602 0.03613299 0.577148 0.04785197 0.577148 0.03613299 0.641602 0.04785197 0.577148 0.05956995 0.641602 0.04785197 0.641602 0.05956995 0.577148 0.04785197 0.641602 0.04785197 0.577148 0.05956995 0.520508 0.04785197 0.577148 0.05956995 0.520508 0.05956995 0.577148 0.04785197 0.577148 0.05956995 0.520508 0.04785197 0.579102 0.08105498 0.641602 0.06933599 0.641602 0.08105498 0.577148 0.06933599 0.641602 0.06933599 0.579102 0.08105498 0.520508 0.06933599 0.579102 0.08105498 0.520508 0.08105498 0.577148 0.06933599 0.579102 0.08105498 0.520508 0.06933599 0.577148 0.05956995 0.520508 0.06933599 0.520508 0.05956995 0.577148 0.06933599 0.520508 0.06933599 0.577148 0.05956995 0.641602 0.06933599 0.577148 0.05956995 0.641602 0.05956995 0.577148 0.06933599 0.577148 0.05956995 0.641602 0.06933599 0.479492 0.01464796 0.520508 0.002929985 0.520508 0.01464796 0.479492 0.002929985 0.520508 0.002929985 0.479492 0.01464796 0.446289 0.002929985 0.479492 0.01464796 0.446289 0.01464796 0.479492 0.002929985 0.479492 0.01464796 0.446289 0.002929985 0.479492 0.01464796 0.446289 0.02636694 0.446289 0.01464796 0.479492 0.02636694 0.446289 0.02636694 0.479492 0.01464796 0.520508 0.02636694 0.479492 0.01464796 0.520508 0.01464796 0.479492 0.02636694 0.479492 0.01464796 0.520508 0.02636694 0.479492 0.02636694 0.446289 0.03613299 0.446289 0.02636694 0.479492 0.03613299 0.446289 0.03613299 0.479492 0.02636694 0.520508 0.03613299 0.479492 0.02636694 0.520508 0.02636694 0.479492 0.03613299 0.479492 0.02636694 0.520508 0.03613299 0.479492 0.03613299 0.446289 0.04785197 0.446289 0.03613299 0.479492 0.04785197 0.446289 0.04785197 0.479492 0.03613299 0.520508 0.04785197 0.479492 0.03613299 0.520508 0.03613299 0.479492 0.04785197 0.479492 0.03613299 0.520508 0.04785197 0.479492 0.05956995 0.520508 0.04785197 0.520508 0.05956995 0.479492 0.04785197 0.520508 0.04785197 0.479492 0.05956995 0.446289 0.04785197 0.479492 0.05956995 0.446289 0.05956995 0.479492 0.04785197 0.479492 0.05956995 0.446289 0.04785197 0.479492 0.08105498 0.520508 0.06933599 0.520508 0.08105498 0.479492 0.06933599 0.520508 0.06933599 0.479492 0.08105498 0.446289 0.06933599 0.479492 0.08105498 0.446289 0.08105498 0.479492 0.06933599 0.479492 0.08105498 0.446289 0.06933599 0.479492 0.05956995 0.446289 0.06933599 0.446289 0.05956995 0.479492 0.06933599 0.446289 0.06933599 0.479492 0.05956995 0.520508 0.06933599 0.479492 0.05956995 0.520508 0.05956995 0.479492 0.06933599 0.479492 0.05956995 0.520508 0.06933599 0.834961 0.06933599 0.758789 0.08105498 0.758789 0.06933599 0.758789 0.08105498 0.834961 0.06933599 0.834961 0.08105498 0.834961 0.002929985 0.758789 0.01464796 0.758789 0.002929985 0.758789 0.01464796 0.834961 0.002929985 0.834961 0.01464796 0.834961 0.01464796 0.758789 0.02636694 0.758789 0.01464796 0.758789 0.02636694 0.834961 0.01464796 0.834961 0.02636694 0.834961 0.02636694 0.758789 0.03613299 0.758789 0.02636694 0.758789 0.03613299 0.834961 0.02636694 0.834961 0.03613299 0.834961 0.03613299 0.758789 0.04785197 0.758789 0.03613299 0.758789 0.04785197 0.834961 0.03613299 0.834961 0.04785197 0.834961 0.04785197 0.758789 0.05371099 0.758789 0.04785197 0.758789 0.05371099 0.834961 0.04785197 0.834961 0.05371099 0.834961 0.05371099 0.758789 0.05956995 0.758789 0.05371099 0.758789 0.05956995 0.834961 0.05371099 0.834961 0.05956995 0.834961 0.05956995 0.758789 0.06933599 0.758789 0.05956995 0.758789 0.06933599 0.834961 0.05956995 0.834961 0.06933599 0.913086 0.01464796 0.834961 0.02636694 0.834961 0.01464796 0.834961 0.02636694 0.913086 0.01464796 0.913086 0.02636694 0.913086 0.002929985 0.834961 0.01464796 0.834961 0.002929985 0.834961 0.01464796 0.913086 0.002929985 0.913086 0.01464796 0.913086 0.02636694 0.834961 0.03613299 0.834961 0.02636694 0.834961 0.03613299 0.913086 0.02636694 0.913086 0.03613299 0.913086 0.06933599 0.834961 0.08105498 0.834961 0.06933599 0.834961 0.08105498 0.913086 0.06933599 0.913086 0.08105498 0.913086 0.03613299 0.834961 0.04785197 0.834961 0.03613299 0.834961 0.04785197 0.913086 0.03613299 0.913086 0.04785197 0.913086 0.05956995 0.834961 0.06933599 0.834961 0.05956995 0.834961 0.06933599 0.913086 0.05956995 0.913086 0.06933599 0.913086 0.05371099 0.834961 0.05956995 0.834961 0.05371099 0.834961 0.05956995 0.913086 0.05371099 0.913086 0.05956995 0.913086 0.04785197 0.834961 0.05371099 0.834961 0.04785197 0.834961 0.05371099 0.913086 0.04785197 0.913086 0.05371099 0.995117 0.01464796 0.913086 0.02636694 0.913086 0.01464796 0.913086 0.02636694 0.995117 0.01464796 0.995117 0.02636694 0.995117 0.002929985 0.913086 0.01464796 0.913086 0.002929985 0.913086 0.01464796 0.995117 0.002929985 0.995117 0.01464796 0.995117 0.02636694 0.913086 0.03613299 0.913086 0.02636694 0.913086 0.03613299 0.995117 0.02636694 0.995117 0.03613299 0.995117 0.06933599 0.913086 0.08105498 0.913086 0.06933599 0.913086 0.08105498 0.995117 0.06933599 0.995117 0.08105498 0.995117 0.03613299 0.913086 0.04785197 0.913086 0.03613299 0.913086 0.04785197 0.995117 0.03613299 0.995117 0.04785197 0.995117 0.05956995 0.913086 0.06933599 0.913086 0.05956995 0.913086 0.06933599 0.995117 0.05956995 0.995117 0.06933599 0.995117 0.05371099 0.913086 0.05956995 0.913086 0.05371099 0.913086 0.05956995 0.995117 0.05371099 0.995117 0.05956995 0.995117 0.04785197 0.913086 0.05371099 0.913086 0.04785197 0.913086 0.05371099 0.995117 0.04785197 0.995117 0.05371099 0.774414 0.327148 0.786133 0.323242 0.786133 0.311523 0.774414 0.327148 0.786133 0.311523 0.776367 0.305664 0.774414 0.327148 0.776367 0.305664 0.764648 0.305664 0.762695 0.323242 0.764648 0.305664 0.756836 0.31543 0.774414 0.327148 0.764648 0.305664 0.762695 0.323242 0.766602 0.198242 0.758789 0.206055 0.758789 0.21582 0.77832 0.198242 0.766602 0.198242 0.758789 0.21582 0.788086 0.206055 0.77832 0.198242 0.758789 0.21582 0.780273 0.223633 0.788086 0.21582 0.788086 0.206055 0.768555 0.223633 0.780273 0.223633 0.788086 0.206055 0.758789 0.21582 0.768555 0.223633 0.788086 0.206055 0.901367 0.04589796 0.901367 0.02831995 0.918945 0.02831995 0.918945 0.04589796 0.901367 0.04589796 0.918945 0.02831995 0.901367 0.02831995 0.901367 0.04589796 0.799805 0.02831995 0.799805 0.04589796 0.799805 0.02831995 0.901367 0.04589796 0.901367 0.01074194 0.901367 0.02831995 0.799805 0.01074194 0.799805 0.02831995 0.799805 0.01074194 0.901367 0.02831995 0.901367 0.06347697 0.901367 0.07910197 0.799805 0.06347697 0.799805 0.07910197 0.799805 0.06347697 0.901367 0.07910197 0.901367 0.04589796 0.901367 0.06347697 0.799805 0.04589796 0.799805 0.06347697 0.799805 0.04589796 0.901367 0.06347697 0.799805 0.02831995 0.799805 0.04589796 0.700195 0.02831995 0.700195 0.04589796 0.700195 0.02831995 0.799805 0.04589796 0.799805 0.01074194 0.799805 0.02831995 0.700195 0.01074194 0.700195 0.02831995 0.700195 0.01074194 0.799805 0.02831995 0.799805 0.06347697 0.799805 0.07910197 0.700195 0.06347697 0.700195 0.07910197 0.700195 0.06347697 0.799805 0.07910197 0.799805 0.04589796 0.799805 0.06347697 0.700195 0.04589796 0.700195 0.06347697 0.700195 0.04589796 0.799805 0.06347697 0.700195 0.02831995 0.700195 0.04589796 0.600586 0.02831995 0.600586 0.04589796 0.600586 0.02831995 0.700195 0.04589796 0.700195 0.01074194 0.700195 0.02831995 0.600586 0.01074194 0.600586 0.02831995 0.600586 0.01074194 0.700195 0.02831995 0.700195 0.06347697 0.700195 0.07910197 0.600586 0.06347697 0.600586 0.07910197 0.600586 0.06347697 0.700195 0.07910197 0.700195 0.04589796 0.700195 0.06347697 0.600586 0.04589796 0.600586 0.06347697 0.600586 0.04589796 0.700195 0.06347697 0.600586 0.07910197 0.581055 0.07910197 0.581055 0.06347697 0.581055 0.06347697 0.600586 0.06347697 0.600586 0.07910197 0.385742 0.356445 0.364258 0.348633 0.364258 0.323242 0.364258 0.323242 0.385742 0.31543 0.385742 0.356445 0.540409 0.383789 0.551758 0.354492 0.551758 0.383789 0.551758 0.354492 0.540409 0.383789 0.508789 0.354492 0.540409 0.383789 0.551758 0.383789 0.551758 0.415039 0.52097 0.383789 0.541279 0.415039 0.521586 0.415039 0.541279 0.415039 0.551758 0.415039 0.543945 0.43457 0.521586 0.415039 0.518555 0.43457 0.508789 0.415039 0.47168 0.356445 0.47168 0.31543 0.493164 0.31543 0.493164 0.31543 0.493164 0.356445 0.47168 0.356445 0.422852 0.461914 0.450195 0.481445 0.422852 0.481445 0.47168 0.541992 0.47168 0.512695 0.508789 0.512695 0.508789 0.512695 0.493164 0.541992 0.47168 0.541992 0.508789 0.481445 0.450195 0.481445 0.49707 0.461914 0.508789 0.481445 0.508789 0.512695 0.47168 0.512695 0.450195 0.481445 0.422852 0.461914 0.49707 0.461914 0.450195 0.481445 0.508789 0.481445 0.47168 0.512695 0.422852 0.461914 0.422852 0.436523 0.49707 0.436523 0.49707 0.436523 0.49707 0.461914 0.422852 0.461914 0.422852 0.436523 0.422852 0.415039 0.450195 0.415039 0.508789 0.415039 0.450195 0.415039 0.47168 0.383789 0.450195 0.415039 0.49707 0.436523 0.422852 0.436523 0.508789 0.415039 0.47168 0.383789 0.508789 0.383789 0.450195 0.415039 0.508789 0.415039 0.49707 0.436523 0.47168 0.383789 0.47168 0.356445 0.493164 0.356445 0.493164 0.356445 0.508789 0.383789 0.47168 0.383789 0.47168 0.31543 0.47168 0.356445 0.444336 0.356445 0.47168 0.31543 0.444336 0.356445 0.444336 0.31543 0.444336 0.356445 0.413086 0.356445 0.413086 0.31543 0.444336 0.356445 0.413086 0.31543 0.444336 0.31543 0.413086 0.31543 0.413086 0.356445 0.385742 0.356445 0.413086 0.31543 0.385742 0.356445 0.385742 0.31543 0.518555 0.43457 0.521586 0.415039 0.543945 0.43457 0.521586 0.415039 0.508789 0.415039 0.508789 0.383789 0.52097 0.383789 0.521586 0.415039 0.508789 0.383789 0.521586 0.415039 0.541279 0.415039 0.543945 0.43457 0.541279 0.415039 0.52097 0.383789 0.540409 0.383789 0.52097 0.383789 0.508789 0.383789 0.508789 0.354492 0.540409 0.383789 0.52097 0.383789 0.508789 0.354492 0.541279 0.415039 0.540409 0.383789 0.551758 0.415039 0.02246099 0.571289 0.06738299 0.555664 0.006835997 0.555664 0.02246099 0.571289 0.05175799 0.571289 0.06738299 0.555664 0.08300799 0.571289 0.12793 0.555664 0.06738299 0.555664 0.08300799 0.571289 0.112305 0.571289 0.12793 0.555664 0.143555 0.571289 0.186523 0.555664 0.12793 0.555664 0.143555 0.571289 0.170898 0.571289 0.186523 0.555664 0.202148 0.571289 0.24707 0.555664 0.186523 0.555664 0.202148 0.571289 0.231445 0.571289 0.24707 0.555664 0.262695 0.571289 0.305664 0.555664 0.24707 0.555664 0.262695 0.571289 0.290039 0.571289 0.305664 0.555664 0.290039 0.571289 0.24707 0.555664 0.305664 0.555664 0.290039 0.571289 0.262695 0.571289 0.24707 0.555664 0.231445 0.571289 0.186523 0.555664 0.24707 0.555664 0.231445 0.571289 0.202148 0.571289 0.186523 0.555664 0.170898 0.571289 0.12793 0.555664 0.186523 0.555664 0.170898 0.571289 0.143555 0.571289 0.12793 0.555664 0.112305 0.571289 0.06738299 0.555664 0.12793 0.555664 0.112305 0.571289 0.08300799 0.571289 0.06738299 0.555664 0.05175799 0.571289 0.006835997 0.555664 0.06738299 0.555664 0.05175799 0.571289 0.02246099 0.571289 0.006835997 0.555664 0.006835997 0.555664 0.06738299 0.444336 0.006835997 0.444336 0.006835997 0.555664 0.06738299 0.555664 0.06738299 0.444336 0.06738299 0.555664 0.12793 0.444336 0.06738299 0.444336 0.06738299 0.555664 0.12793 0.555664 0.12793 0.444336 0.12793 0.555664 0.186523 0.444336 0.12793 0.444336 0.12793 0.555664 0.186523 0.555664 0.186523 0.444336 0.186523 0.555664 0.24707 0.444336 0.186523 0.444336 0.186523 0.555664 0.24707 0.555664 0.24707 0.444336 0.24707 0.555664 0.305664 0.444336 0.24707 0.444336 0.24707 0.555664 0.305664 0.555664 0.305664 0.444336 0.305664 0.555664 0.24707 0.444336 0.305664 0.444336 0.305664 0.555664 0.24707 0.555664 0.24707 0.444336 0.24707 0.555664 0.186523 0.444336 0.24707 0.444336 0.24707 0.555664 0.186523 0.555664 0.186523 0.444336 0.186523 0.555664 0.12793 0.444336 0.186523 0.444336 0.186523 0.555664 0.12793 0.555664 0.12793 0.444336 0.12793 0.555664 0.06738299 0.444336 0.12793 0.444336 0.12793 0.555664 0.06738299 0.555664 0.06738299 0.444336 0.06738299 0.555664 0.006835997 0.444336 0.06738299 0.444336 0.06738299 0.555664 0.006835997 0.555664 0.006835997 0.444336 0.006835997 0.444336 0.05175799 0.428711 0.02246099 0.428711 0.006835997 0.444336 0.06738299 0.444336 0.05175799 0.428711 0.06738299 0.444336 0.112305 0.428711 0.08300799 0.428711 0.06738299 0.444336 0.12793 0.444336 0.112305 0.428711 0.12793 0.444336 0.170898 0.428711 0.143555 0.428711 0.12793 0.444336 0.186523 0.444336 0.170898 0.428711 0.186523 0.444336 0.231445 0.428711 0.202148 0.428711 0.186523 0.444336 0.24707 0.444336 0.231445 0.428711 0.24707 0.444336 0.290039 0.428711 0.262695 0.428711 0.24707 0.444336 0.305664 0.444336 0.290039 0.428711 0.305664 0.444336 0.262695 0.428711 0.290039 0.428711 0.305664 0.444336 0.24707 0.444336 0.262695 0.428711 0.24707 0.444336 0.202148 0.428711 0.231445 0.428711 0.24707 0.444336 0.186523 0.444336 0.202148 0.428711 0.186523 0.444336 0.143555 0.428711 0.170898 0.428711 0.186523 0.444336 0.12793 0.444336 0.143555 0.428711 0.12793 0.444336 0.08300799 0.428711 0.112305 0.428711 0.12793 0.444336 0.06738299 0.444336 0.08300799 0.428711 0.06738299 0.444336 0.02246099 0.428711 0.05175799 0.428711 0.06738299 0.444336 0.006835997 0.444336 0.02246099 0.428711 0.004882991 0.299805 0.02050799 0.293945 0.03027296 0.282227 0.004882991 0.299805 0.03027296 0.282227 0.03027296 0.262695 0.004882991 0.299805 0.03027296 0.262695 0.02050799 0.250977 0.004882991 0.299805 0.02050799 0.250977 0.004882991 0.245117 0.004882991 0.299805 0.004882991 0.245117 0.02050799 0.250977 0.004882991 0.299805 0.02050799 0.250977 0.03027296 0.262695 0.004882991 0.299805 0.03027296 0.262695 0.03027296 0.282227 0.004882991 0.299805 0.03027296 0.282227 0.02050799 0.293945 0.004882991 0.299805 0.02050799 0.293945 0.03027296 0.282227 0.004882991 0.299805 0.03027296 0.282227 0.03027296 0.262695 0.004882991 0.299805 0.03027296 0.262695 0.02050799 0.250977 0.004882991 0.299805 0.02050799 0.250977 0.004882991 0.245117 0.004882991 0.299805 0.004882991 0.245117 0.02050799 0.250977 0.004882991 0.299805 0.02050799 0.250977 0.03027296 0.262695 0.004882991 0.299805 0.03027296 0.262695 0.03027296 0.282227 0.004882991 0.299805 0.03027296 0.282227 0.02050799 0.293945 0.37793 0.375977 0.366211 0.446289 0.366211 0.374023 0.09081995 0.604492 0.09277296 0.592773 0.09081995 0.586914 0.290039 0.584961 0.280273 0.59668 0.290039 0.59668 0.07714796 0.579102 0.07714796 0.612305 0.08300799 0.581055 0.09081995 0.604492 0.09081995 0.586914 0.086914 0.608398 0.387695 0.438477 0.37793 0.444336 0.387695 0.381836 0.352539 0.444336 0.352539 0.375977 0.366211 0.446289 0.262695 0.584961 0.270508 0.584961 0.270508 0.59668 0.342773 0.438477 0.342773 0.381836 0.352539 0.375977 0.06542998 0.583008 0.06542998 0.608398 0.071289 0.581055 0.397461 0.391602 0.387695 0.438477 0.387695 0.381836 0.223633 0.584961 0.233398 0.584961 0.233398 0.59668 0.086914 0.583008 0.08300799 0.581055 0.08300799 0.610352 0.223633 0.584961 0.21582 0.584961 0.21582 0.59668 0.280273 0.584961 0.290039 0.584961 0.290039 0.59668 0.333008 0.391602 0.333008 0.428711 0.329102 0.40332 0.07714796 0.579102 0.071289 0.610352 0.07714796 0.612305 0.06542998 0.583008 0.06152296 0.604492 0.06542998 0.608398 0.260742 0.584961 0.25293 0.584961 0.25293 0.59668 0.25293 0.584961 0.243164 0.59668 0.25293 0.59668 0.233398 0.584961 0.243164 0.59668 0.233398 0.59668 0.09277296 0.598633 0.09277296 0.592773 0.09081995 0.604492 0.37793 0.444336 0.366211 0.446289 0.37793 0.375977 0.086914 0.608398 0.09081995 0.586914 0.086914 0.583008 0.21582 0.584961 0.223633 0.59668 0.21582 0.59668 0.397461 0.428711 0.387695 0.438477 0.397461 0.391602 0.243164 0.584961 0.233398 0.584961 0.233398 0.59668 0.233398 0.584961 0.223633 0.59668 0.233398 0.59668 0.280273 0.584961 0.270508 0.584961 0.270508 0.59668 0.270508 0.584961 0.260742 0.59668 0.270508 0.59668 0.342773 0.438477 0.333008 0.428711 0.333008 0.391602 0.280273 0.584961 0.290039 0.59668 0.280273 0.59668 0.299805 0.584961 0.290039 0.584961 0.290039 0.59668 0.299805 0.584961 0.290039 0.59668 0.299805 0.59668 0.05956995 0.592773 0.06152296 0.604492 0.06152296 0.586914 0.290039 0.584961 0.280273 0.584961 0.280273 0.59668 0.071289 0.581055 0.06542998 0.608398 0.071289 0.610352 0.270508 0.584961 0.280273 0.584961 0.280273 0.59668 0.071289 0.581055 0.071289 0.610352 0.07714796 0.579102 0.25293 0.584961 0.243164 0.584961 0.243164 0.59668 0.086914 0.608398 0.086914 0.583008 0.08300799 0.610352 0.21582 0.584961 0.223633 0.584961 0.223633 0.59668 0.233398 0.584961 0.243164 0.584961 0.243164 0.59668 0.243164 0.584961 0.25293 0.59668 0.243164 0.59668 0.25293 0.584961 0.262695 0.584961 0.262695 0.59668 0.262695 0.584961 0.270508 0.59668 0.262695 0.59668 0.260742 0.584961 0.25293 0.59668 0.260742 0.59668 0.366211 0.446289 0.352539 0.375977 0.366211 0.374023 0.401367 0.40332 0.401367 0.416992 0.397461 0.391602 0.223633 0.584961 0.21582 0.59668 0.223633 0.59668 0.08300799 0.581055 0.07714796 0.612305 0.08300799 0.610352 0.233398 0.584961 0.223633 0.584961 0.223633 0.59668 0.25293 0.584961 0.262695 0.59668 0.25293 0.59668 0.243164 0.584961 0.25293 0.584961 0.25293 0.59668 0.280273 0.584961 0.270508 0.59668 0.280273 0.59668 0.342773 0.438477 0.333008 0.391602 0.342773 0.381836 0.401367 0.416992 0.397461 0.428711 0.397461 0.391602 0.223633 0.584961 0.233398 0.59668 0.223633 0.59668 0.06152296 0.586914 0.06152296 0.604492 0.06542998 0.583008 0.270508 0.584961 0.260742 0.584961 0.260742 0.59668 0.290039 0.584961 0.299805 0.59668 0.290039 0.59668 0.329102 0.40332 0.333008 0.428711 0.329102 0.416992 0.05956995 0.592773 0.05956995 0.598633 0.06152296 0.604492 0.290039 0.584961 0.299805 0.584961 0.299805 0.59668 0.387695 0.381836 0.37793 0.444336 0.37793 0.375977 0.243164 0.584961 0.233398 0.59668 0.243164 0.59668 0.342773 0.438477 0.352539 0.375977 0.352539 0.444336 0.270508 0.584961 0.280273 0.59668 0.270508 0.59668 0.2255859 0.700195 0.208008 0.700195 0.208008 0.663086 0.264648 0.700195 0.28418 0.663086 0.264648 0.663086 0.2255859 0.700195 0.245117 0.700195 0.245117 0.663086 0.491211 0.768555 0.436523 0.768555 0.44043 0.754883 0.264648 0.700195 0.245117 0.663086 0.264648 0.663086 0.303711 0.700195 0.28418 0.700195 0.28418 0.663086 0.323242 0.342773 0.342773 0.348633 0.325195 0.348633 0.188477 0.700195 0.208008 0.663086 0.188477 0.663086 0.264648 0.700195 0.28418 0.700195 0.28418 0.663086 0.44043 0.782227 0.477539 0.791992 0.450195 0.791992 0.264648 0.700195 0.245117 0.700195 0.245117 0.663086 0.491211 0.768555 0.487305 0.782227 0.44043 0.782227 0.188477 0.700195 0.208008 0.700195 0.208008 0.663086 0.487305 0.754883 0.44043 0.754883 0.477539 0.745117 0.303711 0.700195 0.28418 0.663086 0.303711 0.663086 0.329102 0.352539 0.342773 0.348633 0.338867 0.352539 0.323242 0.342773 0.342773 0.338867 0.342773 0.342773 0.2255859 0.700195 0.245117 0.663086 0.2255859 0.663086 0.342773 0.338867 0.325195 0.338867 0.329102 0.334961 0.2255859 0.700195 0.208008 0.663086 0.2255859 0.663086 0.28418 0.700195 0.303711 0.700195 0.303711 0.663086 0.450195 0.791992 0.477539 0.791992 0.463867 0.795898 0.245117 0.700195 0.2255859 0.700195 0.2255859 0.663086 0.491211 0.768555 0.44043 0.754883 0.487305 0.754883 0.245117 0.700195 0.264648 0.700195 0.264648 0.663086 0.436523 0.768555 0.491211 0.768555 0.44043 0.782227 0.208008 0.700195 0.188477 0.700195 0.188477 0.663086 0.477539 0.745117 0.450195 0.745117 0.463867 0.741211 0.28418 0.700195 0.264648 0.700195 0.264648 0.663086 0.44043 0.782227 0.487305 0.782227 0.477539 0.791992 0.208008 0.700195 0.2255859 0.700195 0.2255859 0.663086 0.477539 0.745117 0.44043 0.754883 0.450195 0.745117 0.325195 0.348633 0.342773 0.348633 0.329102 0.352539 0.28418 0.700195 0.264648 0.663086 0.28418 0.663086 0.333008 0.354492 0.329102 0.352539 0.338867 0.352539 0.28418 0.700195 0.303711 0.663086 0.28418 0.663086 0.323242 0.342773 0.342773 0.342773 0.342773 0.348633 0.245117 0.700195 0.264648 0.663086 0.245117 0.663086 0.342773 0.338867 0.329102 0.334961 0.338867 0.334961 0.208008 0.700195 0.2255859 0.663086 0.208008 0.663086 0.338867 0.334961 0.329102 0.334961 0.333008 0.333008 0.208008 0.700195 0.188477 0.663086 0.208008 0.663086 0.323242 0.342773 0.325195 0.338867 0.342773 0.338867 0.245117 0.700195 0.2255859 0.663086 0.245117 0.663086 0.2255859 0.700195 0.208008 0.700195 0.208008 0.663086 0.264648 0.700195 0.28418 0.663086 0.264648 0.663086 0.2255859 0.700195 0.245117 0.700195 0.245117 0.663086 0.489258 0.768555 0.43457 0.768555 0.438477 0.754883 0.264648 0.700195 0.245117 0.663086 0.264648 0.663086 0.303711 0.700195 0.28418 0.700195 0.28418 0.663086 0.323242 0.342773 0.342773 0.348633 0.325195 0.348633 0.188477 0.700195 0.208008 0.663086 0.188477 0.663086 0.264648 0.700195 0.28418 0.700195 0.28418 0.663086 0.438477 0.782227 0.475586 0.791992 0.448242 0.791992 0.264648 0.700195 0.245117 0.700195 0.245117 0.663086 0.489258 0.768555 0.485352 0.782227 0.438477 0.782227 0.188477 0.700195 0.208008 0.700195 0.208008 0.663086 0.485352 0.754883 0.438477 0.754883 0.475586 0.745117 0.303711 0.700195 0.28418 0.663086 0.303711 0.663086 0.329102 0.352539 0.342773 0.348633 0.338867 0.352539 0.323242 0.342773 0.342773 0.338867 0.342773 0.342773 0.2255859 0.700195 0.245117 0.663086 0.2255859 0.663086 0.342773 0.338867 0.325195 0.338867 0.329102 0.334961 0.2255859 0.700195 0.208008 0.663086 0.2255859 0.663086 0.28418 0.700195 0.303711 0.700195 0.303711 0.663086 0.448242 0.791992 0.475586 0.791992 0.461914 0.795898 0.245117 0.700195 0.2255859 0.700195 0.2255859 0.663086 0.489258 0.768555 0.438477 0.754883 0.485352 0.754883 0.245117 0.700195 0.264648 0.700195 0.264648 0.663086 0.43457 0.768555 0.489258 0.768555 0.438477 0.782227 0.208008 0.700195 0.188477 0.700195 0.188477 0.663086 0.475586 0.745117 0.448242 0.745117 0.461914 0.741211 0.28418 0.700195 0.264648 0.700195 0.264648 0.663086 0.438477 0.782227 0.485352 0.782227 0.475586 0.791992 0.208008 0.700195 0.2255859 0.700195 0.2255859 0.663086 0.475586 0.745117 0.438477 0.754883 0.448242 0.745117 0.325195 0.348633 0.342773 0.348633 0.329102 0.352539 0.28418 0.700195 0.264648 0.663086 0.28418 0.663086 0.333008 0.354492 0.329102 0.352539 0.338867 0.352539 0.28418 0.700195 0.303711 0.663086 0.28418 0.663086 0.323242 0.342773 0.342773 0.342773 0.342773 0.348633 0.245117 0.700195 0.264648 0.663086 0.245117 0.663086 0.342773 0.338867 0.329102 0.334961 0.338867 0.334961 0.208008 0.700195 0.2255859 0.663086 0.208008 0.663086 0.338867 0.334961 0.329102 0.334961 0.333008 0.333008 0.208008 0.700195 0.188477 0.663086 0.208008 0.663086 0.323242 0.342773 0.325195 0.338867 0.342773 0.338867 0.245117 0.700195 0.2255859 0.663086 0.245117 0.663086 0.875977 0.991211 0.862305 0.991211 0.862305 0.96582 0.90332 0.991211 0.916992 0.96582 0.90332 0.96582 0.875977 0.991211 0.889648 0.991211 0.889648 0.96582 0.991211 0.963867 0.936523 0.963867 0.94043 0.950195 0.90332 0.991211 0.889648 0.96582 0.90332 0.96582 0.930664 0.991211 0.916992 0.991211 0.916992 0.96582 0.323242 0.342773 0.342773 0.348633 0.325195 0.348633 0.848633 0.991211 0.862305 0.96582 0.848633 0.96582 0.90332 0.991211 0.916992 0.991211 0.916992 0.96582 0.94043 0.977539 0.977539 0.987305 0.950195 0.987305 0.90332 0.991211 0.889648 0.991211 0.889648 0.96582 0.991211 0.963867 0.987305 0.977539 0.94043 0.977539 0.848633 0.991211 0.862305 0.991211 0.862305 0.96582 0.987305 0.950195 0.94043 0.950195 0.977539 0.94043 0.930664 0.991211 0.916992 0.96582 0.930664 0.96582 0.329102 0.352539 0.342773 0.348633 0.338867 0.352539 0.323242 0.342773 0.342773 0.338867 0.342773 0.342773 0.875977 0.991211 0.889648 0.96582 0.875977 0.96582 0.342773 0.338867 0.325195 0.338867 0.329102 0.334961 0.875977 0.991211 0.862305 0.96582 0.875977 0.96582 0.916992 0.991211 0.930664 0.991211 0.930664 0.96582 0.950195 0.987305 0.977539 0.987305 0.963867 0.991211 0.889648 0.991211 0.875977 0.991211 0.875977 0.96582 0.991211 0.963867 0.94043 0.950195 0.987305 0.950195 0.889648 0.991211 0.90332 0.991211 0.90332 0.96582 0.936523 0.963867 0.991211 0.963867 0.94043 0.977539 0.862305 0.991211 0.848633 0.991211 0.848633 0.96582 0.977539 0.94043 0.950195 0.94043 0.963867 0.936523 0.916992 0.991211 0.90332 0.991211 0.90332 0.96582 0.94043 0.977539 0.987305 0.977539 0.977539 0.987305 0.862305 0.991211 0.875977 0.991211 0.875977 0.96582 0.977539 0.94043 0.94043 0.950195 0.950195 0.94043 0.325195 0.348633 0.342773 0.348633 0.329102 0.352539 0.916992 0.991211 0.90332 0.96582 0.916992 0.96582 0.333008 0.354492 0.329102 0.352539 0.338867 0.352539 0.916992 0.991211 0.930664 0.96582 0.916992 0.96582 0.323242 0.342773 0.342773 0.342773 0.342773 0.348633 0.889648 0.991211 0.90332 0.96582 0.889648 0.96582 0.342773 0.338867 0.329102 0.334961 0.338867 0.334961 0.862305 0.991211 0.875977 0.96582 0.862305 0.96582 0.338867 0.334961 0.329102 0.334961 0.333008 0.333008 0.862305 0.991211 0.848633 0.96582 0.862305 0.96582 0.323242 0.342773 0.325195 0.338867 0.342773 0.338867 0.889648 0.991211 0.875977 0.96582 0.889648 0.96582 0.003905951 0.007812976 1.003906 0.007812976 1.003906 0.992188 0.003905951 0.992188 0.003905951 0.007812976 1.003906 0.992188</float_array>
          <technique_common>
            <accessor source="#default_default-mesh-map-0-array" count="6714" stride="2">
              <param name="S" type="float"/>
              <param name="T" type="float"/>
            </accessor>
          </technique_common>
        </source>
        <vertices id="default_default-mesh-vertices">
          <input semantic="POSITION" source="#default_default-mesh-positions"/>
        </vertices>
        <triangles material="ft_ammo-material" count="132">
          <input semantic="VERTEX" source="#default_default-mesh-vertices" offset="0"/>
          <input semantic="NORMAL" source="#default_default-mesh-normals" offset="1"/>
          <input semantic="TEXCOORD" source="#default_default-mesh-map-0" offset="2" set="0"/>
          <p>0 0 0 1 1 1 2 2 2 3 3 3 4 4 4 5 5 5 6 6 6 7 7 7 8 8 8 9 9 9 10 10 10 11 11 11 12 12 12 13 13 13 14 14 14 15 15 15 16 16 16 17 17 17 18 18 18 19 19 19 20 20 20 21 21 21 22 22 22 23 23 23 24 24 24 25 25 25 26 26 26 27 27 27 28 28 28 29 29 29 30 30 30 31 31 31 32 32 32 33 33 33 34 34 34 35 35 35 36 36 36 37 37 37 38 38 38 39 39 39 40 40 40 41 41 41 42 42 42 43 43 43 44 44 44 45 45 45 46 46 46 47 47 47 48 48 48 49 49 49 50 50 50 51 51 51 52 52 52 53 53 53 54 54 54 55 55 55 56 56 56 57 57 57 58 58 58 59 59 59 60 60 60 61 61 61 62 62 62 63 63 63 64 64 64 65 65 65 66 66 66 67 67 67 68 68 68 69 69 69 70 70 70 71 71 71 72 72 72 73 73 73 74 74 74 75 75 75 76 76 76 77 77 77 78 78 78 79 79 79 80 80 80 81 81 81 82 82 82 83 83 83 84 84 84 85 84 85 86 84 86 87 85 87 88 85 88 89 85 89 90 86 90 91 86 91 92 86 92 93 87 93 94 87 94 95 87 95 96 88 96 97 88 97 98 88 98 99 89 99 100 89 100 101 89 101 102 90 102 103 90 103 104 90 104 105 91 105 106 91 106 107 91 107 108 92 108 109 93 109 110 94 110 111 95 111 112 96 112 113 97 113 114 98 114 115 99 115 116 100 116 117 101 117 118 102 118 119 103 119 120 104 120 121 105 121 122 106 122 123 107 123 124 108 124 125 109 125 126 110 126 127 111 127 128 112 128 129 113 129 130 114 130 131 115 131 132 116 132 133 117 133 134 118 134 135 119 135 136 120 136 137 121 137 138 122 138 139 123 139 140 124 140 141 125 141 142 126 142 143 127 143 144 128 144 145 129 145 146 130 146 147 131 147 148 132 148 149 133 149 150 134 150 151 135 151 152 136 152 153 137 153 154 138 154 155 139 155 156 140 156 157 141 157 158 142 158 159 143 159 160 144 160 161 145 161 162 146 162 163 147 163 164 148 164 165 149 165 166 150 166 167 151 167 5880 5492 5880 5881 5493 5881 5882 5494 5882 5883 5495 5883 5884 5496 5884 5885 5497 5885 5886 5498 5886 5887 5499 5887 5888 5500 5888 5889 5501 5889 5890 5502 5890 5891 5503 5891 5892 5504 5892 5893 5505 5893 5894 5506 5894 5895 5507 5895 5896 5508 5896 5897 5509 5897 5898 5510 5898 5899 5511 5899 5900 5512 5900 5901 5513 5901 5902 5514 5902 5903 5515 5903 5904 5516 5904 5905 5517 5905 5906 5518 5906 5907 5519 5907 5908 5520 5908 5909 5521 5909 5910 5522 5910 5911 5523 5911 5912 5524 5912 5913 5525 5913 5914 5526 5914 5915 5527 5915 5916 5528 5916 5917 5529 5917 5918 5530 5918 5919 5531 5919 5920 5532 5920 5921 5533 5921 5922 5534 5922 5923 5535 5923 5924 5536 5924 5925 5537 5925 5926 5538 5926 5927 5539 5927 5928 5540 5928 5929 5541 5929 5930 5542 5930 5931 5543 5931 5932 5544 5932 5933 5545 5933 5934 5546 5934 5935 5547 5935 5936 5548 5936 5937 5549 5937 5938 5550 5938 5939 5551 5939 5940 5552 5940 5941 5553 5941 5942 5554 5942 5943 5555 5943 5944 5556 5944 5945 5557 5945 5946 5558 5946 5947 5559 5947 5948 5560 5948 5949 5561 5949 5950 5562 5950 5951 5563 5951 5952 5564 5952 5953 5565 5953 5954 5566 5954 5955 5567 5955 5956 5568 5956 5957 5569 5957 5958 5570 5958 5959 5571 5959 5960 5572 5960 5961 5573 5961 5962 5574 5962 5963 5575 5963 5964 5576 5964 5965 5577 5965 5966 5578 5966 5967 5579 5967 5968 5580 5968 5969 5581 5969 5970 5582 5970 5971 5583 5971 5972 5584 5972 5973 5585 5973 5974 5586 5974 5975 5587 5975 5976 5588 5976 5977 5589 5977 5978 5590 5978 5979 5591 5979 5980 5592 5980 5981 5593 5981 5982 5594 5982 5983 5595 5983 5984 5596 5984 5985 5597 5985 5986 5598 5986 5987 5599 5987 5988 5600 5988 5989 5601 5989 5990 5602 5990 5991 5603 5991 5992 5604 5992 5993 5605 5993 5994 5606 5994 5995 5607 5995 5996 5608 5996 5997 5609 5997 5998 5610 5998 5999 5611 5999 6000 5612 6000 6001 5613 6001 6002 5614 6002 6003 5615 6003 6004 5616 6004 6005 5617 6005 6006 5618 6006 6007 5619 6007 6008 5620 6008 6009 5621 6009 6010 5622 6010 6011 5623 6011 6012 5624 6012 6013 5625 6013 6014 5626 6014 6015 5627 6015 6016 5628 6016 6017 5629 6017 6018 5630 6018 6019 5631 6019 6020 5632 6020 6021 5633 6021 6022 5634 6022 6023 5635 6023 6024 5636 6024 6025 5637 6025 6026 5638 6026 6027 5639 6027 6028 5640 6028 6029 5641 6029 6030 5642 6030 6031 5643 6031 6032 5644 6032 6033 5645 6033 6034 5646 6034 6035 5647 6035 6036 5648 6036 6037 5649 6037 6038 5650 6038 6039 5651 6039 6040 5652 6040 6041 5653 6041 6042 5654 6042 6043 5655 6043 6044 5656 6044 6045 5657 6045 6046 5658 6046 6047 5659 6047 6048 5660 6048 6049 5661 6049 6050 5662 6050 6051 5663 6051 6052 5664 6052 6053 5665 6053 6054 5666 6054 6055 5667 6055 6056 5668 6056 6057 5669 6057 6058 5670 6058 6059 5671 6059 6060 5672 6060 6061 5673 6061 6062 5674 6062 6063 5675 6063 6064 5676 6064 6065 5677 6065 6066 5678 6066 6067 5679 6067 6068 5680 6068 6069 5681 6069 6070 5682 6070 6071 5683 6071 6072 5684 6072 6073 5685 6073 6074 5686 6074 6075 5687 6075 6076 5688 6076 6077 5689 6077 6078 5690 6078 6079 5691 6079 6080 5692 6080 6081 5693 6081 6082 5694 6082 6083 5695 6083 6084 5696 6084 6085 5697 6085 6086 5698 6086 6087 5699 6087 6088 5700 6088 6089 5701 6089 6090 5702 6090 6091 5703 6091 6092 5704 6092 6093 5705 6093 6094 5706 6094 6095 5707 6095 6096 5708 6096 6097 5709 6097 6098 5710 6098 6099 5711 6099 6100 5712 6100 6101 5713 6101 6102 5714 6102 6103 5715 6103 6104 5716 6104 6105 5717 6105 6106 5718 6106 6107 5719 6107</p>
        </triangles>
        <triangles material="ft_gun-material" count="964">
          <input semantic="VERTEX" source="#default_default-mesh-vertices" offset="0"/>
          <input semantic="NORMAL" source="#default_default-mesh-normals" offset="1"/>
          <input semantic="TEXCOORD" source="#default_default-mesh-map-0" offset="2" set="0"/>
          <p>168 152 168 169 153 169 170 154 170 171 155 171 172 156 172 173 157 173 174 158 174 175 159 175 176 160 176 177 161 177 178 162 178 179 163 179 180 164 180 181 165 181 182 166 182 183 167 183 184 168 184 185 169 185 186 170 186 187 171 187 188 172 188 189 173 189 190 174 190 191 175 191 192 176 192 193 177 193 194 178 194 195 179 195 196 180 196 197 181 197 198 182 198 199 183 199 200 184 200 201 185 201 202 186 202 203 187 203 204 188 204 205 189 205 206 190 206 207 191 207 208 192 208 209 193 209 210 194 210 211 195 211 212 196 212 213 197 213 214 198 214 215 199 215 216 200 216 217 201 217 218 202 218 219 203 219 220 204 220 221 205 221 222 206 222 223 207 223 224 208 224 225 209 225 226 210 226 227 211 227 228 212 228 229 213 229 230 214 230 231 215 231 232 216 232 233 217 233 234 218 234 235 219 235 236 220 236 237 221 237 238 222 238 239 223 239 240 224 240 241 225 241 242 226 242 243 227 243 244 228 244 245 229 245 246 230 246 247 231 247 248 232 248 249 233 249 250 234 250 251 235 251 252 236 252 253 237 253 254 238 254 255 239 255 256 240 256 257 241 257 258 242 258 259 243 259 260 244 260 261 245 261 262 246 262 263 247 263 264 248 264 265 249 265 266 250 266 267 251 267 268 252 268 269 253 269 270 254 270 271 255 271 272 256 272 273 257 273 274 258 274 275 259 275 276 260 276 277 261 277 278 262 278 279 263 279 280 264 280 281 265 281 282 266 282 283 267 283 284 268 284 285 269 285 286 270 286 287 271 287 288 272 288 289 273 289 290 274 290 291 275 291 292 276 292 293 277 293 294 278 294 295 279 295 296 280 296 297 281 297 298 282 298 299 283 299 300 284 300 301 285 301 302 286 302 303 287 303 304 288 304 305 289 305 306 290 306 307 291 307 308 292 308 309 293 309 310 294 310 311 295 311 312 296 312 313 297 313 314 298 314 315 299 315 316 300 316 317 301 317 318 302 318 319 303 319 320 304 320 321 305 321 322 306 322 323 307 323 324 308 324 325 309 325 326 310 326 327 311 327 328 312 328 329 313 329 330 314 330 331 315 331 332 316 332 333 317 333 334 318 334 335 319 335 336 320 336 337 321 337 338 322 338 339 323 339 340 324 340 341 325 341 342 326 342 343 327 343 344 328 344 345 329 345 346 330 346 347 331 347 348 332 348 349 333 349 350 334 350 351 335 351 352 336 352 353 337 353 354 338 354 355 339 355 356 340 356 357 341 357 358 342 358 359 343 359 360 344 360 361 345 361 362 346 362 363 347 363 364 348 364 365 349 365 366 350 366 367 351 367 368 352 368 369 353 369 370 354 370 371 355 371 372 356 372 373 357 373 374 358 374 375 359 375 376 360 376 377 361 377 378 362 378 379 363 379 380 364 380 381 365 381 382 366 382 383 367 383 384 368 384 385 369 385 386 370 386 387 371 387 388 372 388 389 373 389 390 374 390 391 375 391 392 376 392 393 377 393 394 378 394 395 379 395 396 380 396 397 381 397 398 382 398 399 383 399 400 384 400 401 385 401 402 386 402 403 387 403 404 388 404 405 389 405 406 390 406 407 391 407 408 392 408 409 393 409 410 394 410 411 395 411 412 396 412 413 397 413 414 398 414 415 399 415 416 400 416 417 401 417 418 402 418 419 403 419 420 404 420 421 405 421 422 406 422 423 407 423 424 408 424 425 409 425 426 410 426 427 411 427 428 412 428 429 413 429 430 414 430 431 415 431 432 416 432 433 417 433 434 418 434 435 419 435 436 420 436 437 421 437 438 422 438 439 423 439 440 424 440 441 425 441 442 426 442 443 427 443 444 428 444 445 429 445 446 430 446 447 431 447 448 432 448 449 433 449 450 434 450 451 435 451 452 436 452 453 437 453 454 438 454 455 439 455 456 440 456 457 441 457 458 442 458 459 443 459 460 444 460 461 445 461 462 446 462 463 447 463 464 448 464 465 449 465 466 450 466 467 451 467 468 452 468 469 453 469 470 454 470 471 455 471 472 456 472 473 457 473 474 458 474 475 459 475 476 460 476 477 461 477 478 462 478 479 463 479 480 464 480 481 465 481 482 466 482 483 467 483 484 468 484 485 469 485 486 470 486 487 471 487 488 472 488 489 473 489 490 474 490 491 475 491 492 476 492 493 477 493 494 478 494 495 479 495 496 480 496 497 481 497 498 482 498 499 483 499 500 484 500 501 485 501 502 486 502 503 487 503 504 488 504 505 489 505 506 490 506 507 491 507 508 492 508 509 493 509 510 494 510 511 495 511 512 496 512 513 497 513 514 498 514 515 499 515 516 500 516 517 501 517 518 502 518 519 503 519 520 504 520 521 505 521 522 506 522 523 507 523 524 508 524 525 509 525 526 510 526 527 511 527 528 512 528 529 513 529 530 514 530 531 515 531 532 516 532 533 517 533 534 518 534 535 519 535 536 520 536 537 521 537 538 522 538 539 523 539 540 524 540 541 525 541 542 526 542 543 527 543 544 528 544 545 529 545 546 530 546 547 531 547 548 532 548 549 533 549 550 534 550 551 535 551 1038 913 1038 1039 914 1039 1040 915 1040 1041 916 1041 1042 917 1042 1043 918 1043 1044 919 1044 1045 920 1045 1046 921 1046 1047 922 1047 1048 923 1048 1049 924 1049 1050 925 1050 1051 926 1051 1052 927 1052 1053 928 1053 1054 929 1054 1055 930 1055 1056 931 1056 1057 932 1057 1058 933 1058 1059 934 1059 1060 935 1060 1061 936 1061 1062 937 1062 1063 938 1063 1064 939 1064 1065 940 1065 1066 941 1066 1067 942 1067 1068 943 1068 1069 944 1069 1070 945 1070 1071 946 1071 1072 947 1072 1073 948 1073 1074 949 1074 1075 950 1075 1076 951 1076 1077 952 1077 1078 953 1078 1079 954 1079 1080 955 1080 1081 956 1081 1082 957 1082 1083 958 1083 1084 959 1084 1085 960 1085 1086 961 1086 1087 962 1087 1088 963 1088 1089 964 1089 1090 965 1090 1091 966 1091 1092 967 1092 1093 968 1093 1094 969 1094 1095 970 1095 1096 971 1096 1097 972 1097 1098 973 1098 1099 974 1099 1100 975 1100 1101 976 1101 1102 977 1102 1103 978 1103 1104 979 1104 1105 980 1105 1106 981 1106 1107 982 1107 1108 983 1108 1109 984 1109 1650 1482 1650 1651 1483 1651 1652 1484 1652 1653 1485 1653 1654 1486 1654 1655 1487 1655 1656 1488 1656 1657 1489 1657 1658 1490 1658 1659 1491 1659 1660 1492 1660 1661 1493 1661 1662 1494 1662 1663 1495 1663 1664 1496 1664 1665 1497 1665 1666 1498 1666 1667 1499 1667 1668 1500 1668 1669 1501 1669 1670 1502 1670 1671 1503 1671 1672 1504 1672 1673 1505 1673 1674 1506 1674 1675 1507 1675 1676 1508 1676 1677 1509 1677 1678 1510 1678 1679 1511 1679 1680 1512 1680 1681 1513 1681 1682 1514 1682 1683 1515 1683 1684 1516 1684 1685 1517 1685 1686 1518 1686 1687 1519 1687 1688 1520 1688 1689 1521 1689 1690 1522 1690 1691 1523 1691 1692 1524 1692 1693 1525 1693 1694 1526 1694 1695 1527 1695 1696 1528 1696 1697 1529 1697 1698 1530 1698 1699 1531 1699 1700 1532 1700 1701 1533 1701 1702 1534 1702 1703 1535 1703 1704 1536 1704 1705 1537 1705 1706 1538 1706 1707 1539 1707 1708 1540 1708 1709 1541 1709 1710 1542 1710 1711 1543 1711 1712 1544 1712 1713 1545 1713 1714 1546 1714 1715 1547 1715 1716 1548 1716 1717 1549 1717 1718 1550 1718 1719 1551 1719 1720 1552 1720 1721 1553 1721 1722 1554 1722 1723 1555 1723 1724 1556 1724 1725 1557 1725 1726 1558 1726 1727 1559 1727 1728 1560 1728 1729 1561 1729 1730 1562 1730 1731 1563 1731 1732 1564 1732 1733 1565 1733 1734 1566 1734 1735 1567 1735 1736 1568 1736 1737 1569 1737 1738 1570 1738 1739 1571 1739 1740 1572 1740 1741 1573 1741 1742 1574 1742 1743 1575 1743 1744 1576 1744 1745 1577 1745 1746 1578 1746 1747 1579 1747 1748 1580 1748 1749 1581 1749 1750 1582 1750 1751 1583 1751 1752 1584 1752 1753 1585 1753 1754 1586 1754 1755 1587 1755 1756 1588 1756 1757 1589 1757 1758 1590 1758 1759 1591 1759 1760 1592 1760 1761 1593 1761 1762 1594 1762 1763 1595 1763 1764 1596 1764 1765 1597 1765 1766 1598 1766 1767 1599 1767 1768 1600 1768 1769 1601 1769 1770 1602 1770 1771 1603 1771 1772 1604 1772 1773 1605 1773 1774 1606 1774 1775 1607 1775 1776 1608 1776 1777 1609 1777 1778 1610 1778 1779 1611 1779 1780 1612 1780 1781 1613 1781 1782 1614 1782 1783 1615 1783 1784 1616 1784 1785 1617 1785 1786 1618 1786 1787 1619 1787 1788 1620 1788 1789 1621 1789 1790 1622 1790 1791 1623 1791 1792 1624 1792 1793 1625 1793 1794 1626 1794 1795 1627 1795 1796 1628 1796 1797 1629 1797 1798 1630 1798 1799 1631 1799 1800 1632 1800 1801 1633 1801 1802 1634 1802 1803 1635 1803 1804 1636 1804 1805 1637 1805 1806 1638 1806 1807 1639 1807 1808 1640 1808 1809 1641 1809 1810 1642 1810 1811 1643 1811 1812 1644 1812 1813 1645 1813 1814 1646 1814 1815 1647 1815 1816 1648 1816 1817 1649 1817 1818 1650 1818 1819 1651 1819 1820 1652 1820 1821 1653 1821 1822 1654 1822 1823 1655 1823 1824 1656 1824 1825 1657 1825 1826 1658 1826 1827 1659 1827 1828 1660 1828 1829 1661 1829 1830 1662 1830 1831 1663 1831 1832 1664 1832 1833 1665 1833 1834 1666 1834 1835 1667 1835 1836 1668 1836 1837 1669 1837 1838 1670 1838 1839 1671 1839 1840 1672 1840 1841 1673 1841 1842 1674 1842 1843 1675 1843 1844 1676 1844 1845 1677 1845 1846 1678 1846 1847 1679 1847 1848 1680 1848 1849 1681 1849 1850 1682 1850 1851 1683 1851 1852 1684 1852 1853 1685 1853 1854 1686 1854 1855 1687 1855 1856 1688 1856 1857 1689 1857 1858 1690 1858 1859 1691 1859 1860 1692 1860 1861 1693 1861 1862 1694 1862 1863 1695 1863 1864 1696 1864 1865 1697 1865 1866 1698 1866 1867 1699 1867 1868 1700 1868 1869 1701 1869 1870 1702 1870 1871 1703 1871 1872 1704 1872 1873 1705 1873 1874 1706 1874 1875 1707 1875 1876 1708 1876 1877 1709 1877 1878 1710 1878 1879 1711 1879 1880 1712 1880 1881 1713 1881 1882 1714 1882 1883 1715 1883 1884 1716 1884 1885 1717 1885 1886 1718 1886 1887 1719 1887 1888 1720 1888 1889 1721 1889 1890 1722 1890 1891 1723 1891 1892 1724 1892 1893 1725 1893 1894 1726 1894 1895 1727 1895 1896 1728 1896 1897 1729 1897 1898 1730 1898 1899 1731 1899 1900 1732 1900 1901 1733 1901 1902 1734 1902 1903 1735 1903 1904 1736 1904 1905 1737 1905 1906 1738 1906 1907 1739 1907 1908 1740 1908 1909 1741 1909 1910 1742 1910 1911 1743 1911 1912 1744 1912 1913 1745 1913 1914 1746 1914 1915 1747 1915 1916 1748 1916 1917 1749 1917 1918 1750 1918 1919 1751 1919 1920 1752 1920 1921 1753 1921 1922 1754 1922 1923 1755 1923 1924 1756 1924 1925 1757 1925 1926 1758 1926 1927 1759 1927 1928 1760 1928 1929 1761 1929 1930 1762 1930 1931 1763 1931 1932 1764 1932 1933 1765 1933 1934 1766 1934 1935 1767 1935 1936 1768 1936 1937 1769 1937 1938 1770 1938 1939 1771 1939 1940 1772 1940 1941 1773 1941 1942 1774 1942 1943 1775 1943 1944 1776 1944 1945 1777 1945 1946 1778 1946 1947 1779 1947 1948 1780 1948 1949 1781 1949 1950 1782 1950 1951 1783 1951 1952 1784 1952 1953 1785 1953 1954 1786 1954 1955 1787 1955 1956 1788 1956 1957 1789 1957 1958 1790 1958 1959 1791 1959 1960 1792 1960 1961 1793 1961 1962 1794 1962 1963 1795 1963 1964 1796 1964 1965 1797 1965 1966 1798 1966 1967 1799 1967 1968 1800 1968 1969 1801 1969 1970 1802 1970 1971 1803 1971 1972 1804 1972 1973 1805 1973 1974 1806 1974 1975 1807 1975 1976 1808 1976 1977 1809 1977 1978 1810 1978 1979 1811 1979 1980 1812 1980 1981 1813 1981 1982 1814 1982 1983 1815 1983 1984 1816 1984 1985 1817 1985 1986 1818 1986 1987 1819 1987 1988 1820 1988 1989 1821 1989 1990 1822 1990 1991 1823 1991 1992 1824 1992 1993 1825 1993 1994 1826 1994 1995 1827 1995 1996 1828 1996 1997 1829 1997 1998 1830 1998 1999 1831 1999 2000 1832 2000 2001 1833 2001 2002 1834 2002 2003 1835 2003 2004 1836 2004 2005 1837 2005 2006 1838 2006 2007 1839 2007 2008 1840 2008 2009 1841 2009 2010 1842 2010 2011 1843 2011 2012 1844 2012 2013 1845 2013 2014 1846 2014 2015 1847 2015 2016 1848 2016 2017 1849 2017 2018 1850 2018 2019 1851 2019 2020 1852 2020 2021 1853 2021 2022 1854 2022 2023 1855 2023 2024 1856 2024 2025 1857 2025 2026 1858 2026 2027 1859 2027 2028 1860 2028 2029 1861 2029 2030 1862 2030 2031 1863 2031 2032 1864 2032 2033 1865 2033 2034 1866 2034 2035 1867 2035 2036 1868 2036 2037 1869 2037 2038 1870 2038 2039 1871 2039 2040 1872 2040 2041 1873 2041 2042 1874 2042 2043 1875 2043 2044 1876 2044 2045 1877 2045 2046 1878 2046 2047 1879 2047 2048 1880 2048 2049 1881 2049 2050 1882 2050 2051 1883 2051 2052 1884 2052 2053 1885 2053 2054 1886 2054 2055 1887 2055 2056 1888 2056 2057 1889 2057 2058 1890 2058 2059 1891 2059 2060 1892 2060 2061 1893 2061 2062 1894 2062 2063 1895 2063 2064 1896 2064 2065 1897 2065 2066 1898 2066 2067 1899 2067 2068 1900 2068 2069 1901 2069 2070 1902 2070 2071 1903 2071 2072 1904 2072 2073 1905 2073 2074 1906 2074 2075 1907 2075 2076 1908 2076 2077 1909 2077 2078 1910 2078 2079 1911 2079 2080 1912 2080 2081 1913 2081 2082 1914 2082 2083 1915 2083 2084 1916 2084 2085 1917 2085 2086 1918 2086 2087 1919 2087 2088 1920 2088 2089 1921 2089 2090 1922 2090 2091 1923 2091 2092 1924 2092 2093 1925 2093 2094 1926 2094 2095 1927 2095 2096 1928 2096 2097 1929 2097 2098 1930 2098 2099 1931 2099 2100 1932 2100 2101 1933 2101 2102 1934 2102 2103 1935 2103 2104 1936 2104 2105 1937 2105 2106 1938 2106 2107 1939 2107 2108 1940 2108 2109 1941 2109 2110 1942 2110 2111 1943 2111 2112 1944 2112 2113 1945 2113 2114 1946 2114 2115 1947 2115 2116 1948 2116 2117 1949 2117 2118 1950 2118 2119 1951 2119 2120 1952 2120 2121 1953 2121 2122 1954 2122 2123 1955 2123 2124 1956 2124 2125 1957 2125 2126 1958 2126 2127 1959 2127 2128 1960 2128 2129 1961 2129 2130 1962 2130 2131 1963 2131 2132 1964 2132 2133 1965 2133 2134 1966 2134 2135 1967 2135 2136 1968 2136 2137 1969 2137 2138 1970 2138 2139 1971 2139 2140 1972 2140 2141 1973 2141 2142 1974 2142 2143 1975 2143 2144 1976 2144 2145 1977 2145 2146 1978 2146 2147 1979 2147 2148 1980 2148 2149 1981 2149 2150 1982 2150 2151 1983 2151 2152 1984 2152 2153 1985 2153 2154 1986 2154 2155 1987 2155 2156 1988 2156 2157 1989 2157 2158 1990 2158 2159 1991 2159 2160 1992 2160 2161 1993 2161 2162 1994 2162 2163 1995 2163 2164 1996 2164 2165 1997 2165 2166 1998 2166 2167 1999 2167 2168 2000 2168 2169 2001 2169 2170 2002 2170 2171 2003 2171 2172 2004 2172 2173 2005 2173 2174 2006 2174 2175 2007 2175 2176 2008 2176 2177 2009 2177 2178 2010 2178 2179 2011 2179 2180 2012 2180 2181 2013 2181 2182 2014 2182 2183 2015 2183 2184 2016 2184 2185 2017 2185 2186 2018 2186 2187 2019 2187 2188 2020 2188 2189 2021 2189 2190 2022 2190 2191 2023 2191 2192 2024 2192 2193 2025 2193 2194 2026 2194 2195 2027 2195 2196 2028 2196 2197 2029 2197 2198 2030 2198 2199 2031 2199 2200 2032 2200 2201 2033 2201 2202 2034 2202 2203 2035 2203 2204 2036 2204 2205 2037 2205 2206 2038 2206 2207 2039 2207 2208 2040 2208 2209 2041 2209 2210 2042 2210 2211 2043 2211 2212 2044 2212 2213 2045 2213 2214 2046 2214 2215 2047 2215 2216 2048 2216 2217 2049 2217 2218 2050 2218 2219 2051 2219 2220 2052 2220 2221 2053 2221 2222 2054 2222 2223 2055 2223 2224 2056 2224 2225 2057 2225 2226 2058 2226 2227 2059 2227 2228 2060 2228 2229 2061 2229 2230 2062 2230 2231 2063 2231 2232 2064 2232 2233 2065 2233 2234 2066 2234 2235 2067 2235 2236 2068 2236 2237 2069 2237 2238 2070 2238 2239 2071 2239 2240 2072 2240 2241 2073 2241 2242 2074 2242 2243 2075 2243 2244 2076 2244 2245 2077 2245 2246 2078 2246 2247 2079 2247 2248 2080 2248 2249 2081 2249 2250 2082 2250 2251 2083 2251 2252 2084 2252 2253 2085 2253 2254 2086 2254 2255 2087 2255 2256 2088 2256 2257 2089 2257 2258 2090 2258 2259 2091 2259 2260 2092 2260 2261 2093 2261 2262 2094 2262 2263 2095 2263 2264 2096 2264 2265 2097 2265 2266 2098 2266 2267 2099 2267 2268 2100 2268 2269 2101 2269 2270 2102 2270 2271 2103 2271 2272 2104 2272 2273 2105 2273 2274 2106 2274 2275 2107 2275 2276 2108 2276 2277 2109 2277 2278 2110 2278 2279 2111 2279 2280 2112 2280 2281 2113 2281 2282 2114 2282 2283 2115 2283 2284 2116 2284 2285 2117 2285 2286 2118 2286 2287 2119 2287 2288 2120 2288 2289 2121 2289 2290 2122 2290 2291 2123 2291 2292 2124 2292 2293 2125 2293 2294 2126 2294 2295 2127 2295 2296 2128 2296 2297 2129 2297 2298 2130 2298 2299 2131 2299 2300 2132 2300 2301 2133 2301 2302 2134 2302 2303 2135 2303 2304 2136 2304 2305 2137 2305 2306 2138 2306 2307 2139 2307 2308 2140 2308 2309 2141 2309 2310 2142 2310 2311 2143 2311 2312 2144 2312 2313 2145 2313 2314 2146 2314 2315 2147 2315 2316 2148 2316 2317 2149 2317 2318 2150 2318 2319 2151 2319 2320 2152 2320 2321 2153 2321 2322 2154 2322 2323 2155 2323 2324 2156 2324 2325 2157 2325 2326 2158 2326 2327 2159 2327 2328 2160 2328 2329 2161 2329 2330 2162 2330 2331 2163 2331 2332 2164 2332 2333 2165 2333 2334 2166 2334 2335 2167 2335 2336 2168 2336 2337 2169 2337 2338 2170 2338 2339 2171 2339 2340 2172 2340 2341 2173 2341 2342 2174 2342 2343 2175 2343 2344 2176 2344 2345 2177 2345 2346 2178 2346 2347 2179 2347 2348 2180 2348 2349 2181 2349 2350 2182 2350 2351 2183 2351 2352 2184 2352 2353 2185 2353 2354 2186 2354 2355 2187 2355 2356 2188 2356 2357 2189 2357 2358 2190 2358 2359 2191 2359 2360 2192 2360 2361 2193 2361 2362 2194 2362 2363 2195 2363 2364 2196 2364 2365 2197 2365 2366 2198 2366 2367 2199 2367 2368 2200 2368 2369 2201 2369 2370 2202 2370 2371 2203 2371 2372 2204 2372 2373 2205 2373 2374 2206 2374 2375 2207 2375 2376 2208 2376 2377 2209 2377 2378 2210 2378 2379 2211 2379 2380 2212 2380 2381 2213 2381 2382 2214 2382 2383 2215 2383 2384 2216 2384 2385 2217 2385 2386 2218 2386 2387 2219 2387 2388 2220 2388 2389 2221 2389 2390 2222 2390 2391 2223 2391 2392 2224 2392 2393 2225 2393 2394 2226 2394 2395 2227 2395 2396 2228 2396 2397 2229 2397 2398 2230 2398 2399 2231 2399 2400 2232 2400 2401 2233 2401 2402 2234 2402 2403 2235 2403 2404 2236 2404 2405 2237 2405 2406 2238 2406 2407 2239 2407 2408 2240 2408 2409 2241 2409 2410 2242 2410 2411 2243 2411 2412 2244 2412 2413 2245 2413 2414 2246 2414 2415 2247 2415 2416 2248 2416 2417 2249 2417 2418 2250 2418 2419 2251 2419 2420 2252 2420 2421 2253 2421 2422 2254 2422 2423 2255 2423 2424 2256 2424 2425 2257 2425 2426 2258 2426 2427 2259 2427 2428 2260 2428 2429 2261 2429 2430 2262 2430 2431 2263 2431 2432 2264 2432 2433 2265 2433 2434 2266 2434 2435 2267 2435 2436 2268 2436 2437 2269 2437 2438 2270 2438 2439 2271 2439 2440 2272 2440 2441 2273 2441 2442 2274 2442 2443 2275 2443 2444 2276 2444 2445 2277 2445 2446 2278 2446 2447 2279 2447 2448 2280 2448 2449 2281 2449 2450 2282 2450 2451 2283 2451 2452 2284 2452 2453 2285 2453 2454 2286 2454 2455 2287 2455 2456 2288 2456 2457 2289 2457 2458 2290 2458 2459 2291 2459 2460 2292 2460 2461 2293 2461 2462 2294 2462 2463 2295 2463 2464 2296 2464 2465 2297 2465 2466 2298 2466 2467 2299 2467 2468 2300 2468 2469 2301 2469 2470 2302 2470 2471 2303 2471 2472 2304 2472 2473 2305 2473 2474 2306 2474 2475 2307 2475 2476 2308 2476 2477 2309 2477 2478 2310 2478 2479 2311 2479 2480 2312 2480 2481 2313 2481 2482 2314 2482 2483 2315 2483 2484 2316 2484 2485 2317 2485 2486 2318 2486 2487 2319 2487 2488 2320 2488 2489 2321 2489 2490 2322 2490 2491 2323 2491 2492 2324 2492 2493 2325 2493 2494 2326 2494 2495 2327 2495 2496 2328 2496 2497 2329 2497 2498 2330 2498 2499 2331 2499 2500 2332 2500 2501 2333 2501 2502 2334 2502 2503 2335 2503 2504 2336 2504 2505 2337 2505 2506 2338 2506 2507 2339 2507 2508 2340 2508 2509 2341 2509 2510 2342 2510 2511 2343 2511 2512 2344 2512 2513 2345 2513 2514 2346 2514 2515 2347 2515 2516 2348 2516 2517 2349 2517 2518 2350 2518 2519 2351 2519 2520 2352 2520 2521 2353 2521 2522 2354 2522 2523 2355 2523 2524 2356 2524 2525 2357 2525 2526 2358 2526 2527 2359 2527 2528 2360 2528 2529 2361 2529 2530 2362 2530 2531 2363 2531 2532 2364 2532 2533 2365 2533 2534 2366 2534 2535 2367 2535 2536 2368 2536 2537 2369 2537 2538 2370 2538 2539 2371 2539 2540 2372 2540 2541 2373 2541 2542 2374 2542 2543 2375 2543 2544 2376 2544 2545 2377 2545 2546 2378 2546 2547 2379 2547 2548 2380 2548 2549 2381 2549 2550 2382 2550 2551 2383 2551 2552 2384 2552 2553 2385 2553 2554 2386 2554 2555 2387 2555 2556 2388 2556 2557 2389 2557 2558 2390 2558 2559 2391 2559 2560 2392 2560 2561 2393 2561 2562 2394 2562 2563 2395 2563 2564 2396 2564 2565 2397 2565 2566 2398 2566 2567 2399 2567 2568 2400 2568 2569 2401 2569 2570 2402 2570 2571 2403 2571 2572 2404 2572 2573 2405 2573 2574 2406 2574 2575 2407 2575 2576 2408 2576 2577 2409 2577 2578 2410 2578 2579 2411 2579 2580 2412 2580 2581 2413 2581 2582 2414 2582 2583 2415 2583 2584 2416 2584 2585 2417 2585 2586 2418 2586 2587 2419 2587 2588 2420 2588 2589 2421 2589 2590 2422 2590 2591 2423 2591 2592 2424 2592 2593 2425 2593 2594 2426 2594 2595 2427 2595 2596 2428 2596 2597 2429 2597 2598 2430 2598 2599 2431 2599 2600 2432 2600 2601 2433 2601 2602 2434 2602 2603 2435 2603 2604 2436 2604 2605 2437 2605 2606 2438 2606 2607 2439 2607 2608 2440 2608 2609 2441 2609 2610 2442 2610 2611 2443 2611 2612 2444 2612 2613 2445 2613 2614 2446 2614 2615 2447 2615 2616 2448 2616 2617 2449 2617 2618 2450 2618 2619 2451 2619 2620 2452 2620 2621 2453 2621 2622 2454 2622 2623 2455 2623 2624 2456 2624 2625 2457 2625 2626 2458 2626 2627 2459 2627 2628 2460 2628 2629 2461 2629 2630 2462 2630 2631 2463 2631 2632 2464 2632 2633 2465 2633 2634 2466 2634 2635 2467 2635 2636 2468 2636 2637 2469 2637 2638 2470 2638 2639 2471 2639 2640 2472 2640 2641 2473 2641 2642 2474 2642 2643 2475 2643 2644 2476 2644 2645 2477 2645 2646 2478 2646 2647 2479 2647 2648 2480 2648 2649 2481 2649 2650 2482 2650 2651 2483 2651 2652 2484 2652 2653 2485 2653 2654 2486 2654 2655 2487 2655 2656 2488 2656 2657 2489 2657 2658 2490 2658 2659 2491 2659 2660 2492 2660 2661 2493 2661 2662 2494 2662 2663 2495 2663 2664 2496 2664 2665 2497 2665 2666 2498 2666 2667 2499 2667 2668 2500 2668 2669 2501 2669 2670 2502 2670 2671 2503 2671 2672 2504 2672 2673 2505 2673 2674 2506 2674 2675 2507 2675 2676 2508 2676 2677 2509 2677 2678 2510 2678 2679 2511 2679 2680 2512 2680 2681 2513 2681 2682 2514 2682 2683 2515 2683 2684 2516 2684 2685 2517 2685 2686 2518 2686 2687 2519 2687 2688 2520 2688 2689 2521 2689 2690 2522 2690 2691 2523 2691 2692 2524 2692 2693 2525 2693 2694 2526 2694 2695 2527 2695 2696 2528 2696 2697 2529 2697 2698 2530 2698 2699 2531 2699 2700 2532 2700 2701 2533 2701 2702 2534 2702 2703 2535 2703 2704 2536 2704 2705 2537 2705 2706 2538 2706 2707 2539 2707 2708 2540 2708 2709 2541 2709 2710 2542 2710 2711 2543 2711 2712 2544 2712 2713 2545 2713 2714 2546 2714 2715 2547 2715 2716 2548 2716 2717 2549 2717 2718 2550 2718 2719 2551 2719 2720 2552 2720 2721 2553 2721 2722 2554 2722 2723 2555 2723 2724 2556 2724 2725 2557 2725 2726 2558 2726 2727 2559 2727 2728 2560 2728 2729 2561 2729 2730 2562 2730 2731 2563 2731 2732 2564 2732 2733 2565 2733 2734 2566 2734 2735 2567 2735 2736 2568 2736 2737 2569 2737 2738 2570 2738 2739 2571 2739 2740 2572 2740 2741 2573 2741 2742 2574 2742 2743 2575 2743 2744 2576 2744 2745 2577 2745 2746 2578 2746 2747 2579 2747 2748 2580 2748 2749 2581 2749 2750 2582 2750 2751 2583 2751 2752 2584 2752 2753 2585 2753 2754 2586 2754 2755 2587 2755 2756 2588 2756 2757 2589 2757 2758 2590 2758 2759 2591 2759 2760 2592 2760 2761 2593 2761 2762 2594 2762 2763 2595 2763 2764 2596 2764 2765 2597 2765 2766 2598 2766 2767 2599 2767 2768 2600 2768 2769 2601 2769 2770 2602 2770 2771 2603 2771 2772 2604 2772 2773 2605 2773 2774 2606 2774 2775 2607 2775 2776 2608 2776 2777 2609 2777 2778 2610 2778 2779 2611 2779 2780 2612 2780 2781 2613 2781 2782 2614 2782 2783 2615 2783 2784 2616 2784 2785 2617 2785 2786 2618 2786 2787 2619 2787 2788 2620 2788 2789 2621 2789 2790 2622 2790 2791 2623 2791 2792 2624 2792 2793 2625 2793 2794 2626 2794 2795 2627 2795 2796 2628 2796 2797 2629 2797 2798 2630 2798 2799 2631 2799 2800 2632 2800 2801 2633 2801 2802 2634 2802 2803 2635 2803 2804 2636 2804 2805 2637 2805 2806 2638 2806 2807 2639 2807 2808 2640 2808 2809 2641 2809 2810 2642 2810 2811 2643 2811 2812 2644 2812 2813 2645 2813 2814 2646 2814 2815 2647 2815 2816 2648 2816 2817 2649 2817 2818 2650 2818 2819 2651 2819 2820 2652 2820 2821 2653 2821 2822 2654 2822 2823 2655 2823 2824 2656 2824 2825 2657 2825 2826 2658 2826 2827 2659 2827 2828 2660 2828 2829 2661 2829 2830 2662 2830 2831 2663 2831 2832 2664 2832 2833 2665 2833 2834 2666 2834 2835 2667 2835 2836 2668 2836 2837 2669 2837 2838 2670 2838 2839 2671 2839 2840 2672 2840 2841 2673 2841 2842 2674 2842 2843 2675 2843 2844 2676 2844 2845 2677 2845 2846 2678 2846 2847 2679 2847 2848 2680 2848 2849 2681 2849 2850 2682 2850 2851 2683 2851 2852 2684 2852 2853 2685 2853 2854 2686 2854 2855 2687 2855 2856 2688 2856 2857 2689 2857 2858 2690 2858 2859 2691 2859 2860 2692 2860 2861 2693 2861 2862 2694 2862 2863 2695 2863 2864 2696 2864 2865 2697 2865 2866 2698 2866 2867 2699 2867 2868 2700 2868 2869 2701 2869 2870 2702 2870 2871 2703 2871 2872 2704 2872 2873 2705 2873 2874 2706 2874 2875 2707 2875 2876 2708 2876 2877 2709 2877 2878 2710 2878 2879 2711 2879 2880 2712 2880 2881 2713 2881 2882 2714 2882 2883 2715 2883 2884 2716 2884 2885 2717 2885 2886 2718 2886 2887 2719 2887 2888 2720 2888 2889 2721 2889 2890 2722 2890 2891 2723 2891 2892 2724 2892 2893 2725 2893 2894 2726 2894 2895 2727 2895 2896 2728 2896 2897 2729 2897 2898 2730 2898 2899 2731 2899 2900 2732 2900 2901 2733 2901 2902 2734 2902 2903 2735 2903 2904 2736 2904 2905 2737 2905 2906 2738 2906 2907 2739 2907 2908 2740 2908 2909 2741 2909 2910 2742 2910 2911 2743 2911 2912 2744 2912 2913 2745 2913 2914 2746 2914 2915 2747 2915 2916 2748 2916 2917 2749 2917 2918 2750 2918 2919 2751 2919 2920 2752 2920 2921 2753 2921 2922 2754 2922 2923 2755 2923 2924 2756 2924 2925 2757 2925 2926 2758 2926 2927 2759 2927 2928 2760 2928 2929 2761 2929 2930 2762 2930 2931 2763 2931 2932 2764 2932 2933 2765 2933 2934 2766 2934 2935 2767 2935 2936 2768 2936 2937 2769 2937 2938 2770 2938 2939 2771 2939 2940 2772 2940 2941 2773 2941 2942 2774 2942 2943 2775 2943 2944 2776 2944 2945 2777 2945 2946 2778 2946 2947 2779 2947 2948 2780 2948 2949 2781 2949 2950 2782 2950 2951 2783 2951 2952 2784 2952 2953 2785 2953 2954 2786 2954 2955 2787 2955 2956 2788 2956 2957 2789 2957 2958 2790 2958 2959 2791 2959 2960 2792 2960 2961 2793 2961 2962 2794 2962 2963 2795 2963 2964 2796 2964 2965 2797 2965 2966 2798 2966 2967 2799 2967 2968 2800 2968 2969 2801 2969 2970 2802 2970 2971 2803 2971 2972 2804 2972 2973 2805 2973 2974 2806 2974 2975 2807 2975 2976 2808 2976 2977 2809 2977 2978 2810 2978 2979 2811 2979 2980 2812 2980 2981 2813 2981 2982 2814 2982 2983 2815 2983 2984 2816 2984 2985 2817 2985 2986 2818 2986 2987 2819 2987 2988 2820 2988 2989 2821 2989 2990 2822 2990 2991 2823 2991 2992 2824 2992 2993 2825 2993 2994 2826 2994 2995 2827 2995 2996 2828 2996 2997 2829 2997 2998 2830 2998 2999 2831 2999 3000 2832 3000 3001 2833 3001 3002 2834 3002 3003 2835 3003 3004 2836 3004 3005 2837 3005 3006 2838 3006 3007 2839 3007 3008 2840 3008 3009 2841 3009 3010 2842 3010 3011 2843 3011 3012 2844 3012 3013 2845 3013 3014 2846 3014 3015 2847 3015 3016 2848 3016 3017 2849 3017 3018 2850 3018 3019 2851 3019 3020 2852 3020 3021 2853 3021 3022 2854 3022 3023 2855 3023 3024 2856 3024 3025 2857 3025 3026 2858 3026 3027 2859 3027 3028 2860 3028 3029 2861 3029 3030 2862 3030 3031 2863 3031 3032 2864 3032 3033 2865 3033 3034 2866 3034 3035 2867 3035 3036 2868 3036 3037 2869 3037 3038 2870 3038 3039 2871 3039 3040 2872 3040 3041 2873 3041 3042 2874 3042 3043 2875 3043 3044 2876 3044 3045 2877 3045 3046 2878 3046 3047 2879 3047 3048 2880 3048 3049 2881 3049 3050 2882 3050 3051 2883 3051 3052 2884 3052 3053 2885 3053 3054 2886 3054 3055 2887 3055 3056 2888 3056 3057 2889 3057 3058 2890 3058 3059 2891 3059 3060 2892 3060 3061 2893 3061 3062 2894 3062 3063 2895 3063 3064 2896 3064 3065 2897 3065 3066 2898 3066 3067 2899 3067 3068 2900 3068 3069 2901 3069 3070 2902 3070 3071 2903 3071 3072 2904 3072 3073 2905 3073 3074 2906 3074 3075 2907 3075 3076 2908 3076 3077 2909 3077 3078 2910 3078 3079 2911 3079 3080 2912 3080 3081 2913 3081 3082 2914 3082 3083 2915 3083 3084 2916 3084 3085 2917 3085 3086 2918 3086 3087 2919 3087 3088 2920 3088 3089 2921 3089 3090 2922 3090 3091 2923 3091 3092 2924 3092 3093 2925 3093 3094 2926 3094 3095 2927 3095 3096 2928 3096 3097 2929 3097 3098 2930 3098 3099 2931 3099 3100 2932 3100 3101 2933 3101 3102 2934 3102 3103 2935 3103 3104 2936 3104 3105 2937 3105 3106 2938 3106 3107 2939 3107 3108 2940 3108 3109 2941 3109 3110 2942 3110 3111 2943 3111 3112 2944 3112 3113 2945 3113 3114 2946 3114 3115 2947 3115 3116 2948 3116 3117 2949 3117 3118 2950 3118 3119 2951 3119 3120 2952 3120 3121 2952 3121 3122 2952 3122 3123 2953 3123 3124 2953 3124 3125 2953 3125 3126 2954 3126 3127 2954 3127 3128 2954 3128 3129 2955 3129 3130 2955 3130 3131 2955 3131 3132 2956 3132 3133 2956 3133 3134 2956 3134 3135 2957 3135 3136 2957 3136 3137 2957 3137 3138 586 3138 3139 586 3139 3140 586 3140 3141 2958 3141 3142 2958 3142 3143 2958 3143 3144 583 3144 3145 583 3145 3146 583 3146 3147 2959 3147 3148 2959 3148 3149 2959 3149 3150 2960 3150 3151 2960 3151 3152 2960 3152 3153 2961 3153 3154 2961 3154 3155 2961 3155 3156 2962 3156 3157 2962 3157 3158 2962 3158 3159 2963 3159 3160 2963 3160 3161 2963 3161 3162 2964 3162 3163 2964 3163 3164 2964 3164 3165 2965 3165 3166 2965 3166 3167 2965 3167 3168 2966 3168 3169 2966 3169 3170 2966 3170 3171 2967 3171 3172 2967 3172 3173 2967 3173 3174 2968 3174 3175 2968 3175 3176 2968 3176 3177 2969 3177 3178 2969 3178 3179 2969 3179 3180 583 3180 3181 583 3181 3182 583 3182 3183 2970 3183 3184 2970 3184 3185 2970 3185 3186 2971 3186 3187 2971 3187 3188 2971 3188 3189 586 3189 3190 586 3190 3191 586 3191 3192 583 3192 3193 583 3193 3194 583 3194 3195 583 3195 3196 583 3196 3197 583 3197 3198 2972 3198 3199 2972 3199 3200 2972 3200 3201 2973 3201 3202 2973 3202 3203 2973 3203 3204 583 3204 3205 583 3205 3206 583 3206 3207 583 3207 3208 583 3208 3209 583 3209 3210 586 3210 3211 586 3211 3212 586 3212 3213 586 3213 3214 586 3214 3215 586 3215 3216 2974 3216 3217 2974 3217 3218 2974 3218 3219 2975 3219 3220 2975 3220 3221 2975 3221 3222 2976 3222 3223 2976 3223 3224 2976 3224 3225 2977 3225 3226 2977 3226 3227 2977 3227 3228 2978 3228 3229 2978 3229 3230 2978 3230 3231 2979 3231 3232 2979 3232 3233 2979 3233 3234 2980 3234 3235 2980 3235 3236 2980 3236 3237 2981 3237 3238 2981 3238 3239 2981 3239 3240 2982 3240 3241 2983 3241 3242 2984 3242 3243 2985 3243 3244 2986 3244 3245 2987 3245 3246 2988 3246 3247 2989 3247 3248 2990 3248 3249 2991 3249 3250 2992 3250 3251 2993 3251 3252 2994 3252 3253 2995 3253 3254 2996 3254 3255 2997 3255 3256 2998 3256 3257 2999 3257 3258 3000 3258 3259 3001 3259 3260 3002 3260 3261 3003 3261 3262 3004 3262 3263 3005 3263 3264 3006 3264 3265 3007 3265 3266 3008 3266 3267 3009 3267 3268 3010 3268 3269 3011 3269 3270 3012 3270 3271 3013 3271 3272 3014 3272 3273 3015 3273 3274 3016 3274 3275 3017 3275 3276 3018 3276 3277 3019 3277 3278 3020 3278 3279 3021 3279 3280 3022 3280 3281 3023 3281 3282 3024 3282 3283 3025 3283 3284 3026 3284 3285 3027 3285 3286 3028 3286 3287 3029 3287 3288 3030 3288 3289 3031 3289 3290 3032 3290 3291 3033 3291 3292 3034 3292 3293 3035 3293 3294 3036 3294 3295 3037 3295 3296 3038 3296 3297 3039 3297 3298 3040 3298 3299 3041 3299 3300 3042 3300 3301 3043 3301 3302 3044 3302 3303 3045 3303 3304 3046 3304 3305 3047 3305 3306 3048 3306 3307 3049 3307 3308 3050 3308 3309 3051 3309 3310 3052 3310 3311 3053 3311 3312 3054 3312 3313 3055 3313 3314 3056 3314 3315 3057 3315 3316 3058 3316 3317 3059 3317 3318 3060 3318 3319 3061 3319 3320 3062 3320 3321 3063 3321 3322 3064 3322 3323 3065 3323 3324 3066 3324 3325 3067 3325 3326 3068 3326 3327 3069 3327 3328 3070 3328 3329 3071 3329 3330 3072 3330 3331 3073 3331 3332 3074 3332 3333 3075 3333 3334 3076 3334 3335 3077 3335 3336 3078 3336 3337 3079 3337 3338 3080 3338 3339 3081 3339 3340 3082 3340 3341 3083 3341 3342 3084 3342 3343 3085 3343 3344 3086 3344 3345 3087 3345 3346 3088 3346 3347 3089 3347 3348 3090 3348 3349 3091 3349 3350 3092 3350 3351 3093 3351 3352 3094 3352 3353 3095 3353 3354 3096 3354 3355 3097 3355 3356 3098 3356 3357 3099 3357 3358 2710 3358 3359 3100 3359 3360 3101 3360 3361 3102 3361 3362 3103 3362 3363 3104 3363 3364 3105 3364 3365 3106 3365 3366 3107 3366 3367 3108 3367 3368 3109 3368 3369 3110 3369 3370 3111 3370 3371 3112 3371 3372 3113 3372 3373 3114 3373 3374 3115 3374 3375 3116 3375 3376 3117 3376 3377 3118 3377 3378 3119 3378 3379 3120 3379 3380 3121 3380 3381 3122 3381 3382 3123 3382 3383 3124 3383 3384 3125 3384 3385 3126 3385 3386 3127 3386 3387 3128 3387 3388 3129 3388 3389 3130 3389 3390 3131 3390 3391 3132 3391 3392 3133 3392 3393 3134 3393 3394 3135 3394 3395 3136 3395 3396 3137 3396 3397 3138 3397 3398 3139 3398 3399 3140 3399 3400 3141 3400 3401 3142 3401 3402 3143 3402 3403 3144 3403 3404 3145 3404 3405 3146 3405 3406 3147 3406 3407 3148 3407 3408 3149 3408 3409 3150 3409 3410 3151 3410 3411 3152 3411 3412 3153 3412 3413 3154 3413 3414 3155 3414 3415 3156 3415 3416 3157 3416 3417 3158 3417 3418 3159 3418 3419 3160 3419 3420 3161 3420 3421 3162 3421 3422 3163 3422 3423 3164 3423 3424 3165 3424 3425 3166 3425 3426 3167 3426 3427 3168 3427 3428 3169 3428 3429 3170 3429 3430 3171 3430 3431 3172 3431 3432 3173 3432 3433 3174 3433 3434 3175 3434 3435 3176 3435 3436 3177 3436 3437 3178 3437 3438 3179 3438 3439 3180 3439 3440 3181 3440 3441 3182 3441 3442 3183 3442 3443 3184 3443 3444 3185 3444 3445 3186 3445 3446 3187 3446 3447 3188 3447 3448 3189 3448 3449 3190 3449 3450 3191 3450 3451 3191 3451 3452 3191 3452 3453 3192 3453 3454 3192 3454 3455 3192 3455 3456 586 3456 3457 586 3457 3458 586 3458 3459 3193 3459 3460 3193 3460 3461 3193 3461 3462 3194 3462 3463 3194 3463 3464 3194 3464 3465 3195 3465 3466 3195 3466 3467 3195 3467 3468 3196 3468 3469 3196 3469 3470 3196 3470 3471 586 3471 3472 586 3472 3473 586 3473 3474 3197 3474 3475 3197 3475 3476 3197 3476 3477 583 3477 3478 583 3478 3479 583 3479 3480 3198 3480 3481 3198 3481 3482 3198 3482 3483 3199 3483 3484 3199 3484 3485 3199 3485 3486 3200 3486 3487 3200 3487 3488 3200 3488 3489 583 3489 3490 583 3490 3491 583 3491 3492 3201 3492 3493 3201 3493 3494 3201 3494 3495 3202 3495 3496 3202 3496 3497 3202 3497 3498 3203 3498 3499 3203 3499 3500 3203 3500 3501 3204 3501 3502 3204 3502 3503 3204 3503 3504 3205 3504 3505 3205 3505 3506 3205 3506 3507 3206 3507 3508 3206 3508 3509 3206 3509 3510 3207 3510 3511 3207 3511 3512 3207 3512 3513 3208 3513 3514 3208 3514 3515 3208 3515 3516 586 3516 3517 586 3517 3518 586 3518 3519 3209 3519 3520 3209 3520 3521 3209 3521 3522 3210 3522 3523 3210 3523 3524 3210 3524 3525 3211 3525 3526 3211 3526 3527 3211 3527 3528 586 3528 3529 586 3529 3530 586 3530 3531 586 3531 3532 586 3532 3533 586 3533 3534 3212 3534 3535 3212 3535 3536 3212 3536 3537 583 3537 3538 583 3538 3539 583 3539 3540 586 3540 3541 586 3541 3542 586 3542 3543 3213 3543 3544 3213 3544 3545 3213 3545 3546 3214 3546 3547 3214 3547 3548 3214 3548 3549 583 3549 3550 583 3550 3551 583 3551 3552 3215 3552 3553 3215 3553 3554 3215 3554 3555 3199 3555 3556 3199 3556 3557 3199 3557 3558 3216 3558 3559 3216 3559 3560 3216 3560 3561 3217 3561 3562 3217 3562 3563 3217 3563 3564 3218 3564 3565 3218 3565 3566 3218 3566 3567 3206 3567 3568 3206 3568 3569 3206 3569 5244 4856 5244 5245 4857 5245 5246 4858 5246 5247 4859 5247 5248 4860 5248 5249 4861 5249 5250 4862 5250 5251 4863 5251 5252 4864 5252 5253 4865 5253 5254 4866 5254 5255 4867 5255 5256 4868 5256 5257 4869 5257 5258 4870 5258 5259 4871 5259 5260 4872 5260 5261 4873 5261 5262 4874 5262 5263 4875 5263 5264 4876 5264 5265 4877 5265 5266 4878 5266 5267 4879 5267 5268 4880 5268 5269 4881 5269 5270 4882 5270 5271 4883 5271 5272 4884 5272 5273 4885 5273 5274 4886 5274 5275 4887 5275 5276 4888 5276 5277 4889 5277 5278 4890 5278 5279 4891 5279 5280 4892 5280 5281 4893 5281 5282 4894 5282 5283 4895 5283 5284 4896 5284 5285 4897 5285 5286 4898 5286 5287 4899 5287 5288 4900 5288 5289 4901 5289 5290 4902 5290 5291 4903 5291 5292 4904 5292 5293 4905 5293 5294 4906 5294 5295 4907 5295 5296 4908 5296 5297 4909 5297 5298 4910 5298 5299 4911 5299 5300 4912 5300 5301 4913 5301 5302 4914 5302 5303 4915 5303 5304 4916 5304 5305 4917 5305 5306 4918 5306 5307 4919 5307 5308 4920 5308 5309 4921 5309 5310 4922 5310 5311 4923 5311 5312 4924 5312 5313 4925 5313 5314 4926 5314 5315 4927 5315 5316 4928 5316 5317 4929 5317 5318 4930 5318 5319 4931 5319 5320 4932 5320 5321 4933 5321 5322 4934 5322 5323 4935 5323 5324 4936 5324 5325 4937 5325 5326 4938 5326 5327 4939 5327 5328 4940 5328 5329 4941 5329 5330 4942 5330 5331 4943 5331 5332 4944 5332 5333 4945 5333 5334 4946 5334 5335 4947 5335 5336 4948 5336 5337 4949 5337 5338 4950 5338 5339 4951 5339 5340 4952 5340 5341 4953 5341 5342 4954 5342 5343 4955 5343 5344 4956 5344 5345 4957 5345 5346 4958 5346 5347 4959 5347 5348 4960 5348 5349 4961 5349 5350 4962 5350 5351 4963 5351 5352 4964 5352 5353 4965 5353 5354 4966 5354 5355 4967 5355 5356 4968 5356 5357 4969 5357 5358 4970 5358 5359 4971 5359 5360 4972 5360 5361 4973 5361 5362 4974 5362 5363 4975 5363 5364 4976 5364 5365 4977 5365 5366 4978 5366 5367 4979 5367 5368 4980 5368 5369 4981 5369 5370 4982 5370 5371 4983 5371 5372 4984 5372 5373 4985 5373 5374 4986 5374 5375 4987 5375 5376 4988 5376 5377 4989 5377 5378 4990 5378 5379 4991 5379 5380 4992 5380 5381 4993 5381 5382 4994 5382 5383 4995 5383 5384 4996 5384 5385 4997 5385 5386 4998 5386 5387 4999 5387 5388 5000 5388 5389 5001 5389 5390 5002 5390 5391 5003 5391 5392 5004 5392 5393 5005 5393 5394 5006 5394 5395 5007 5395 5396 5008 5396 5397 5009 5397 5398 5010 5398 5399 5011 5399 5400 5012 5400 5401 5013 5401 5402 5014 5402 5403 5015 5403 5404 5016 5404 5405 5017 5405 5406 5018 5406 5407 5019 5407 5408 5020 5408 5409 5021 5409 5410 5022 5410 5411 5023 5411 5412 5024 5412 5413 5025 5413 5414 5026 5414 5415 5027 5415 5416 5028 5416 5417 5029 5417 5418 5030 5418 5419 5031 5419 5420 5032 5420 5421 5033 5421 5422 5034 5422 5423 5035 5423 5424 5036 5424 5425 5037 5425 5426 5038 5426 5427 5039 5427 5428 5040 5428 5429 5041 5429 5430 5042 5430 5431 5043 5431 5432 5044 5432 5433 5045 5433 5434 5046 5434 5435 5047 5435 5436 5048 5436 5437 5049 5437 5438 5050 5438 5439 5051 5439 5440 5052 5440 5441 5053 5441 5442 5054 5442 5443 5055 5443 5444 5056 5444 5445 5057 5445 5446 5058 5446 5447 5059 5447 5448 5060 5448 5449 5061 5449 5450 5062 5450 5451 5063 5451 5452 5064 5452 5453 5065 5453 5454 5066 5454 5455 5067 5455 5456 5068 5456 5457 5069 5457 5458 5070 5458 5459 5071 5459 5460 5072 5460 5461 5073 5461 5462 5074 5462 5463 5075 5463 5464 5076 5464 5465 5077 5465 5466 5078 5466 5467 5079 5467 5468 5080 5468 5469 5081 5469 5470 5082 5470 5471 5083 5471 5472 5084 5472 5473 5085 5473 5474 5086 5474 5475 5087 5475 5476 5088 5476 5477 5089 5477 5478 5090 5478 5479 5091 5479 5480 5092 5480 5481 5093 5481 5482 5094 5482 5483 5095 5483 5484 5096 5484 5485 5097 5485 5486 5098 5486 5487 5099 5487 5488 5100 5488 5489 5101 5489 5490 5102 5490 5491 5103 5491 5492 5104 5492 5493 5105 5493 5494 5106 5494 5495 5107 5495 5496 5108 5496 5497 5109 5497 5498 5110 5498 5499 5111 5499 5500 5112 5500 5501 5113 5501 5502 5114 5502 5503 5115 5503 5504 5116 5504 5505 5117 5505 5506 5118 5506 5507 5119 5507 5508 5120 5508 5509 5121 5509 5510 5122 5510 5511 5123 5511 5512 5124 5512 5513 5125 5513 5514 5126 5514 5515 5127 5515 5516 5128 5516 5517 5129 5517 5518 5130 5518 5519 5131 5519 5520 5132 5520 5521 5133 5521 5522 5134 5522 5523 5135 5523 5524 5136 5524 5525 5137 5525 5526 5138 5526 5527 5139 5527 5528 5140 5528 5529 5141 5529 5530 5142 5530 5531 5143 5531 5532 5144 5532 5533 5145 5533 5534 5146 5534 5535 5147 5535 5536 5148 5536 5537 5149 5537 5538 5150 5538 5539 5151 5539 5540 5152 5540 5541 5153 5541 5542 5154 5542 5543 5155 5543 5544 5156 5544 5545 5157 5545 5546 5158 5546 5547 5159 5547 5548 5160 5548 5549 5161 5549 5550 5162 5550 5551 5163 5551 5552 5164 5552 5553 5165 5553 5554 5166 5554 5555 5167 5555 5556 5168 5556 5557 5169 5557 5558 5170 5558 5559 5171 5559 5560 5172 5560 5561 5173 5561 5562 5174 5562 5563 5175 5563 5564 5176 5564 5565 5177 5565 5566 5178 5566 5567 5179 5567 5568 5180 5568 5569 5181 5569 5570 5182 5570 5571 5183 5571 5572 5184 5572 5573 5185 5573 5574 5186 5574 5575 5187 5575 5576 5188 5576 5577 5189 5577 5578 5190 5578 5579 5191 5579 5580 5192 5580 5581 5193 5581 5582 5194 5582 5583 5195 5583 5584 5196 5584 5585 5197 5585 5586 5198 5586 5587 5199 5587 5588 5200 5588 5589 5201 5589 5590 5202 5590 5591 5203 5591 5592 5204 5592 5593 5205 5593 5594 5206 5594 5595 5207 5595 5596 5208 5596 5597 5209 5597 5598 5210 5598 5599 5211 5599 5600 5212 5600 5601 5213 5601 5602 5214 5602 5603 5215 5603 5604 5216 5604 5605 5217 5605 5606 5218 5606 5607 5219 5607 5608 5220 5608 5609 5221 5609 5610 5222 5610 5611 5223 5611 5612 5224 5612 5613 5225 5613 5614 5226 5614 5615 5227 5615 5616 5228 5616 5617 5229 5617 5618 5230 5618 5619 5231 5619 5620 5232 5620 5621 5233 5621 5622 5234 5622 5623 5235 5623 5624 5236 5624 5625 5237 5625 5626 5238 5626 5627 5239 5627 5628 5240 5628 5629 5241 5629 5630 5242 5630 5631 5243 5631 5632 5244 5632 5633 5245 5633 5634 5246 5634 5635 5247 5635 5636 5248 5636 5637 5249 5637 5638 5250 5638 5639 5251 5639 5640 5252 5640 5641 5253 5641 5642 5254 5642 5643 5255 5643 5644 5256 5644 5645 5257 5645 5646 5258 5646 5647 5259 5647 5648 5260 5648 5649 5261 5649 5650 5262 5650 5651 5263 5651 5652 5264 5652 5653 5265 5653 5654 5266 5654 5655 5267 5655 5656 5268 5656 5657 5269 5657 5658 5270 5658 5659 5271 5659 5660 5272 5660 5661 5273 5661 5662 5274 5662 5663 5275 5663 5664 5276 5664 5665 5277 5665 5666 5278 5666 5667 5279 5667 5668 5280 5668 5669 5281 5669 5670 5282 5670 5671 5283 5671 5672 5284 5672 5673 5285 5673 5674 5286 5674 5675 5287 5675 5676 5288 5676 5677 5289 5677 5678 5290 5678 5679 5291 5679 5680 5292 5680 5681 5293 5681 5682 5294 5682 5683 5295 5683 5684 5296 5684 5685 5297 5685 5686 5298 5686 5687 5299 5687 5688 5300 5688 5689 5301 5689 5690 5302 5690 5691 5303 5691 5692 5304 5692 5693 5305 5693 5694 5306 5694 5695 5307 5695 5696 5308 5696 5697 5309 5697 5698 5310 5698 5699 5311 5699 5700 5312 5700 5701 5313 5701 5702 5314 5702 5703 5315 5703 5704 5316 5704 5705 5317 5705 5706 5318 5706 5707 5319 5707 5708 5320 5708 5709 5321 5709 5710 5322 5710 5711 5323 5711 5712 5324 5712 5713 5325 5713 5714 5326 5714 5715 5327 5715 5716 5328 5716 5717 5329 5717 5718 5330 5718 5719 5331 5719 5720 5332 5720 5721 5333 5721 5722 5334 5722 5723 5335 5723 5724 5336 5724 5725 5337 5725 5726 5338 5726 5727 5339 5727 5728 5340 5728 5729 5341 5729 5730 5342 5730 5731 5343 5731 5732 5344 5732 5733 5345 5733 5734 5346 5734 5735 5347 5735 5736 5348 5736 5737 5349 5737 5738 5350 5738 5739 5351 5739 5740 5352 5740 5741 5353 5741 5742 5354 5742 5743 5355 5743 5744 5356 5744 5745 5357 5745 5746 5358 5746 5747 5359 5747 5748 5360 5748 5749 5361 5749 5750 5362 5750 5751 5363 5751 5752 5364 5752 5753 5365 5753 5754 5366 5754 5755 5367 5755 5756 5368 5756 5757 5369 5757 5758 5370 5758 5759 5371 5759</p>
        </triangles>
        <triangles material="ft_gun_002-material" count="1140">
          <input semantic="VERTEX" source="#default_default-mesh-vertices" offset="0"/>
          <input semantic="NORMAL" source="#default_default-mesh-normals" offset="1"/>
          <input semantic="TEXCOORD" source="#default_default-mesh-map-0" offset="2" set="0"/>
          <p>552 536 552 553 536 553 554 536 554 555 537 555 556 537 556 557 537 557 558 538 558 559 538 559 560 538 560 561 539 561 562 539 562 563 539 563 564 540 564 565 540 565 566 540 566 567 541 567 568 541 568 569 541 569 570 542 570 571 542 571 572 542 572 573 543 573 574 543 574 575 543 575 576 544 576 577 544 577 578 544 578 579 545 579 580 545 580 581 545 581 582 546 582 583 546 583 584 546 584 585 547 585 586 547 586 587 547 587 588 548 588 589 548 589 590 548 590 591 549 591 592 549 592 593 549 593 594 550 594 595 550 595 596 550 596 597 551 597 598 551 598 599 551 599 600 552 600 601 552 601 602 552 602 603 553 603 604 553 604 605 553 605 606 554 606 607 554 607 608 554 608 609 555 609 610 556 610 611 555 611 612 557 612 613 558 613 614 559 614 615 560 615 616 561 616 617 562 617 618 563 618 619 564 619 620 565 620 621 566 621 622 567 622 623 568 623 624 569 624 625 570 625 626 571 626 627 572 627 628 573 628 629 574 629 630 575 630 631 576 631 632 577 632 633 578 633 634 579 634 635 580 635 636 581 636 637 582 637 638 582 638 639 583 639 640 583 640 641 583 641 642 584 642 643 584 643 644 584 644 645 583 645 646 583 646 647 583 647 648 583 648 649 583 649 650 583 650 651 585 651 652 585 652 653 585 653 654 586 654 655 586 655 656 586 656 657 586 657 658 586 658 659 586 659 660 587 660 661 587 661 662 587 662 663 588 663 664 588 664 665 588 665 666 589 666 667 589 667 668 589 668 669 590 669 670 590 670 671 590 671 672 591 672 673 591 673 674 591 674 675 592 675 676 592 676 677 592 677 678 593 678 679 593 679 680 593 680 681 594 681 682 594 682 683 594 683 684 595 684 685 595 685 686 595 686 687 586 687 688 586 688 689 586 689 690 586 690 691 586 691 692 586 692 693 596 693 694 597 694 695 598 695 696 599 696 697 600 697 698 601 698 699 602 699 700 603 700 701 604 701 702 605 702 703 606 703 704 607 704 705 608 705 706 609 706 707 610 707 708 611 708 709 612 709 710 613 710 711 614 711 712 615 712 713 616 713 714 617 714 715 618 715 716 619 716 717 620 717 718 621 718 719 622 719 720 623 720 721 624 721 722 625 722 723 583 723 724 583 724 725 583 725 726 626 726 727 626 727 728 626 728 729 627 729 730 627 730 731 627 731 732 583 732 733 583 733 734 583 734 735 586 735 736 586 736 737 586 737 738 586 738 739 586 739 740 586 740 741 628 741 742 628 742 743 628 743 744 629 744 745 630 745 746 631 746 747 632 747 748 632 748 749 633 749 750 634 750 751 635 751 752 636 752 753 637 753 754 637 754 755 638 755 756 639 756 757 639 757 758 639 758 759 640 759 760 640 760 761 640 761 762 641 762 763 641 763 764 641 764 765 642 765 766 642 766 767 642 767 768 643 768 769 644 769 770 645 770 771 646 771 772 647 772 773 648 773 774 649 774 775 650 775 776 651 776 777 652 777 778 653 778 779 654 779 780 655 780 781 656 781 782 657 782 783 658 783 784 659 784 785 660 785 786 661 786 787 662 787 788 663 788 789 664 789 790 665 790 791 666 791 792 667 792 793 668 793 794 669 794 795 670 795 796 671 796 797 672 797 798 673 798 799 674 799 800 675 800 801 676 801 802 677 802 803 678 803 804 679 804 805 680 805 806 681 806 807 682 807 808 683 808 809 684 809 810 685 810 811 686 811 812 687 812 813 688 813 814 689 814 815 690 815 816 691 816 817 692 817 818 693 818 819 694 819 820 695 820 821 696 821 822 697 822 823 698 823 824 699 824 825 700 825 826 701 826 827 702 827 828 703 828 829 704 829 830 705 830 831 706 831 832 707 832 833 708 833 834 709 834 835 710 835 836 711 836 837 712 837 838 713 838 839 714 839 840 715 840 841 716 841 842 717 842 843 718 843 844 719 844 845 720 845 846 721 846 847 722 847 848 723 848 849 724 849 850 725 850 851 726 851 852 727 852 853 728 853 854 729 854 855 730 855 856 731 856 857 732 857 858 733 858 859 734 859 860 735 860 861 736 861 862 737 862 863 738 863 864 739 864 865 740 865 866 741 866 867 742 867 868 743 868 869 744 869 870 745 870 871 746 871 872 747 872 873 748 873 874 749 874 875 750 875 876 751 876 877 752 877 878 753 878 879 754 879 880 755 880 881 756 881 882 757 882 883 758 883 884 759 884 885 760 885 886 761 886 887 762 887 888 763 888 889 764 889 890 765 890 891 766 891 892 767 892 893 768 893 894 769 894 895 770 895 896 771 896 897 772 897 898 773 898 899 774 899 900 775 900 901 776 901 902 777 902 903 778 903 904 779 904 905 780 905 906 781 906 907 782 907 908 783 908 909 784 909 910 785 910 911 786 911 912 787 912 913 788 913 914 789 914 915 790 915 916 791 916 917 792 917 918 793 918 919 794 919 920 795 920 921 796 921 922 797 922 923 798 923 924 799 924 925 800 925 926 801 926 927 802 927 928 803 928 929 804 929 930 805 930 931 806 931 932 807 932 933 808 933 934 809 934 935 810 935 936 811 936 937 812 937 938 813 938 939 814 939 940 815 940 941 816 941 942 817 942 943 818 943 944 819 944 945 820 945 946 821 946 947 822 947 948 823 948 949 824 949 950 825 950 951 826 951 952 827 952 953 828 953 954 829 954 955 830 955 956 831 956 957 832 957 958 833 958 959 834 959 960 835 960 961 836 961 962 837 962 963 838 963 964 839 964 965 840 965 966 841 966 967 842 967 968 843 968 969 844 969 970 845 970 971 846 971 972 847 972 973 848 973 974 849 974 975 850 975 976 851 976 977 852 977 978 853 978 979 854 979 980 855 980 981 856 981 982 857 982 983 858 983 984 859 984 985 860 985 986 861 986 987 862 987 988 863 988 989 864 989 990 865 990 991 866 991 992 867 992 993 868 993 994 869 994 995 870 995 996 871 996 997 872 997 998 873 998 999 874 999 1000 875 1000 1001 876 1001 1002 877 1002 1003 878 1003 1004 879 1004 1005 880 1005 1006 881 1006 1007 882 1007 1008 883 1008 1009 884 1009 1010 885 1010 1011 886 1011 1012 887 1012 1013 888 1013 1014 889 1014 1015 890 1015 1016 891 1016 1017 892 1017 1018 893 1018 1019 894 1019 1020 895 1020 1021 896 1021 1022 897 1022 1023 898 1023 1024 899 1024 1025 900 1025 1026 901 1026 1027 902 1027 1028 903 1028 1029 904 1029 1030 905 1030 1031 906 1031 1032 907 1032 1033 908 1033 1034 909 1034 1035 910 1035 1036 911 1036 1037 912 1037 1110 985 1110 1111 985 1111 1112 985 1112 1113 986 1113 1114 986 1114 1115 986 1115 1116 987 1116 1117 987 1117 1118 987 1118 1119 988 1119 1120 988 1120 1121 988 1121 1122 989 1122 1123 989 1123 1124 989 1124 1125 990 1125 1126 990 1126 1127 990 1127 1128 991 1128 1129 991 1129 1130 991 1130 1131 992 1131 1132 992 1132 1133 992 1133 1134 993 1134 1135 994 1135 1136 995 1136 1137 996 1137 1138 997 1138 1139 998 1139 1140 999 1140 1141 1000 1141 1142 1001 1142 1143 1002 1143 1144 1003 1144 1145 1004 1145 1146 1005 1146 1147 1006 1147 1148 1007 1148 1149 1008 1149 1150 1009 1150 1151 1010 1151 1152 1011 1152 1153 1012 1153 1154 1013 1154 1155 1014 1155 1156 1015 1156 1157 1016 1157 1158 1017 1158 1159 1018 1159 1160 1019 1160 1161 1020 1161 1162 1021 1162 1163 1022 1163 1164 1023 1164 1165 1024 1165 1166 1025 1166 1167 1026 1167 1168 1027 1168 1169 1028 1169 1170 1029 1170 1171 1030 1171 1172 1031 1172 1173 1032 1173 1174 1033 1174 1175 1034 1175 1176 1035 1176 1177 1036 1177 1178 1037 1178 1179 1038 1179 1180 1039 1180 1181 1040 1181 1182 1041 1182 1183 1042 1183 1184 1043 1184 1185 1044 1185 1186 1045 1186 1187 1046 1187 1188 1047 1188 1189 1048 1189 1190 1049 1190 1191 1050 1191 1192 1051 1192 1193 1052 1193 1194 1053 1194 1195 1054 1195 1196 1055 1196 1197 1056 1197 1198 1057 1198 1199 1058 1199 1200 1059 1200 1201 1060 1201 1202 1061 1202 1203 1062 1203 1204 1063 1204 1205 1064 1205 1206 1065 1206 1207 1066 1207 1208 1067 1208 1209 1068 1209 1210 1069 1210 1211 1070 1211 1212 1071 1212 1213 1072 1213 1214 1073 1214 1215 1074 1215 1216 1075 1216 1217 1076 1217 1218 1077 1218 1219 1078 1219 1220 1079 1220 1221 1080 1221 1222 1081 1222 1223 1082 1223 1224 1083 1224 1225 1084 1225 1226 1085 1226 1227 1086 1227 1228 1087 1228 1229 1088 1229 1230 1089 1230 1231 1090 1231 1232 1091 1232 1233 1092 1233 1234 1093 1234 1235 1094 1235 1236 1095 1236 1237 1096 1237 1238 1097 1238 1239 1098 1239 1240 1099 1240 1241 1100 1241 1242 1101 1242 1243 1102 1243 1244 1103 1244 1245 1104 1245 1246 1105 1246 1247 1106 1247 1248 1107 1248 1249 1108 1249 1250 1109 1250 1251 1110 1251 1252 1111 1252 1253 1112 1253 1254 1113 1254 1255 1114 1255 1256 1115 1256 1257 1116 1257 1258 1117 1258 1259 1118 1259 1260 1119 1260 1261 1120 1261 1262 1121 1262 1263 1122 1263 1264 1123 1264 1265 1124 1265 1266 1125 1266 1267 1126 1267 1268 1127 1268 1269 1128 1269 1270 1129 1270 1271 1130 1271 1272 1131 1272 1273 1132 1273 1274 1133 1274 1275 1134 1275 1276 1135 1276 1277 1136 1277 1278 1137 1278 1279 1138 1279 1280 1139 1280 1281 1140 1281 1282 1141 1282 1283 1142 1283 1284 1143 1284 1285 1144 1285 1286 1145 1286 1287 1146 1287 1288 1147 1288 1289 1148 1289 1290 1149 1290 1291 1150 1291 1292 1151 1292 1293 1152 1293 1294 1153 1294 1295 1154 1295 1296 1155 1296 1297 1156 1297 1298 1157 1298 1299 1158 1299 1300 1159 1300 1301 1160 1301 1302 1161 1302 1303 1162 1303 1304 1163 1304 1305 1164 1305 1306 1165 1306 1307 1166 1307 1308 1167 1308 1309 1168 1309 1310 1169 1310 1311 1170 1311 1312 1171 1312 1313 1172 1313 1314 1173 1314 1315 1174 1315 1316 1175 1316 1317 1176 1317 1318 1177 1318 1319 1178 1319 1320 1179 1320 1321 1180 1321 1322 1181 1322 1323 1182 1323 1324 1183 1324 1325 1184 1325 1326 1185 1326 1327 1186 1327 1328 1187 1328 1329 1188 1329 1330 1189 1330 1331 1190 1331 1332 1191 1332 1333 1192 1333 1334 1193 1334 1335 1194 1335 1336 1195 1336 1337 1196 1337 1338 1197 1338 1339 1198 1339 1340 1199 1340 1341 1200 1341 1342 1201 1342 1343 1202 1343 1344 1203 1344 1345 1204 1345 1346 1205 1346 1347 1206 1347 1348 1207 1348 1349 1208 1349 1350 1209 1350 1351 1210 1351 1352 1211 1352 1353 1212 1353 1354 1213 1354 1355 1214 1355 1356 1215 1356 1357 1216 1357 1358 1217 1358 1359 1218 1359 1360 1219 1360 1361 1220 1361 1362 1221 1362 1363 1222 1363 1364 1223 1364 1365 1224 1365 1366 1225 1366 1367 1226 1367 1368 1227 1368 1369 1228 1369 1370 1227 1370 1371 1229 1371 1372 1230 1372 1373 1231 1373 1374 1232 1374 1375 1233 1375 1376 1234 1376 1377 1235 1377 1378 1236 1378 1379 1237 1379 1380 1238 1380 1381 1239 1381 1382 1240 1382 1383 1241 1383 1384 1242 1384 1385 1243 1385 1386 1244 1386 1387 1245 1387 1388 1246 1388 1389 1247 1389 1390 1248 1390 1391 1248 1391 1392 1249 1392 1393 1250 1393 1394 1251 1394 1395 1252 1395 1396 1253 1396 1397 1254 1397 1398 1255 1398 1399 1256 1399 1400 1257 1400 1401 1258 1401 1402 1259 1402 1403 1260 1403 1404 1261 1404 1405 1262 1405 1406 1263 1406 1407 1264 1407 1408 1265 1408 1409 1265 1409 1410 1266 1410 1411 1267 1411 1412 1268 1412 1413 1269 1413 1414 1270 1414 1415 1271 1415 1416 1272 1416 1417 1273 1417 1418 1274 1418 1419 1275 1419 1420 1276 1420 1421 1277 1421 1422 1278 1422 1423 1279 1423 1424 1279 1424 1425 1280 1425 1426 1281 1426 1427 1280 1427 1428 1282 1428 1429 1283 1429 1430 1283 1430 1431 1284 1431 1432 1285 1432 1433 1285 1433 1434 1286 1434 1435 1287 1435 1436 1288 1436 1437 1289 1437 1438 1290 1438 1439 1291 1439 1440 1292 1440 1441 1293 1441 1442 1294 1442 1443 1295 1443 1444 1296 1444 1445 1297 1445 1446 1298 1446 1447 1299 1447 1448 1300 1448 1449 1301 1449 1450 1302 1450 1451 1303 1451 1452 1304 1452 1453 1305 1453 1454 1306 1454 1455 1307 1455 1456 1308 1456 1457 1309 1457 1458 1310 1458 1459 1311 1459 1460 1312 1460 1461 1313 1461 1462 1314 1462 1463 1315 1463 1464 1316 1464 1465 1317 1465 1466 1318 1466 1467 1319 1467 1468 1320 1468 1469 1321 1469 1470 1322 1470 1471 1323 1471 1472 1324 1472 1473 1325 1473 1474 1326 1474 1475 1327 1475 1476 1328 1476 1477 1329 1477 1478 1330 1478 1479 1331 1479 1480 1332 1480 1481 1333 1481 1482 1334 1482 1483 1335 1483 1484 1336 1484 1485 1337 1485 1486 1338 1486 1487 1339 1487 1488 1340 1488 1489 1341 1489 1490 1342 1490 1491 583 1491 1492 1343 1492 1493 1344 1493 1494 1345 1494 1495 1346 1495 1496 1347 1496 1497 1348 1497 1498 1349 1498 1499 1350 1499 1500 1351 1500 1501 1352 1501 1502 1353 1502 1503 1354 1503 1504 1355 1504 1505 1356 1505 1506 1357 1506 1507 1358 1507 1508 1359 1508 1509 1360 1509 1510 1361 1510 1511 1362 1511 1512 586 1512 1513 1363 1513 1514 1364 1514 1515 1365 1515 1516 1366 1516 1517 1367 1517 1518 1368 1518 1519 1369 1519 1520 1370 1520 1521 1371 1521 1522 1372 1522 1523 1373 1523 1524 1374 1524 1525 1375 1525 1526 1376 1526 1527 1377 1527 1528 1378 1528 1529 1379 1529 1530 1380 1530 1531 1381 1531 1532 1382 1532 1533 1383 1533 1534 1384 1534 1535 1385 1535 1536 1386 1536 1537 1387 1537 1538 1388 1538 1539 1389 1539 1540 1390 1540 1541 583 1541 1542 1391 1542 1543 1392 1543 1544 1393 1544 1545 1394 1545 1546 1395 1546 1547 586 1547 1548 1396 1548 1549 1397 1549 1550 1398 1550 1551 1399 1551 1552 1400 1552 1553 1401 1553 1554 1402 1554 1555 1403 1555 1556 1404 1556 1557 1405 1557 1558 1406 1558 1559 1407 1559 1560 1408 1560 1561 1409 1561 1562 1410 1562 1563 1411 1563 1564 1412 1564 1565 1413 1565 1566 1414 1566 1567 1414 1567 1568 1414 1568 1569 1415 1569 1570 1415 1570 1571 1415 1571 1572 1416 1572 1573 1416 1573 1574 1416 1574 1575 1417 1575 1576 1417 1576 1577 1417 1577 1578 1418 1578 1579 1418 1579 1580 1418 1580 1581 1419 1581 1582 1419 1582 1583 1419 1583 1584 1420 1584 1585 1420 1585 1586 1420 1586 1587 1421 1587 1588 1421 1588 1589 1421 1589 1590 1422 1590 1591 1423 1591 1592 1424 1592 1593 1425 1593 1594 1426 1594 1595 1427 1595 1596 1428 1596 1597 1429 1597 1598 1430 1598 1599 1431 1599 1600 1432 1600 1601 1433 1601 1602 1434 1602 1603 1435 1603 1604 1436 1604 1605 1437 1605 1606 1438 1606 1607 1439 1607 1608 1440 1608 1609 1441 1609 1610 1442 1610 1611 1443 1611 1612 1444 1612 1613 1445 1613 1614 1446 1614 1615 1447 1615 1616 1448 1616 1617 1449 1617 1618 1450 1618 1619 1451 1619 1620 1452 1620 1621 1453 1621 1622 1454 1622 1623 1455 1623 1624 1456 1624 1625 1457 1625 1626 1458 1626 1627 1459 1627 1628 1460 1628 1629 1461 1629 1630 1462 1630 1631 1463 1631 1632 1464 1632 1633 1465 1633 1634 1466 1634 1635 1467 1635 1636 1468 1636 1637 1469 1637 1638 1470 1638 1639 1471 1639 1640 1472 1640 1641 1473 1641 1642 1474 1642 1643 1475 1643 1644 1476 1644 1645 1477 1645 1646 1478 1646 1647 1479 1647 1648 1480 1648 1649 1481 1649 3570 3219 3570 3571 3220 3571 3572 3221 3572 3573 3222 3573 3574 3223 3574 3575 3224 3575 3576 3225 3576 3577 3226 3577 3578 3227 3578 3579 3228 3579 3580 3229 3580 3581 3230 3581 3582 3231 3582 3583 3232 3583 3584 3233 3584 3585 3234 3585 3586 3235 3586 3587 3236 3587 3588 3237 3588 3589 3238 3589 3590 3239 3590 3591 3240 3591 3592 3241 3592 3593 3242 3593 3594 3243 3594 3595 3244 3595 3596 3245 3596 3597 3246 3597 3598 3247 3598 3599 3248 3599 3600 3249 3600 3601 3250 3601 3602 3251 3602 3603 3252 3603 3604 3253 3604 3605 3254 3605 3606 3255 3606 3607 3256 3607 3608 3257 3608 3609 3258 3609 3610 3259 3610 3611 3260 3611 3612 3261 3612 3613 3262 3613 3614 3263 3614 3615 3264 3615 3616 3265 3616 3617 3266 3617 3618 3267 3618 3619 3268 3619 3620 3269 3620 3621 3270 3621 3622 3271 3622 3623 3272 3623 3624 3273 3624 3625 3274 3625 3626 3275 3626 3627 3276 3627 3628 3277 3628 3629 3278 3629 3630 3279 3630 3631 3280 3631 3632 3281 3632 3633 3282 3633 3634 3283 3634 3635 3284 3635 3636 3285 3636 3637 3286 3637 3638 3287 3638 3639 3288 3639 3640 3289 3640 3641 3290 3641 3642 3291 3642 3643 3292 3643 3644 3293 3644 3645 3294 3645 3646 3295 3646 3647 3296 3647 3648 3297 3648 3649 3298 3649 3650 3299 3650 3651 3300 3651 3652 3301 3652 3653 3302 3653 3654 3303 3654 3655 3304 3655 3656 3305 3656 3657 3306 3657 3658 3307 3658 3659 3308 3659 3660 3309 3660 3661 3310 3661 3662 3311 3662 3663 3312 3663 3664 3313 3664 3665 3314 3665 3666 3315 3666 3667 3316 3667 3668 3317 3668 3669 3318 3669 3670 3319 3670 3671 3320 3671 3672 3321 3672 3673 3322 3673 3674 3323 3674 3675 3324 3675 3676 3325 3676 3677 3326 3677 3678 3327 3678 3679 3328 3679 3680 3329 3680 3681 3330 3681 3682 3331 3682 3683 3332 3683 3684 3333 3684 3685 3334 3685 3686 3335 3686 3687 3336 3687 3688 3337 3688 3689 3338 3689 3690 3339 3690 3691 3340 3691 3692 3341 3692 3693 3342 3693 3694 3343 3694 3695 3344 3695 3696 3345 3696 3697 3346 3697 3698 3347 3698 3699 3348 3699 3700 3349 3700 3701 3350 3701 3702 3351 3702 3703 3352 3703 3704 3353 3704 3705 3354 3705 3706 3355 3706 3707 3356 3707 3708 3357 3708 3709 3358 3709 3710 3359 3710 3711 3360 3711 3712 3361 3712 3713 3362 3713 3714 3363 3714 3715 3364 3715 3716 3365 3716 3717 3366 3717 3718 3367 3718 3719 3368 3719 3720 3369 3720 3721 3370 3721 3722 3371 3722 3723 3372 3723 3724 3373 3724 3725 3374 3725 3726 3375 3726 3727 3376 3727 3728 3377 3728 3729 3378 3729 3730 3379 3730 3731 3380 3731 3732 3381 3732 3733 3382 3733 3734 3383 3734 3735 3384 3735 3736 3385 3736 3737 3386 3737 3738 3387 3738 3739 3388 3739 3740 3389 3740 3741 3390 3741 3742 3391 3742 3743 3392 3743 3744 3393 3744 3745 3394 3745 3746 3395 3746 3747 3396 3747 3748 3397 3748 3749 3398 3749 3750 3399 3750 3751 3400 3751 3752 3401 3752 3753 3402 3753 3754 3403 3754 3755 3404 3755 3756 3405 3756 3757 3406 3757 3758 3407 3758 3759 3408 3759 3760 3409 3760 3761 3410 3761 3762 3411 3762 3763 3412 3763 3764 3413 3764 3765 3414 3765 3766 3415 3766 3767 3416 3767 3768 3417 3768 3769 3418 3769 3770 3419 3770 3771 3420 3771 3772 3421 3772 3773 3422 3773 3774 3423 3774 3775 3424 3775 3776 3425 3776 3777 3426 3777 3778 3427 3778 3779 3428 3779 3780 3429 3780 3781 3430 3781 3782 3431 3782 3783 3432 3783 3784 3433 3784 3785 3434 3785 3786 3435 3786 3787 3436 3787 3788 3437 3788 3789 3438 3789 3790 3439 3790 3791 3440 3791 3792 3441 3792 3793 3442 3793 3794 3443 3794 3795 3444 3795 3796 3445 3796 3797 3446 3797 3798 3447 3798 3799 3448 3799 3800 3449 3800 3801 3450 3801 3802 3451 3802 3803 3452 3803 3804 3453 3804 3805 3454 3805 3806 3455 3806 3807 3456 3807 3808 3457 3808 3809 3458 3809 3810 3459 3810 3811 3460 3811 3812 3461 3812 3813 3462 3813 3814 3463 3814 3815 3464 3815 3816 3465 3816 3817 3466 3817 3818 3467 3818 3819 3468 3819 3820 3469 3820 3821 3470 3821 3822 3471 3822 3823 3472 3823 3824 3473 3824 3825 3474 3825 3826 3475 3826 3827 3476 3827 3828 3477 3828 3829 3478 3829 3830 3479 3830 3831 3480 3831 3832 3481 3832 3833 3482 3833 3834 3483 3834 3835 3484 3835 3836 3485 3836 3837 3486 3837 3838 3487 3838 3839 3488 3839 3840 3489 3840 3841 3490 3841 3842 3491 3842 3843 3492 3843 3844 3493 3844 3845 3494 3845 3846 3495 3846 3847 3496 3847 3848 3497 3848 3849 3498 3849 3850 3499 3850 3851 3500 3851 3852 3501 3852 3853 3502 3853 3854 3503 3854 3855 3504 3855 3856 3505 3856 3857 3506 3857 3858 3507 3858 3859 3508 3859 3860 3509 3860 3861 3510 3861 3862 3511 3862 3863 3512 3863 3864 3513 3864 3865 3514 3865 3866 3515 3866 3867 3516 3867 3868 3517 3868 3869 3518 3869 3870 3519 3870 3871 3520 3871 3872 3521 3872 3873 3522 3873 3874 3523 3874 3875 3524 3875 3876 3525 3876 3877 3526 3877 3878 3527 3878 3879 3528 3879 3880 3529 3880 3881 3530 3881 3882 3531 3882 3883 3532 3883 3884 3533 3884 3885 3534 3885 3886 3535 3886 3887 3536 3887 3888 3537 3888 3889 3538 3889 3890 3539 3890 3891 3540 3891 3892 3541 3892 3893 3542 3893 3894 3543 3894 3895 3544 3895 3896 3545 3896 3897 3546 3897 3898 3547 3898 3899 3548 3899 3900 3549 3900 3901 3550 3901 3902 3551 3902 3903 3552 3903 3904 3553 3904 3905 3554 3905 3906 3555 3906 3907 3556 3907 3908 3557 3908 3909 3558 3909 3910 3559 3910 3911 3560 3911 3912 3561 3912 3913 3562 3913 3914 3563 3914 3915 3564 3915 3916 3565 3916 3917 3566 3917 3918 3567 3918 3919 3568 3919 3920 3569 3920 3921 3570 3921 3922 3571 3922 3923 3572 3923 3924 3573 3924 3925 3574 3925 3926 3575 3926 3927 3576 3927 3928 3577 3928 3929 3578 3929 3930 3579 3930 3931 3580 3931 3932 3581 3932 3933 3582 3933 3934 3583 3934 3935 3584 3935 3936 3585 3936 3937 3586 3937 3938 3587 3938 3939 3588 3939 3940 3589 3940 3941 3590 3941 3942 3591 3942 3943 3592 3943 3944 3593 3944 3945 3594 3945 3946 3595 3946 3947 3596 3947 3948 3597 3948 3949 3598 3949 3950 3599 3950 3951 3600 3951 3952 3601 3952 3953 3602 3953 3954 3603 3954 3955 3604 3955 3956 3605 3956 3957 3606 3957 3958 3607 3958 3959 3608 3959 3960 3609 3960 3961 3610 3961 3962 3611 3962 3963 3612 3963 3964 3613 3964 3965 3614 3965 3966 3615 3966 3967 3616 3967 3968 3617 3968 3969 3618 3969 3970 3619 3970 3971 3620 3971 3972 3621 3972 3973 3622 3973 3974 3623 3974 3975 3624 3975 3976 3625 3976 3977 3626 3977 3978 3627 3978 3979 3628 3979 3980 3629 3980 3981 3630 3981 3982 3631 3982 3983 3632 3983 3984 3633 3984 3985 3634 3985 3986 3635 3986 3987 3636 3987 3988 3637 3988 3989 3638 3989 3990 3639 3990 3991 3640 3991 3992 3641 3992 3993 3642 3993 3994 3643 3994 3995 3644 3995 3996 3645 3996 3997 3646 3997 3998 3647 3998 3999 3648 3999 4000 3649 4000 4001 3650 4001 4002 3651 4002 4003 3652 4003 4004 3653 4004 4005 3654 4005 4006 3655 4006 4007 3656 4007 4008 3657 4008 4009 3658 4009 4010 3659 4010 4011 3660 4011 4012 3661 4012 4013 3662 4013 4014 3663 4014 4015 3664 4015 4016 3665 4016 4017 3666 4017 4018 3667 4018 4019 3668 4019 4020 3669 4020 4021 3670 4021 4022 3671 4022 4023 3672 4023 4024 3673 4024 4025 3674 4025 4026 3675 4026 4027 3676 4027 4028 3677 4028 4029 3678 4029 4030 3679 4030 4031 3680 4031 4032 3681 4032 4033 3682 4033 4034 3683 4034 4035 3684 4035 4036 3685 4036 4037 3686 4037 4038 3687 4038 4039 3688 4039 4040 3689 4040 4041 3690 4041 4042 3691 4042 4043 3692 4043 4044 3693 4044 4045 3694 4045 4046 3695 4046 4047 3696 4047 4048 3697 4048 4049 3698 4049 4050 3699 4050 4051 3700 4051 4052 3701 4052 4053 3702 4053 4054 3703 4054 4055 3704 4055 4056 3705 4056 4057 3706 4057 4058 3707 4058 4059 3708 4059 4060 3709 4060 4061 3710 4061 4062 3711 4062 4063 3712 4063 4064 3713 4064 4065 3714 4065 4066 3715 4066 4067 3716 4067 4068 3717 4068 4069 3718 4069 4070 3719 4070 4071 3720 4071 4072 3721 4072 4073 3722 4073 4074 3723 4074 4075 3724 4075 4076 3725 4076 4077 3726 4077 4078 3727 4078 4079 3728 4079 4080 3729 4080 4081 3730 4081 4082 3731 4082 4083 3732 4083 4084 3733 4084 4085 3734 4085 4086 3735 4086 4087 3736 4087 4088 3737 4088 4089 3738 4089 4090 3739 4090 4091 3740 4091 4092 3741 4092 4093 3742 4093 4094 3743 4094 4095 3744 4095 4096 3745 4096 4097 3746 4097 4098 3747 4098 4099 3748 4099 4100 3749 4100 4101 3750 4101 4102 3751 4102 4103 3752 4103 4104 3753 4104 4105 3754 4105 4106 3755 4106 4107 3756 4107 4108 3757 4108 4109 3758 4109 4110 3759 4110 4111 3760 4111 4112 3761 4112 4113 3762 4113 4114 3763 4114 4115 3764 4115 4116 3765 4116 4117 3766 4117 4118 3767 4118 4119 3768 4119 4120 3769 4120 4121 3770 4121 4122 3771 4122 4123 3772 4123 4124 3773 4124 4125 3774 4125 4126 3775 4126 4127 3776 4127 4128 3777 4128 4129 3778 4129 4130 3779 4130 4131 3780 4131 4132 3781 4132 4133 3782 4133 4134 3783 4134 4135 3784 4135 4136 3785 4136 4137 3786 4137 4138 3787 4138 4139 3788 4139 4140 3789 4140 4141 3790 4141 4142 3791 4142 4143 3792 4143 4144 3793 4144 4145 3794 4145 4146 3795 4146 4147 3796 4147 4148 3797 4148 4149 3798 4149 4150 3799 4150 4151 3800 4151 4152 3801 4152 4153 3802 4153 4154 3803 4154 4155 3804 4155 4156 3805 4156 4157 3806 4157 4158 3807 4158 4159 3808 4159 4160 3809 4160 4161 3810 4161 4162 3811 4162 4163 3812 4163 4164 3813 4164 4165 3814 4165 4166 3815 4166 4167 3816 4167 4168 3817 4168 4169 3818 4169 4170 3819 4170 4171 3820 4171 4172 3821 4172 4173 3822 4173 4174 3823 4174 4175 3824 4175 4176 3825 4176 4177 3826 4177 4178 3827 4178 4179 3828 4179 4180 3829 4180 4181 3830 4181 4182 3831 4182 4183 3832 4183 4184 3833 4184 4185 3834 4185 4186 3835 4186 4187 3836 4187 4188 3837 4188 4189 3838 4189 4190 3839 4190 4191 3840 4191 4192 3841 4192 4193 3842 4193 4194 3843 4194 4195 3844 4195 4196 3845 4196 4197 3846 4197 4198 3847 4198 4199 3848 4199 4200 3849 4200 4201 3850 4201 4202 3851 4202 4203 3852 4203 4204 3853 4204 4205 3854 4205 4206 3855 4206 4207 3856 4207 4208 3857 4208 4209 3858 4209 4210 3859 4210 4211 3860 4211 4212 3861 4212 4213 3862 4213 4214 3863 4214 4215 3864 4215 4216 3865 4216 4217 3866 4217 4218 3867 4218 4219 3868 4219 4220 3869 4220 4221 3870 4221 4222 3871 4222 4223 3872 4223 4224 3873 4224 4225 3874 4225 4226 3875 4226 4227 3876 4227 4228 3877 4228 4229 3878 4229 4230 3879 4230 4231 3880 4231 4232 3881 4232 4233 3882 4233 4234 3883 4234 4235 3884 4235 4236 3885 4236 4237 3886 4237 4238 3887 4238 4239 3888 4239 4240 3889 4240 4241 3890 4241 4242 3891 4242 4243 3892 4243 4244 3893 4244 4245 3894 4245 4246 3895 4246 4247 3896 4247 4248 3897 4248 4249 3898 4249 4250 3899 4250 4251 3900 4251 4252 3901 4252 4253 3902 4253 4254 3903 4254 4255 3904 4255 4256 3905 4256 4257 3906 4257 4258 3907 4258 4259 3908 4259 4260 3909 4260 4261 3910 4261 4262 3911 4262 4263 3912 4263 4264 3913 4264 4265 3914 4265 4266 3915 4266 4267 3916 4267 4268 3917 4268 4269 3918 4269 4270 3919 4270 4271 3920 4271 4272 3921 4272 4273 3922 4273 4274 3923 4274 4275 3924 4275 4276 3925 4276 4277 3926 4277 4278 3927 4278 4279 3928 4279 4280 3929 4280 4281 3930 4281 4282 3931 4282 4283 3932 4283 4284 3933 4284 4285 3934 4285 4286 3935 4286 4287 3936 4287 4288 3937 4288 4289 3938 4289 4290 3939 4290 4291 3940 4291 4292 3941 4292 4293 3942 4293 4294 3943 4294 4295 3944 4295 4296 3945 4296 4297 3946 4297 4298 3947 4298 4299 3948 4299 4300 3949 4300 4301 3950 4301 4302 3951 4302 4303 3952 4303 4304 3953 4304 4305 3954 4305 4306 3955 4306 4307 3956 4307 4308 3957 4308 4309 3958 4309 4310 3959 4310 4311 3960 4311 4312 3961 4312 4313 3962 4313 4314 3963 4314 4315 3964 4315 4316 3965 4316 4317 3966 4317 4318 3967 4318 4319 3968 4319 4320 3969 4320 4321 3970 4321 4322 3971 4322 4323 3972 4323 4324 3973 4324 4325 3974 4325 4326 3975 4326 4327 3976 4327 4328 3977 4328 4329 3978 4329 4330 3979 4330 4331 3980 4331 4332 3981 4332 4333 3982 4333 4334 3983 4334 4335 3984 4335 4336 3985 4336 4337 3986 4337 4338 3987 4338 4339 3988 4339 4340 3989 4340 4341 3990 4341 4342 3991 4342 4343 3992 4343 4344 3993 4344 4345 3994 4345 4346 3995 4346 4347 3996 4347 4348 3997 4348 4349 3998 4349 4350 3999 4350 4351 4000 4351 4352 4001 4352 4353 4002 4353 4354 4003 4354 4355 4004 4355 4356 4005 4356 4357 4006 4357 4358 4007 4358 4359 4008 4359 4360 4009 4360 4361 4010 4361 4362 4011 4362 4363 4012 4363 4364 4013 4364 4365 4014 4365 4366 4015 4366 4367 4016 4367 4368 4017 4368 4369 4018 4369 4370 4019 4370 4371 4020 4371 4372 4021 4372 4373 4022 4373 4374 4023 4374 4375 4024 4375 4376 4025 4376 4377 4026 4377 4378 4027 4378 4379 4028 4379 4380 4029 4380 4381 4030 4381 4382 4031 4382 4383 4032 4383 4384 4033 4384 4385 4034 4385 4386 4035 4386 4387 4036 4387 4388 4037 4388 4389 4038 4389 4390 4039 4390 4391 4040 4391 4392 4041 4392 4393 4042 4393 4394 4043 4394 4395 4044 4395 4396 4045 4396 4397 4046 4397 4398 4047 4398 4399 4048 4399 4400 4049 4400 4401 4050 4401 4402 4051 4402 4403 4052 4403 4404 4053 4404 4405 4054 4405 4406 4055 4406 4407 4056 4407 4408 4057 4408 4409 4058 4409 4410 4059 4410 4411 4060 4411 4412 4061 4412 4413 4062 4413 4414 4063 4414 4415 4064 4415 4416 4065 4416 4417 4066 4417 4418 4067 4418 4419 4068 4419 4420 4069 4420 4421 4070 4421 4422 4071 4422 4423 4072 4423 4424 4073 4424 4425 4074 4425 4426 4075 4426 4427 4076 4427 4428 4077 4428 4429 4078 4429 4430 4079 4430 4431 4080 4431 4432 4081 4432 4433 4082 4433 4434 4083 4434 4435 4084 4435 4436 4085 4436 4437 4086 4437 4438 4087 4438 4439 4088 4439 4440 4089 4440 4441 4090 4441 4442 4091 4442 4443 4092 4443 4444 4093 4444 4445 4094 4445 4446 4095 4446 4447 4096 4447 4448 4097 4448 4449 4098 4449 4450 4099 4450 4451 4100 4451 4452 4101 4452 4453 4102 4453 4454 4103 4454 4455 4104 4455 4456 4105 4456 4457 4106 4457 4458 4107 4458 4459 4108 4459 4460 4109 4460 4461 4110 4461 4462 4111 4462 4463 4112 4463 4464 4113 4464 4465 4114 4465 4466 4115 4466 4467 4116 4467 4468 4117 4468 4469 4118 4469 4470 4119 4470 4471 4120 4471 4472 4121 4472 4473 4122 4473 4474 4123 4474 4475 4124 4475 4476 4125 4476 4477 4126 4477 4478 4127 4478 4479 4128 4479 4480 4129 4480 4481 4130 4481 4482 4131 4482 4483 4132 4483 4484 4133 4484 4485 4134 4485 4486 4135 4486 4487 4136 4487 4488 4137 4488 4489 4138 4489 4490 4139 4490 4491 4140 4491 4492 4141 4492 4493 4142 4493 4494 4143 4494 4495 4144 4495 4496 4145 4496 4497 4146 4497 4498 4147 4498 4499 4148 4499 4500 4149 4500 4501 4150 4501 4502 4151 4502 4503 4152 4503 4504 4153 4504 4505 4154 4505 4506 4155 4506 4507 4156 4507 4508 4157 4508 4509 4158 4509 4510 4159 4510 4511 4160 4511 4512 4161 4512 4513 4162 4513 4514 4163 4514 4515 4164 4515 4516 4165 4516 4517 4166 4517 4518 4167 4518 4519 4168 4519 4520 4169 4520 4521 4170 4521 4522 4171 4522 4523 4172 4523 4524 4173 4524 4525 4174 4525 4526 4175 4526 4527 4176 4527 4528 4177 4528 4529 4178 4529 4530 4179 4530 4531 4180 4531 4532 4181 4532 4533 4182 4533 4534 4183 4534 4535 4184 4535 4536 4185 4536 4537 4186 4537 4538 4187 4538 4539 4188 4539 4540 4189 4540 4541 4190 4541 4542 4191 4542 4543 4192 4543 4544 4193 4544 4545 4194 4545 4546 4195 4546 4547 4196 4547 4548 4197 4548 4549 4198 4549 4550 4199 4550 4551 4200 4551 4552 4201 4552 4553 4202 4553 4554 4203 4554 4555 4204 4555 4556 4205 4556 4557 4206 4557 4558 4207 4558 4559 4208 4559 4560 4209 4560 4561 4210 4561 4562 4211 4562 4563 4212 4563 4564 4213 4564 4565 4214 4565 4566 4215 4566 4567 4216 4567 4568 4217 4568 4569 4218 4569 4570 4219 4570 4571 4220 4571 4572 4221 4572 4573 4222 4573 4574 4223 4574 4575 4224 4575 4576 4225 4576 4577 4226 4577 4578 4227 4578 4579 4228 4579 4580 4229 4580 4581 4230 4581 4582 4231 4582 4583 4232 4583 4584 4233 4584 4585 4234 4585 4586 4235 4586 4587 4236 4587 4588 4237 4588 4589 4238 4589 4590 4239 4590 4591 4240 4591 4592 4241 4592 4593 4242 4593 4594 4243 4594 4595 4244 4595 4596 4245 4596 4597 4246 4597 4598 4247 4598 4599 4248 4599 4600 4249 4600 4601 4250 4601 4602 4251 4602 4603 4252 4603 4604 4253 4604 4605 4254 4605 4606 4255 4606 4607 4256 4607 4608 4257 4608 4609 4258 4609 4610 4259 4610 4611 4260 4611 4612 4261 4612 4613 4262 4613 4614 4263 4614 4615 4264 4615 4616 4265 4616 4617 4266 4617 4618 4267 4618 4619 4268 4619 4620 4269 4620 4621 4270 4621 4622 4271 4622 4623 4272 4623 4624 4273 4624 4625 4274 4625 4626 4275 4626 4627 4276 4627 4628 4277 4628 4629 4278 4629 4630 4279 4630 4631 4280 4631 4632 4281 4632 4633 4282 4633 4634 4283 4634 4635 4284 4635 4636 4285 4636 4637 4286 4637 4638 4287 4638 4639 4288 4639 4640 4289 4640 4641 4290 4641 4642 4291 4642 4643 4292 4643 4644 4293 4644 4645 4294 4645 4646 4295 4646 4647 4296 4647 4648 4297 4648 4649 4298 4649 4650 4299 4650 4651 4300 4651 4652 4301 4652 4653 4302 4653 4654 4303 4654 4655 4304 4655 4656 4305 4656 4657 4306 4657 4658 4307 4658 4659 4308 4659 4660 4309 4660 4661 4310 4661 4662 4311 4662 4663 4312 4663 4664 4313 4664 4665 4314 4665 4666 4315 4666 4667 4316 4667 4668 4317 4668 4669 4318 4669 4670 4319 4670 4671 4320 4671 4672 4321 4672 4673 4322 4673 4674 4323 4674 4675 4324 4675 4676 4325 4676 4677 4326 4677 4678 4327 4678 4679 4328 4679 4680 4329 4680 4681 4330 4681 4682 4331 4682 4683 4332 4683 4684 4333 4684 4685 4334 4685 4686 4335 4686 4687 4336 4687 4688 4337 4688 4689 4338 4689 4690 4339 4690 4691 4340 4691 4692 4341 4692 4693 4342 4693 4694 4343 4694 4695 4344 4695 4696 4345 4696 4697 4346 4697 4698 4347 4698 4699 4348 4699 4700 4349 4700 4701 4350 4701 4702 4351 4702 4703 4352 4703 4704 4353 4704 4705 4354 4705 4706 4355 4706 4707 4356 4707 4708 4357 4708 4709 4358 4709 4710 4359 4710 4711 4360 4711 4712 4361 4712 4713 4362 4713 4714 4363 4714 4715 4364 4715 4716 4365 4716 4717 4366 4717 4718 4367 4718 4719 4368 4719 4720 4369 4720 4721 4370 4721 4722 4371 4722 4723 4372 4723 4724 4373 4724 4725 4374 4725 4726 4375 4726 4727 4376 4727 4728 4377 4728 4729 4378 4729 4730 4379 4730 4731 4380 4731 4732 4381 4732 4733 4382 4733 4734 4383 4734 4735 4384 4735 4736 4385 4736 4737 4386 4737 4738 4387 4738 4739 4388 4739 4740 4389 4740 4741 4390 4741 4742 4391 4742 4743 4392 4743 4744 4393 4744 4745 4394 4745 4746 4395 4746 4747 4396 4747 4748 4397 4748 4749 4398 4749 4750 4399 4750 4751 4400 4751 4752 4401 4752 4753 4402 4753 4754 4403 4754 4755 4404 4755 4756 4405 4756 4757 4406 4757 4758 4407 4758 4759 4408 4759 4760 4409 4760 4761 4410 4761 4762 4411 4762 4763 4412 4763 4764 4413 4764 4765 4414 4765 4766 4415 4766 4767 4416 4767 4768 4417 4768 4769 4418 4769 4770 4419 4770 4771 4420 4771 4772 4421 4772 4773 4422 4773 4774 4423 4774 4775 4424 4775 4776 4425 4776 4777 4426 4777 4778 4427 4778 4779 4428 4779 4780 4429 4780 4781 4430 4781 4782 4431 4782 4783 4432 4783 4784 4433 4784 4785 4434 4785 4786 4435 4786 4787 4436 4787 4788 4437 4788 4789 4438 4789 4790 4439 4790 4791 4440 4791 4792 4441 4792 4793 4442 4793 4794 4443 4794 4795 4444 4795 4796 4445 4796 4797 4446 4797 4798 4447 4798 4799 4448 4799 4800 4449 4800 4801 4450 4801 4802 4451 4802 4803 4452 4803 4804 4453 4804 4805 4454 4805 4806 4455 4806 4807 4456 4807 4808 4457 4808 4809 4458 4809 4810 4459 4810 4811 4460 4811 4812 4461 4812 4813 4462 4813 4814 4463 4814 4815 4464 4815 4816 4465 4816 4817 4466 4817 4818 4467 4818 4819 4468 4819 4820 4469 4820 4821 4470 4821 4822 4471 4822 4823 4472 4823 4824 4473 4824 4825 4474 4825 4826 4475 4826 4827 4476 4827 4828 4477 4828 4829 4478 4829 4830 4479 4830 4831 4480 4831 4832 4481 4832 4833 4482 4833 4834 4483 4834 4835 4484 4835 4836 4485 4836 4837 4486 4837 4838 4487 4838 4839 4488 4839 4840 4489 4840 4841 4490 4841 4842 4491 4842 4843 4492 4843 4844 4493 4844 4845 4494 4845 4846 4495 4846 4847 4496 4847 4848 4497 4848 4849 4498 4849 4850 4499 4850 4851 4500 4851 4852 4501 4852 4853 4502 4853 4854 4503 4854 4855 4504 4855 4856 4505 4856 4857 4506 4857 4858 4507 4858 4859 4508 4859 4860 4509 4860 4861 4510 4861 4862 4511 4862 4863 4512 4863 4864 4513 4864 4865 4514 4865 4866 4515 4866 4867 4516 4867 4868 4517 4868 4869 4518 4869 4870 4519 4870 4871 4520 4871 4872 4521 4872 4873 4522 4873 4874 4523 4874 4875 4524 4875 4876 4525 4876 4877 4526 4877 4878 4527 4878 4879 4528 4879 4880 4529 4880 4881 4530 4881 4882 4531 4882 4883 4532 4883 4884 4533 4884 4885 4534 4885 4886 4535 4886 4887 4536 4887 4888 4537 4888 4889 4538 4889 4890 4539 4890 4891 4540 4891 4892 4541 4892 4893 4542 4893 4894 4543 4894 4895 4544 4895 4896 4545 4896 4897 4546 4897 4898 4547 4898 4899 4548 4899 4900 4549 4900 4901 4550 4901 4902 4551 4902 4903 4552 4903 4904 4553 4904 4905 4554 4905 4906 4555 4906 4907 4556 4907 4908 4557 4908 4909 4558 4909 4910 4559 4910 4911 4560 4911 4912 4561 4912 4913 4562 4913 4914 4563 4914 4915 4564 4915 4916 4565 4916 4917 4566 4917 4918 4567 4918 4919 4568 4919 4920 4569 4920 4921 4570 4921 4922 4571 4922 4923 4572 4923 4924 4573 4924 4925 4574 4925 4926 4575 4926 4927 4576 4927 4928 4577 4928 4929 4578 4929 4930 4579 4930 4931 4580 4931 4932 4581 4932 4933 4582 4933 4934 4583 4934 4935 4584 4935 4936 4585 4936 4937 4586 4937 4938 4587 4938 4939 4588 4939 4940 4589 4940 4941 4590 4941 4942 4591 4942 4943 4592 4943 4944 4593 4944 4945 4594 4945 4946 4595 4946 4947 4596 4947 4948 4597 4948 4949 4598 4949 4950 4599 4950 4951 4600 4951 4952 4601 4952 4953 4602 4953 4954 4603 4954 4955 4604 4955 4956 4605 4956 4957 4606 4957 4958 4607 4958 4959 4608 4959 4960 4609 4960 4961 4610 4961 4962 4611 4962 4963 4612 4963 4964 4613 4964 4965 4614 4965 4966 4615 4966 4967 4616 4967 4968 4617 4968 4969 4618 4969 4970 4619 4970 4971 4620 4971 4972 4621 4972 4973 4622 4973 4974 4623 4974 4975 4624 4975 4976 4625 4976 4977 4626 4977 4978 4627 4978 4979 4628 4979 4980 4629 4980 4981 4630 4981 4982 4631 4982 4983 4632 4983 4984 4633 4984 4985 4634 4985 4986 4635 4986 4987 4636 4987 4988 4637 4988 4989 4638 4989 4990 4639 4990 4991 4640 4991 4992 4641 4992 4993 4642 4993 4994 4643 4994 4995 4644 4995 4996 4645 4996 4997 4646 4997 4998 4647 4998 4999 4648 4999 5000 4649 5000 5001 4650 5001 5002 4651 5002 5003 4652 5003 5004 4653 5004 5005 4654 5005 5006 4655 5006 5007 4656 5007 5008 4657 5008 5009 4658 5009 5010 4659 5010 5011 4660 5011 5012 4661 5012 5013 4662 5013 5014 4663 5014 5015 4664 5015 5016 4665 5016 5017 4666 5017 5018 4667 5018 5019 4668 5019 5020 4669 5020 5021 4670 5021 5022 4671 5022 5023 4672 5023 5024 4673 5024 5025 4674 5025 5026 4675 5026 5027 4676 5027 5028 4677 5028 5029 4678 5029 5030 4679 5030 5031 4680 5031 5032 4681 5032 5033 4682 5033 5034 4683 5034 5035 4684 5035 5036 4685 5036 5037 4686 5037 5038 4687 5038 5039 4688 5039 5040 4689 5040 5041 4690 5041 5042 4691 5042 5043 4692 5043 5044 4693 5044 5045 4694 5045 5046 4695 5046 5047 4696 5047 5048 4697 5048 5049 4698 5049 5050 4699 5050 5051 4700 5051 5052 4701 5052 5053 4702 5053 5054 4703 5054 5055 4704 5055 5056 4705 5056 5057 4706 5057 5058 4707 5058 5059 4708 5059 5060 4709 5060 5061 4710 5061 5062 4711 5062 5063 4712 5063 5064 4713 5064 5065 4714 5065 5066 4715 5066 5067 4716 5067 5068 4717 5068 5069 4718 5069 5070 4719 5070 5071 4720 5071 5072 4721 5072 5073 4722 5073 5074 4723 5074 5075 4724 5075 5076 4725 5076 5077 4726 5077 5078 4727 5078 5079 4728 5079 5080 4729 5080 5081 4730 5081 5082 4731 5082 5083 4732 5083 5084 4733 5084 5085 4734 5085 5086 4735 5086 5087 4736 5087 5088 4737 5088 5089 4738 5089 5090 4739 5090 5091 4740 5091 5092 4741 5092 5093 4742 5093 5094 4743 5094 5095 4744 5095 5096 4745 5096 5097 4746 5097 5098 4747 5098 5099 4748 5099 5100 4749 5100 5101 4750 5101 5102 4751 5102 5103 4752 5103 5104 4753 5104 5105 4754 5105 5106 4755 5106 5107 4756 5107 5108 4757 5108 5109 4758 5109 5110 4759 5110 5111 4760 5111 5112 4761 5112 5113 4762 5113 5114 4763 5114 5115 4764 5115 5116 4765 5116 5117 4766 5117 5118 4767 5118 5119 4768 5119 5120 4769 5120 5121 4770 5121 5122 4771 5122 5123 4772 5123 5124 4773 5124 5125 4774 5125 5126 4775 5126 5127 4776 5127 5128 4777 5128 5129 4778 5129 5130 4779 5130 5131 4780 5131 5132 4779 5132 5133 4781 5133 5134 4782 5134 5135 4783 5135 5136 4784 5136 5137 4785 5137 5138 4786 5138 5139 4787 5139 5140 4788 5140 5141 4789 5141 5142 4790 5142 5143 4791 5143 5144 4792 5144 5145 4793 5145 5146 4794 5146 5147 4795 5147 5148 4796 5148 5149 4797 5149 5150 4798 5150 5151 4799 5151 5152 4799 5152 5153 4800 5153 5154 4801 5154 5155 4802 5155 5156 4803 5156 5157 4804 5157 5158 4805 5158 5159 4806 5159 5160 4807 5160 5161 4808 5161 5162 4809 5162 5163 4810 5163 5164 4811 5164 5165 4812 5165 5166 4813 5166 5167 4814 5167 5168 4815 5168 5169 4816 5169 5170 4816 5170 5171 4817 5171 5172 4818 5172 5173 4819 5173 5174 4820 5174 5175 4821 5175 5176 4822 5176 5177 4823 5177 5178 4824 5178 5179 4825 5179 5180 4826 5180 5181 4827 5181 5182 4828 5182 5183 4829 5183 5184 4830 5184 5185 4830 5185 5186 4831 5186 5187 4832 5187 5188 4833 5188 5189 4832 5189 5190 4834 5190 5191 4835 5191 5192 4836 5192 5193 4837 5193 5194 4838 5194 5195 4839 5195 5196 4840 5196 5197 4840 5197 5198 4840 5198 5199 4841 5199 5200 4841 5200 5201 4841 5201 5202 4842 5202 5203 4842 5203 5204 4842 5204 5205 4843 5205 5206 4843 5206 5207 4843 5207 5208 4844 5208 5209 4844 5209 5210 4844 5210 5211 4845 5211 5212 4845 5212 5213 4845 5213 5214 4846 5214 5215 4846 5215 5216 4846 5216 5217 4847 5217 5218 4847 5218 5219 4847 5219 5220 4848 5220 5221 4848 5221 5222 4848 5222 5223 4849 5223 5224 4849 5224 5225 4849 5225 5226 4850 5226 5227 4850 5227 5228 4850 5228 5229 4851 5229 5230 4851 5230 5231 4851 5231 5232 4852 5232 5233 4852 5233 5234 4852 5234 5235 4853 5235 5236 4853 5236 5237 4853 5237 5238 4854 5238 5239 4854 5239 5240 4854 5240 5241 4855 5241 5242 4855 5242 5243 4855 5243 5760 5372 5760 5761 5373 5761 5762 5374 5762 5763 5375 5763 5764 5376 5764 5765 5377 5765 5766 5378 5766 5767 5379 5767 5768 5380 5768 5769 5381 5769 5770 5382 5770 5771 5383 5771 5772 5384 5772 5773 5385 5773 5774 5386 5774 5775 5387 5775 5776 5388 5776 5777 5389 5777 5778 5390 5778 5779 5391 5779 5780 5392 5780 5781 5393 5781 5782 5394 5782 5783 5395 5783 5784 5396 5784 5785 5397 5785 5786 5398 5786 5787 5399 5787 5788 5400 5788 5789 5401 5789 5790 5402 5790 5791 5403 5791 5792 5404 5792 5793 5405 5793 5794 5406 5794 5795 5407 5795 5796 5408 5796 5797 5409 5797 5798 5410 5798 5799 5411 5799 5800 5412 5800 5801 5413 5801 5802 5414 5802 5803 5415 5803 5804 5416 5804 5805 5417 5805 5806 5418 5806 5807 5419 5807 5808 5420 5808 5809 5421 5809 5810 5422 5810 5811 5423 5811 5812 5424 5812 5813 5425 5813 5814 5426 5814 5815 5427 5815 5816 5428 5816 5817 5429 5817 5818 5430 5818 5819 5431 5819 5820 5432 5820 5821 5433 5821 5822 5434 5822 5823 5435 5823 5824 5436 5824 5825 5437 5825 5826 5438 5826 5827 5439 5827 5828 5440 5828 5829 5441 5829 5830 5442 5830 5831 5443 5831 5832 5444 5832 5833 5445 5833 5834 5446 5834 5835 5447 5835 5836 5448 5836 5837 5449 5837 5838 5450 5838 5839 5451 5839 5840 5452 5840 5841 5453 5841 5842 5454 5842 5843 5455 5843 5844 5456 5844 5845 5457 5845 5846 5458 5846 5847 5459 5847 5848 5460 5848 5849 5461 5849 5850 5462 5850 5851 5463 5851 5852 5464 5852 5853 5465 5853 5854 5466 5854 5855 5467 5855 5856 5468 5856 5857 5469 5857 5858 5470 5858 5859 5471 5859 5860 5472 5860 5861 5473 5861 5862 5474 5862 5863 5475 5863 5864 5476 5864 5865 5477 5865 5866 5478 5866 5867 5479 5867 5868 5480 5868 5869 5481 5869 5870 5482 5870 5871 5483 5871 5872 5484 5872 5873 5485 5873 5874 5486 5874 5875 5487 5875 5876 5488 5876 5877 5489 5877 5878 5490 5878 5879 5491 5879 6108 5720 6108 6109 5721 6109 6110 5722 6110 6111 5723 6111 6112 5724 6112 6113 5725 6113 6114 5726 6114 6115 5727 6115 6116 5728 6116 6117 5729 6117 6118 5730 6118 6119 5731 6119 6120 5732 6120 6121 5733 6121 6122 5734 6122 6123 5735 6123 6124 5736 6124 6125 5737 6125 6126 5738 6126 6127 5739 6127 6128 5740 6128 6129 5741 6129 6130 5742 6130 6131 5743 6131 6132 5744 6132 6133 5745 6133 6134 5746 6134 6135 5747 6135 6136 5748 6136 6137 5749 6137 6138 5750 6138 6139 5751 6139 6140 5752 6140 6141 5753 6141 6142 5754 6142 6143 5755 6143 6144 5756 6144 6145 5757 6145 6146 5758 6146 6147 5759 6147 6148 5760 6148 6149 5761 6149 6150 5762 6150 6151 5763 6151 6152 5764 6152 6153 5765 6153 6154 5766 6154 6155 5767 6155 6156 5768 6156 6157 5769 6157 6158 5770 6158 6159 5771 6159 6160 5772 6160 6161 5773 6161 6162 5774 6162 6163 5775 6163 6164 5776 6164 6165 5777 6165 6166 5778 6166 6167 5779 6167 6168 5780 6168 6169 5781 6169 6170 5782 6170 6171 5783 6171 6172 5784 6172 6173 5785 6173 6174 5786 6174 6175 5787 6175 6176 5788 6176 6177 5789 6177 6178 5790 6178 6179 5791 6179 6180 5792 6180 6181 5793 6181 6182 5794 6182 6183 5795 6183 6184 5796 6184 6185 5797 6185 6186 5798 6186 6187 5799 6187 6188 5800 6188 6189 5801 6189 6190 5802 6190 6191 5803 6191 6192 5804 6192 6193 5805 6193 6194 5806 6194 6195 5807 6195 6196 5808 6196 6197 5809 6197 6198 5810 6198 6199 5811 6199 6200 5812 6200 6201 5813 6201 6202 5814 6202 6203 5815 6203 6204 5816 6204 6205 5817 6205 6206 5818 6206 6207 5819 6207 6208 5820 6208 6209 5821 6209 6210 5822 6210 6211 5823 6211 6212 5824 6212 6213 5825 6213 6214 5826 6214 6215 5827 6215 6216 5828 6216 6217 5829 6217 6218 5830 6218 6219 5831 6219 6220 5832 6220 6221 5833 6221 6222 5834 6222 6223 5835 6223 6224 5836 6224 6225 5837 6225 6226 5838 6226 6227 5839 6227 6228 5840 6228 6229 5841 6229 6230 5842 6230 6231 5843 6231 6232 5844 6232 6233 5845 6233 6234 5846 6234 6235 5847 6235 6236 5848 6236 6237 5849 6237 6238 5850 6238 6239 5851 6239 6240 5852 6240 6241 5853 6241 6242 5854 6242 6243 5855 6243 6244 5856 6244 6245 5857 6245 6246 5858 6246 6247 5859 6247 6248 5860 6248 6249 5861 6249 6250 5862 6250 6251 5863 6251 6252 5864 6252 6253 5865 6253 6254 5866 6254 6255 5867 6255 6256 5868 6256 6257 5869 6257 6258 5870 6258 6259 5871 6259 6260 5872 6260 6261 5873 6261 6262 5874 6262 6263 5875 6263 6264 5876 6264 6265 5877 6265 6266 5878 6266 6267 5879 6267 6268 5880 6268 6269 5881 6269 6270 5882 6270 6271 5883 6271 6272 5884 6272 6273 5885 6273 6274 5886 6274 6275 5887 6275 6276 5888 6276 6277 5889 6277 6278 5890 6278 6279 5891 6279 6280 5892 6280 6281 5893 6281 6282 5894 6282 6283 5895 6283 6284 5896 6284 6285 5897 6285 6286 5898 6286 6287 5899 6287 6288 5900 6288 6289 5901 6289 6290 5902 6290 6291 5903 6291 6292 5904 6292 6293 5905 6293 6294 5906 6294 6295 5907 6295 6296 5908 6296 6297 5909 6297 6298 5910 6298 6299 5911 6299 6300 5912 6300 6301 5913 6301 6302 5914 6302 6303 5915 6303 6304 5916 6304 6305 5917 6305 6306 5918 6306 6307 5919 6307 6308 5920 6308 6309 5921 6309 6310 5922 6310 6311 5923 6311 6312 5924 6312 6313 5925 6313 6314 5926 6314 6315 5927 6315 6316 5928 6316 6317 5929 6317 6318 5930 6318 6319 5931 6319 6320 5932 6320 6321 5933 6321 6322 5934 6322 6323 5935 6323 6324 5936 6324 6325 5937 6325 6326 5938 6326 6327 5939 6327 6328 5940 6328 6329 5941 6329 6330 586 6330 6331 586 6331 6332 586 6332 6333 5942 6333 6334 5943 6334 6335 5944 6335 6336 5945 6336 6337 5946 6337 6338 5947 6338 6339 5948 6339 6340 5949 6340 6341 5950 6341 6342 5951 6342 6343 5952 6343 6344 5953 6344 6345 5954 6345 6346 5955 6346 6347 5956 6347 6348 5957 6348 6349 5958 6349 6350 5959 6350 6351 5960 6351 6352 5961 6352 6353 5962 6353 6354 5963 6354 6355 5964 6355 6356 5965 6356 6357 586 6357 6358 586 6358 6359 586 6359 6360 586 6360 6361 586 6361 6362 586 6362 6363 5966 6363 6364 5967 6364 6365 5968 6365 6366 586 6366 6367 586 6367 6368 586 6368 6369 5969 6369 6370 5970 6370 6371 5971 6371 6372 5972 6372 6373 5973 6373 6374 5974 6374 6375 5975 6375 6376 5976 6376 6377 5977 6377 6378 5978 6378 6379 5979 6379 6380 5980 6380 6381 5981 6381 6382 5982 6382 6383 5983 6383 6384 5984 6384 6385 5985 6385 6386 5986 6386 6387 5987 6387 6388 5988 6388 6389 5989 6389 6390 5990 6390 6391 5991 6391 6392 5992 6392 6393 5993 6393 6394 5994 6394 6395 5995 6395 6396 5996 6396 6397 5997 6397 6398 5998 6398 6399 5999 6399 6400 6000 6400 6401 6001 6401 6402 6002 6402 6403 6003 6403 6404 6004 6404 6405 6005 6405 6406 6006 6406 6407 6007 6407 6408 586 6408 6409 586 6409 6410 586 6410 6411 6008 6411 6412 6009 6412 6413 6010 6413 6414 6011 6414 6415 6011 6415 6416 6011 6416 6417 6012 6417 6418 6013 6418 6419 6014 6419 6420 6015 6420 6421 6015 6421 6422 6015 6422 6423 6016 6423 6424 6017 6424 6425 6018 6425 6426 586 6426 6427 586 6427 6428 586 6428 6429 6019 6429 6430 6020 6430 6431 6021 6431 6432 586 6432 6433 586 6433 6434 586 6434 6435 6022 6435 6436 6023 6436 6437 6024 6437 6438 586 6438 6439 586 6439 6440 586 6440 6441 6025 6441 6442 6026 6442 6443 6027 6443 6444 6028 6444 6445 6029 6445 6446 6030 6446 6447 6031 6447 6448 6032 6448 6449 6033 6449 6450 6034 6450 6451 6035 6451 6452 6036 6452 6453 6037 6453 6454 6038 6454 6455 6039 6455 6456 6040 6456 6457 6041 6457 6458 6042 6458 6459 6043 6459 6460 6044 6460 6461 6045 6461 6462 6046 6462 6463 6046 6463 6464 6046 6464 6465 6047 6465 6466 6048 6466 6467 6049 6467 6468 6050 6468 6469 6051 6469 6470 6052 6470 6471 6053 6471 6472 6054 6472 6473 6055 6473 6474 6056 6474 6475 6057 6475 6476 6058 6476 6477 6059 6477 6478 6060 6478 6479 6061 6479 6480 6062 6480 6481 6063 6481 6482 6064 6482 6483 6065 6483 6484 6066 6484 6485 6067 6485 6486 6068 6486 6487 6069 6487 6488 6070 6488 6489 586 6489 6490 586 6490 6491 586 6491 6492 6071 6492 6493 6071 6493 6494 6071 6494 6495 6072 6495 6496 6073 6496 6497 6074 6497 6498 6075 6498 6499 6075 6499 6500 6075 6500 6501 6076 6501 6502 6077 6502 6503 6078 6503 6504 6079 6504 6505 6080 6505 6506 6081 6506 6507 6082 6507 6508 6083 6508 6509 6084 6509 6510 6085 6510 6511 6086 6511 6512 6087 6512 6513 6088 6513 6514 6089 6514 6515 6090 6515 6516 6091 6516 6517 6092 6517 6518 6093 6518 6519 6094 6519 6520 6095 6520 6521 6096 6521 6522 6097 6522 6523 6098 6523 6524 6099 6524 6525 6100 6525 6526 6101 6526 6527 6102 6527 6528 6103 6528 6529 6104 6529 6530 6105 6530 6531 6106 6531 6532 6107 6532 6533 6108 6533 6534 6109 6534 6535 6110 6535 6536 6111 6536 6537 6112 6537 6538 6113 6538 6539 6114 6539 6540 6115 6540 6541 6115 6541 6542 6115 6542 6543 6116 6543 6544 6117 6544 6545 6118 6545 6546 586 6546 6547 586 6547 6548 586 6548 6549 6119 6549 6550 6120 6550 6551 6121 6551 6552 6122 6552 6553 6122 6553 6554 6122 6554 6555 6123 6555 6556 6124 6556 6557 6125 6557 6558 586 6558 6559 586 6559 6560 586 6560 6561 6126 6561 6562 6127 6562 6563 6128 6563 6564 6129 6564 6565 6129 6565 6566 6129 6566 6567 6130 6567 6568 6131 6568 6569 6132 6569 6570 586 6570 6571 586 6571 6572 586 6572 6573 6133 6573 6574 6134 6574 6575 6135 6575 6576 6136 6576 6577 6137 6577 6578 6138 6578 6579 6139 6579 6580 6140 6580 6581 6141 6581 6582 6142 6582 6583 6143 6583 6584 6144 6584 6585 6145 6585 6586 6146 6586 6587 6147 6587 6588 6148 6588 6589 6149 6589 6590 6150 6590 6591 6151 6591 6592 6152 6592 6593 6153 6593 6594 6154 6594 6595 6154 6595 6596 6154 6596 6597 6155 6597 6598 6156 6598 6599 6157 6599 6600 6158 6600 6601 6159 6601 6602 6160 6602 6603 6161 6603 6604 6162 6604 6605 6163 6605 6606 6164 6606 6607 6165 6607 6608 6166 6608 6609 6167 6609 6610 6168 6610 6611 6169 6611 6612 6170 6612 6613 6171 6613 6614 6172 6614 6615 6173 6615 6616 6174 6616 6617 6175 6617 6618 6176 6618 6619 6177 6619 6620 6178 6620 6621 6179 6621 6622 6179 6622 6623 6179 6623 6624 6180 6624 6625 6180 6625 6626 6180 6626 6627 6181 6627 6628 6182 6628 6629 6183 6629 6630 6184 6630 6631 6184 6631 6632 6184 6632 6633 6185 6633 6634 6186 6634 6635 6187 6635 6636 6188 6636 6637 6189 6637 6638 6190 6638 6639 6191 6639 6640 6192 6640 6641 6193 6641 6642 6194 6642 6643 6195 6643 6644 6196 6644 6645 6197 6645 6646 6198 6646 6647 6199 6647 6648 6200 6648 6649 6201 6649 6650 6202 6650 6651 6203 6651 6652 6204 6652 6653 6205 6653 6654 6206 6654 6655 6207 6655 6656 6208 6656 6657 6209 6657 6658 6210 6658 6659 6211 6659 6660 6212 6660 6661 6213 6661 6662 6214 6662 6663 6215 6663 6664 6216 6664 6665 6217 6665 6666 6218 6666 6667 6219 6667 6668 6220 6668 6669 6221 6669 6670 6222 6670 6671 6223 6671 6672 6224 6672 6673 6224 6673 6674 6224 6674 6675 6225 6675 6676 6226 6676 6677 6227 6677 6678 6228 6678 6679 6228 6679 6680 6228 6680 6681 6229 6681 6682 6230 6682 6683 6231 6683 6684 6232 6684 6685 6232 6685 6686 6232 6686 6687 6233 6687 6688 6234 6688 6689 6235 6689 6690 6236 6690 6691 6236 6691 6692 6236 6692 6693 6237 6693 6694 6238 6694 6695 6239 6695 6696 6240 6696 6697 6240 6697 6698 6240 6698 6699 6241 6699 6700 6242 6700 6701 6243 6701 6702 6244 6702 6703 6244 6703 6704 6244 6704 6705 6245 6705 6706 6246 6706 6707 6247 6707</p>
        </triangles>
        <triangles material="heat_gauge-material" count="2">
          <input semantic="VERTEX" source="#default_default-mesh-vertices" offset="0"/>
          <input semantic="NORMAL" source="#default_default-mesh-normals" offset="1"/>
          <input semantic="TEXCOORD" source="#default_default-mesh-map-0" offset="2" set="0"/>
          <p>6708 6248 6708 6709 6248 6709 6710 6248 6710 6711 6249 6711 6712 6249 6712 6713 6249 6713</p>
        </triangles>
      </mesh>
    </geometry>
  </library_geometries>
  <library_controllers/>
  <library_visual_scenes>
    <visual_scene id="Scene" name="Scene">
      <node id="Armature" name="Armature" type="NODE">
        <matrix sid="transform">1 0 0 0 0 1 0 0 0 0 1 0 0 0 0 1</matrix>
        <node id="Armature_gun" name="gun" sid="gun" type="JOINT">
          <matrix sid="transform">1 0 0 13.6784 0 1 0 0 0 0 1 1.064812 0 0 0 1</matrix>
          <node id="Armature_ammo" name="ammo" sid="ammo" type="JOINT">
            <matrix sid="transform">1 0 0 -10.19274 0 1 0 0 0 0 1 -8.394812 0 0 0 1</matrix>
            <extra>
              <technique profile="blender">
                <tip_x sid="tip_x" type="float">0</tip_x>
                <tip_y sid="tip_y" type="float">5.044457</tip_y>
                <tip_z sid="tip_z" type="float">0</tip_z>
              </technique>
            </extra>
          </node>
          <node id="Armature_cover" name="cover" sid="cover" type="JOINT">
            <matrix sid="transform">0.9999204 0 -0.01261849 0.2146034 0 1 0 -3.922 0.01261849 0 0.9999204 3.165188 0 0 0 1</matrix>
            <extra>
              <technique profile="blender">
                <roll sid="roll" type="float">-0.01261878</roll>
                <tip_x sid="tip_x" type="float">0</tip_x>
                <tip_y sid="tip_y" type="float">5.044457</tip_y>
                <tip_z sid="tip_z" type="float">0</tip_z>
              </technique>
            </extra>
          </node>
          <extra>
            <technique profile="blender">
              <tip_x sid="tip_x" type="float">0</tip_x>
              <tip_y sid="tip_y" type="float">5.044457</tip_y>
              <tip_z sid="tip_z" type="float">0</tip_z>
            </technique>
          </extra>
        </node>
        <node id="default_default" name="default:default" type="NODE">
          <matrix sid="transform">1 0 0 0 0 1 0 0 0 0 1 0 0 0 0 1</matrix>
          <instance_geometry url="#default_default-mesh" name="default:default">
            <bind_material>
              <technique_common>
                <instance_material symbol="ft_ammo-material" target="#ft_ammo-material">
                  <bind_vertex_input semantic="UVMap" input_semantic="TEXCOORD" input_set="0"/>
                </instance_material>
                <instance_material symbol="ft_gun-material" target="#ft_gun-material">
                  <bind_vertex_input semantic="UVMap" input_semantic="TEXCOORD" input_set="0"/>
                </instance_material>
                <instance_material symbol="ft_gun_002-material" target="#ft_gun_002-material">
                  <bind_vertex_input semantic="UVMap" input_semantic="TEXCOORD" input_set="0"/>
                </instance_material>
                <instance_material symbol="heat_gauge-material" target="#heat_gauge-material">
                  <bind_vertex_input semantic="UVMap" input_semantic="TEXCOORD" input_set="0"/>
                </instance_material>
              </technique_common>
            </bind_material>
          </instance_geometry>
        </node>
      </node>
    </visual_scene>
  </library_visual_scenes>
  <scene>
    <instance_visual_scene url="#Scene"/>
  </scene>
</COLLADA>