<?xml version="1.0" encoding="utf-8"?>
<COLLADA xmlns="http://www.collada.org/2005/11/COLLADASchema" version="1.4.1" xmlns:xsi="http://www.w3.org/2001/XMLSchema-instance">
  <asset>
    <contributor>
      <author>Blender User</author>
      <authoring_tool>Blender 4.0.2 commit date:2023-12-05, commit time:07:41, hash:9be62e85b727</authoring_tool>
    </contributor>
    <created>2025-12-06T14:17:07</created>
    <modified>2025-12-06T14:17:07</modified>
    <unit name="meter" meter="1"/>
    <up_axis>Z_UP</up_axis>
  </asset>
  <library_effects>
    <effect id="needler_dull-effect">
      <profile_COMMON>
        <technique sid="common">
          <lambert>
            <emission>
              <color sid="emission">0 0 0 1</color>
            </emission>
            <diffuse>
              <color sid="diffuse">0.8 0.8 0.8 1</color>
            </diffuse>
            <index_of_refraction>
              <float sid="ior">1.45</float>
            </index_of_refraction>
          </lambert>
        </technique>
      </profile_COMMON>
    </effect>
    <effect id="needler_gun-effect">
      <profile_COMMON>
        <technique sid="common">
          <lambert>
            <emission>
              <color sid="emission">0 0 0 1</color>
            </emission>
            <diffuse>
              <color sid="diffuse">0.8 0.8 0.8 1</color>
            </diffuse>
            <index_of_refraction>
              <float sid="ior">1.45</float>
            </index_of_refraction>
          </lambert>
        </technique>
      </profile_COMMON>
    </effect>
    <effect id="needler_luminous-effect">
      <profile_COMMON>
        <technique sid="common">
          <lambert>
            <emission>
              <color sid="emission">0 0 0 1</color>
            </emission>
            <diffuse>
              <color sid="diffuse">0.8 0.8 0.8 1</color>
            </diffuse>
            <index_of_refraction>
              <float sid="ior">1.45</float>
            </index_of_refraction>
          </lambert>
        </technique>
      </profile_COMMON>
    </effect>
    <effect id="needler_core-effect">
      <profile_COMMON>
        <technique sid="common">
          <lambert>
            <emission>
              <color sid="emission">0 0 0 1</color>
            </emission>
            <diffuse>
              <color sid="diffuse">0.8 0.8 0.8 1</color>
            </diffuse>
            <index_of_refraction>
              <float sid="ior">1.45</float>
            </index_of_refraction>
          </lambert>
        </technique>
      </profile_COMMON>
    </effect>
  </library_effects>
  <library_images/>
  <library_materials>
    <material id="needler_dull-material" name="needler_dull">
      <instance_effect url="#needler_dull-effect"/>
    </material>
    <material id="needler_gun-material" name="needler_gun">
      <instance_effect url="#needler_gun-effect"/>
    </material>
    <material id="needler_luminous-material" name="needler_luminous">
      <instance_effect url="#needler_luminous-effect"/>
    </material>
    <material id="needler_core-material" name="needler_core">
      <instance_effect url="#needler_core-effect"/>
    </material>
  </library_materials>
  <library_geometries>
    <geometry id="standard_standard-mesh" name="standard:standard">
      <mesh>
        <source id="standard_standard-mesh-positions">
          <float_array id="standard_standard-mesh-positions-array" count="4260">-4.01406 -2.212805 -4.936535 -6.786014 -1.423238 -5.585931 -3.820148 -2.013055 -5.810649 -6.21113 -1.127954 -7.030817 -3.626237 -1.459907 -6.68449 -0.08727383 0.3789157 3.774132 -0.09144395 -0.2963558 3.781477 -1.057726 0.3631539 1.717938 -1.061896 -0.3121171 1.725284 -0.993982 0.3449268 0.06220936 -0.9984501 -0.3304519 0.06955486 -1.302275 0.3304519 -1.465926 -1.306743 -0.3448192 -1.45858 0.2379976 0.2972141 -3.620331 0.2335295 -0.3781647 -3.612986 1.984096 -0.3165133 3.167994 1.988266 0.3587581 3.160648 1.048494 -0.3327034 1.099557 1.052962 0.3425676 1.092211 1.075005 -0.3412809 0.3209345 1.079473 0.3340975 0.3138602 0.8096047 -0.3553268 -1.143268 0.8140728 0.320052 -1.150613 1.296023 -0.3768779 -2.85368 1.300491 0.2983931 -2.861025 -4.01406 2.212699 -4.936535 -6.786014 1.423131 -5.585931 -3.820148 2.012948 -5.810649 -6.21113 1.127847 -7.030817 -3.626237 1.4598 -6.68449 3.886277 -2.122633 0.9104773 3.45854 -1.995256 1.143085 3.317351 -1.484889 1.01658 2.598596 -1.616555 1.523147 2.704638 -0.8204472 1.15832 1.926608 -0.9446079 1.725011 2.422259 0 1.323458 1.431552 0 1.903208 1.431552 1.03553 1.903208 2.704638 0.8203402 1.15832 2.598596 1.616448 1.523147 3.317351 1.484782 1.01658 3.45854 1.995149 1.143085 3.886277 2.122526 0.9104773 0.4274413 2.268024 2.685367 1.431552 2.084249 1.893958 -4.01406 -2.212805 -4.936535 -3.998868 -1.97928 -4.805676 -6.786014 -1.423238 -5.585931 -6.795546 -1.07288e-4 -5.570696 -7.437449 -0.8993611 -5.715157 -7.447577 -1.07288e-4 -5.706724 -7.711786 -1.07288e-4 -5.8267 -7.437449 0.8992542 -5.715157 -6.786014 1.423131 -5.585931 -3.998868 1.979173 -4.805676 -4.01406 2.212699 -4.936535 -7.437449 -0.8993611 -5.715157 -6.825928 -0.7490387 -7.011774 -7.711786 -1.07288e-4 -5.8267 -7.081796 -1.07288e-4 -6.984024 -6.825928 0.7489317 -7.011774 -7.437449 0.8992542 -5.715157 1.984096 -0.3165133 3.167994 -0.09144395 -0.2963558 3.781477 1.048494 -0.3327034 1.099557 -1.061896 -0.3121171 1.725284 -0.9984501 -0.3304519 0.06955486 1.075005 -0.3412809 0.3209345 0.8096047 -0.3553268 -1.143268 -1.306743 -0.3448192 -1.45858 1.296023 -0.3768779 -2.85368 0.2335295 -0.3781647 -3.612986 3.45854 -1.995256 -1.143268 2.598596 -1.616555 -1.523329 1.746994 -2.182891 -1.782054 1.703803 -0.9446079 -1.848163 0.2293594 -2.363021 -2.414038 0.08906346 -1.07288e-4 -3.053912 1.670739 0 -1.872376 1.703803 0.9445008 -1.848163 0.2293594 2.362914 -2.414038 -1.423209 2.171097 -3.707661 -1.500059 -1.07288e-4 -4.016988 -4.011677 -1.07288e-4 -4.784184 -1.423209 -2.171204 -3.707661 1.746994 2.182784 -1.782054 2.598596 1.616448 -1.523329 3.45854 1.995149 -1.143268 0.2379976 0.2972141 -3.620331 1.300491 0.2983931 -2.861025 -1.302275 0.3304519 -1.465926 0.8140728 0.320052 -1.150613 -0.993982 0.3449268 0.06220936 1.079473 0.3340975 0.3138602 1.052962 0.3425676 1.092211 -1.057726 0.3631539 1.717938 -0.08727383 0.3789157 3.774132 1.988266 0.3587581 3.160648 1.431552 -2.084356 1.893958 1.431552 -1.035637 1.903208 0.4274413 -1.07288e-4 2.685367 -0.5528405 2.369561 3.421548 -0.5528405 -1.07288e-4 3.421548 -1.719587 -1.07288e-4 3.927027 -1.689801 2.228674 3.948247 -2.886036 -1.07288e-4 4.432778 -2.826462 2.087787 4.404756 -4.1201 1.853512 4.737208 -4.1201 -1.07288e-4 4.775568 -5.530205 -1.07288e-4 4.984234 -5.530205 1.496577 5.047896 -6.162578 1.26734 5.117269 -6.162578 -1.07288e-4 5.117269 -6.709462 1.038962 5.161614 -6.692483 -1.07288e-4 5.157805 -7.106222 0.7104397 5.205687 -7.287623 0.3552199 5.201334 -7.317409 -1.07288e-4 5.196982 -7.287623 -0.3553268 5.201334 -7.106222 -0.7105466 5.205687 -6.709462 -1.039069 5.161614 -6.162578 -1.267447 5.117269 -5.530205 -1.496683 5.047896 -4.1201 -1.853619 4.737208 -2.826462 -2.087894 4.404756 -1.689801 -2.228781 3.948247 -0.5528405 -2.369668 3.421548 0.4274413 -2.268131 2.685367 3.886277 -2.122633 -0.9109326 3.317351 -1.484889 -1.016762 2.704638 -0.8204472 -1.158775 2.422259 0 -1.323641 2.704638 0.8203402 -1.158775 3.317351 1.484782 -1.016762 3.886277 2.122526 -0.9109326 -2.732634 -1.07288e-4 -7.321916 -2.818718 -0.5742701 -6.981575 -2.98046 -1.07288e-4 -7.393466 -3.626237 -1.459907 -6.68449 -6.21113 -1.127954 -7.030817 -5.702968 -1.07288e-4 -7.373334 -6.825928 -0.7490387 -7.011774 -6.825928 0.7489317 -7.011774 -6.21113 1.127847 -7.030817 -3.626237 1.4598 -6.68449 -2.818718 0.574163 -6.981575 -4.01406 2.212699 -4.936535 -3.998868 1.979173 -4.805676 -3.95538 2.367417 -4.731678 -3.938103 2.117916 -4.651965 -3.998868 1.979173 -4.805676 -1.416358 2.287431 -3.570545 -1.423209 2.171097 -3.707661 0.1825943 2.457053 -2.293518 0.2293594 2.362914 -2.414038 1.705591 2.291826 -1.667791 1.746994 2.182784 -1.782054 3.45854 1.995149 -1.143268 6.389256 0.5901385 3.74339 6.583168 0 3.832079 6.670444 0 4.079379 6.389256 -0.5902458 3.74339 9.212146 1.158297 -1.038799 9.206785 0.6377444 -1.036894 8.06625 1.257369 -1.273582 7.843148 0 -1.187885 7.516388 1.304224 -1.316022 7.297454 0 -1.026012 6.95044 1.35065 -1.191965 11.2579 -1.077024 -0.668259 11.12565 -0.6987525 -0.7792577 9.863286 -1.238927 -0.6508477 9.206785 -0.6378513 -1.036894 9.212146 -1.158404 -1.038799 8.06625 -1.257476 -1.273582 7.516388 -1.304331 -1.316022 6.95044 -1.350757 -1.191965 6.389256 0.5901385 -3.743844 6.670444 0 -4.079833 6.583168 0 -3.832262 6.389256 -0.5902458 -3.743844 9.212146 -1.158404 1.038616 9.206785 -0.6378513 1.03644 8.06625 -1.257476 1.273128 7.843148 0 1.187702 7.516388 -1.304331 1.315568 7.297454 0 1.025557 6.95044 -1.350757 1.191784 11.2582 1.076917 0.6680772 11.12565 0.6986451 0.7788032 9.863286 1.23882 0.6506652 9.206785 0.6377444 1.03644 9.212146 1.158297 1.038616 8.06625 1.257369 1.273128 7.516388 1.304224 1.315568 6.95044 1.35065 1.191784 9.201722 0 1.040792 9.788223 0 1.82676 9.206785 0.6377444 1.03644 10.53647 0.3202662 1.82812 10.53438 0 1.831657 10.53647 -0.3203731 1.82812 9.206785 -0.6378513 1.03644 11.12565 -0.6987525 0.7788032 9.863286 -1.238927 0.6506652 11.2582 -1.077024 0.6680772 -6.235853 -1.378634 5.076461 -6.140833 -1.672203 5.1676 -5.530205 -1.626741 4.997293 -5.530205 -1.878386 5.097953 -4.16627 -1.973491 4.696401 -4.208269 -2.214843 4.807671 -2.869058 -2.209589 4.359323 4.305675 -0.7116189 5.128423 4.578521 -0.8532564 4.948322 4.267547 -0.3616527 4.718436 4.928217 -0.8367446 4.76387 4.907367 -0.3393512 4.398771 5.231745 -0.6795602 4.666202 5.356849 -0.4252343 4.672731 -6.235853 -1.378634 5.076461 -6.346659 -1.602617 5.190996 -5.828073 -1.368341 6.08225 -5.986836 -1.512123 6.085514 -5.51829 -1.211478 6.579296 -5.670799 -1.341643 6.530324 4.219294 -0.4698377 5.230173 4.267547 -0.3616527 4.718436 4.341716 -0.2223741 5.234797 4.640477 -1.07288e-4 5.127879 4.907367 -0.3393512 4.398771 4.99613 -1.07288e-4 4.955124 5.271359 -0.1901008 4.779649 4.414991 -1.520486 4.525821 4.122188 -1.479528 4.723061 4.079891 -1.34486 4.115833 3.411178 -1.501615 4.316066 3.664663 -2.030424 4.176774 3.38735 -2.024527 4.399043 10.03545 2.046508 0.179737 9.985411 2.114914 0.0597611 8.339097 2.150511 0.179737 8.421607 2.222456 0.0597611 6.30228 2.456839 0.1193411 6.315683 2.538969 -9.16421e-5 5.365785 2.375566 0.1193411 5.347615 2.455015 -9.16421e-5 4.592224 1.56777 0.179737 4.547543 1.620201 0.07091462 10.03545 -2.046614 -0.1801922 9.985411 -2.115021 -0.06021559 8.339097 -2.150618 -0.1801922 8.421607 -2.222563 -0.06021559 6.30228 -2.456945 -0.1197956 6.315683 -2.539076 -9.16421e-5 5.365785 -2.375673 -0.1197956 5.347615 -2.455123 -9.16421e-5 4.592224 -1.567877 -0.1801922 4.547543 -1.620308 -0.07136982 6.30228 -2.456945 0.1193411 5.365785 -2.375673 0.1193411 5.347615 -2.455123 -9.16421e-5 4.592224 -1.567877 0.179737 4.547543 -1.620308 0.07091462 -3.95538 2.367417 -4.731678 -4.01406 2.212699 -4.936535 -3.926785 2.365916 -4.856279 -3.820148 2.012948 -5.810649 -3.713809 2.14322 -5.790245 -3.626237 1.4598 -6.68449 -3.500834 1.567341 -6.723939 -2.818718 0.574163 -6.981575 -2.679316 0.6545782 -7.012861 -2.732634 -1.07288e-4 -7.321916 -2.58519 -1.07288e-4 -7.384489 -2.679316 -0.6546851 -7.012861 -2.818718 -0.5742701 -6.981575 -3.500834 -1.567448 -6.723939 -3.626237 -1.459907 -6.68449 -3.713809 -2.143327 -5.790245 -3.820148 -2.013055 -5.810649 -3.926785 -2.366023 -4.856279 -4.01406 -2.212805 -4.936535 -3.95538 -2.367524 -4.731678 -6.346659 1.60251 5.190996 -6.235853 1.378527 5.076461 -6.959075 1.311622 5.238334 -6.801801 1.129991 5.121351 -7.381748 0.9735573 5.285672 -7.197964 0.803721 5.166239 -7.642383 0.4601885 5.283768 -7.411535 0.3906023 5.162431 -7.711786 -1.07288e-4 5.28159 -7.453535 -1.07288e-4 5.158349 -7.411535 -0.3907094 5.162431 -7.642383 -0.4602954 5.283768 -7.197964 -0.8038281 5.166239 -7.381748 -0.9736644 5.285672 -6.801801 -1.130098 5.121351 -6.959075 -1.311729 5.238334 -6.346659 -1.602617 5.190996 4.399205 -1.931568 -0.2261691 3.96819 -2.204871 -0.9571821 3.886277 -2.122633 -0.9109326 3.264628 -2.250976 -1.220804 3.45854 -1.995256 -1.143268 1.705591 -2.291934 -1.667791 1.734781 -2.553336 -1.719481 0.1825943 -2.45716 -2.293518 0.2049341 -2.725103 -2.322627 -1.416358 -2.287538 -3.570545 -1.413677 -2.546367 -3.624956 -3.938103 -2.118023 -4.651965 1.698144 -2.666131 -1.829119 3.191353 -2.476567 -1.44008 4.399205 1.931461 -0.2261691 3.96819 2.204764 -0.9571821 3.886277 2.122526 -0.9109326 3.264628 2.250869 -1.220804 3.45854 1.995149 -1.143268 1.705591 2.291826 -1.667791 1.734781 2.553229 -1.719481 0.1825943 2.457053 -2.293518 0.2049341 2.724995 -2.322627 -1.416358 2.287431 -3.570545 -1.413677 2.54626 -3.624956 -3.938103 2.117916 -4.651965 3.191353 2.47646 -1.44008 1.698144 2.666024 -1.829119 4.547543 1.620201 -0.07136982 5.347615 2.455015 -9.16421e-5 4.592224 1.56777 -0.1801922 5.365785 2.375566 -0.1197956 6.30228 2.456839 -0.1197956 8.421607 2.222456 -0.06021559 8.339097 2.150511 -0.1801922 9.985411 2.114914 -0.06021559 10.03545 2.046508 -0.1801922 -4.01406 -2.212805 -4.936535 -3.95538 -2.367524 -4.731678 -3.998868 -1.97928 -4.805676 -3.938103 -2.118023 -4.651965 -1.416358 -2.287538 -3.570545 -1.423209 -2.171204 -3.707661 0.1825943 -2.45716 -2.293518 0.2293594 -2.363021 -2.414038 1.705591 -2.291934 -1.667791 1.746994 -2.182891 -1.782054 3.45854 -1.995256 -1.143268 11.2579 1.076917 -0.668259 11.12565 0.6986451 -0.7792577 10.53527 0.4787371 -2.408053 10.53647 0.3202662 -1.828303 10.532 0 -2.565573 10.53438 0 -1.83184 10.53647 -0.3203731 -1.828303 10.53527 -0.4788444 -2.408053 11.12565 -0.6987525 -0.7792577 11.2579 -1.077024 -0.668259 11.2582 1.076917 0.6680772 11.12565 0.6986451 0.7788032 10.53527 0.4787371 2.407871 10.53647 0.3202662 1.82812 10.532 0 2.565391 10.53438 0 1.831657 10.53647 -0.3203731 1.82812 10.53527 -0.4788444 2.407871 11.12565 -0.6987525 0.7788032 11.2582 -1.077024 0.6680772 -5.530205 1.404046 6.521075 -5.51829 1.211371 6.579296 -4.208269 1.72013 6.386951 -4.196355 1.527563 6.445172 -2.886036 1.876564 6.23052 -2.874419 1.718307 6.250652 -1.731204 1.93918 6.198961 2.422259 0 -1.323641 2.704638 0.8203402 -1.158775 2.674254 0 -0.7286556 2.909868 0.8458585 -0.7286556 2.52681 0 -9.16421e-5 2.782679 0.920162 -9.16421e-5 2.909868 0.8458585 0.7282004 2.674254 0 0.7282004 2.704638 0.8203402 1.15832 2.422259 0 1.323458 9.206785 0.6377444 -1.036894 9.863286 1.23882 -0.6508477 11.12565 0.6986451 -0.7792577 11.2579 1.076917 -0.668259 3.317351 1.484782 1.01658 3.528837 1.464946 0.7282004 3.886277 2.122526 0.9104773 4.399205 1.931461 0.2257146 3.857682 1.736856 0.09621602 3.977127 1.779637 -9.16421e-5 4.399205 1.847936 -9.16421e-5 4.005424 1.78993 -0.1317657 4.399205 1.931461 -0.2261691 3.528837 1.464946 -0.7286556 3.886277 2.122526 -0.9109326 3.317351 1.484782 -1.016762 10.53647 0.3202662 -1.828303 9.788223 0 -1.827215 10.53438 0 -1.83184 10.53647 -0.3203731 -1.828303 9.206785 -0.6378513 -1.036894 -4.208269 2.214736 4.807671 -2.869058 2.209482 4.359323 -2.886036 2.458339 4.454271 -1.730311 2.347581 3.895741 -1.731204 2.602979 3.970012 -0.5915635 2.485788 3.361968 -0.5763717 2.747512 3.415563 0.4274413 2.376209 2.61028 0.4274413 2.644259 2.633404 1.431552 2.084249 1.893958 1.431552 2.365272 1.852334 1.431552 2.478711 1.89695 3.264628 2.250869 1.220348 3.191353 2.47646 1.439626 3.96819 2.204764 0.9569995 3.886277 2.122526 0.9104773 4.399205 1.931461 0.2257146 3.45854 1.995149 1.143085 -2.869058 2.209482 4.359323 -4.208269 2.214736 4.807671 -4.16627 1.973384 4.696401 -5.530205 1.878279 5.097953 -5.530205 1.626634 4.997293 -6.140833 1.672095 5.1676 -2.886036 1.790788 6.357296 -2.874419 1.718307 6.250652 -4.208269 1.595004 6.557529 -4.196355 1.527563 6.445172 -5.530205 1.272594 6.694101 -5.51829 1.211371 6.579296 -6.346659 0.9051509 6.754498 -6.367808 0.8338496 6.63561 -6.840226 0.4151557 6.73491 -6.801503 0.3970355 6.602419 -6.935245 -1.07288e-4 6.756402 -6.905459 -1.07288e-4 6.626903 -4.208269 -2.214843 4.807671 -2.869058 -2.209589 4.359323 -2.886036 -2.458446 4.454271 -1.730311 -2.347688 3.895741 -1.731204 -2.603086 3.970012 -0.5915635 -2.485895 3.361968 -0.5763717 -2.747619 3.415563 0.4274413 -2.376316 2.61028 0.4274413 -2.644366 2.633404 1.431552 -2.084356 1.893958 1.431552 -2.36538 1.852334 1.431552 -2.478818 1.89695 3.264628 -2.250976 1.220348 3.191353 -2.476567 1.439626 3.96819 -2.204871 0.9569995 3.886277 -2.122633 0.9104773 4.399205 -1.931568 0.2257146 3.45854 -1.995256 1.143085 9.985411 2.114914 -0.06021559 9.985411 2.114914 0.0597611 10.03545 2.046508 -0.1801922 10.03545 2.046508 0.179737 10.03545 0 -0.5812012 10.03545 0 0.5810186 10.03545 -2.046614 0.179737 10.03545 -2.046614 -0.1801922 9.985411 -2.115021 0.0597611 9.985411 -2.115021 -0.06021559 0.02085191 0.7645857 6.653566 0.1471482 0.5279511 6.698454 -0.2150588 0.4654419 6.318121 0.03812831 0.2805948 6.75477 -0.2710581 0.1269485 6.845365 -0.9153448 0.4710175 6.464487 -0.6570942 0.1296293 6.931063 -0.9746209 0.2883144 6.971055 1.637378 1.044751 6.081977 1.931076 0.8389965 6.05858 1.660314 1.039712 5.508485 2.307282 0.7728416 5.955745 2.345409 0.9244509 5.337363 2.621235 0.8633349 5.813732 2.748721 1.07681 5.678791 2.639702 1.314517 5.583301 1.535507 1.285675 5.995736 1.660314 1.039712 5.508485 1.654059 1.489821 5.848555 1.958777 1.566591 5.679336 2.345409 0.9244509 5.337363 2.337962 1.503867 5.586293 -5.22638 0.4270576 7.208831 -4.906173 0.2797369 7.26297 -5.045277 0.5201243 6.691109 -4.5112 0.2844546 7.280109 -4.330395 0.5283799 6.721035 -4.191886 0.443998 7.261609 -4.073633 0.6839562 7.16258 -4.189206 0.9092253 7.069267 2.623916 0.2638686 5.980772 2.743956 -1.07288e-4 5.975603 2.326048 -1.07288e-4 5.601256 2.623916 -0.2639756 5.980772 2.314431 -0.4169782 6.064566 1.648697 -1.07288e-4 5.831415 1.94031 -0.4170855 6.192161 1.645123 -0.2650477 6.318394 -2.447575 0.243175 7.195772 -2.779102 0.4209455 7.198765 -2.643572 -1.07288e-4 6.73736 -3.174074 0.4210528 7.220257 -3.358155 -1.07288e-4 6.775718 -3.493686 0.2644047 7.254263 -3.595556 -1.07288e-4 7.306226 -3.493686 -0.2645117 7.254263 4.360781 1.81309 4.115561 4.500181 1.641109 4.286141 4.079891 1.344753 4.115833 4.414991 1.520379 4.525821 4.122188 1.479421 4.723061 3.411178 1.501509 4.316066 3.754918 1.570236 4.838413 3.445434 1.743719 4.812839 4.037296 1.951832 4.069313 4.079891 1.344753 4.115833 3.664663 2.030318 4.176774 3.411178 1.501509 4.316066 3.38735 2.02442 4.399043 3.306925 1.908194 4.634099 -1.094066 0.5376011 6.956907 -0.9153448 0.4710175 6.464487 -0.9921945 0.7733777 6.867402 -0.6847955 0.9229496 6.769461 -0.2150588 0.4654419 6.318121 -0.2987594 0.9175885 6.682404 -0.512033 1.867772 6.158153 -0.8358144 1.994077 6.078712 -0.6940298 1.391608 5.979958 -1.230489 1.999652 6.103743 -1.40772 1.405761 6.028383 -1.544739 1.890824 6.230248 -1.657928 1.70855 6.410347 -1.528952 1.518663 6.570316 -2.542595 -1.039819 6.930246 -2.421363 -1.253723 6.794764 -2.702549 -0.9967167 6.405995 -2.542595 -1.468699 6.658735 -2.862504 -1.585354 6.555898 -3.418027 -0.9967167 6.405995 -3.258073 -1.58707 6.557529 -3.577982 -1.472988 6.669888 -5.222806 -0.8844573 7.004789 -4.902003 -1.025988 6.948746 -5.045277 -0.5202312 6.691109 -4.507626 -1.040141 6.98112 -4.330395 -0.5284872 6.721035 -4.189206 -0.9093324 7.069267 -4.073633 -0.6840633 7.16258 -4.191886 -0.4441049 7.261609 -3.683129 -1.273666 6.844821 -3.418027 -0.9967167 6.405995 -3.577982 -1.062764 6.956907 -3.28488 -0.9321703 7.026554 -2.702549 -0.9967167 6.405995 -2.862504 -0.9084746 7.017303 -0.4989266 -1.473631 6.464487 -0.8140706 -1.356333 6.582288 -0.6940298 -1.391715 5.979958 -1.207554 -1.370164 6.620919 -1.40772 -1.405868 6.028383 -1.528952 -1.518771 6.570316 -1.657928 -1.708657 6.410347 -1.544739 -1.890931 6.230248 6.670444 0 4.079379 6.467597 0.529452 4.018438 6.389256 0.5901385 3.74339 6.275769 1.015695 3.844322 6.084836 1.151864 3.517585 5.740204 1.444789 3.571451 5.383954 1.47717 3.130449 5.267786 1.802797 3.213426 4.950855 1.71434 2.683191 4.873409 2.075779 2.784394 4.572862 2.249797 2.311835 4.693499 1.889538 2.272387 4.5118 2.064521 1.769085 4.381332 2.310912 1.776158 4.314015 2.249797 1.1994 6.670444 0 -4.079833 6.467597 0.529452 -4.01862 6.389256 0.5901385 -3.743844 6.275769 1.015695 -3.844505 6.084836 1.151864 -3.518038 5.740204 1.444789 -3.571633 5.383954 1.47717 -3.130632 5.267786 1.802797 -3.213609 4.950855 1.71434 -2.683373 4.873409 2.075779 -2.784578 4.572862 2.249797 -2.312017 4.693499 1.889538 -2.272569 4.5118 2.064521 -1.769267 4.381332 2.310912 -1.776612 4.314015 2.249797 -1.199855 4.314015 -2.249904 1.1994 4.381332 -2.311019 1.776158 4.5118 -2.064628 1.769085 4.572862 -2.249904 2.311835 4.693499 -1.889645 2.272387 4.950855 -1.714447 2.683191 4.873409 -2.075886 2.784394 5.267786 -1.802904 3.213426 5.383954 -1.477277 3.130449 5.740204 -1.444896 3.571451 6.084836 -1.151971 3.517585 6.275769 -1.015802 3.844322 6.389256 -0.5902458 3.74339 6.467597 -0.5295593 4.018438 6.670444 0 4.079379 4.314015 -2.249904 -1.199855 4.381332 -2.311019 -1.776612 4.5118 -2.064628 -1.769267 4.572862 -2.249904 -2.312017 4.693499 -1.889645 -2.272569 4.950855 -1.714447 -2.683373 4.873409 -2.075886 -2.784578 5.267786 -1.802904 -3.213609 5.383954 -1.477277 -3.130632 5.740204 -1.444896 -3.571633 6.084836 -1.151971 -3.518038 6.275769 -1.015802 -3.844505 6.389256 -0.5902458 -3.743844 6.467597 -0.5295593 -4.01862 6.670444 0 -4.079833 -3.95538 -2.367524 -4.731678 -1.413677 -2.546367 -3.624956 -3.926785 -2.366023 -4.856279 -1.229893 -2.670099 -4.105406 -3.713809 -2.143327 -5.790245 -1.029131 -2.558376 -4.781464 -0.7363275 -2.212055 -5.497785 -3.500834 -1.567448 -6.723939 -0.4158214 -1.576026 -6.23832 -2.679316 -0.6546851 -7.012861 0.01787316 -1.07288e-4 -6.976406 -2.58519 -1.07288e-4 -7.384489 -2.679316 0.6545782 -7.012861 -0.4158214 1.575919 -6.23832 -3.500834 1.567341 -6.723939 -0.7363275 2.211948 -5.497785 -3.713809 2.14322 -5.790245 -1.029131 2.558268 -4.781464 -1.229893 2.669991 -4.105406 -3.926785 2.365916 -4.856279 -1.413677 2.54626 -3.624956 -3.95538 2.367417 -4.731678 0.2049341 2.724995 -2.322627 0.5856082 2.801014 -3.476958 0.965985 2.619169 -4.326315 1.187003 2.206801 -4.941704 1.407723 1.584497 -5.700739 1.698144 0 -6.372987 1.407723 -1.584604 -5.700739 1.187003 -2.206908 -4.941704 0.965985 -2.619277 -4.326315 0.5856082 -2.801121 -3.476958 0.2049341 -2.725103 -2.322627 1.698144 -2.666131 -1.829119 1.978138 -2.704516 -2.982634 2.354345 -2.555159 -3.910887 2.700169 -2.117809 -4.528724 3.100503 -1.447362 -5.138672 3.546113 0 -5.697202 3.100503 1.447255 -5.138672 2.700169 2.117702 -4.528724 2.354345 2.555052 -3.910887 1.978138 2.70441 -2.982634 1.698144 2.666024 -1.829119 10.03545 2.046508 -0.1801922 10.03545 0 -0.5812012 8.339097 2.150511 -0.1801922 5.907903 -1.07288e-4 -1.121231 6.30228 2.456839 -0.1197956 5.365785 2.375566 -0.1197956 4.592224 1.56777 -0.1801922 10.03545 -2.046614 0.179737 10.03545 0 0.5810186 8.339097 -2.150618 0.179737 5.907903 -1.07288e-4 1.120777 6.30228 -2.456945 0.1193411 5.365785 -2.375673 0.1193411 4.592224 -1.567877 0.179737 4.399205 -1.931568 -0.2261691 3.96819 -2.204871 -0.9571821 4.314015 -2.249904 -1.199855 3.191353 -2.476567 -1.44008 4.381332 -2.311019 -1.776612 3.370669 -2.521706 -2.594955 4.572862 -2.249904 -2.312017 4.873409 -2.075886 -2.784578 3.742407 -2.329997 -3.399423 5.267786 -1.802904 -3.213609 4.213634 -1.904977 -4.018076 5.740204 -1.444896 -3.571633 4.793282 -1.167947 -4.535525 6.275769 -1.015802 -3.844505 6.467597 -0.5295593 -4.01862 5.394083 0 -4.836691 6.670444 0 -4.079833 6.467597 0.529452 -4.01862 4.793282 1.16784 -4.535525 6.275769 1.015695 -3.844505 5.740204 1.444789 -3.571633 4.213634 1.90487 -4.018076 5.267786 1.802797 -3.213609 3.742407 2.32989 -3.399423 4.873409 2.075779 -2.784578 3.370669 2.5216 -2.594955 4.572862 2.249797 -2.312017 4.381332 2.310912 -1.776612 3.191353 2.47646 -1.44008 4.314015 2.249797 -1.199855 3.96819 2.204764 -0.9571821 4.399205 1.931461 -0.2261691 9.201722 0 -1.040975 1.535507 -1.285782 5.995736 1.637378 -1.044858 6.081977 1.660314 -1.039819 5.508485 1.931076 -0.8391034 6.05858 2.307282 -0.7729486 5.955745 2.345409 -0.9245576 5.337363 2.621235 -0.8634424 5.813732 10.03545 2.046508 0.179737 8.339097 2.150511 0.179737 6.30228 2.456839 0.1193411 5.365785 2.375566 0.1193411 4.592224 1.56777 0.179737 10.03545 -2.046614 -0.1801922 8.339097 -2.150618 -0.1801922 6.30228 -2.456945 -0.1197956 5.365785 -2.375673 -0.1197956 4.592224 -1.567877 -0.1801922 3.306925 -1.908301 4.634099 3.411178 -1.501615 4.316066 3.445434 -1.743825 4.812839 3.754918 -1.570343 4.838413 4.037296 -1.951939 4.069313 4.079891 -1.34486 4.115833 4.360781 -1.813197 4.115561 4.500181 -1.641216 4.286141 -5.986836 1.512016 6.085514 -5.670799 1.341536 6.530324 -6.367808 0.8338496 6.63561 -6.379723 1.026417 6.577391 -6.801503 0.3970355 6.602419 -6.860481 0.5531479 6.554537 -6.981415 0.4145123 6.556169 -6.905459 -1.07288e-4 6.626903 -7.078519 -1.07288e-4 6.576031 -6.981415 -0.4146194 6.556169 -6.801503 -0.3971426 6.602419 -6.860481 -0.5532548 6.554537 -6.379723 -1.026524 6.577391 -6.367808 -0.8339569 6.63561 -5.670799 -1.341643 6.530324 -5.51829 -1.211478 6.579296 -6.935245 -1.07288e-4 6.756402 -6.840226 -0.4152628 6.73491 -6.346659 -0.905258 6.754498 -5.530205 -1.272701 6.694101 -4.196355 -1.52767 6.445172 -4.208269 -1.595111 6.557529 -2.874419 -1.718414 6.250652 -2.886036 -1.790895 6.357296 -6.140833 -1.672203 5.1676 -6.235853 -1.378634 5.076461 -5.831051 -1.554904 6.078985 -5.828073 -1.368341 6.08225 -5.530205 -1.404152 6.521075 -4.208269 -1.720237 6.386951 -2.886036 -1.876671 6.23052 -2.874419 -1.718414 6.250652 -1.731204 -1.939287 6.198961 2.704638 -0.8204472 1.15832 2.909868 -0.8459656 0.7282004 3.317351 -1.484889 1.01658 3.528837 -1.465053 0.7282004 3.886277 -2.122633 0.9104773 4.399205 -1.931568 0.2257146 3.856193 -1.736535 0.0959441 3.962233 -1.774812 -9.16421e-5 4.399205 -1.848043 -9.16421e-5 4.001552 -1.788751 -0.1309499 4.399205 -1.931568 -0.2261691 3.528837 -1.465053 -0.7286556 3.886277 -2.122633 -0.9109326 3.317351 -1.484889 -1.016762 2.909868 -0.8459656 -0.7286556 2.704638 -0.8204472 -1.158775 2.422259 0 1.323458 2.674254 0 0.7282004 2.52681 0 -9.16421e-5 2.782679 -0.9202689 -9.16421e-5 2.674254 0 -0.7286556 2.422259 0 -1.323641 3.454668 -1.592216 -9.16421e-5 5.231745 0.6794531 4.666202 4.907367 0.339244 4.398771 4.928217 0.8366373 4.76387 4.267547 0.3615458 4.718436 4.578521 0.8531492 4.948322 4.305675 0.7115119 5.128423 4.219294 0.4697308 5.230173 4.341716 0.2222672 5.234797 5.356849 0.4251272 4.672731 4.907367 0.339244 4.398771 5.271359 0.1899939 4.779649 4.99613 -1.07288e-4 4.955124 4.640477 -1.07288e-4 5.127879 4.267547 0.3615458 4.718436 -2.341535 -1.07288e-4 7.205295 -2.643572 -1.07288e-4 6.73736 -2.447575 -0.2432819 7.195772 -2.779102 -0.4210528 7.198765 -3.174074 -0.4211599 7.220257 -3.358155 -1.07288e-4 6.775718 2.326048 -1.07288e-4 5.601256 2.314431 0.4168711 6.064566 1.648697 -1.07288e-4 5.831415 1.94031 0.4169784 6.192161 1.645123 0.2649408 6.318394 1.552784 -1.07288e-4 6.391848 -2.542595 1.468592 6.658735 -2.421363 1.253616 6.794764 -2.702549 0.9966094 6.405995 -2.542595 1.039712 6.930246 -2.862504 0.9083677 7.017303 -3.28488 0.9320632 7.026554 -3.418027 0.9966094 6.405995 -3.577982 1.062657 6.956907 -3.683129 1.273559 6.844821 -3.418027 0.9966094 6.405995 -3.577982 1.472881 6.669888 -3.258073 1.586963 6.557529 -2.862504 1.585247 6.555898 -2.702549 0.9966094 6.405995 -0.3893114 1.671023 6.308599 -0.6940298 1.391608 5.979958 -0.4989266 1.473524 6.464487 -0.8140706 1.356225 6.582288 -1.207554 1.370057 6.620919 -1.40772 1.405761 6.028383 -5.346123 0.6689452 7.126398 -5.045277 0.5201243 6.691109 -5.222806 0.8843504 7.004789 -4.902003 1.02588 6.948746 -4.507626 1.040034 6.98112 -4.330395 0.5283799 6.721035 -5.346123 -0.6690525 7.126398 -5.045277 -0.5202312 6.691109 -5.22638 -0.4271641 7.208831 -4.906173 -0.2798438 7.26297 -4.5112 -0.2845619 7.280109 -4.330395 -0.5284872 6.721035 -0.9921945 -0.7734847 6.867402 -1.094066 -0.5377081 6.956907 -0.9153448 -0.4711244 6.464487 -0.9746209 -0.2884216 6.971055 -0.6570942 -0.1297358 6.931063 -0.2710581 -0.1270555 6.845365 -0.2150588 -0.4655489 6.318121 0.03812831 -0.2807018 6.75477 0.1471482 -0.5280581 6.698454 -0.2150588 -0.4655489 6.318121 0.02085191 -0.7646928 6.653566 -0.2987594 -0.9176957 6.682404 -0.6847955 -0.9230566 6.769461 -0.9153448 -0.4711244 6.464487 -0.3893114 -1.67113 6.308599 -0.6940298 -1.391715 5.979958 -0.512033 -1.867879 6.158153 -0.8358144 -1.994184 6.078441 -1.230489 -1.999759 6.103743 -1.40772 -1.405868 6.028383 10.532 0 2.565391 9.912731 0 2.812962 10.53527 0.4787371 2.407871 9.916604 0.4360638 2.658705 11.2582 1.076917 0.6680772 9.863286 1.23882 0.6506652 9.274699 0.4994307 2.678294 9.212146 1.158297 1.038616 7.930721 0.3766641 3.36741 8.06625 1.257369 1.273128 7.516388 1.304224 1.315568 6.935843 0.5036123 3.409034 6.95044 1.35065 1.191784 6.084836 1.151864 3.517585 6.389256 0.5901385 3.74339 6.583168 0 3.832079 6.931375 0 3.620965 7.927444 0 3.520849 9.270231 0 2.890225 10.532 0 -2.565573 9.912731 0 -2.813143 10.53527 0.4787371 -2.408053 9.916604 0.4360638 -2.65916 11.2579 1.076917 -0.668259 9.863286 1.23882 -0.6508477 9.274699 0.4994307 -2.678476 9.212146 1.158297 -1.038799 7.930721 0.3766641 -3.367592 8.06625 1.257369 -1.273582 7.516388 1.304224 -1.316022 6.935843 0.5036123 -3.409217 6.95044 1.35065 -1.191965 6.084836 1.151864 -3.518038 6.389256 0.5901385 -3.743844 6.583168 0 -3.832262 6.931375 0 -3.621148 7.927444 0 -3.521032 9.270231 0 -2.890407 10.532 0 -2.565573 9.912731 0 -2.813143 10.53527 -0.4788444 -2.408053 9.916604 -0.4361708 -2.65916 11.2579 -1.077024 -0.668259 9.863286 -1.238927 -0.6508477 9.274699 -0.4995376 -2.678476 9.212146 -1.158404 -1.038799 7.930721 -0.3767706 -3.367592 8.06625 -1.257476 -1.273582 7.516388 -1.304331 -1.316022 6.935843 -0.5037194 -3.409217 6.95044 -1.350757 -1.191965 6.084836 -1.151971 -3.518038 6.389256 -0.5902458 -3.743844 6.583168 0 -3.832262 6.931375 0 -3.621148 7.927444 0 -3.521032 9.270231 0 -2.890407 10.532 0 2.565391 9.912731 0 2.812962 10.53527 -0.4788444 2.407871 9.916604 -0.4361708 2.658705 11.2582 -1.077024 0.6680772 9.863286 -1.238927 0.6506652 9.274699 -0.4995376 2.678294 9.212146 -1.158404 1.038616 7.930721 -0.3767706 3.36741 8.06625 -1.257476 1.273128 7.516388 -1.304331 1.315568 6.935843 -0.5037194 3.409034 6.95044 -1.350757 1.191784 6.084836 -1.151971 3.517585 6.389256 -0.5902458 3.74339 6.583168 0 3.832079 6.931375 0 3.620965 7.927444 0 3.520849 9.270231 0 2.890225 3.454668 1.592109 -9.16421e-5 5.383954 -1.477277 3.130449 4.950855 -1.714447 2.683191 4.693499 -1.889645 2.272387 4.5118 -2.064628 1.769085 4.447459 -2.204442 1.199128 4.314015 -2.249904 1.1994 4.399205 -1.931568 0.2257146 7.159244 -1.126774 -9.16421e-5 4.399205 -1.848043 -9.16421e-5 4.399205 -1.931568 -0.2261691 4.447459 -2.204442 -1.199311 4.314015 -2.249904 -1.199855 4.5118 -2.064628 -1.769267 4.693499 -1.889645 -2.272569 4.950855 -1.714447 -2.683373 5.383954 -1.477277 -3.130632 -6.140833 1.672095 5.1676 -5.831051 1.554797 6.078985 -6.235853 1.378527 5.076461 -5.828073 1.368234 6.08225 -6.346659 1.60251 5.190996 -5.530205 1.404046 6.521075 4.399205 -1.931568 0.2257146 3.96819 -2.204871 0.9569995 4.314015 -2.249904 1.1994 3.191353 -2.476567 1.439626 4.381332 -2.311019 1.776158 2.995356 -2.663666 2.393452 1.431552 -2.478818 1.89695 1.431552 -2.827927 2.787659 0.4274413 -2.644366 2.633404 0.4274413 -2.787719 3.126097 -0.5763717 -2.747619 3.415563 0.4274413 -2.751586 3.801882 -0.5763717 -2.712987 4.029592 -1.731204 -2.603086 3.970012 -1.731204 -2.585716 4.277163 -2.886036 -2.458446 4.454271 -1.731204 -2.44558 4.841406 -2.886036 -2.302656 4.969272 -4.208269 -2.214843 4.807671 -4.208269 -2.136894 5.065307 -5.530205 -1.878386 5.097953 -5.530205 -1.674883 6.060758 -6.140833 -1.672203 5.1676 -5.831051 -1.554904 6.078985 -5.530205 -1.404152 6.521075 -4.208269 -1.720237 6.386951 -4.208269 -1.93843 5.911399 -2.886036 -2.109124 5.698652 -1.731204 -2.254836 5.55555 -0.5763717 -2.588611 4.643621 0.4274413 -2.625495 4.477667 1.431552 -2.662379 4.262743 1.431552 -2.790078 3.525202 2.889315 -2.568132 3.153302 2.799061 -2.382856 3.913152 1.431552 -2.397117 4.930367 2.799061 -2.173027 4.536975 3.38735 -2.024527 4.399043 3.664663 -2.030424 4.176774 4.335163 -2.073848 3.468614 4.037296 -1.951939 4.069313 4.360781 -1.813197 4.115561 5.267786 -1.802904 3.213426 4.873409 -2.075886 2.784394 4.32444 -2.249796 2.899203 4.572862 -2.249904 2.311835 4.314015 -2.335787 2.329791 3.306925 -1.908301 4.634099 2.799061 -1.838608 5.090064 3.445434 -1.743825 4.812839 2.799061 -1.452723 5.44972 3.754918 -1.570343 4.838413 4.305675 -0.7116189 5.128423 4.122188 -1.479528 4.723061 4.578521 -0.8532564 4.948322 4.414991 -1.520486 4.525821 5.391996 -1.277419 4.2437 4.500181 -1.641216 4.286141 5.740204 -1.444896 3.571451 -2.886036 -1.876671 6.23052 -1.731204 -1.939287 6.198961 -1.230489 -1.999759 6.103743 -1.544739 -1.890931 6.230248 -1.657928 -1.708657 6.410347 -2.542595 -1.468699 6.658735 -2.886036 -1.790895 6.357296 -2.862504 -1.585354 6.555898 -3.258073 -1.58707 6.557529 -4.208269 -1.595111 6.557529 -3.577982 -1.472988 6.669888 -4.208269 -1.247504 6.886717 -3.683129 -1.273666 6.844821 -4.189206 -0.9093324 7.069267 -3.577982 -1.062764 6.956907 -3.28488 -0.9321703 7.026554 -4.073633 -0.6840633 7.16258 -3.174074 -0.4211599 7.220257 -4.191886 -0.4441049 7.261609 -3.493686 -0.2645117 7.254263 -4.208269 -1.07288e-4 7.322278 -3.595556 -1.07288e-4 7.306226 -3.493686 0.2644047 7.254263 -4.191886 0.443998 7.261609 -3.174074 0.4210528 7.220257 -4.073633 0.6839562 7.16258 -3.28488 0.9320632 7.026554 -4.189206 0.9092253 7.069267 -3.577982 1.062657 6.956907 -3.683129 1.273559 6.844821 -4.208269 1.247397 6.886717 -3.577982 1.472881 6.669888 -4.208269 1.595004 6.557529 -3.258073 1.586963 6.557529 -2.886036 1.790788 6.357296 -2.862504 1.585247 6.555898 -2.542595 1.468592 6.658735 -1.731204 1.93918 6.198961 -1.657928 1.70855 6.410347 -1.544739 1.890824 6.230248 -1.230489 1.999652 6.103743 -1.731204 2.254729 5.55555 -0.5763717 2.087466 5.970707 -0.8358144 1.994077 6.078712 -0.512033 1.867772 6.158153 0.4274413 2.047258 5.773466 -0.3893114 1.671023 6.308599 0.4274413 1.602724 6.161691 -0.4989266 1.473524 6.464487 -0.5763717 1.14511 6.680771 -0.8140706 1.356225 6.582288 -1.207554 1.370057 6.620919 -1.731204 1.05558 6.872842 -1.528952 1.518663 6.570316 -1.731204 1.520593 6.593441 -2.421363 1.253616 6.794764 -2.542595 1.039712 6.930246 -1.731204 0.5277366 7.066545 -0.9921945 0.7733777 6.867402 -0.6847955 0.9229496 6.769461 -0.2987594 0.9175885 6.682404 0.4274413 1.111656 6.434562 0.02085191 0.7645857 6.653566 0.4274413 0.5558282 6.62908 0.1471482 0.5279511 6.698454 0.03812831 0.2805948 6.75477 0.4274413 -1.07288e-4 6.707976 -0.2710581 0.1269485 6.845365 -0.5763717 -1.07288e-4 6.931607 -0.6570942 0.1296293 6.931063 -1.731204 -1.07288e-4 7.144626 -0.9746209 0.2883144 6.971055 -1.094066 0.5376011 6.956907 1.535507 1.285675 5.995736 1.654059 1.489821 5.848555 1.431552 2.006943 5.527257 1.958777 1.566591 5.679336 2.799061 1.838501 5.090064 2.337962 1.503867 5.586293 2.799061 1.452616 5.44972 2.639702 1.314517 5.583301 2.748721 1.07681 5.678791 4.305675 0.7115119 5.128423 2.799061 0.5100455 5.88365 4.219294 0.4697308 5.230173 4.341716 0.2222672 5.234797 4.314015 -1.07288e-4 5.305531 4.640477 -1.07288e-4 5.127879 4.341716 -0.2223741 5.234797 2.799061 -0.5101525 5.88365 4.219294 -0.4698377 5.230173 2.748721 -1.076917 5.678791 2.639702 -1.314624 5.583301 2.337962 -1.503974 5.586293 1.958777 -1.566698 5.679336 1.431552 -2.00705 5.527257 1.654059 -1.489929 5.848555 0.4274413 -1.602831 6.161691 1.535507 -1.285782 5.995736 0.4274413 -1.111764 6.434562 1.637378 -1.044858 6.081977 0.4274413 -0.5559355 6.62908 1.431552 -0.539209 6.345326 1.552784 -1.07288e-4 6.391848 1.645123 -0.2650477 6.318394 1.94031 -0.4170855 6.192161 1.931076 -0.8391034 6.05858 2.307282 -0.7729486 5.955745 2.314431 -0.4169782 6.064566 2.621235 -0.8634424 5.813732 -4.507626 1.040034 6.98112 -4.902003 1.02588 6.948746 -5.530205 1.272594 6.694101 -5.222806 0.8843504 7.004789 -5.530205 0.6267008 7.142993 -5.346123 0.6689452 7.126398 -5.22638 0.4270576 7.208831 -5.530205 -1.07288e-4 7.29344 -4.906173 0.2797369 7.26297 -4.5112 0.2844546 7.280109 -6.346659 0.4872076 7.01268 -6.346659 -1.07288e-4 7.112523 -5.530205 -0.6268079 7.142993 -6.346659 -0.4873147 7.01268 -4.507626 -1.040141 6.98112 -4.902003 -1.025988 6.948746 -5.530205 -1.272701 6.694101 -5.222806 -0.8844573 7.004789 -5.346123 -0.6690525 7.126398 -5.22638 -0.4271641 7.208831 -4.906173 -0.2798438 7.26297 -4.5112 -0.2845619 7.280109 -6.346659 -0.905258 6.754498 -6.840226 -0.4152628 6.73491 -6.935245 -1.07288e-4 6.756402 -6.840226 0.4151557 6.73491 -6.346659 0.9051509 6.754498 -2.779102 0.4209455 7.198765 -2.862504 0.9083677 7.017303 -2.447575 0.243175 7.195772 -2.341535 -1.07288e-4 7.205295 -2.447575 -0.2432819 7.195772 -1.731204 -0.5278437 7.066545 -0.9746209 -0.2884216 6.971055 -0.6570942 -0.1297358 6.931063 -0.2710581 -0.1270555 6.845365 0.03812831 -0.2807018 6.75477 0.1471482 -0.5280581 6.698454 0.02085191 -0.7646928 6.653566 -0.2987594 -0.9176957 6.682404 -0.5763717 -1.145216 6.680771 -0.6847955 -0.9230566 6.769461 -1.731204 -1.055688 6.872842 -0.9921945 -0.7734847 6.867402 -1.094066 -0.5377081 6.956907 -0.4989266 -1.473631 6.464487 -0.3893114 -1.67113 6.308599 0.4274413 -2.047365 5.773466 -0.512033 -1.867879 6.158153 -0.5763717 -2.087573 5.970707 -0.8358144 -1.994184 6.078441 -0.5763717 -2.40044 5.342532 0.4274413 -2.398725 5.160798 0.4274413 2.398618 5.160798 -0.5763717 2.400333 5.342532 -0.5763717 2.588505 4.643621 -1.731204 2.445473 4.841406 -1.731204 2.58561 4.277163 -2.886036 2.458339 4.454271 -1.731204 2.602979 3.970012 -0.5763717 2.71288 4.029592 -0.5763717 2.747512 3.415563 0.4274413 2.751479 3.801882 0.4274413 2.787612 3.126097 0.4274413 2.644259 2.633404 1.431552 2.827819 2.787659 1.431552 2.478711 1.89695 2.995356 2.663558 2.393452 3.191353 2.47646 1.439626 4.381332 2.310912 1.776158 4.314015 2.249797 1.1994 3.96819 2.204764 0.9569995 4.399205 1.931461 0.2257146 0.4274413 2.625388 4.477667 1.431552 2.662272 4.262743 1.431552 2.789971 3.525202 2.889315 2.568026 3.153302 4.928217 -0.8367446 4.76387 5.231745 -0.6795602 4.666202 6.275769 -1.015802 3.844322 -0.8140706 -1.356333 6.582288 -1.207554 -1.370164 6.620919 -1.528952 -1.518771 6.570316 -1.731204 -1.520701 6.593441 -2.421363 -1.253723 6.794764 -2.542595 -1.039819 6.930246 -2.779102 -0.4210528 7.198765 -2.862504 -0.9084746 7.017303 10.03545 -2.046614 0.179737 8.339097 -2.150618 0.179737 9.985411 -2.115021 0.0597611 8.421607 -2.222563 0.0597611 1.431552 -2.084356 1.893958 0.4274413 -2.376316 2.61028 0.4274413 -2.268131 2.685367 -0.5915635 -2.485895 3.361968 -0.5528405 -2.369668 3.421548 -1.730311 -2.347688 3.895741 -1.689801 -2.228781 3.948247 -2.869058 -2.209589 4.359323 -2.826462 -2.087894 4.404756 -4.16627 -1.973491 4.696401 -4.1201 -1.853619 4.737208 -5.530205 -1.626741 4.997293 -5.530205 -1.496683 5.047896 -6.235853 -1.378634 5.076461 -6.162578 -1.267447 5.117269 -6.801801 -1.130098 5.121351 -6.709462 -1.039069 5.161614 -7.197964 -0.8038281 5.166239 -7.106222 -0.7105466 5.205687 -7.411535 -0.3907094 5.162431 -7.287623 -0.3553268 5.201334 -7.453535 -1.07288e-4 5.158349 -7.317409 -1.07288e-4 5.196982 -7.287623 0.3552199 5.201334 -7.411535 0.3906023 5.162431 -7.106222 0.7104397 5.205687 -7.197964 0.803721 5.166239 -6.709462 1.038962 5.161614 -6.801801 1.129991 5.121351 -6.162578 1.26734 5.117269 -6.235853 1.378527 5.076461 -5.530205 1.496577 5.047896 -5.530205 1.626634 4.997293 -4.1201 1.853512 4.737208 -4.16627 1.973384 4.696401 -2.826462 2.087787 4.404756 -2.869058 2.209482 4.359323 -1.689801 2.228674 3.948247 -1.730311 2.347581 3.895741 -0.5528405 2.369561 3.421548 -0.5915635 2.485788 3.361968 0.4274413 2.268024 2.685367 0.4274413 2.376209 2.61028 1.431552 2.084249 1.893958 1.431552 2.397009 4.930367 2.799061 2.17292 4.536975 3.306925 1.908194 4.634099 3.445434 1.743719 4.812839 3.754918 1.570236 4.838413 4.122188 1.479421 4.723061 4.578521 0.8531492 4.948322 4.414991 1.520379 4.525821 5.391996 1.277312 4.2437 4.500181 1.641109 4.286141 4.360781 1.81309 4.115561 5.740204 1.444789 3.571451 6.275769 1.015695 3.844322 5.231745 0.6794531 4.666202 6.467597 0.529452 4.018438 5.356849 0.4251272 4.672731 6.670444 0 4.079379 5.391996 -1.07288e-4 4.772303 5.271359 0.1899939 4.779649 4.99613 -1.07288e-4 4.955124 5.271359 -0.1901008 4.779649 5.356849 -0.4252343 4.672731 6.467597 -0.5295593 4.018438 5.267786 1.802797 3.213426 4.335163 2.073742 3.468614 4.037296 1.951832 4.069313 3.664663 2.030318 4.176774 2.799061 2.382749 3.913152 3.38735 2.02442 4.399043 4.873409 2.075779 2.784394 4.32444 2.249689 2.899203 4.572862 2.249797 2.311835 4.314015 2.33568 2.329791 4.928217 0.8366373 4.76387 2.623916 -0.2639756 5.980772 2.743956 -1.07288e-4 5.975603 2.623916 0.2638686 5.980772 2.314431 0.4168711 6.064566 2.307282 0.7728416 5.955745 1.94031 0.4169784 6.192161 1.931076 0.8389965 6.05858 1.431552 0.5391024 6.345326 1.645123 0.2649408 6.318394 1.637378 1.044751 6.081977 2.621235 0.8633349 5.813732 5.383954 1.47717 3.130449 4.950855 1.71434 2.683191 4.693499 1.889538 2.272387 4.5118 2.064521 1.769085 4.447459 2.204335 1.199128 4.314015 2.249797 1.1994 4.399205 1.931461 0.2257146 7.159244 1.126667 -9.16421e-5 4.399205 1.847936 -9.16421e-5 4.399205 1.931461 -0.2261691 4.447459 2.204335 -1.199311 4.314015 2.249797 -1.199855 4.5118 2.064521 -1.769267 4.693499 1.889538 -2.272569 4.950855 1.71434 -2.683373 5.383954 1.47717 -3.130632 1.654059 -1.489929 5.848555 1.660314 -1.039819 5.508485 1.958777 -1.566698 5.679336 2.345409 -0.9245576 5.337363 2.337962 -1.503974 5.586293 2.639702 -1.314624 5.583301 2.748721 -1.076917 5.678791 -5.986836 -1.512123 6.085514 -6.346659 -1.602617 5.190996 -6.346659 -1.383781 6.104831 -6.959075 -1.311729 5.238334 -6.755036 -1.15508 6.11272 -7.381748 -0.9736644 5.285672 -7.038605 -0.8261297 6.120337 -6.379723 -1.026524 6.577391 -5.670799 -1.341643 6.530324 -6.860481 -0.5532548 6.554537 -6.981415 -0.4146194 6.556169 -7.318899 -0.4131185 6.127954 -7.642383 -0.4602954 5.283768 -7.42762 -1.07288e-4 6.135844 -7.711786 -1.07288e-4 5.28159 -7.642383 0.4601885 5.283768 -7.318899 0.4130114 6.127954 -7.381748 0.9735573 5.285672 -7.038605 0.8260228 6.120337 -6.981415 0.4145123 6.556169 -7.078519 -1.07288e-4 6.576031 -6.860481 0.5531479 6.554537 -6.379723 1.026417 6.577391 -6.755036 1.154973 6.11272 -6.959075 1.311622 5.238334 -6.346659 1.383674 6.104831 -6.346659 1.60251 5.190996 -5.986836 1.512016 6.085514 -5.670799 1.341536 6.530324 -5.831051 1.554797 6.078985 -5.530205 1.404046 6.521075 -5.530205 1.674776 6.060758 -4.208269 1.72013 6.386951 -4.208269 1.938323 5.911399 -2.886036 1.876564 6.23052 -2.886036 2.109017 5.698652 -2.886036 2.302549 4.969272 -4.208269 2.214736 4.807671 -4.208269 2.136787 5.065307 -5.530205 1.878279 5.097953 -6.140833 1.672095 5.1676 6.95044 1.35065 1.191784 7.297454 0 1.025557 7.732043 0 -9.16421e-5 6.95044 -1.350757 1.191784 7.159244 -1.126774 -9.16421e-5 6.95044 -1.350757 -1.191965 7.297454 0 -1.026012 6.95044 1.35065 -1.191965 7.159244 1.126667 -9.16421e-5 -3.95538 2.367417 -4.731678 -1.413677 2.54626 -3.624956 -3.938103 2.117916 -4.651965 -1.413677 -2.546367 -3.624956 -3.938103 -2.118023 -4.651965 -3.95538 -2.367524 -4.731678 -2.874419 1.718307 6.250652 -1.731204 1.93918 6.198961 -2.886036 1.790788 6.357296 -1.731204 -1.939287 6.198961 -2.886036 -1.790895 6.357296 -2.874419 -1.718414 6.250652</float_array>
          <technique_common>
            <accessor source="#standard_standard-mesh-positions-array" count="1420" stride="3">
              <param name="X" type="float"/>
              <param name="Y" type="float"/>
              <param name="Z" type="float"/>
            </accessor>
          </technique_common>
        </source>
        <source id="standard_standard-mesh-normals">
          <float_array id="standard_standard-mesh-normals-array" count="4410">-0.2040757 -0.9418054 -0.2671251 -0.385738 -0.8622249 -0.3282899 -0.137483 -0.9139375 -0.3818598 -0.2315038 -0.6684249 -0.706834 0.04011672 -0.6483196 -0.7603108 -0.613662 -0.7321841 0.2955089 -0.6041561 0.7463129 0.2793074 -0.7340754 0.6637163 0.1435764 -0.7425453 -0.6509684 0.1576918 -0.6714005 0.7396387 0.04643428 -0.6808607 -0.7297558 0.06233108 -0.7572095 0.6307342 -0.1697303 -0.7655627 -0.6241173 -0.1561781 -0.5704481 0.7065011 -0.4188618 -0.5797685 -0.7078692 -0.403472 0.6772679 0.6664274 -0.3117416 0.6685021 -0.6818243 -0.2970197 0.6301947 -0.7675091 -0.1174076 0.6401035 0.7565353 -0.1338731 0.7230474 -0.6892946 -0.04555559 0.7320128 0.6786156 -0.0603165 0.642031 -0.7656438 0.03982257 0.651996 0.7578596 0.02345311 0.6050891 -0.775148 0.1816946 0.6151169 0.7709385 0.1651822 -0.3925364 0.8577262 -0.3319957 -0.2072809 0.9427089 -0.2614094 -0.1425029 0.9150353 -0.3773638 -0.2315135 0.6684608 -0.7067968 0.04011684 0.6483196 -0.7603107 -0.6092176 -0.4674977 -0.6405466 -0.4989671 -0.2775765 -0.8209648 -0.5990859 -0.4656733 -0.6513407 -0.4258252 -0.08622121 -0.9006879 -0.716158 -0.2945868 -0.6327214 -0.4198373 -0.06573426 -0.9052159 -0.7104637 -0.02243363 -0.7033764 -0.5486509 -0.01735568 -0.8358714 -0.5249868 0.0302003 -0.8505744 -0.6894695 0.2954743 -0.6613069 -0.4168187 0.1055655 -0.902839 -0.5990855 0.4656733 -0.6513409 -0.4993119 0.2786061 -0.8204061 -0.6092175 0.4674975 -0.6405468 -0.6089619 -0.246243 -0.7540091 -0.4890916 -0.03562569 -0.8715047 -0.3227176 -0.4466249 0.8344936 -0.3194821 -0.1431545 0.9367167 -0.2522588 -0.02647304 0.9672977 -0.2359653 6.674e-6 0.9717616 -0.223816 -0.01285618 0.9745466 -0.3180108 2.47495e-5 0.9480871 -0.4212168 4.67827e-6 0.90696 -0.2252852 0.01232749 0.9742149 -0.2522591 0.02647227 0.9672976 -0.3194827 0.143154 0.9367164 -0.3240808 0.4537575 0.8301059 -0.7177663 -0.5599866 -0.4137954 -0.5392816 -0.4431729 -0.7160819 -0.8857911 -1.84239e-5 -0.4640844 -0.672885 -2.91988e-5 -0.7397471 -0.5392845 0.44316 -0.7160876 -0.7177761 0.5599719 -0.4137983 0.668689 -0.6816417 -0.2970182 -0.6139271 -0.732019 0.295367 0.6303399 -0.767386 -0.1174334 -0.742546 -0.6509529 0.1577529 -0.6808798 -0.7297406 0.06230103 0.7231914 -0.6891436 -0.04555618 0.6422085 -0.7654902 0.03991127 -0.765577 -0.6240978 -0.1561853 0.605217 -0.7750005 0.1818973 -0.5799773 -0.7076958 -0.4034761 -0.5014451 -0.2703192 0.8218762 -0.4322987 -0.09671849 0.8965285 -0.3592736 0.04894971 0.9319477 -0.5050259 0.008995711 0.8630573 -0.5239775 0.1545102 0.8376002 -0.553392 4.54036e-6 0.832921 -0.5942139 0 0.8043071 -0.5050245 -0.008995473 0.8630583 -0.5239765 -0.1545041 0.8376021 -0.4774886 -0.1319181 0.8686786 -0.4231256 -1.79227e-4 0.906071 -0.2820037 -3.25517e-7 0.9594133 -0.4849532 0.1341664 0.8641874 -0.3592736 -0.04894971 0.9319477 -0.4322988 0.09671849 0.8965286 -0.5014505 0.2703178 0.8218733 0.6153311 0.7707544 0.1652439 -0.5706377 0.7063257 -0.4188994 -0.7572338 0.6306969 -0.1697604 0.6521339 0.7577407 0.02346312 -0.6714407 0.7396024 0.04643064 0.7321514 0.6784595 -0.06039196 0.6402715 0.7563808 -0.1339423 -0.7340967 0.6636976 0.1435537 -0.6043195 0.746156 0.2793728 0.6774362 0.6663323 -0.3115792 -0.4914299 0.03019905 -0.8703934 -0.4907901 4.71333e-4 -0.8712778 -0.6075367 0 -0.7942917 -0.4896296 -0.2786127 -0.8262191 -0.5024937 0 -0.8645808 -0.4014247 -2.68078e-7 -0.915892 -0.3649513 -0.2359762 -0.9006252 -0.3242644 0 -0.9459666 -0.2802988 -0.2130861 -0.935963 -0.1858626 -0.1913245 -0.9637687 -0.2072458 5.88095e-7 -0.978289 -0.1807341 -8.6851e-7 -0.983532 -0.1083836 -0.1688257 -0.9796688 -0.04120218 -0.1579245 -0.9865912 -0.1354668 9.32003e-7 -0.9907819 0.01121532 -0.1769999 -0.984147 -0.07561272 -8.03036e-7 -0.9971373 0.07750821 -0.1083796 -0.9910835 0.1337565 -0.02782607 -0.9906236 0.1155273 7.82404e-6 -0.9933043 0.1337977 0.02783966 -0.9906176 0.07750773 0.1083776 -0.9910838 0.01121485 0.1769998 -0.9841471 -0.04118382 0.1579666 -0.9865853 -0.1083298 0.1688526 -0.9796701 -0.1859245 0.1912894 -0.9637638 -0.2802515 0.2131253 -0.9359684 -0.3648875 0.2359672 -0.9006535 -0.4896869 0.2785242 -0.8262149 -0.608969 0.2461511 -0.7540335 -0.6091985 -0.4675043 0.64056 -0.5990547 -0.4656581 0.6513801 -0.7104105 -0.2953597 0.6388111 -0.7364082 -6.16908e-6 0.6765375 -0.7103706 0.2954441 0.6388164 -0.5990548 0.4656581 0.6513801 -0.6091983 0.4675044 0.64056 0.2839574 3.37545e-4 -0.9588369 0.2580711 -0.5141043 -0.8179829 0.1957842 6.84933e-4 -0.9806469 0.04019045 -0.6482849 -0.7603365 -0.2314521 -0.6684899 -0.7067893 -0.08628755 -1.24908e-5 -0.9962704 -0.5392704 -0.4432592 -0.7160369 -0.6729303 -3.83854e-5 -0.739706 -0.5393106 0.443205 -0.7160401 -0.2315196 0.6685248 -0.7067342 0.04025232 0.6482313 -0.7603788 0.258018 0.5140567 -0.8180296 -0.910979 0.4040165 -0.0829938 -0.7947362 -0.2876248 0.534478 -0.9593473 0.2630088 0.1023678 -0.6810547 -0.3895502 0.6200123 -0.6811447 -0.3894908 0.6199508 -0.7947927 -0.2875428 0.5344378 -0.3461329 -0.7012241 0.623279 -0.2804014 -0.7262811 0.6276072 -0.3041866 -0.8020401 0.5140061 -0.3031207 -0.8028495 0.5133717 -0.3191658 -0.7465655 0.5837578 -0.3176178 -0.7408128 0.5918745 -0.3043587 -0.7417799 0.5976022 0.9450526 -4.653e-4 -0.3269178 0.9206507 0.305534 -0.2430047 0.9550877 9.25344e-5 -0.2963235 0.9206528 -0.3055137 -0.2430228 -0.01523166 -0.2120966 0.9771301 -0.3633641 0.007414698 0.9316177 -0.1199195 0.07089132 0.9902494 0.05099058 5.2286e-6 0.9986993 0.1164793 0.1376213 0.9836122 0.277157 0.002473235 0.9608216 0.2191823 0.1758509 0.959706 -0.02340888 0.2704824 0.9624403 -0.03632521 0.5700963 0.8207744 -0.1838293 0.3477918 0.9193735 -0.0150839 0.2120559 0.9771412 -0.3633238 -0.0118277 0.9315879 -0.1212745 -0.07072401 0.9900963 0.1164766 -0.1376099 0.9836141 0.2191942 -0.176064 0.9596643 0.9550822 9.17576e-5 0.2963411 0.9206434 0.3054697 0.2431134 0.9456224 -8.1897e-4 0.3252658 0.9206508 -0.3055282 0.2430114 -0.01517856 0.2120866 -0.977133 -0.3633393 -0.007414877 -0.9316275 -0.1198933 -0.07611852 -0.9898644 0.05115109 5.14612e-6 -0.9986909 0.123803 -0.1371566 -0.9827822 0.2713078 7.38531e-6 -0.9624927 0.2289696 -0.173223 -0.9578971 -0.02160644 -0.2799049 -0.9597846 -0.03637224 -0.5700887 -0.8207777 -0.1826729 -0.3572956 -0.9159533 -0.01516574 -0.2119694 -0.9771586 -0.363371 2.91938e-4 -0.9316446 -0.1198919 0.0761246 -0.9898641 0.1237959 0.1364979 -0.9828749 0.2287475 0.1727821 -0.9580298 0.3982058 -6.10081e-7 -0.9172962 0.4239152 0.00461471 -0.9056901 -0.01521229 -0.2119444 -0.9771633 0.06839799 -0.647059 -0.7593659 -0.03633683 -0.569984 -0.8208519 -6.89814e-4 4.24685e-5 -0.9999998 0.06303751 0.6488081 -0.7583366 -0.0151028 0.2119433 -0.9771653 -0.03892022 0.5742833 -0.817731 -0.3630425 -0.007411777 -0.9317431 -0.1826716 0.3572956 -0.9159536 -0.02160727 0.279905 -0.9597846 -0.2260251 -0.3491245 -0.9094091 -0.2354615 -0.3532881 -0.905398 -0.2519592 -0.3515197 -0.9016377 -0.260113 -0.3545448 -0.898131 -0.2907098 -0.3630445 -0.8852608 -0.2926089 -0.3516865 -0.8892112 -0.3464809 -0.3157766 -0.8833099 0.8089536 0.4821902 0.3362838 0.4695225 0.6036892 0.6442887 0.7702741 -0.166531 0.6155852 0.2196439 0.5873162 0.7789842 0.03685665 -0.1974449 0.9796209 -0.2621581 0.4271484 0.8653425 -0.5360683 -0.1612679 0.8286274 0.7657778 -0.5706701 -0.2965133 -0.06601476 -0.997808 -0.004618763 -0.2426929 -0.90554 0.3479906 0.6556339 -0.7318323 -0.1859188 -0.3187385 -0.9015107 0.2927188 0.4934449 -0.7456901 0.447726 0.9934847 -0.09185332 0.06746244 0.8088094 0.4823296 0.3364307 0.7702512 -0.1664779 0.6156284 0.7674977 -0.6383639 0.05864232 0.7283502 1.57356e-5 0.6852052 0.03681516 -0.1973626 0.9796391 0.1440362 1.82986e-5 0.9895725 -0.3709384 -0.6875517 0.6242415 -0.536077 -0.1611601 0.8286429 -0.4409767 -0.8971996 -0.02393013 0.003676652 -0.9756056 -0.2195002 -0.06937241 -0.7978856 0.598804 0.6879496 -0.6243286 0.370053 0.4268788 -0.02871716 0.9038529 0.8091756 0.05597877 0.5848942 0.03251367 0.5308471 0.8468437 0.06240934 0.9594969 0.2747198 0.08335041 0.5821934 0.8087667 0.09490138 0.954257 0.2835266 0.007730066 0.6406885 0.767762 0.0264517 0.9996334 -0.005773007 -0.2853404 0.6108465 0.7385442 -0.3991355 0.9168921 3.63588e-5 -0.4340381 0.4756314 0.765105 -0.6779824 0.6745173 0.2921752 0.03251361 -0.5308458 -0.8468446 0.0624094 -0.9594967 -0.2747201 0.08335065 -0.582198 -0.8087634 0.09545153 -0.9517139 -0.2917701 0.007780373 -0.6405935 -0.7678409 0.02654248 -0.9996308 -0.005835175 -0.2854467 -0.6107643 -0.7385711 -0.3991196 -0.9168989 9.31323e-5 -0.4340221 -0.4755831 -0.7651441 -0.6779338 -0.674501 -0.2923255 0.007800996 -0.6406096 0.7678272 -0.2853967 -0.6108594 0.7385117 -0.3991586 -0.9168819 1.12981e-4 -0.4340375 -0.4756305 0.7651059 -0.6817746 -0.6741129 0.2841746 -0.6778918 -0.6744484 -0.2925443 -0.9109858 0.4040084 -0.08295792 -0.9593734 0.2628636 0.1024965 -0.7816472 0.5775928 -0.2354024 -0.6697421 0.6058787 -0.4293678 -0.6848651 0.6117928 -0.3958149 -0.5366919 0.3314835 -0.7759386 -0.521319 0.315531 -0.792885 -0.3510283 0.2496507 -0.9024709 -0.3417941 0.2509505 -0.9056493 -0.3957635 2.82545e-4 -0.9183525 -0.3857827 1.14432e-4 -0.9225897 -0.3418067 -0.2509822 -0.9056358 -0.3482966 -0.2455402 -0.9046545 -0.5222544 -0.3140124 -0.7928724 -0.5338045 -0.3321616 -0.7776385 -0.6863101 -0.6115832 -0.3936301 -0.6723366 -0.6045332 -0.4272038 -0.7823944 -0.5766165 -0.235314 -0.9109958 -0.4039978 -0.08289998 -0.9593728 -0.2628667 0.1024944 -0.2347726 0.343249 -0.9094296 -0.2268972 0.3540226 -0.9072958 -0.2902067 0.3243228 -0.9003304 -0.2791671 0.3406179 -0.8978003 -0.3640007 0.2500636 -0.8972021 -0.3658424 0.2461144 -0.897545 -0.4247249 0.141476 -0.8941999 -0.4231501 0.1414052 -0.8949574 -0.4374814 -7.81598e-6 -0.8992275 -0.4306873 -8.12888e-6 -0.9025013 -0.4250128 -0.1362709 -0.8948711 -0.4247246 -0.1414832 -0.894199 -0.3663281 -0.2471984 -0.897049 -0.3635628 -0.2491055 -0.8976461 -0.2791767 -0.3406168 -0.8977977 -0.2902066 -0.3243231 -0.9003303 -0.2273097 -0.3540812 -0.9071697 -0.2347859 -0.3432458 -0.9094274 -0.3298308 -0.6984676 0.6351022 -0.4296843 -0.7337376 0.5263084 -0.3510541 -0.6309285 0.6918745 -0.2620255 -0.3757399 0.8889107 -0.4079242 0.04208499 0.9120454 -0.3056669 -0.2195962 0.9264693 -0.2328355 -0.4643657 0.8544894 -0.4985154 -0.1345735 0.8563717 -0.4900464 -0.1467 0.8592635 -0.5188131 -0.1724166 0.8373205 -0.5121591 -0.1849583 0.8387393 -0.4009751 -0.2501515 0.8812737 -0.1755046 -0.661319 0.7292842 -0.1364678 -0.67243 0.7274712 -0.4296864 0.7337347 0.5263107 -0.3312197 0.6983894 0.634465 -0.3519758 0.6297038 0.6925217 -0.2638396 0.3805854 0.886309 -0.4107846 -0.03735268 0.9109671 -0.3070213 0.2180649 0.9263831 -0.2324779 0.4585349 0.8577294 -0.4985129 0.1345721 0.8563734 -0.4919961 0.145236 0.8583977 -0.5188143 0.1724162 0.8373198 -0.5140146 0.1839382 0.837828 -0.4009644 0.2499224 0.8813435 -0.1364678 0.6723935 0.727505 -0.1754561 0.6613116 0.7293025 -0.6823303 0.6733683 -0.2846061 -0.6779544 0.6744846 0.2923157 -0.3990983 0.9169083 6.15716e-5 -0.4340503 0.4756082 -0.7651125 -0.2854694 0.6108 -0.7385328 0.00780493 0.6405936 -0.7678405 0.09453105 0.9532642 -0.2869692 0.08338546 0.5822321 -0.8087353 0.06156539 0.9602525 -0.2722591 0.03251361 0.5308486 -0.8468427 -0.9109487 -0.404088 -0.08297926 -0.9593476 -0.263008 0.1023676 -0.7946928 0.293942 0.5310946 -0.68283 0.3929569 0.6158962 -0.3467481 0.7012763 0.6228783 -0.2836099 0.7221078 0.6309722 -0.3027829 0.80472 0.5106353 -0.2972827 0.8077348 0.5091047 -0.3178614 0.742916 0.589101 -0.317618 0.7408115 0.591876 -0.3043586 0.7417787 0.5976037 0.9229838 -0.2411329 -0.2999264 0.9131052 -0.2861132 -0.290479 0.9814444 -0.1808395 -0.06374901 0.9115348 -0.3982247 -0.1025753 0.9999996 1.06971e-5 9.62701e-4 0.9999991 2.12056e-5 0.001389086 0.9088942 0.4031307 -0.1067572 0.9807113 0.1837403 -0.06667089 0.9129794 0.2861925 -0.2907964 0.922992 0.2411268 -0.2999061 0.9153407 -0.274923 0.2942256 0.9250602 -0.2272496 0.3043376 0.9807322 -0.1837031 0.06646543 0.9111188 -0.3991268 0.1027638 0.999999 -0.001173079 -8.05449e-4 0.9999992 2.92569e-5 -0.001341223 0.9088702 0.403328 0.1062144 0.9817413 0.1794772 0.06302511 0.9148999 0.2764122 0.2942015 0.9250605 0.2272499 0.3043364 -0.5005467 0.2104188 0.8397482 -0.3187973 0.9015472 0.2925425 0.05602818 0.2887361 0.955768 -0.1418271 0.9216324 0.3612187 0.06820303 0.1464864 0.9868588 -0.108922 0.8975995 0.427143 -0.1317331 0.8140262 0.5656923 -0.710417 0.2953594 0.638804 -0.7364458 -5.202e-5 0.6764966 -0.9937973 3.15607e-5 0.1112069 -0.8588854 0.5018177 0.1024449 -1 -1.16318e-4 -3.12449e-5 -0.8636642 0.5040677 3.51314e-5 -0.8588758 0.5018472 -0.1023818 -0.9937898 -2.38419e-6 -0.1112743 -0.6894827 0.2953689 -0.6613402 -0.7104771 -0.02242285 -0.7033631 -0.3632629 0.00741297 0.9316572 -0.01518833 -0.2120164 0.9771481 -0.1849502 -0.3503341 0.9181827 -0.03744894 -0.5638307 0.8250411 -0.02341949 -0.2704895 0.9624381 -0.5990914 0.4655987 -0.6513889 -0.6650852 0.7048156 -0.2467724 -0.6090792 0.4672652 -0.6408477 -0.3881603 0.8832678 -0.2630016 -0.3582999 0.9276719 0.1051009 -0.2873489 0.9576519 -0.01826167 -0.1994804 0.9795808 -0.0250855 -0.3105881 0.9484192 -0.0635308 -0.4157199 0.8602243 0.2952817 -0.6650239 0.7048013 0.2469787 -0.6090763 0.4672805 0.6408394 -0.5990901 0.4655947 0.6513928 0.07387608 -0.6435691 0.7618144 0.4247977 -5.40236e-5 0.9052884 0.006197988 -1.85716e-6 0.9999809 0.06822049 0.6470902 0.7593552 -0.01515108 0.2120001 0.9771522 -0.03632801 0.5699478 0.8208774 -0.3441144 0.3179205 -0.8834658 -0.2908074 0.3574501 -0.8875024 -0.3469306 0.3173692 -0.8825621 -0.4183667 0.2637265 -0.8691477 -0.4185985 0.2554675 -0.8714997 -0.5069397 0.2125074 -0.835376 -0.5073036 0.1984175 -0.8386141 -0.580556 0.08498966 -0.8097726 -0.592059 0.07243067 -0.8026332 -0.4777908 -0.1174122 -0.870592 -0.4545342 0.0987277 -0.8852409 -0.4214233 0.3534775 -0.8351383 -0.3107621 0.3566555 -0.8810356 -0.2001 0.6538622 -0.7296741 -0.3413345 0.6924072 -0.6356595 -0.3511524 0.6211643 -0.7006046 -0.4331724 0.7302902 -0.5282405 -0.424824 -0.04532521 -0.9041406 -0.292608 0.3516867 -0.8892116 -0.3464812 0.315777 -0.8833096 -0.2906354 0.3653096 -0.8843528 -0.260111 0.3545894 -0.898114 -0.2519542 0.351521 -0.9016386 -0.2264409 0.3501158 -0.9089244 -0.2358745 0.3531714 -0.9053359 -0.191704 0.8015179 -0.5664086 -0.108897 0.8975904 0.4271687 -0.2265323 0.8191124 -0.5270087 -0.1417658 0.9216367 0.3612318 -0.3222773 0.8202358 -0.4725999 -0.3188071 0.9015142 0.2926334 -0.4985902 0.7819904 -0.3740304 -0.5642567 0.7071549 0.4260827 -0.837802 0.4488875 -0.310786 -0.7189337 0.4344448 0.5425792 -0.9700167 -2.45797e-5 -0.2430384 -0.8391968 -1.09956e-4 0.5438278 -0.2908079 -0.3574506 -0.887502 -0.3441144 -0.317921 -0.8834657 -0.3461028 -0.3188472 -0.8823544 -0.4183673 -0.2637263 -0.8691475 -0.4185948 -0.2554678 -0.8715013 -0.5076693 -0.2106953 -0.8353918 -0.5074259 -0.1998954 -0.8381891 -0.5804571 -0.08393466 -0.8099534 -0.5931803 -0.06765896 -0.8022217 -0.4773382 0.1098508 -0.8718263 -0.4539297 -0.1029366 -0.8850717 -0.4209815 -0.3529509 -0.8355839 -0.3115797 -0.355042 -0.8813985 -0.1991006 -0.6543939 -0.7294709 -0.3404987 -0.6875275 -0.6413787 -0.3530915 -0.6212946 -0.6995137 -0.4331703 -0.730292 -0.5282396 -0.4246031 0.04333275 -0.9043421 0.8117402 0.5840187 -1.94587e-7 0.8112387 0.5847153 1.60886e-7 0.9882126 0.1530835 0.00117892 0.9884641 0.1514562 0 1 0 0 1 0 0 0.9882411 -0.1529042 0 0.9885661 -0.150789 0 0.8101184 -0.5862663 0 0.81122 -0.5847411 -1.67638e-7 -0.7286807 0.1218011 0.6739354 -0.4768134 -0.4622833 0.747625 -0.2028747 0.1514412 0.9674231 -0.4770732 0.6752788 0.5624942 -0.01993983 0.84618 0.5325241 0.5764498 0.145186 0.804131 0.2450801 0.8453572 0.4746653 0.6688653 0.6710169 0.3199306 0.7618515 0.6472724 0.02491754 0.3663712 0.9163749 0.1613361 0.6581357 0.314706 0.6839719 0.07617264 0.9675215 0.2410391 -0.1250271 0.4464378 0.886037 -0.4045832 0.8483342 0.3415284 -0.6830307 0.3480898 0.6421079 -0.4479247 -0.2101947 0.869012 0.9734429 0.08755558 0.2115252 0.7617891 0.6473447 0.02494663 0.6581503 0.3147513 0.683937 0.7228996 -0.4029975 0.5612568 0.3023436 -0.4389881 0.8460956 -0.1250373 0.4464659 0.8860214 0.0164169 -0.3887322 0.9212045 -0.4480603 -0.2100962 0.8689659 0.5787344 0.7431151 0.3359264 0.117153 0.9271219 0.3559781 0.3620078 0.3161138 0.8769392 -0.1780937 0.9216024 0.3448649 -0.4448664 0.3024253 0.8429904 -0.6122409 0.7418185 0.2736173 -0.8727348 0.1862726 0.4512612 -0.63404 -0.3806831 0.6731075 -0.6703715 -0.003379106 0.742018 -0.4215839 -0.5552017 0.7169507 -0.09488505 -9.11355e-5 0.9954883 -0.4267719 0.548821 0.7187915 0.0647853 0.7419256 0.6673449 0.6854683 6.04242e-5 0.7281026 0.3513877 0.7409062 0.5723502 0.7817534 0.5454464 0.3022415 -0.6074939 -0.5641036 0.5592302 -0.120781 -0.7506709 0.6495423 -0.3615954 1.24276e-5 0.9323351 0.1815117 -0.7502396 0.6357628 0.4668577 3.86536e-5 0.8843325 0.6778318 -0.5492798 0.4887083 0.9127747 3.94903e-5 0.4084636 0.6814129 0.5416257 0.4922581 -0.629476 0.596473 0.4979759 -0.3291918 0.1981603 0.9232363 -0.06935876 0.7979488 0.5987211 -0.4472002 0.8942109 -0.0199728 -0.001601517 0.9758539 -0.2184188 0.6879289 0.6243053 0.3701308 0.2828537 0.9091248 -0.3057549 0.6719996 0.6463129 -0.3615193 -0.3292989 0.1982152 0.9231863 0.1488628 0.08429455 0.9852586 -0.0693916 0.7979683 0.5986915 0.4270955 0.02866959 0.903752 0.6879143 0.6243574 0.3700702 0.8092014 -0.05593216 0.584863 0.9716827 0.2349955 0.02469682 0.671853 0.6464272 -0.3615875 0.9411266 0.1110239 0.3193033 0.6688341 0.6710418 0.3199437 0.576474 0.1451915 0.8041126 0.7249813 -0.4773674 0.4965104 0.2860955 -0.6358637 0.7168171 -0.2029069 0.1515035 0.9674066 0.02676099 -0.6284634 0.7773787 -0.4769657 -0.4621199 0.7476289 -0.5354421 -0.108745 0.8375419 -0.07646429 -0.1787822 0.9809129 -0.3364943 0.5860016 0.7371389 0.2066231 -0.1812178 0.9614921 0.4650995 0.5734204 0.6744418 0.6532911 -0.1261361 0.7465256 0.8865544 0.3340875 0.3200109 0.6240542 0.7810403 -0.02307641 -0.8561535 -0.2741923 0.4379723 -0.5907538 -0.7986591 0.1146903 -0.3975222 -0.5119333 0.7615119 -0.6010476 0.2033833 0.7729017 -0.1455845 0.2795396 0.9490326 0.4212548 -0.5136411 0.7474739 0.1575628 0.2814664 0.9465467 0.6661563 0.1773903 0.7244091 0.6066969 0.3279151 0.7241482 0.09349238 0.4728216 0.8761844 0.3619738 -0.3160566 0.876974 -0.1881047 0.4886259 0.851975 -0.4448859 -0.3024606 0.8429675 -0.6369374 0.3830485 0.6690177 -0.8739504 -0.189075 0.4477291 -0.6170979 -0.7378832 0.2733471 0.8922349 -0.2772285 0.3564564 0.665992 0.1775057 0.724532 0.421239 -0.513564 0.7475358 0.6472511 -0.7553449 0.1025683 0.1774946 -0.9806001 0.08318185 -0.3975232 -0.5118796 0.7615476 -0.09136766 -0.9887444 0.1184759 -0.5908576 -0.7985773 0.1147249 -0.5750588 -0.8126943 0.09399676 -0.1011402 -0.9941369 0.03824186 -0.3366389 -0.5858989 0.7371546 0.1952093 -0.9807608 0.0012995 0.4651119 -0.5734874 0.6743762 0.6241956 -0.7809278 -0.02305877 0.8865547 -0.3340869 0.3200106 0.6532112 0.1262214 0.7465811 0.927462 0.3166742 -0.1988257 0.95487 1.43051e-5 -0.297024 0.9205361 0.3039725 -0.2453857 0.8627747 0.4107989 -0.2947274 0.6980221 0.6883116 -0.197465 0.6157865 0.6889652 -0.3822748 0.718986 0.4553515 -0.5250849 0.7539359 0.3842611 -0.5328453 0.8127683 0.3302306 -0.4799536 0.8271479 0.3087194 -0.4695943 0.8857905 0.349518 -0.305307 0.8846256 0.3320735 -0.3273602 0.8749476 0.4348484 -0.2130106 0.8636868 0.4630503 -0.1990724 0.8717985 0.4659693 -0.1511291 0.9548619 2.73827e-5 0.2970501 0.9276143 0.316276 0.1987491 0.9205484 0.3041651 0.2451001 0.8631609 0.4139723 0.2891024 0.6975957 0.6883715 0.1987587 0.6149001 0.692114 0.3779896 0.7190072 0.4552961 0.5251041 0.7539359 0.3842622 0.5328444 0.8153377 0.3318175 0.4744697 0.8271471 0.3087225 0.4695935 0.8840647 0.3486948 0.3111938 0.8818163 0.3344207 0.3325098 0.877534 0.4316487 0.208839 0.8659726 0.4587522 0.1990926 0.874489 0.4616016 0.1489738 0.8636868 -0.46305 -0.1990725 0.8717985 -0.4659693 -0.1511291 0.8761512 -0.4350453 -0.2075933 0.883235 -0.3526628 -0.309071 0.8818204 -0.3343971 -0.3325229 0.8127683 -0.330231 -0.4799534 0.8271476 -0.30872 -0.4695943 0.7539361 -0.3842614 -0.532845 0.718986 -0.4553517 -0.5250848 0.6157898 -0.6889634 -0.3822727 0.6989355 -0.6874443 -0.1972552 0.8627766 -0.4107958 -0.2947258 0.9205366 -0.3039948 -0.245356 0.9273826 -0.3168177 -0.1989677 0.9548704 1.55943e-4 -0.297023 0.874489 -0.4616003 0.1489775 0.8659723 -0.4587524 0.1990931 0.8786454 -0.4286636 0.2103091 0.8833484 -0.3518536 0.3096688 0.8846261 -0.3320727 0.32736 0.8127681 -0.3302325 0.4799528 0.827147 -0.3087227 0.4695937 0.7539363 -0.3842619 0.5328443 0.7190076 -0.4552958 0.5251038 0.6136648 -0.6908176 0.3823437 0.6986501 -0.688535 0.1944417 0.8654299 -0.4092501 0.2890426 0.9205359 -0.3039673 0.2453928 0.9275088 -0.3164628 0.1989445 0.9548624 1.42768e-4 0.2970487 -0.1994098 -0.9652559 0.1688695 -0.05617028 -0.9979472 -0.03076553 -0.05503958 -0.9899757 -0.1300724 -0.1097165 -0.9938687 -0.01368886 -0.0052675 -0.9216262 -0.3880432 -0.002562165 -0.9546657 -0.2976693 0.09276336 -0.8468286 -0.523714 0.08235979 -0.711735 -0.6976032 0.1644702 -0.6266077 -0.7617825 0.1348686 -0.4493848 -0.883099 0.2321404 -1.65527e-5 -0.9726823 0.1548787 -3.67912e-5 -0.9879335 0.1348724 0.449359 -0.8831115 0.1644744 0.6265982 -0.7617893 0.08301764 0.7170742 -0.6920352 0.09276336 0.8468287 -0.5237138 -0.00526756 0.9216261 -0.3880433 -0.002562165 0.9546657 -0.2976692 -0.1097191 0.9938684 -0.01368957 -0.05698132 0.9904609 -0.1254609 -0.1994098 0.9652559 0.1688695 -0.05616778 0.9979474 -0.03076195 -0.04014211 0.9969983 0.06620389 0.01813095 0.9977856 -0.06399416 0.1148142 0.9335951 -0.3394375 0.1794638 0.8172454 -0.5476339 0.2535455 0.6216375 -0.7411353 0.3421689 2.08191e-5 -0.9396386 0.2535531 -0.6216328 -0.7411367 0.1794638 -0.8172453 -0.547634 0.1148143 -0.9335952 -0.3394375 0.01813101 -0.9977856 -0.0639941 -0.04014199 -0.9969984 0.06620377 0.07474976 -0.9954845 0.0585072 0.1029903 -0.99421 -0.03065234 0.1833695 -0.937618 -0.2953781 0.2594817 -0.8031302 -0.5363312 0.3216184 -0.5894221 -0.741042 0.3805286 1.49114e-5 -0.9247691 0.3216163 0.5894333 -0.741034 0.2594818 0.8031299 -0.5363316 0.1833752 0.937618 -0.2953748 0.1029901 0.99421 -0.03065222 0.07474958 0.9954845 0.05850762 0.03252756 0.530884 -0.8468201 0.08076649 6.80461e-6 -0.9967331 0.08336198 0.5821122 -0.8088241 -0.009158074 -9.98834e-6 -0.9999582 0.007784783 0.6406037 -0.7678323 -0.2854788 0.6108148 -0.7385169 -0.4340945 0.4756047 -0.7650896 0.03252661 -0.5308628 0.8468334 0.08073306 6.80476e-6 0.9967358 0.08331233 -0.5822051 0.8087622 -0.009179949 -1.00251e-5 0.9999579 0.007754385 -0.6406161 0.7678223 -0.2854291 -0.6108136 0.7385371 -0.4340785 -0.475586 0.7651104 0.08360272 -0.9495465 0.3022781 0.09852957 -0.9395267 0.327996 0.1277331 -0.9620321 0.2412024 0.1357964 -0.9859367 0.09740871 0.1877309 -0.980946 0.05002397 0.1833653 -0.9823541 -0.03684753 0.2456363 -0.9619554 -0.1196027 0.3094542 -0.926963 -0.2120798 0.2731809 -0.9293482 -0.248363 0.3564879 -0.8717994 -0.3359796 0.3345473 -0.805678 -0.4888366 0.3556619 -0.7826323 -0.510873 0.3824557 -0.5757505 -0.7226611 0.3945341 -0.5696597 -0.7209929 0.4522933 -0.363264 -0.8145367 0.4477314 2.1018e-5 -0.8941681 0.515025 0.001580238 -0.8571738 0.4519904 0.363125 -0.8147668 0.3824542 0.5757637 -0.7226514 0.3946275 0.5668781 -0.723131 0.3556619 0.7826325 -0.5108729 0.3345473 0.805678 -0.4888367 0.3564877 0.8717994 -0.3359797 0.2747037 0.9275048 -0.2535206 0.309454 0.9269631 -0.2120798 0.1833654 0.9823541 -0.03684765 0.2456364 0.9619554 -0.1196023 0.1877311 0.9809458 0.05002391 0.1357964 0.9859367 0.09740871 0.132096 0.9627935 0.2357524 0.09713453 0.9405875 0.3253614 0.08360511 0.949553 0.3022571 0.3982327 -7.5809e-7 0.9172845 0.7644222 -0.6441281 0.02752965 0.9745626 -0.08015197 0.2092926 0.6582159 -0.3146613 0.6839153 0.3641661 -0.9177941 0.1582311 0.08127623 -0.9678434 0.2380619 -0.1252111 -0.4463996 0.8860302 -0.3981528 -0.852032 0.3398762 0.03252702 0.5308712 0.8468281 0.08333325 0.5821259 0.808817 0.007784962 0.6406035 0.7678324 -0.285424 0.6108033 0.7385476 -0.4340415 0.4756072 0.7651183 0.0325272 -0.5308756 -0.8468253 0.08339864 -0.5821092 -0.8088225 0.007785558 -0.6406155 -0.7678225 -0.285484 -0.6108251 -0.7385064 -0.4340519 -0.4756127 -0.7651088 0.9717208 -0.2354908 0.01740074 0.8091184 0.05597823 0.5849735 0.6879436 -0.6243187 0.3700808 0.666575 -0.6498513 -0.3652 0.2828533 -0.9091246 -0.3057561 0.003510475 -0.9756101 -0.219483 0.4272966 -0.02849918 0.9036622 0.1492253 -0.08372277 0.9852525 -0.069368 -0.7979257 0.598751 -0.3280463 -0.2003006 0.9231821 -0.6278516 -0.5961342 0.5004262 -0.4408296 -0.897267 -0.02411073 -0.3188186 0.9015344 0.2925585 0.6577653 0.7293931 -0.1879641 0.4991078 0.7416923 0.4480894 -0.5643016 0.7071566 0.4260203 -0.1410786 0.2675127 0.9531704 -0.7189066 0.4344851 0.5425828 -0.2403542 0.2009562 0.949656 -0.2463024 0.150969 0.9573628 -0.8392314 -2.25566e-5 0.5437746 -0.2897024 4.15714e-4 0.9571168 -0.2466334 -0.1511129 0.9572549 -0.7226535 -0.4334812 0.5383921 -0.2400054 -0.2006576 0.9498073 -0.1411263 -0.2675036 0.9531659 -0.5625101 -0.7047317 0.4323607 0.4934891 -0.74571 0.447644 -0.3187851 -0.9014997 0.2927017 -0.9700157 2.04921e-4 -0.2430424 -0.8362244 -0.4545629 -0.3067597 -0.498377 -0.781376 -0.3755956 -0.3187273 -0.9015128 0.2927247 -0.3222771 -0.8202354 -0.4726006 -0.1417584 -0.9216206 0.3612756 -0.2265154 -0.8191152 -0.5270115 -0.1088972 -0.8975905 0.4271683 -0.1917045 -0.8015186 -0.5664075 -0.06596326 -0.9978118 -0.004533171 -0.921056 -0.1984254 0.3350871 -0.8920188 -0.006911754 0.4519456 -0.2426893 -0.9055648 0.3479287 -0.5021989 -0.2036236 0.8404366 -0.3187245 -0.9015235 0.2926947 0.05603426 -0.2887371 0.9557673 -0.1418277 -0.9216322 0.3612189 0.06821233 -0.1464405 0.9868649 -0.1089218 -0.8975995 0.4271432 -0.1315895 -0.8140261 0.5657259 -0.7161681 -0.2944576 -0.6327702 -0.8566434 -0.5046455 -0.1072147 -0.5990144 -0.4656264 -0.6514398 -0.6639494 -0.70353 -0.2534105 -0.6090795 -0.4672652 -0.6408475 -0.3924551 -0.880665 -0.2653459 -0.3576805 -0.9276995 0.1069503 -0.2919701 -0.9563078 -0.01513195 -0.2048161 -0.9784445 -0.02640002 -0.3101522 -0.9486295 -0.0625115 -0.4156428 -0.8584755 0.3004348 -0.6650391 -0.7047943 0.2469576 -0.6090763 -0.4672805 0.6408393 -0.5990455 -0.4656362 0.6514043 -0.8588929 -0.5018045 0.1024467 -0.7103357 -0.2953646 0.6388919 -0.7104558 -0.02238607 -0.7033858 -0.9937899 -7.21216e-6 -0.1112734 -1 -7.7486e-6 -3.12002e-5 -0.8636716 -0.5040552 3.51445e-5 -0.9937975 8.61287e-5 0.111206 -0.7364476 6.92904e-7 0.6764947 -0.5505543 -0.8347995 2.83253e-5 0.03672796 0.19744 0.9796268 -0.2581342 -0.4327146 0.8637852 0.2147001 -0.5870429 0.7805668 0.7702936 0.1666719 0.6155228 0.4714402 -0.6025943 0.6439132 0.8125413 -0.4811416 0.3290585 0.9934675 0.08908498 0.07131791 0.7623594 0.6441763 0.06200778 -0.5395162 0.1647515 0.8256993 -0.2579523 -0.4328489 0.8637723 0.03672564 0.1973972 0.9796355 -0.3656189 0.6932528 0.6210664 0.1440579 -2.91765e-5 0.9895694 0.7283958 -3.21567e-5 0.6851567 0.7703132 0.1665952 0.615519 0.76254 0.6439561 0.06207597 -0.8373168 1.23534e-4 0.5467182 -0.6074193 -0.5641744 0.5592397 -0.3615961 1.52588e-5 0.9323349 -0.6023339 0.5667149 0.5621638 -0.1144833 0.7480642 0.653677 0.1815188 0.7503251 0.6356598 0.4668499 -2.42144e-5 0.8843366 0.6814812 0.5415796 0.4922145 -0.0949341 -4.15444e-5 0.9954836 -0.4217247 -0.5550691 0.7169705 0.07384043 -0.7404744 0.668016 0.6854496 8.31783e-5 0.7281202 0.3542338 -0.7432836 0.5674927 0.7840082 -0.5451584 0.2968729 0.9862546 3.21978e-4 0.1652327 0.7816572 0.5455501 0.3023033 -0.856154 0.2741916 0.437972 -0.6000344 -0.2097933 0.7719751 -0.3975164 0.511918 0.7615253 -0.5913239 0.7971653 0.1219164 -0.09137207 0.9887418 0.1184938 0.1774951 0.9806 0.08318138 0.4211724 0.5134403 0.7476584 0.6441242 0.7588479 0.09619808 0.8932762 0.2716173 0.3581644 0.644065 0.7589025 0.09616345 0.4211923 0.5134698 0.7476269 0.6681743 -0.1701455 0.7242885 0.1644798 -0.2784768 0.9462542 -0.1465292 -0.2799254 0.9487735 -0.3974904 0.5119659 0.7615067 -0.6000951 -0.2097688 0.7719346 -0.8170468 0.3403603 0.4653917 -0.5353134 -0.1088396 0.8376117 -0.3364891 0.5859788 0.7371594 -0.5789609 0.8103311 0.09037703 -0.1011403 0.9941369 0.03824174 0.1876357 0.9822374 0.001659631 0.4651064 0.5733618 0.6744868 0.6241693 0.7809501 -0.02301305 0.8385232 0.229676 0.494093 0.5785681 0.7432672 0.3358762 0.3620082 0.3161674 0.8769197 0.6065933 -0.3280228 0.7241862 0.08815246 -0.4760783 0.8749736 -0.1881032 -0.488626 0.8519752 -0.4448868 0.3024256 0.8429796 -0.6342298 -0.3805357 0.6730121 0.8389902 -0.2264558 0.4947863 0.606558 0.3280229 0.7242158 0.3619253 -0.3160391 0.8770002 0.5824909 -0.7417646 0.3323998 0.1172058 -0.9271143 0.3559802 -0.1780936 -0.9216023 0.3448649 -0.4449026 -0.3023622 0.8429939 -0.6171456 -0.7378411 0.2733529 0.9405983 -0.1110149 0.3208591 0.7248502 0.4775127 0.4965621 0.5765059 -0.1449601 0.8041315 0.6690819 -0.6747832 0.3114436 0.2402194 -0.8462623 0.4755363 -0.01412606 -0.8460299 0.5329483 -0.2028185 -0.1515438 0.9674189 -0.4771173 -0.675271 0.5624662 -0.7286806 -0.1218011 0.6739355 -0.4769155 -0.6754639 0.5624058 -0.2028213 -0.1515826 0.9674121 -0.4697922 0.4674096 0.7488816 0.02370154 0.6303158 0.775977 0.2814607 0.634476 0.7198752 0.5765334 -0.1449996 0.8041046 0.7249832 0.4774093 0.4964673 -0.8176429 -0.3377103 0.4662746 -0.5749103 -0.8128132 0.09387826 -0.3365961 -0.5859876 0.7371035 -0.5306395 0.1111291 0.840281 -0.07814526 0.184236 0.9797707 0.201057 0.1831193 0.9623116 0.4651005 -0.5735353 0.6743432 0.6533132 0.126157 0.7465027 0.2364019 -1.83284e-5 0.9716554 0.3711964 -7.21216e-6 0.9285544 0.1981242 0.7672985 0.609918 0.181167 0.6522116 0.7360696 0.09898674 0.9258221 0.3647673 0.09998452 0.9252994 0.3658199 0.1621707 0.7433764 0.6489163 0.1188048 0.9198343 0.3738857 0.215697 0.6477774 0.7306568 0.1357072 0.9101119 0.39151 0.0617026 0.9246866 0.3756963 0.3764066 0.6471131 0.6629953 0.2503623 0.9604131 0.1221704 0.4781686 0.8126696 0.3330509 0.5171149 0.4476949 0.7294939 0.5397506 -5.75185e-6 0.8418251 0.3340567 -9.0301e-5 0.942553 0.257409 2.03848e-5 0.9663026 0.2742897 -3.76999e-5 0.9616472 0.3711958 -1.06007e-4 -0.9285546 0.2363841 -1.21295e-4 -0.9716597 0.1937184 0.7700037 -0.6079207 0.1815769 0.6573562 -0.7313774 0.09903597 0.9258285 -0.3647375 0.1032572 0.9244701 -0.3670055 0.1685661 0.7441384 -0.6464082 0.1188285 0.9198271 -0.373896 0.2192044 0.6463407 -0.7308852 0.1357632 0.9100851 -0.3915528 0.06161886 0.9246826 -0.3757197 0.3764983 0.6470894 -0.6629663 0.2503339 0.9604242 -0.1221411 0.478222 0.8126486 -0.3330259 0.512367 0.4496461 -0.731641 0.5397984 -5.36442e-6 -0.8417943 0.3341197 -8.97646e-5 -0.9425307 0.2574447 -8.13603e-5 -0.966293 0.2743168 1.08182e-5 -0.9616394 0.2363868 -6.85453e-6 -0.971659 0.3711979 -2.43555e-5 -0.9285539 0.1922583 -0.7716671 -0.6062728 0.1815818 -0.6573264 -0.7314028 0.09903597 -0.9258285 -0.3647376 0.1032572 -0.9244701 -0.3670055 0.1685715 -0.7441157 -0.6464329 0.1188285 -0.9198271 -0.373896 0.2175592 -0.6526619 -0.7257413 0.135763 -0.910085 -0.3915529 0.06161892 -0.9246826 -0.3757198 0.3765046 -0.6470647 -0.6629869 0.2503342 -0.9604241 -0.1221413 0.4719999 -0.8163742 -0.3327905 0.5105064 -0.4510053 -0.7321048 0.53979 1.57058e-4 -0.8417998 0.3341138 -9.26852e-6 -0.9425328 0.2574135 1.24782e-4 -0.9663015 0.2743139 6.52969e-5 -0.9616402 0.3711991 1.17481e-4 0.9285533 0.2364045 1.42664e-4 0.9716547 0.1979948 -0.7720037 0.6039937 0.1825913 -0.6542528 0.7339031 0.09898674 -0.9258221 0.3647673 0.1032608 -0.9244576 0.3670359 0.168703 -0.7440713 0.6464497 0.1188048 -0.9198341 0.3738858 0.2175537 -0.6526742 0.725732 0.1357071 -0.9101119 0.3915101 0.0617029 -0.9246865 0.3756963 0.3811234 -0.6426207 0.6646681 0.2503625 -0.9604129 0.1221703 0.4781687 -0.8126696 0.3330509 0.5223129 -0.4424446 0.7289938 0.5397427 1.10194e-4 0.8418301 0.334051 7.76947e-5 0.942555 0.2574133 7.45952e-5 0.9663015 0.2742866 6.93202e-5 0.961648 -0.5504288 0.8348822 3.83306e-5 0.3160495 -0.9285335 0.1947779 0.3141915 -0.9291888 0.1946589 0.3179533 -0.9263088 0.2021331 0.3182718 -0.9270334 0.1982733 0.3276808 -0.9440335 -0.03776443 0.3257672 -0.9435467 -0.05996072 0.2731802 -0.9212856 -0.2767769 0.2688397 -0.963185 -3.29117e-6 0.2524079 -0.9675904 0.00769633 0.2737171 -0.9196842 0.2815318 0.3265408 -0.9443678 0.03925305 0.3279158 -0.9425378 0.06398367 0.3182969 -0.9270258 -0.1982684 0.3152398 -0.9280412 -0.1984025 0.3141914 -0.9291888 -0.1946588 0.3160277 -0.9285447 -0.1947597 -0.8911505 0.008868992 0.453621 -0.9210521 0.1983881 0.3351197 -0.07236689 0.9973726 -0.003310322 -0.247659 0.9027175 0.3518039 0.7657786 0.5706696 -0.2965123 0.6597011 0.7270203 -0.1903578 -0.3188028 0.9015402 0.2925581 -0.5004543 0.2103821 0.8398125 0.1031899 -0.9410829 -0.322048 0.08847552 -0.9490244 -0.3025309 0.134852 -0.9641076 -0.228717 0.0978378 -0.9778273 -0.1851529 0.2148994 -0.9733802 -0.07968348 0.1301223 -0.9906104 -0.04194414 -0.04522764 -0.9446946 -0.3248177 -0.003992855 -0.9880645 -0.1539893 -0.122809 -0.9458948 -0.3003349 -0.07410079 -0.9909881 -0.1115874 -0.06106907 -0.9980968 0.008560836 -0.009576499 -0.9929176 0.118419 -0.04757726 -0.9908668 0.1261723 -0.09787017 -0.9937401 0.05387097 -0.08609431 -0.9853769 0.1470382 -0.08975499 -0.9602433 0.2643424 -0.07908052 -0.9644163 0.2522847 -0.09192031 -0.9586619 0.269292 -0.1308334 -0.9489249 0.2870962 -0.1387904 -0.9571192 0.2542837 -0.2309165 -0.9508843 0.2061477 -0.239394 -0.9040967 0.3539772 -0.3049383 -0.9298952 0.2056878 -0.3307591 -0.8808327 0.3387217 -0.1979889 -0.8449074 0.4969225 -0.1021651 -0.8988823 0.4261139 -0.1134164 -0.9392403 0.3239823 -0.06823056 -0.9408195 0.331969 -0.06221646 -0.9335955 0.352886 -0.0343005 -0.972077 0.232142 0.01889556 -0.9687933 0.2471486 0.1394053 -0.9527561 0.2698556 0.07901006 -0.9901032 0.1159883 0.2284854 -0.9530735 0.1986092 0.2637278 -0.9201787 0.2893426 0.1939932 -0.8744271 0.444684 0.2863278 -0.8700928 0.4011919 0.289667 -0.8743644 0.3893327 0.2716781 -0.9054302 0.3261705 0.3087424 -0.9016985 0.3026847 0.3006901 -0.8945699 0.3306513 0.3492892 -0.8552581 0.3827932 0.3564308 -0.8742958 0.3294906 0.3340284 -0.9156519 0.2236216 0.2915899 -0.9333242 0.2094784 0.3204175 -0.9435494 0.08394819 0.2790337 -0.9580999 0.06469172 0.3253904 -0.805504 0.495262 0.3223503 -0.7301792 0.6024357 0.3394638 -0.722173 0.6026861 0.3407734 -0.5526693 0.7605461 0.384103 -0.5572177 0.7361885 0.3653068 -0.4212988 0.8300954 0.3679473 -0.5219098 0.7695616 0.340258 -0.5160254 0.786093 0.3749411 -0.6332344 0.6770771 0.4307393 -0.654051 0.6218369 0.3446648 -0.7896813 0.5075525 0.3990257 -0.8251643 0.3998528 -0.04723006 -0.9144156 0.402012 0.00148189 -0.7988334 0.6015506 -0.01724117 -0.8751586 0.4835292 0.05670243 -0.6889477 0.7225897 0.03795492 -0.6834952 0.7289677 0.01417642 -0.6447562 0.7642568 0.009123504 -0.6893404 0.7243802 0.01281017 -0.6907156 0.7230131 0.005589127 -0.6911541 0.7226859 -0.0370118 -0.6881338 0.7246392 0.005947709 -0.6889364 0.7247974 -0.02840256 -0.5851886 0.8103996 0.02924335 -0.5763993 0.8166449 0.009221196 -0.4567778 0.8895331 0.03173607 -0.5086936 0.8603626 0.04198461 -0.3870148 0.9211172 0.03326487 -0.3786064 0.9249598 0.04818975 -0.3327825 0.9417716 0.03017246 -0.2006355 0.9792012 0.03907388 -0.1366606 0.989847 0.0117653 -1.95035e-5 0.9999308 0.02714192 0.003641664 0.999625 0.03922659 0.1379504 0.9896621 0.03018599 0.2006166 0.9792047 0.04818797 0.3327826 0.9417716 0.03561908 0.3763507 0.9257925 0.03976738 0.3932634 0.9185655 0.009221196 0.4567791 0.8895324 0.03173935 0.5086522 0.8603869 0.0298888 0.5767411 0.81638 -0.0284028 0.5851886 0.8103996 0.005954802 0.6889396 0.7247943 -0.03701233 0.6881339 0.7246392 0.005571246 0.6890009 0.7247391 0.009109854 0.6893072 0.7244119 0.01283484 0.6907069 0.7230209 0.01501226 0.6416774 0.7668279 -4.91971e-4 0.8024219 0.5967569 0.03795534 0.6834949 0.7289679 0.05549508 0.6843809 0.7270097 -0.01726353 0.8752017 0.4834501 -0.06221634 0.9335955 0.3528862 0.07685381 0.7938442 0.6032454 0.0590285 0.6733409 0.736972 0.1470773 0.6648705 0.7323357 0.1633569 0.7628722 0.6255723 0.184923 0.6002483 0.7781424 0.2223367 0.5590693 0.7987541 0.180837 0.5254011 0.8314156 0.17066 0.410673 0.8956689 0.110598 0.5232433 0.8449761 0.1021489 0.5126808 0.8524811 0.08566033 0.4209651 0.9030231 0.09913748 0.5648924 0.8191877 0.05653172 0.6134188 0.7877319 0.03496563 0.5265547 0.849422 0.07779926 0.3903461 0.9173753 0.1164196 0.2494385 0.9613672 0.1380492 0.3227374 0.9363669 0.1580078 0.3026877 0.939901 0.2316325 0.2935451 0.9274577 0.2497516 0.3933392 0.8848211 0.2254843 0.3044016 0.925471 0.2449841 0.2367298 0.9401819 0.2177426 0.2052696 0.9541764 0.2172138 0.1391817 0.9661504 0.2445711 -1.60698e-5 0.9696314 0.2137783 0.132228 0.9678919 0.2020689 5.60466e-4 0.9793711 0.1902486 0.1159015 0.9748704 0.1443092 -1.76312e-5 0.9895327 0.1747584 0.1298478 0.9760119 0.1607861 0.2080059 0.9648219 0.2658962 0.4471583 0.8540191 0.2574925 0.5566794 0.7898137 0.231525 0.7256219 0.6479731 0.2925238 0.6149301 0.7323188 0.32235 0.7301793 0.6024356 0.2908295 0.6255214 0.723976 0.3460147 0.5508979 0.7594639 0.3022652 0.4691832 0.8297607 0.3684841 0.3977258 0.8402581 0.3634 0.4238846 0.8296158 0.3563161 0.237896 0.9035731 0.4127267 0.2224462 0.8832749 0.4306727 0.2162865 0.8762085 0.4422841 0.006938874 0.8968483 0.4762405 0.005665302 0.8792969 0.4301837 -0.2146011 0.8768628 0.3582549 -0.2311356 0.9045606 0.4127265 -0.2224462 0.883275 0.3684834 -0.3977259 0.8402584 0.3022674 -0.4691762 0.8297639 0.2898388 -0.6235125 0.7261031 0.2851935 -0.6170558 0.7334215 0.226579 -0.729748 0.6450813 0.2544177 -0.555259 0.7918075 0.2206293 -0.5647532 0.7952212 0.2658973 -0.4471581 0.8540189 0.2497513 -0.3933393 0.8848212 0.2845129 -0.3647972 0.8865526 0.246017 -0.2301131 0.9415539 0.2858573 -0.2583913 0.9227783 0.2838488 -2.13409e-5 0.958869 0.3095465 -0.1593109 0.9374439 0.3177362 -0.2696169 0.9090382 0.3079279 -0.3120042 0.8987959 0.299595 -0.2973284 0.9065532 0.30725 -0.2527292 0.9174559 0.3357984 -0.3393919 0.8786652 -0.08832955 0.59605 0.7980742 -0.09035122 0.5184352 0.8503304 -0.1325322 0.576664 0.8061601 -0.09748893 0.5580648 0.8240508 -0.124352 0.3949936 0.910229 -0.0153532 0.4314811 0.9019914 -0.04788285 0.2461271 0.9680541 -0.1324698 -2.2784e-5 0.991187 -0.04724645 0.2056436 0.9774858 -0.01983892 0.1298082 0.9913407 -0.3508877 0.330844 0.8760252 -0.3554883 -1.96584e-5 0.9346807 -0.1245555 -0.3948778 0.9102514 -0.3516237 -0.3373899 0.873229 -0.09162253 -0.5199537 0.8492665 -0.08761149 -0.5969115 0.7975093 -0.130733 -0.5785151 0.8051268 -0.09682106 -0.5581125 0.8240973 -0.01004785 -0.433274 0.9012063 -0.05412477 -0.2413534 0.9689269 -0.04731756 -0.2057063 0.9774692 -0.01878631 -0.1296667 0.9913797 -0.3010487 -0.5148531 0.8026806 -0.5045374 -0.2512872 0.8260127 -0.5125748 -0.001366496 0.8586415 -0.5039117 0.2499914 0.8267875 -0.3010485 0.5148531 0.8026806 0.1194244 0.3473641 0.9300947 0.07855129 0.357238 0.9307045 0.107582 0.2401317 0.9647606 0.09192574 -2.2876e-4 0.9957658 0.1075788 -0.240149 0.9647567 0.116419 -0.2494496 0.9613645 0.1745706 -0.1304721 0.9759622 0.1902858 -0.1166093 0.9747787 0.2139867 -0.1322219 0.9678466 0.2170643 -0.1397431 0.966103 0.2191127 -0.2065021 0.9535966 0.2254793 -0.3043999 0.9254727 0.2316319 -0.2935452 0.9274578 0.1728705 -0.4050381 0.8978084 0.1580078 -0.3026879 0.9399009 0.08565348 -0.4209679 0.9030225 0.1380266 -0.322698 0.9363838 0.1611985 -0.210493 0.9642136 0.1808562 -0.5253999 0.8314121 0.1849226 -0.6002486 0.7781422 0.1631786 -0.7674387 0.6200087 0.1527617 -0.6631888 0.7326968 0.07751011 -0.7988492 0.5965169 0.05908954 -0.6828317 0.7281823 0.009380042 -0.9314964 0.3636296 0.08943265 -0.9041982 0.4176452 0.08943283 0.9041982 0.4176453 0.009379982 0.9314965 0.3636298 -0.03430056 0.972077 0.2321422 -0.07908046 0.9644162 0.2522851 -0.08655571 0.9857863 0.1439913 -0.08975499 0.9602435 0.2643416 -0.1006786 0.9934218 0.05456304 -0.04757708 0.9908668 0.1261724 -0.06060338 0.9980295 0.01626193 -0.009576618 0.9929175 0.1184192 -0.07410097 0.9909879 -0.1115884 -0.1228091 0.9458944 -0.3003365 -6.0061e-4 0.9886065 -0.1505223 -0.04676139 0.9422721 -0.3315669 0.1301223 0.9906104 -0.04194402 0.09783792 0.9778274 -0.1851522 0.2148995 0.97338 -0.0796836 0.1348301 0.9641125 -0.2287093 0.1031903 0.9410828 -0.3220483 0.08847612 0.9490242 -0.3025314 0.01889562 0.9687933 0.2471485 0.1394054 0.9527561 0.2698559 0.07901 0.9901031 0.1159886 0.2284855 0.9530734 0.1986091 0.4462179 -0.4437439 0.7771621 0.4640398 -0.3813468 0.799526 0.4629688 -0.5655401 0.6825133 0.1105881 -0.5232474 0.8449749 0.1050334 -0.5079329 0.8549692 0.09913671 -0.5648924 0.8191878 0.05707097 -0.611995 0.7887998 0.0349639 -0.52657 0.8494126 0.07779908 -0.3903462 0.9173752 0.1194246 -0.3473641 0.9300946 0.07879006 -0.3568622 0.9308285 0.03251373 -0.5308437 0.8468458 0.08341491 -0.5821139 0.8088173 0.0624094 -0.9594963 0.2747215 0.09489405 -0.9539416 0.2845884 -0.4911971 0.02951085 -0.8705484 -0.5798166 0.4698238 -0.6656413 -0.6089645 0.2461388 -0.7540411 -0.4328786 0.5229367 -0.7342707 -0.4896938 0.2785593 -0.8261989 -0.2997691 0.4782106 -0.8255019 -0.3649436 0.2359797 -0.9006275 -0.2283788 0.4053904 -0.8851565 -0.2802947 0.2130381 -0.9359753 -0.1417689 0.3624386 -0.9211623 -0.1859039 0.191197 -0.9637861 -0.05874717 0.366868 -0.9284163 -0.1083572 0.1687772 -0.9796801 0.04441016 0.3258673 -0.9443719 -0.04112076 0.1579998 -0.9865826 0.1037863 0.3015441 -0.9477868 0.01124632 0.1769897 -0.9841485 0.2007372 0.2192428 -0.954797 0.07746642 0.1083864 -0.991086 0.2867777 0.0759254 -0.9549838 0.1337698 0.02776598 -0.9906235 0.2779334 2.18555e-6 -0.9606004 0.1153828 7.81752e-6 -0.9933211 0.1337667 -0.02779668 -0.990623 0.2864443 -0.07590955 -0.955085 0.07747268 -0.1083046 -0.9910945 0.1987035 -0.2166227 -0.9558199 0.01124608 -0.1769896 -0.9841485 0.1032606 -0.3055208 -0.9465698 -0.04110127 -0.1580416 -0.9865767 0.04272687 -0.3244945 -0.9449221 -0.1083573 -0.1687773 -0.9796801 -0.0593056 -0.3665578 -0.9285032 -0.1859036 -0.1911978 -0.9637859 -0.141363 -0.3614923 -0.9215964 -0.2802817 -0.2130369 -0.9359795 -0.2282659 -0.4043176 -0.885676 -0.3649436 -0.2359809 -0.9006272 -0.3007758 -0.4772655 -0.8256826 -0.4897028 -0.2786427 -0.8261654 -0.4323089 -0.5259333 -0.7324638 -0.6089585 -0.2462296 -0.7540162 -0.5800805 -0.4701023 -0.6652145 -0.4886434 -0.03435224 -0.871807 0.1939924 0.87443 0.4446787 0.2863276 0.8700929 0.4011918 0.3253895 0.8055047 0.4952614 0.3394632 0.722173 0.6026864 0.3841026 0.5572178 0.7361886 0.3693439 0.5221571 0.7687243 0.3440026 0.5152232 0.7849888 0.3749411 0.633234 0.6770774 0.4282873 0.6484894 0.6293106 0.3447357 0.7896084 0.5076179 0.3492889 0.8552584 0.3827931 0.3990257 0.8251644 0.3998528 0.4629684 0.5655404 0.6825133 0.4640394 0.3813479 0.7995256 0.4659417 0.3481521 0.8134425 0.4649946 0.2545634 0.8479254 0.4849089 2.30799e-5 0.8745647 0.4563185 0.003234267 0.8898106 0.425401 0.2312839 0.8749525 0.4259331 -0.001480877 0.9047535 0.4251529 -0.2309417 0.8751634 0.4641885 -0.2567921 0.8476951 0.4659485 -0.3481264 0.8134495 0.3564307 0.8742957 0.3294907 0.3087424 0.9016986 0.3026844 0.3006901 0.8945698 0.3306514 0.2716778 0.9054303 0.3261709 0.2637276 0.9201785 0.2893429 0.2914851 0.8718976 0.3934856 0.3340282 0.915652 0.2236213 0.2915898 0.9333244 0.209478 0.3204181 0.9435492 0.08394771 0.2790339 0.9580999 0.06469142 0.4470113 0.4421941 0.7775894 0.3288626 -0.1308096 0.9352744 0.3760333 -1.91361e-5 0.9266062 0.3284247 0.1306945 0.9354444 0.3066014 0.2552108 0.9169859 0.2995947 0.2973285 0.9065533 0.3153503 0.2705013 0.909606 0.3092668 0.311187 0.8986194 0.2861577 0.2549857 0.923632 0.3100268 0.1598061 0.9372008 0.2855634 0.3642392 0.8864443 0.335799 0.3393945 0.878664 0.3160491 0.9285336 0.1947776 0.3141915 0.9291887 0.1946592 0.3179534 0.9263088 0.2021331 0.3182718 0.9270334 0.198273 0.3251441 0.9446391 -0.04402768 0.3261083 0.9436765 -0.05592888 0.2732964 0.9216759 -0.2753596 0.2688397 0.963185 -3.19698e-6 0.2524049 0.9675909 0.007737219 0.2737171 0.9196842 0.2815317 0.3264921 0.9443844 0.03925698 0.3251683 0.9435755 0.06269717 0.318297 0.9270258 -0.1982681 0.3179535 0.9263087 -0.2021331 0.3141915 0.9291886 -0.1946592 0.3160276 0.9285448 -0.1947595 0.97456 -0.08026933 0.2092602 0.7229015 0.4029961 0.5612555 0.6582251 -0.3147506 0.6838654 0.2967879 0.4374274 0.8488665 -0.1251688 -0.4464541 0.8860088 0.01640248 0.3887313 0.9212053 -0.4538416 0.2095352 0.8660964 -0.683022 -0.348082 0.6421215 -0.3980405 -0.852117 0.3397948 -0.3862782 -0.8970208 0.2148094 -0.287799 -0.8733094 0.3930682 -0.3690406 -0.841658 0.3942347 -0.5070296 -0.8243417 0.2517573 -0.5522736 -0.7059897 0.4433651 -0.7329615 -0.5860031 0.3454965 -0.6710249 -0.5511652 0.495926 -0.4420561 -0.6860526 0.5778567 -0.2907144 -0.789866 0.5399971 -0.5969718 -0.5413402 0.5920942 -0.7068783 -0.3837302 0.5942006 -0.8043277 -0.3471111 0.4822561 -0.8963546 -0.2874161 0.3375507 -0.8780409 -0.001888632 0.478582 -0.9488782 -1.57059e-5 0.3156429 -0.8961294 0.2888159 0.3369535 -0.8054316 0.3498119 0.4784473 -0.7297033 0.5918446 0.3424225 -0.6746728 0.5490741 0.4932892 -0.707068 0.3881083 0.5911233 -0.784822 -2.83032e-5 0.6197212 -0.5976298 0.5414254 0.5913521 -0.4420561 0.6860525 0.5778567 -0.5527704 0.7019112 0.4491832 -0.5070296 0.8243417 0.2517574 -0.3649297 0.842523 0.3962087 -0.3862779 0.8970209 0.2148095 -0.2866137 0.8734562 0.3936074 -0.2862894 0.7946279 0.5353549 -0.3307587 0.8808328 0.3387217 -0.1979887 0.8449074 0.4969225 -0.2393939 0.9040966 0.3539772 -0.1021652 0.8988823 0.4261139 -0.1134167 0.9392402 0.3239825 -0.04722982 0.9144154 0.4020125 -0.06823045 0.9408194 0.3319692 -0.09192031 0.9586621 0.2692915 -0.1308338 0.948925 0.2870955 -0.1387908 0.9571191 0.2542835 -0.2309165 0.9508843 0.2061474 -0.3049384 0.9298953 0.2056875 0.9159351 0.3349261 0.2211053 0.9207543 8.11224e-6 0.3901432 1 1.53046e-5 2.53258e-5 0.9159429 -0.3349056 0.2211037 0.8914287 -0.4531612 0 0.9159414 -0.3349249 -0.2210804 0.9207913 8.01943e-6 -0.3900558 0.9159336 0.3349455 -0.221082 0.8914113 0.4531953 0 -0.5165155 0.1826612 0.8365684 -0.4008557 0.2483329 0.8818421 -0.4008356 0.2472735 0.8821489 -0.5166369 -0.1826099 0.8365046 -0.4007602 -0.2452983 0.8827344 -0.400853 -0.2483333 0.8818432 -0.1317396 0.8140013 0.5657265 -0.1089064 0.8975906 0.4271659 -0.1948664 0.8008514 -0.5662723 -0.1315663 -0.8140358 0.5657172 -0.1948664 -0.8008514 -0.5662721 -0.1089891 -0.8975778 0.4271717</float_array>
          <technique_common>
            <accessor source="#standard_standard-mesh-normals-array" count="1470" stride="3">
              <param name="X" type="float"/>
              <param name="Y" type="float"/>
              <param name="Z" type="float"/>
            </accessor>
          </technique_common>
        </source>
        <source id="standard_standard-mesh-map-0">
          <float_array id="standard_standard-mesh-map-0-array" count="9300">0.6520696 0.6197355 0.6361991 0.6959897 0.630727 0.6138651 0.630727 0.6138651 0.6361991 0.6959897 0.6009111 0.6833036 0.630727 0.6138651 0.6009111 0.6833036 0.6093693 0.6017736 8.17596e-4 0.09792548 8.17596e-4 0.08008563 0.05484098 0.07499283 8.17596e-4 0.09792548 0.05484098 0.07499283 0.05465906 0.1055799 0.05465906 0.1055799 0.05484098 0.07499283 0.0981931 0.07333081 0.05465906 0.1055799 0.0981931 0.07333081 0.09801119 0.1072571 0.09801119 0.1072571 0.0981931 0.07333081 0.1382105 0.08151888 0.09801119 0.1072571 0.1382105 0.08151888 0.1380134 0.09920632 0.1380134 0.09920632 0.1382105 0.08151888 0.1946137 0.08238798 0.1380134 0.09920632 0.1946137 0.08238798 0.1945227 0.09993821 0.2001464 0.028975 0.1999493 0.01130276 0.2541244 0.01087588 0.2001464 0.028975 0.2541244 0.01087588 0.2543063 0.02854806 0.2543063 0.02854806 0.2541244 0.01087588 0.2744968 0.01064717 0.2543063 0.02854806 0.2744968 0.01064717 0.2746939 0.02833455 0.2746939 0.02833455 0.2744968 0.01064717 0.3128468 0.0102812 0.2746939 0.02833455 0.3128468 0.0102812 0.3130287 0.02796864 0.3130287 0.02796864 0.3128468 0.0102812 0.3576238 0.009717047 0.3130287 0.02796864 0.3576238 0.009717047 0.3578208 0.02740448 0.6361991 0.8015807 0.6520696 0.8778349 0.630727 0.8837053 0.6361991 0.8015807 0.630727 0.8837053 0.6009111 0.8142668 0.6009111 0.8142668 0.630727 0.8837053 0.6093693 0.8957968 0.9935055 0.8530115 0.9800906 0.8570064 0.9756492 0.8730013 0.9756492 0.8730013 0.9800906 0.8570064 0.9531092 0.8688845 0.9756492 0.8730013 0.9531092 0.8688845 0.9564439 0.8938451 0.9564439 0.8938451 0.9531092 0.8688845 0.9320394 0.8899569 0.9564439 0.8938451 0.9320394 0.8899569 0.9475916 0.9195833 0.9475916 0.9195833 0.9320394 0.8899569 0.9165176 0.9195833 0.9475916 0.9195833 0.9165176 0.9195833 0.9165176 0.9520611 0.9475916 0.9195833 0.9165176 0.9520611 0.9564439 0.9453064 0.9564439 0.9453064 0.9165176 0.9520611 0.9531092 0.9702823 0.9564439 0.9453064 0.9531092 0.9702823 0.9756492 0.9661501 0.9756492 0.9661501 0.9531092 0.9702823 0.9800906 0.9821603 0.9756492 0.9661501 0.9800906 0.9821603 0.9935055 0.9861552 0.9165176 0.9520611 0.8850191 0.9907296 0.9165176 0.9845389 0.9165176 0.9520611 0.9165176 0.9845389 0.9531092 0.9702823 0.9531092 0.9702823 0.9165176 0.9845389 0.9800906 0.9821603 0.7463983 0.6793696 0.7468683 0.6866886 0.6594516 0.704132 0.6594516 0.704132 0.7468683 0.6866886 0.6591485 0.7487776 0.6594516 0.704132 0.6591485 0.7487776 0.6390184 0.7205691 0.6390184 0.7205691 0.6591485 0.7487776 0.6387001 0.7487776 0.6390184 0.7205691 0.6387001 0.7487776 0.6304087 0.7487776 0.6304087 0.7487776 0.6387001 0.7487776 0.6390184 0.776986 0.6390184 0.776986 0.6387001 0.7487776 0.6591485 0.7487776 0.6390184 0.776986 0.6591485 0.7487776 0.6594516 0.7934079 0.6594516 0.7934079 0.6591485 0.7487776 0.7468683 0.8108513 0.6594516 0.7934079 0.7468683 0.8108513 0.7463983 0.8181703 0.6009111 0.6833036 0.6361991 0.6959897 0.6330462 0.7213468 0.6009111 0.6833036 0.6330462 0.7213468 0.601381 0.7152782 0.601381 0.7152782 0.6330462 0.7213468 0.6303178 0.7487776 0.601381 0.7152782 0.6303178 0.7487776 0.6022905 0.7488843 0.6022905 0.7488843 0.6303178 0.7487776 0.601381 0.7822923 0.601381 0.7822923 0.6303178 0.7487776 0.6330462 0.7762236 0.601381 0.7822923 0.6330462 0.7762236 0.6009111 0.8142668 0.6009111 0.8142668 0.6330462 0.7762236 0.6361991 0.8015807 0.01688516 0.1853411 8.17596e-4 0.130998 0.07104498 0.1608531 0.07104498 0.1608531 8.17596e-4 0.130998 0.05465906 0.1055799 0.07104498 0.1608531 0.05465906 0.1055799 0.09801119 0.1072571 0.07104498 0.1608531 0.09801119 0.1072571 0.09141743 0.1615393 0.09141743 0.1615393 0.09801119 0.1072571 0.1297674 0.1545863 0.1297674 0.1545863 0.09801119 0.1072571 0.1380134 0.09920632 0.1297674 0.1545863 0.1380134 0.09920632 0.1745444 0.1673334 0.1745444 0.1673334 0.1380134 0.09920632 0.1944318 0.1395062 0.9807727 0.6861854 0.9538065 0.6980634 0.9270979 0.6802998 0.9270979 0.6802998 0.9538065 0.6980634 0.9257488 0.7191511 0.9270979 0.6802998 0.9257488 0.7191511 0.8795015 0.6746581 0.8795015 0.6746581 0.9257488 0.7191511 0.8750905 0.7487776 0.8750905 0.7487776 0.9257488 0.7191511 0.9247029 0.7487776 0.8750905 0.7487776 0.9247029 0.7487776 0.9257488 0.778404 0.8750905 0.7487776 0.9257488 0.778404 0.8795015 0.8228971 0.8750905 0.7487776 0.8795015 0.8228971 0.8276609 0.8168742 0.8750905 0.7487776 0.8276609 0.8168742 0.8252507 0.7487776 0.8252507 0.7487776 0.8276609 0.8168742 0.7468683 0.8108513 0.8252507 0.7487776 0.7468683 0.8108513 0.7464742 0.7487776 0.7464742 0.7487776 0.7468683 0.8108513 0.6591485 0.7487776 0.7464742 0.7487776 0.6591485 0.7487776 0.7468683 0.6866886 0.7464742 0.7487776 0.7468683 0.6866886 0.8252507 0.7487776 0.8252507 0.7487776 0.7468683 0.6866886 0.8276609 0.6806657 0.8252507 0.7487776 0.8276609 0.6806657 0.8750905 0.7487776 0.8750905 0.7487776 0.8276609 0.6806657 0.8795015 0.6746581 0.8795015 0.8228971 0.9257488 0.778404 0.9270979 0.8172401 0.9270979 0.8172401 0.9257488 0.778404 0.9538065 0.7994765 0.9270979 0.8172401 0.9538065 0.7994765 0.9807727 0.8113545 0.1747415 0.01325452 0.1946137 0.04106652 0.1382105 0.08151888 0.1747415 0.01325452 0.1382105 0.08151888 0.1299493 0.02598643 0.1299493 0.02598643 0.1382105 0.08151888 0.0981931 0.07333081 0.1299493 0.02598643 0.0981931 0.07333081 0.09161448 0.01904869 0.09161448 0.01904869 0.0981931 0.07333081 0.07122689 0.01973479 0.07122689 0.01973479 0.0981931 0.07333081 0.05484098 0.07499283 0.07122689 0.01973479 0.05484098 0.07499283 9.99493e-4 0.04958999 0.07122689 0.01973479 9.99493e-4 0.04958999 0.01706701 -0.004768371 0.9531092 0.8688845 0.9800906 0.8570064 0.9165176 0.8546125 0.9531092 0.8688845 0.9165176 0.8546125 0.9320394 0.8899569 0.9320394 0.8899569 0.9165176 0.8546125 0.9165176 0.8871055 0.9320394 0.8899569 0.9165176 0.8871055 0.9165176 0.9195833 0.9165176 0.9195833 0.9165176 0.8871055 0.8850191 0.9195833 0.9165176 0.9195833 0.8850191 0.9195833 0.9165176 0.9520611 0.9165176 0.9520611 0.8850191 0.9195833 0.8850191 0.9907296 0.8850191 0.9907296 0.8850191 0.9195833 0.8542633 0.9939011 0.8542633 0.9939011 0.8850191 0.9195833 0.8542633 0.9195833 0.8542633 0.9939011 0.8542633 0.9195833 0.8176717 0.9195833 0.8542633 0.9939011 0.8176717 0.9195833 0.8186115 0.9894945 0.8186115 0.9894945 0.8176717 0.9195833 0.7810801 0.9195833 0.8186115 0.9894945 0.7810801 0.9195833 0.7829597 0.9850726 0.7829597 0.9850726 0.7810801 0.9195833 0.7423663 0.9777232 0.7423663 0.9777232 0.7810801 0.9195833 0.7423663 0.9195833 0.7423663 0.9777232 0.7423663 0.9195833 0.6981502 0.9195833 0.7423663 0.9777232 0.6981502 0.9195833 0.6981502 0.9665313 0.6981502 0.9665313 0.6981502 0.9195833 0.6783083 0.9593343 0.6783083 0.9593343 0.6981502 0.9195833 0.6783083 0.9195833 0.6783083 0.9593343 0.6783083 0.9195833 0.6611644 0.9521679 0.6611644 0.9521679 0.6783083 0.9195833 0.661695 0.9195833 0.6611644 0.9521679 0.661695 0.9195833 0.6487197 0.9418604 0.6487197 0.9418604 0.661695 0.9195833 0.6430202 0.9307295 0.6430202 0.9307295 0.661695 0.9195833 0.6420956 0.9195833 0.6420956 0.9195833 0.661695 0.9195833 0.6430202 0.9084372 0.6430202 0.9084372 0.661695 0.9195833 0.6487197 0.8972911 0.6487197 0.8972911 0.661695 0.9195833 0.6611644 0.8869988 0.6611644 0.8869988 0.661695 0.9195833 0.6783083 0.9195833 0.6611644 0.8869988 0.6783083 0.9195833 0.6783083 0.8798323 0.6783083 0.8798323 0.6783083 0.9195833 0.6981502 0.9195833 0.6783083 0.8798323 0.6981502 0.9195833 0.6981502 0.8726354 0.6981502 0.8726354 0.6981502 0.9195833 0.7423663 0.8614435 0.7423663 0.8614435 0.6981502 0.9195833 0.7423663 0.9195833 0.7423663 0.8614435 0.7423663 0.9195833 0.7810801 0.9195833 0.7423663 0.8614435 0.7810801 0.9195833 0.7829597 0.8540941 0.7829597 0.8540941 0.7810801 0.9195833 0.8186115 0.8496722 0.8186115 0.8496722 0.7810801 0.9195833 0.8176717 0.9195833 0.8186115 0.8496722 0.8176717 0.9195833 0.8542633 0.8452504 0.8542633 0.8452504 0.8176717 0.9195833 0.8542633 0.9195833 0.8542633 0.8452504 0.8542633 0.9195833 0.8850191 0.9195833 0.8542633 0.8452504 0.8850191 0.9195833 0.8850191 0.8484371 0.8850191 0.8484371 0.8850191 0.9195833 0.9165176 0.8871055 0.8850191 0.8484371 0.9165176 0.8871055 0.9165176 0.8546125 0.9807727 0.6861854 0.9941876 0.6821904 0.9763465 0.7021955 0.9807727 0.6861854 0.9763465 0.7021955 0.9538065 0.6980634 0.9538065 0.6980634 0.9763465 0.7021955 0.957126 0.7230393 0.9538065 0.6980634 0.957126 0.7230393 0.9257488 0.7191511 0.9257488 0.7191511 0.957126 0.7230393 0.9482737 0.7487776 0.9257488 0.7191511 0.9482737 0.7487776 0.9247029 0.7487776 0.9247029 0.7487776 0.9482737 0.7487776 0.9257488 0.778404 0.9257488 0.778404 0.9482737 0.7487776 0.957126 0.7745006 0.9257488 0.778404 0.957126 0.7745006 0.9538065 0.7994765 0.9538065 0.7994765 0.957126 0.7745006 0.9763465 0.7953444 0.9538065 0.7994765 0.9763465 0.7953444 0.9807727 0.8113545 0.9807727 0.8113545 0.9763465 0.7953444 0.9942027 0.8153494 0.4070088 0.7488843 0.4108741 0.7231003 0.4181348 0.7488843 0.4181348 0.7488843 0.4108741 0.7231003 0.4471322 0.6833341 0.4181348 0.7488843 0.4471322 0.6833341 0.5631977 0.6982464 0.4181348 0.7488843 0.5631977 0.6982464 0.5403848 0.7488843 0.5403848 0.7488843 0.5631977 0.6982464 0.5908006 0.7152629 0.5403848 0.7488843 0.5908006 0.7152629 0.6022905 0.7488843 0.5403848 0.7488843 0.6022905 0.7488843 0.5908006 0.782521 0.5403848 0.7488843 0.5908006 0.782521 0.5631977 0.7995375 0.5403848 0.7488843 0.5631977 0.7995375 0.4181348 0.7488843 0.4181348 0.7488843 0.5631977 0.7995375 0.4471322 0.8144345 0.4181348 0.7488843 0.4471322 0.8144345 0.4108741 0.7746683 0.4181348 0.7488843 0.4108741 0.7746683 0.4070088 0.7488843 0.2953392 0.5227138 0.2956878 0.5234 0.3028273 0.5253059 0.3028273 0.5253059 0.2956878 0.5234 0.3022816 0.5260683 0.3022816 0.5260683 0.2956878 0.5234 0.3385701 0.6374229 0.3385701 0.6374229 0.2956878 0.5234 0.33425 0.637118 0.3385701 0.6374229 0.33425 0.637118 0.3723574 0.7080355 0.3723574 0.7080355 0.33425 0.637118 0.3708871 0.7100939 0.3723574 0.7080355 0.3708871 0.7100939 0.3873184 0.7752782 0.3873184 0.7752782 0.3708871 0.7100939 0.3870759 0.777108 0.3873184 0.7752782 0.3870759 0.777108 0.4006273 0.852676 0.7001813 0.3021088 0.6908137 0.4814075 0.704365 0.3021088 0.7001813 0.3021088 0.704365 0.3021088 0.6908137 0.1228252 0.7331502 0.6296008 0.7328925 0.6485233 0.778397 0.6521371 0.7331502 0.6296008 0.778397 0.6521371 0.7859913 0.6064242 0.7859913 0.6064242 0.778397 0.6521371 0.7896746 0.6538296 0.7859913 0.6064242 0.7896746 0.6538296 0.7998306 0.6064242 0.7998306 0.6064242 0.7896746 0.6538296 0.8004673 0.6555221 0.6654542 0.5672678 0.6693347 0.5810213 0.6890705 0.5613822 0.6890705 0.5613822 0.6693347 0.5810213 0.7331502 0.5832323 0.6890705 0.5613822 0.7331502 0.5832323 0.7328925 0.5643098 0.7328925 0.5643098 0.7331502 0.5832323 0.778397 0.5607113 0.778397 0.5607113 0.7331502 0.5832323 0.7859913 0.6064242 0.778397 0.5607113 0.7859913 0.6064242 0.7896746 0.5590188 0.7896746 0.5590188 0.7859913 0.6064242 0.7998306 0.6064242 0.7896746 0.5590188 0.7998306 0.6064242 0.8004673 0.5573263 0.2127579 0.9944958 0.3386762 0.9820993 0.2127579 0.9906533 0.2127579 0.9944958 0.2127579 0.9906533 0.08683973 0.9820993 0.9262945 0.5832323 0.9265674 0.5643098 0.8810173 0.5607113 0.9262945 0.5832323 0.8810173 0.5607113 0.8734231 0.6064242 0.8734231 0.6064242 0.8810173 0.5607113 0.8697397 0.5590188 0.8734231 0.6064242 0.8697397 0.5590188 0.8595837 0.6064242 0.8595837 0.6064242 0.8697397 0.5590188 0.8589471 0.5573263 0.9940512 0.6455653 0.9901707 0.631827 0.9704501 0.6514509 0.9704501 0.6514509 0.9901707 0.631827 0.9262945 0.6296008 0.9704501 0.6514509 0.9262945 0.6296008 0.9265674 0.6485233 0.9265674 0.6485233 0.9262945 0.6296008 0.8810173 0.6521371 0.8810173 0.6521371 0.9262945 0.6296008 0.8734231 0.6064242 0.8810173 0.6521371 0.8734231 0.6064242 0.8697397 0.6538296 0.8697397 0.6538296 0.8734231 0.6064242 0.8595837 0.6064242 0.8697397 0.6538296 0.8595837 0.6064242 0.8589471 0.6555221 0.8734231 0.6064242 0.9262945 0.6296008 0.9259913 0.6064242 0.8734231 0.6064242 0.9259913 0.6064242 0.9262945 0.5832323 0.9262945 0.5832323 0.9259913 0.6064242 0.941301 0.6064242 0.941301 0.6064242 0.9259913 0.6064242 0.9262945 0.6296008 0.941301 0.6064242 0.9262945 0.6296008 0.9590208 0.6180582 0.9590208 0.6180582 0.9262945 0.6296008 0.9901707 0.631827 0.9590208 0.6180582 0.9589299 0.6064242 0.941301 0.6064242 0.941301 0.6064242 0.9589299 0.6064242 0.9590208 0.5947749 0.941301 0.6064242 0.9590208 0.5947749 0.9262945 0.5832323 0.9262945 0.5832323 0.9590208 0.5947749 0.9901707 0.5810213 0.9265674 0.5643098 0.9262945 0.5832323 0.9704501 0.5613822 0.9704501 0.5613822 0.9262945 0.5832323 0.9901707 0.5810213 0.9704501 0.5613822 0.9901707 0.5810213 0.9940512 0.5672678 0.08653652 0.2056207 0.08194363 0.2123297 0.1159735 0.1999332 0.08653652 0.2056207 0.1159735 0.1999332 0.1159735 0.1965177 0.1159735 0.1965177 0.1159735 0.1999332 0.1817597 0.1769853 0.1159735 0.1965177 0.1817597 0.1769853 0.1797285 0.1769396 0.1797285 0.1769396 0.1817597 0.1769853 0.2443171 0.1572852 0.5892242 0.2625712 0.6025784 0.2474911 0.6043368 0.2754098 0.6043368 0.2754098 0.6025784 0.2474911 0.6302116 0.2464542 0.6043368 0.2754098 0.6302116 0.2464542 0.627559 0.2746932 0.627559 0.2746932 0.6302116 0.2464542 0.6439145 0.2617936 0.627559 0.2746932 0.6439145 0.2617936 0.6454152 0.2821494 0.07659286 0.2086855 0.08156472 0.2071454 0.09684407 0.23758 0.07659286 0.2086855 0.09684407 0.23758 0.09394884 0.2383576 0.09394884 0.2383576 0.09684407 0.23758 0.1150186 0.2536512 0.09394884 0.2383576 0.1150186 0.2536512 0.108728 0.2514404 0.5867534 0.280838 0.5892242 0.2625712 0.6043368 0.2754098 0.5867534 0.280838 0.6043368 0.2754098 0.5928925 0.2926398 0.5928925 0.2926398 0.6043368 0.2754098 0.604928 0.302185 0.604928 0.302185 0.6043368 0.2754098 0.627559 0.2746932 0.604928 0.302185 0.627559 0.2746932 0.6250427 0.302185 0.6250427 0.302185 0.627559 0.2746932 0.636093 0.2944696 0.636093 0.2944696 0.627559 0.2746932 0.6454152 0.2821494 0.5948023 0.1792572 0.5805082 0.1895342 0.5814329 0.1673792 0.5814329 0.1673792 0.5805082 0.1895342 0.5659565 0.1723957 0.5814329 0.1673792 0.5659565 0.1723957 0.5594082 0.1493715 0.5594082 0.1493715 0.5659565 0.1723957 0.5483125 0.1578646 0.7520827 0.5056667 0.7539926 0.5010772 0.8170653 0.5056667 0.8170653 0.5056667 0.7539926 0.5010772 0.8139125 0.5010772 0.8170653 0.5056667 0.8139125 0.5010772 0.8951143 0.5033491 0.8951143 0.5033491 0.8139125 0.5010772 0.894599 0.4987748 0.8951143 0.5033491 0.894599 0.4987748 0.9309936 0.5033491 0.9309936 0.5033491 0.894599 0.4987748 0.9316908 0.4987748 0.9309936 0.5033491 0.9316908 0.4987748 0.9606276 0.5056667 0.9606276 0.5056667 0.9316908 0.4987748 0.9623405 0.5015041 0.7520827 0.3014683 0.7539926 0.2968787 0.8170653 0.3014683 0.8170653 0.3014683 0.7539926 0.2968787 0.8139125 0.2968787 0.8170653 0.3014683 0.8139125 0.2968787 0.8951143 0.2991507 0.8951143 0.2991507 0.8139125 0.2968787 0.894599 0.2945764 0.8951143 0.2991507 0.894599 0.2945764 0.9309936 0.2991507 0.9309936 0.2991507 0.894599 0.2945764 0.9316908 0.2945764 0.9309936 0.2991507 0.9316908 0.2945764 0.9606276 0.3014683 0.9606276 0.3014683 0.9316908 0.2945764 0.9623405 0.2973057 0.8951143 0.2899867 0.9309936 0.2899867 0.894599 0.2945764 0.894599 0.2945764 0.9309936 0.2899867 0.9316908 0.2945764 0.9316908 0.2945764 0.9309936 0.2899867 0.9606276 0.2876843 0.9316908 0.2945764 0.9606276 0.2876843 0.9623405 0.2918469 0.9316908 0.2945764 0.9623405 0.2918469 0.9623405 0.2973057 0.2953392 0.5227138 0.3028273 0.5253059 0.2994319 0.5265715 0.2953392 0.5227138 0.2994319 0.5265715 0.2719655 0.531283 0.2719655 0.531283 0.2994319 0.5265715 0.2746939 0.5359794 0.2719655 0.531283 0.2746939 0.5359794 0.2480459 0.5398371 0.2480459 0.5398371 0.2746939 0.5359794 0.2498194 0.545372 0.2480459 0.5398371 0.2498194 0.545372 0.2262032 0.5755016 0.2262032 0.5755016 0.2498194 0.545372 0.2279009 0.5816617 0.2262032 0.5755016 0.2279009 0.5816617 0.2127579 0.5792984 0.2127579 0.5792984 0.2279009 0.5816617 0.2127579 0.5858244 0.2127579 0.5792984 0.2127579 0.5858244 0.197615 0.5816617 0.2127579 0.5792984 0.197615 0.5816617 0.1993127 0.5755016 0.1993127 0.5755016 0.197615 0.5816617 0.1756964 0.545372 0.1993127 0.5755016 0.1756964 0.545372 0.1774699 0.5398371 0.1774699 0.5398371 0.1756964 0.545372 0.1508069 0.5359794 0.1774699 0.5398371 0.1508069 0.5359794 0.1535505 0.531283 0.1535505 0.531283 0.1508069 0.5359794 0.1260688 0.5265715 0.1535505 0.531283 0.1260688 0.5265715 0.1301767 0.5227138 0.1301767 0.5227138 0.1260688 0.5265715 0.1226886 0.5253059 0.07659286 0.3956844 0.08194363 0.3920402 0.0470649 0.3828305 0.0470649 0.3828305 0.08194363 0.3920402 0.05464392 0.3792321 0.0470649 0.3828305 0.05464392 0.3792321 0.02476733 0.362551 0.02476733 0.362551 0.05464392 0.3792321 0.03458976 0.358617 0.02476733 0.362551 0.03458976 0.358617 0.01411122 0.3348152 0.01411122 0.3348152 0.03458976 0.358617 0.02523726 0.3324213 0.01411122 0.3348152 0.02523726 0.3324213 0.01076126 0.3021697 0.01076126 0.3021697 0.02523726 0.3324213 0.02322119 0.3021697 0.01076126 0.3021697 0.02322119 0.3021697 0.02523726 0.2719486 0.01076126 0.3021697 0.02523726 0.2719486 0.01411122 0.2695547 0.01411122 0.2695547 0.02523726 0.2719486 0.03458976 0.2457528 0.01411122 0.2695547 0.03458976 0.2457528 0.02476733 0.2418189 0.02476733 0.2418189 0.03458976 0.2457528 0.05464392 0.2251378 0.02476733 0.2418189 0.05464392 0.2251378 0.0470649 0.2215393 0.0470649 0.2215393 0.05464392 0.2251378 0.08194363 0.2123297 0.0470649 0.2215393 0.08194363 0.2123297 0.07659286 0.2086855 0.02605581 0.875197 0.01373225 0.894211 0.02410036 0.871568 0.02605581 0.875197 0.02410036 0.871568 0.03039097 0.8441221 0.03039097 0.8441221 0.02410036 0.871568 0.02488863 0.852676 0.03039097 0.8441221 0.02488863 0.852676 0.03819739 0.7752782 0.03039097 0.8441221 0.03819739 0.7752782 0.04312378 0.7765743 0.04312378 0.7765743 0.03819739 0.7752782 0.05315846 0.7080355 0.04312378 0.7765743 0.05315846 0.7080355 0.05716019 0.7090266 0.05716019 0.7090266 0.05315846 0.7080355 0.08694583 0.6374229 0.05716019 0.7090266 0.08694583 0.6374229 0.0893256 0.6375297 0.0893256 0.6375297 0.08694583 0.6374229 0.1232343 0.5260683 0.05716019 0.7090266 0.04667079 0.774958 0.04312378 0.7765743 0.04312378 0.7765743 0.04667079 0.774958 0.03730309 0.8408895 0.04312378 0.7765743 0.03730309 0.8408895 0.03039097 0.8441221 0.03039097 0.8441221 0.03730309 0.8408895 0.02605581 0.875197 0.4117836 0.894211 0.3994601 0.875197 0.4014155 0.871568 0.4014155 0.871568 0.3994601 0.875197 0.3951097 0.8441221 0.4014155 0.871568 0.3951097 0.8441221 0.4006273 0.852676 0.4006273 0.852676 0.3951097 0.8441221 0.3873184 0.7752782 0.3873184 0.7752782 0.3951097 0.8441221 0.3823769 0.7765743 0.3873184 0.7752782 0.3823769 0.7765743 0.3723574 0.7080355 0.3723574 0.7080355 0.3823769 0.7765743 0.3683405 0.7090266 0.3723574 0.7080355 0.3683405 0.7090266 0.3385701 0.6374229 0.3385701 0.6374229 0.3683405 0.7090266 0.3361902 0.6375297 0.3385701 0.6374229 0.3361902 0.6375297 0.3022816 0.5260683 0.3951097 0.8441221 0.3994601 0.875197 0.3882128 0.8408895 0.3951097 0.8441221 0.3882128 0.8408895 0.3823769 0.7765743 0.3823769 0.7765743 0.3882128 0.8408895 0.3788451 0.774958 0.3823769 0.7765743 0.3788451 0.774958 0.3683405 0.7090266 0.9623405 0.4960454 0.9623405 0.5015041 0.9316908 0.4987748 0.9623405 0.4960454 0.9316908 0.4987748 0.9606276 0.4930416 0.9606276 0.4930416 0.9316908 0.4987748 0.9309936 0.4942004 0.9309936 0.4942004 0.9316908 0.4987748 0.894599 0.4987748 0.9309936 0.4942004 0.894599 0.4987748 0.8951143 0.4942004 0.8951143 0.4942004 0.894599 0.4987748 0.8139125 0.4964724 0.8951143 0.4942004 0.8139125 0.4964724 0.8170653 0.4930416 0.8170653 0.4930416 0.8139125 0.4964724 0.7539926 0.4964724 0.8170653 0.4930416 0.7539926 0.4964724 0.7520827 0.4930416 0.8139125 0.4964724 0.894599 0.4987748 0.8139125 0.5010772 0.8139125 0.4964724 0.8139125 0.5010772 0.7539926 0.4964724 0.7539926 0.4964724 0.8139125 0.5010772 0.7539926 0.5010772 0.1301767 0.5227138 0.1226886 0.5253059 0.129828 0.5234 0.129828 0.5234 0.1226886 0.5253059 0.1232343 0.5260683 0.129828 0.5234 0.1232343 0.5260683 0.08694583 0.6374229 0.129828 0.5234 0.08694583 0.6374229 0.09126585 0.637118 0.09126585 0.637118 0.08694583 0.6374229 0.05315846 0.7080355 0.09126585 0.637118 0.05315846 0.7080355 0.05462878 0.7100939 0.05462878 0.7100939 0.05315846 0.7080355 0.03819739 0.7752782 0.05462878 0.7100939 0.03819739 0.7752782 0.03842478 0.777108 0.03842478 0.777108 0.03819739 0.7752782 0.02488863 0.852676 0.3867424 0.6844014 0.3933817 0.6617432 0.4909543 0.6485691 0.4909543 0.6485691 0.3933817 0.6617432 0.4562271 0.6390849 0.4909543 0.6485691 0.4562271 0.6390849 0.5003978 0.619888 0.5003978 0.619888 0.4562271 0.6390849 0.4564393 0.619888 0.5003978 0.619888 0.4564393 0.619888 0.4562271 0.6007062 0.5003978 0.619888 0.4562271 0.6007062 0.4909543 0.5912069 0.4909543 0.5912069 0.4562271 0.6007062 0.3933817 0.578048 0.4909543 0.5912069 0.3933817 0.578048 0.3867424 0.5553898 0.3934726 0.6617432 0.3868334 0.6844014 0.4910452 0.6485691 0.3934726 0.6617432 0.4910452 0.6485691 0.4563181 0.6390849 0.4563181 0.6390849 0.4910452 0.6485691 0.5004887 0.619888 0.4563181 0.6390849 0.5004887 0.619888 0.4565303 0.619888 0.4565303 0.619888 0.5004887 0.619888 0.4563181 0.6007062 0.4563181 0.6007062 0.5004887 0.619888 0.4910452 0.5912069 0.4563181 0.6007062 0.4910452 0.5912069 0.3934726 0.578048 0.3934726 0.578048 0.4910452 0.5912069 0.3868334 0.5553898 0.1175803 0.3546526 0.1150186 0.3507187 0.1778943 0.3663477 0.1778943 0.3663477 0.1150186 0.3507187 0.1785916 0.3634963 0.1778943 0.3663477 0.1785916 0.3634963 0.2423465 0.376335 0.2423465 0.376335 0.1785916 0.3634963 0.2429832 0.3727822 0.2423465 0.376335 0.2429832 0.3727822 0.2991893 0.3766552 0.4262292 0.942516 0.4153912 0.9891133 0.4544839 0.9891133 0.4262292 0.942516 0.4544839 0.9891133 0.4544839 0.9356698 0.4544839 0.9356698 0.4544839 0.9891133 0.5023229 0.9891133 0.4544839 0.9356698 0.5023229 0.9891133 0.5023229 0.935563 0.5023229 0.935563 0.5023229 0.9891133 0.5501618 0.9356698 0.5501618 0.9356698 0.5023229 0.9891133 0.5501618 0.9891133 0.5501618 0.9356698 0.5501618 0.9891133 0.5784013 0.942516 0.5784013 0.942516 0.5501618 0.9891133 0.5892394 0.9891133 0.7328925 0.6485233 0.7331502 0.6296008 0.6890705 0.6514509 0.6890705 0.6514509 0.7331502 0.6296008 0.6693347 0.631827 0.6890705 0.6514509 0.6693347 0.631827 0.6654542 0.6455653 0.5501618 0.9356698 0.5784013 0.942516 0.5690942 0.8913444 0.5501618 0.9356698 0.5690942 0.8913444 0.5501618 0.8815706 0.5501618 0.8815706 0.5690942 0.8913444 0.5621367 0.8503126 0.5501618 0.8815706 0.5621367 0.8503126 0.5171626 0.8255349 0.5501618 0.8815706 0.5171626 0.8255349 0.5086438 0.8576163 0.5086438 0.8576163 0.5171626 0.8255349 0.5023229 0.8498552 0.5023229 0.8498552 0.5171626 0.8255349 0.5023229 0.8255502 0.5023229 0.8498552 0.5023229 0.8255502 0.4936676 0.8488641 0.4936676 0.8488641 0.5023229 0.8255502 0.4874831 0.8255349 0.4936676 0.8488641 0.4874831 0.8255349 0.4544839 0.8815706 0.4544839 0.8815706 0.4874831 0.8255349 0.4425091 0.8503126 0.4544839 0.8815706 0.4425091 0.8503126 0.4355515 0.8913444 0.4544839 0.8815706 0.4355515 0.8913444 0.4544839 0.9356698 0.4544839 0.9356698 0.4355515 0.8913444 0.4262292 0.942516 0.6693347 0.631827 0.7331502 0.6296008 0.7004845 0.6180582 0.7004845 0.6180582 0.7331502 0.6296008 0.7182043 0.6064242 0.7004845 0.6180582 0.7182043 0.6064242 0.7005754 0.6064242 0.7005754 0.6064242 0.7182043 0.6064242 0.7004845 0.5947749 0.7004845 0.5947749 0.7182043 0.6064242 0.7331502 0.5832323 0.7004845 0.5947749 0.7331502 0.5832323 0.6693347 0.5810213 0.2443171 0.4470847 0.1797285 0.4274303 0.2434834 0.4458649 0.2443171 0.4470847 0.2434834 0.4458649 0.2992348 0.4699717 0.2992348 0.4699717 0.2434834 0.4458649 0.2991893 0.4673796 0.2992348 0.4699717 0.2991893 0.4673796 0.3541526 0.4938498 0.3541526 0.4938498 0.2991893 0.4673796 0.3548802 0.4900225 0.3541526 0.4938498 0.3548802 0.4900225 0.403295 0.5260226 0.403295 0.5260226 0.3548802 0.4900225 0.403295 0.5206858 0.403295 0.5260226 0.403295 0.5206858 0.4517251 0.5565639 0.4517251 0.5565639 0.403295 0.5206858 0.4517251 0.55109 0.4517251 0.55109 0.403295 0.5206858 0.4517251 0.5473085 0.4517251 0.55109 0.4517251 0.5473085 0.540112 0.569433 0.540112 0.569433 0.4517251 0.5473085 0.5365953 0.559217 0.540112 0.569433 0.5365953 0.559217 0.5740661 0.5758829 0.540112 0.569433 0.5740661 0.5758829 0.5701099 0.5787799 0.5701099 0.5787799 0.5740661 0.5758829 0.5948478 0.5941802 0.5701099 0.5787799 0.5494797 0.5775753 0.540112 0.569433 0.540112 0.569433 0.5494797 0.5775753 0.4517251 0.5565639 0.540112 0.569433 0.4517251 0.5565639 0.4517251 0.55109 0.1797285 0.4274303 0.2443171 0.4470847 0.1817597 0.4273846 0.1797285 0.4274303 0.1817597 0.4273846 0.1159735 0.4078522 0.1159735 0.4078522 0.1817597 0.4273846 0.1159735 0.4044367 0.1159735 0.4078522 0.1159735 0.4044367 0.08653652 0.3987492 0.08653652 0.3987492 0.1159735 0.4044367 0.08194363 0.3920402 0.2434834 0.3691076 0.2429832 0.3727822 0.1797285 0.3599131 0.1797285 0.3599131 0.2429832 0.3727822 0.1785916 0.3634963 0.1797285 0.3599131 0.1785916 0.3634963 0.1162616 0.3475319 0.1162616 0.3475319 0.1785916 0.3634963 0.1150186 0.3507187 0.1162616 0.3475319 0.1150186 0.3507187 0.07659286 0.3346933 0.07659286 0.3346933 0.1150186 0.3507187 0.07433432 0.3382613 0.07659286 0.3346933 0.07433432 0.3382613 0.05279463 0.317509 0.05279463 0.317509 0.07433432 0.3382613 0.05099081 0.3199029 0.05279463 0.317509 0.05099081 0.3199029 0.04445767 0.302185 0.04445767 0.302185 0.05099081 0.3199029 0.04192632 0.302185 0.1797285 0.1769396 0.2443171 0.1572852 0.2434834 0.1585202 0.2434834 0.1585202 0.2443171 0.1572852 0.2992348 0.1343982 0.2434834 0.1585202 0.2992348 0.1343982 0.2991893 0.1369903 0.2991893 0.1369903 0.2992348 0.1343982 0.3541526 0.1105202 0.2991893 0.1369903 0.3541526 0.1105202 0.3548802 0.1143473 0.3548802 0.1143473 0.3541526 0.1105202 0.403295 0.07836258 0.3548802 0.1143473 0.403295 0.07836258 0.403295 0.08368408 0.403295 0.08368408 0.403295 0.07836258 0.4517251 0.04780596 0.403295 0.08368408 0.4517251 0.04780596 0.4517251 0.05329525 0.403295 0.08368408 0.4517251 0.05329525 0.4517251 0.05706143 0.4517251 0.05706143 0.4517251 0.05329525 0.540112 0.03493684 0.4517251 0.05706143 0.540112 0.03493684 0.5365953 0.0451529 0.5365953 0.0451529 0.540112 0.03493684 0.5740661 0.02848708 0.5740661 0.02848708 0.540112 0.03493684 0.5701099 0.02545279 0.5740661 0.02848708 0.5701099 0.02545279 0.5948478 0.0100525 0.5494797 0.02679455 0.5701099 0.02545279 0.540112 0.03493684 0.5494797 0.02679455 0.540112 0.03493684 0.4517251 0.04780596 0.4517251 0.04780596 0.540112 0.03493684 0.4517251 0.05329525 0.7280116 0.478236 0.7234035 0.478236 0.7326045 0.4756134 0.7326045 0.4756134 0.7234035 0.478236 0.7188106 0.4756134 0.7326045 0.4756134 0.7188106 0.4756134 0.7479748 0.397194 0.7479748 0.397194 0.7188106 0.4756134 0.7034403 0.397194 0.7479748 0.397194 0.7034403 0.397194 0.7188106 0.3187898 0.7479748 0.397194 0.7188106 0.3187898 0.7326045 0.3187898 0.7326045 0.3187898 0.7188106 0.3187898 0.7234035 0.3161672 0.7326045 0.3187898 0.7234035 0.3161672 0.7280116 0.3161672 0.388334 0.3230744 0.3819828 0.3318724 0.3675372 0.3196589 0.388334 0.3230744 0.3675372 0.3196589 0.3842262 0.3128432 0.3842262 0.3128432 0.3675372 0.3196589 0.3695532 0.3066983 0.3695532 0.3066983 0.3675372 0.3196589 0.3431023 0.3198571 0.3695532 0.3066983 0.3431023 0.3198571 0.3494232 0.3064544 0.3494232 0.3064544 0.3431023 0.3198571 0.33569 0.3123095 0.4625784 0.351969 0.4758265 0.341997 0.4750231 0.3602486 0.4750231 0.3602486 0.4758265 0.341997 0.4969114 0.3414328 0.4750231 0.3602486 0.4969114 0.3414328 0.497442 0.3595014 0.497442 0.3595014 0.4969114 0.3414328 0.5090985 0.348096 0.497442 0.3595014 0.5090985 0.348096 0.5156013 0.3605231 0.497442 0.3595014 0.5156013 0.3605231 0.5099474 0.3720656 0.4608958 0.366119 0.4625784 0.351969 0.4750231 0.3602486 0.4608958 0.366119 0.4750231 0.3602486 0.4700816 0.3751609 0.4700816 0.3751609 0.4750231 0.3602486 0.4801011 0.3793693 0.4801011 0.3793693 0.4750231 0.3602486 0.497442 0.3595014 0.4801011 0.3793693 0.497442 0.3595014 0.4983969 0.3793388 0.4983969 0.3793388 0.497442 0.3595014 0.5099474 0.3720656 0.1306163 0.3158774 0.1456834 0.3109982 0.1447284 0.3235623 0.1447284 0.3235623 0.1456834 0.3109982 0.164434 0.3110287 0.1447284 0.3235623 0.164434 0.3110287 0.1653434 0.3220071 0.1653434 0.3220071 0.164434 0.3110287 0.1797285 0.3155421 0.1653434 0.3220071 0.1797285 0.3155421 0.1861706 0.3243247 0.1653434 0.3220071 0.1861706 0.3243247 0.1805318 0.3319486 0.517678 0.302185 0.5107052 0.3156793 0.4942284 0.3022307 0.517678 0.302185 0.4942284 0.3022307 0.5107052 0.2886906 0.5107052 0.2886906 0.4942284 0.3022307 0.4983211 0.2830947 0.4983211 0.2830947 0.4942284 0.3022307 0.4698997 0.3022307 0.4983211 0.2830947 0.4698997 0.3022307 0.4759478 0.2834607 0.4759478 0.2834607 0.4698997 0.3022307 0.4618659 0.2913743 0.2633708 0.3122943 0.2486523 0.3159689 0.2520174 0.302185 0.2520174 0.302185 0.2486523 0.3159689 0.2290074 0.3162739 0.2520174 0.302185 0.2290074 0.3162739 0.2270823 0.302185 0.2270823 0.302185 0.2290074 0.3162739 0.2141221 0.3104645 0.2270823 0.302185 0.2141221 0.3104645 0.2098021 0.302185 0.2270823 0.302185 0.2098021 0.302185 0.2141221 0.2939054 0.5996832 0.4413668 0.5920132 0.4557607 0.5814329 0.4370059 0.5996832 0.4413668 0.5814329 0.4370059 0.5948023 0.4251127 0.5948023 0.4251127 0.5814329 0.4370059 0.5805082 0.4148356 0.5805082 0.4148356 0.5814329 0.4370059 0.5659565 0.4319742 0.5805082 0.4148356 0.5659565 0.4319742 0.5637586 0.4115117 0.5637586 0.4115117 0.5659565 0.4319742 0.5502831 0.4171533 0.5920132 0.4557607 0.5773857 0.4595117 0.5814329 0.4370059 0.5814329 0.4370059 0.5773857 0.4595117 0.5594082 0.4550136 0.5814329 0.4370059 0.5594082 0.4550136 0.5659565 0.4319742 0.5659565 0.4319742 0.5594082 0.4550136 0.5483125 0.4465053 0.5659565 0.4319742 0.5483125 0.4465053 0.5439773 0.4305562 0.5659565 0.4319742 0.5439773 0.4305562 0.5502831 0.4171533 0.3301119 0.3201164 0.33569 0.3123095 0.3431023 0.3198571 0.3301119 0.3201164 0.3431023 0.3198571 0.334826 0.3297377 0.334826 0.3297377 0.3431023 0.3198571 0.3501508 0.3365687 0.3501508 0.3365687 0.3431023 0.3198571 0.3675372 0.3196589 0.3501508 0.3365687 0.3675372 0.3196589 0.3685679 0.3370109 0.3685679 0.3370109 0.3675372 0.3196589 0.3819828 0.3318724 0.3579875 0.3756945 0.3423748 0.3811228 0.3449364 0.3666983 0.3449364 0.3666983 0.3423748 0.3811228 0.3233362 0.3805586 0.3449364 0.3666983 0.3233362 0.3805586 0.3200317 0.3665916 0.3200317 0.3665916 0.3233362 0.3805586 0.3081781 0.3747492 0.3200317 0.3665916 0.3081781 0.3747492 0.3035549 0.365753 0.3200317 0.3665916 0.3035549 0.365753 0.3069958 0.3583579 0.2679485 0.2593234 0.2610365 0.2677097 0.2486523 0.2581798 0.2679485 0.2593234 0.2486523 0.2581798 0.2625219 0.2504492 0.2625219 0.2504492 0.2486523 0.2581798 0.2487887 0.2442585 0.2487887 0.2442585 0.2486523 0.2581798 0.2236869 0.2584847 0.2487887 0.2442585 0.2236869 0.2584847 0.2268549 0.2442585 0.2268549 0.2442585 0.2236869 0.2584847 0.2122729 0.2491073 0.1325716 0.2718724 0.1465777 0.2675268 0.1447284 0.2808076 0.1447284 0.2808076 0.1465777 0.2675268 0.1642217 0.2672828 0.1447284 0.2808076 0.1642217 0.2672828 0.1653434 0.2823628 0.1653434 0.2823628 0.1642217 0.2672828 0.1805318 0.2724213 0.1653434 0.2823628 0.1805318 0.2724213 0.1861706 0.2800452 0.1653434 0.2823628 0.1861706 0.2800452 0.1797285 0.2888279 0.2059368 0.2590337 0.2122729 0.2491073 0.2236869 0.2584847 0.2059368 0.2590337 0.2236869 0.2584847 0.2101204 0.2664288 0.2101204 0.2664288 0.2236869 0.2584847 0.2246873 0.2714607 0.2246873 0.2714607 0.2236869 0.2584847 0.2486523 0.2581798 0.2246873 0.2714607 0.2486523 0.2581798 0.2455145 0.2720248 0.2455145 0.2720248 0.2486523 0.2581798 0.2610365 0.2677097 0.3586242 0.2467744 0.3434206 0.2523247 0.3449364 0.2376715 0.3449364 0.2376715 0.3434206 0.2523247 0.3244427 0.2523552 0.3449364 0.2376715 0.3244427 0.2523552 0.3200317 0.2377782 0.3200317 0.2377782 0.3244427 0.2523552 0.3069958 0.2460272 0.3200317 0.2377782 0.3069958 0.2460272 0.3035549 0.2386168 0.3200317 0.2377782 0.3035549 0.2386168 0.3081781 0.2296359 0.6946032 0.4279183 0.704365 0.3021088 0.6908137 0.4814075 0.6946032 0.4279183 0.6908137 0.4814075 0.6853567 0.4680504 0.6853567 0.4680504 0.6908137 0.4814075 0.6761406 0.4998878 0.6853567 0.4680504 0.6761406 0.4998878 0.6595274 0.4910899 0.6595274 0.4910899 0.6761406 0.4998878 0.6423381 0.5210976 0.6595274 0.4910899 0.6423381 0.5210976 0.6367296 0.509006 0.6367296 0.509006 0.6423381 0.5210976 0.6214503 0.5383123 0.6367296 0.509006 0.6214503 0.5383123 0.6177214 0.5248485 0.6177214 0.5248485 0.6214503 0.5383123 0.603215 0.5393796 0.603215 0.5393796 0.6214503 0.5383123 0.6090358 0.5499006 0.603215 0.5393796 0.6090358 0.5499006 0.6002744 0.5608637 0.603215 0.5393796 0.6002744 0.5608637 0.5939838 0.5544597 0.5939838 0.5544597 0.6002744 0.5608637 0.59074 0.5699057 0.2127579 0.9944958 0.3020694 0.9855605 0.3386762 0.9820993 0.3386762 0.9820993 0.3020694 0.9855605 0.3279594 0.9770828 0.3386762 0.9820993 0.3279594 0.9770828 0.3492565 0.9686508 0.3492565 0.9686508 0.3279594 0.9770828 0.3429356 0.9534335 0.3492565 0.9686508 0.3429356 0.9534335 0.3630958 0.9376977 0.3630958 0.9376977 0.3429356 0.9534335 0.3547134 0.9325745 0.3630958 0.9376977 0.3547134 0.9325745 0.3744493 0.918577 0.3744493 0.918577 0.3547134 0.9325745 0.3652331 0.9151615 0.3744493 0.918577 0.3652331 0.9151615 0.3749343 0.9018959 0.3744493 0.918577 0.3749343 0.9018959 0.3821192 0.9072174 0.3821192 0.9072174 0.3749343 0.9018959 0.3894103 0.8991818 0.3894103 0.8991818 0.3749343 0.9018959 0.3850448 0.8934334 0.3894103 0.8991818 0.3850448 0.8934334 0.395428 0.8904601 0.5939838 0.04977297 0.59074 0.03432697 0.6002744 0.04336887 0.5939838 0.04977297 0.6002744 0.04336887 0.603215 0.06485307 0.603215 0.06485307 0.6002744 0.04336887 0.6090358 0.05433207 0.603215 0.06485307 0.6090358 0.05433207 0.6214503 0.06592041 0.603215 0.06485307 0.6214503 0.06592041 0.6177214 0.0793842 0.6177214 0.0793842 0.6214503 0.06592041 0.6367296 0.0952267 0.6367296 0.0952267 0.6214503 0.06592041 0.6423381 0.08313518 0.6367296 0.0952267 0.6423381 0.08313518 0.6595274 0.1131427 0.6595274 0.1131427 0.6423381 0.08313518 0.6761406 0.1043448 0.6595274 0.1131427 0.6761406 0.1043448 0.6853567 0.1361822 0.6853567 0.1361822 0.6761406 0.1043448 0.6908137 0.1228252 0.6853567 0.1361822 0.6908137 0.1228252 0.6946032 0.1763144 0.6946032 0.1763144 0.6908137 0.1228252 0.704365 0.3021088 0.03007268 0.8904601 0.04045593 0.8934334 0.03610557 0.8991818 0.03610557 0.8991818 0.04045593 0.8934334 0.05058157 0.9018959 0.03610557 0.8991818 0.05058157 0.9018959 0.04339665 0.9072174 0.04339665 0.9072174 0.05058157 0.9018959 0.05106663 0.918577 0.05106663 0.918577 0.05058157 0.9018959 0.06028276 0.9151615 0.05106663 0.918577 0.06028276 0.9151615 0.07078731 0.9325745 0.05106663 0.918577 0.07078731 0.9325745 0.06242001 0.9376977 0.06242001 0.9376977 0.07078731 0.9325745 0.08258026 0.9534335 0.06242001 0.9376977 0.08258026 0.9534335 0.07625937 0.9686508 0.07625937 0.9686508 0.08258026 0.9534335 0.09755647 0.9770828 0.07625937 0.9686508 0.09755647 0.9770828 0.08683973 0.9820993 0.08683973 0.9820993 0.09755647 0.9770828 0.1234465 0.9855605 0.08683973 0.9820993 0.1234465 0.9855605 0.2127579 0.9944958 0.0893256 0.6375297 0.1226886 0.5253059 0.1260688 0.5265715 0.0893256 0.6375297 0.1260688 0.5265715 0.1030589 0.6456567 0.1030589 0.6456567 0.1260688 0.5265715 0.1508069 0.5359794 0.1030589 0.6456567 0.1508069 0.5359794 0.122052 0.6545158 0.122052 0.6545158 0.1508069 0.5359794 0.1437583 0.6674458 0.1437583 0.6674458 0.1508069 0.5359794 0.1756964 0.545372 0.1437583 0.6674458 0.1756964 0.545372 0.1695271 0.6816111 0.1695271 0.6816111 0.1756964 0.545372 0.197615 0.5816617 0.1695271 0.6816111 0.197615 0.5816617 0.2127579 0.7007623 0.2127579 0.7007623 0.197615 0.5816617 0.2127579 0.5858244 0.2127579 0.7007623 0.2127579 0.5858244 0.2279009 0.5816617 0.2127579 0.7007623 0.2279009 0.5816617 0.2559736 0.6816111 0.2559736 0.6816111 0.2279009 0.5816617 0.2498194 0.545372 0.2559736 0.6816111 0.2498194 0.545372 0.2817575 0.6674458 0.2817575 0.6674458 0.2498194 0.545372 0.2746939 0.5359794 0.2817575 0.6674458 0.2746939 0.5359794 0.3034639 0.6545158 0.3034639 0.6545158 0.2746939 0.5359794 0.322457 0.6456567 0.322457 0.6456567 0.2746939 0.5359794 0.2994319 0.5265715 0.322457 0.6456567 0.2994319 0.5265715 0.3361902 0.6375297 0.3361902 0.6375297 0.2994319 0.5265715 0.3028273 0.5253059 0.3361902 0.6375297 0.3683405 0.7090266 0.322457 0.6456567 0.322457 0.6456567 0.3683405 0.7090266 0.3396463 0.7258144 0.322457 0.6456567 0.3396463 0.7258144 0.3034639 0.6545158 0.3034639 0.6545158 0.3396463 0.7258144 0.3161058 0.7426175 0.3034639 0.6545158 0.3161058 0.7426175 0.2817575 0.6674458 0.2817575 0.6674458 0.3161058 0.7426175 0.2951118 0.7523761 0.2817575 0.6674458 0.2951118 0.7523761 0.2559736 0.6816111 0.2559736 0.6816111 0.2951118 0.7523761 0.265114 0.7621346 0.2559736 0.6816111 0.265114 0.7621346 0.2127579 0.7007623 0.2127579 0.7007623 0.265114 0.7621346 0.2127579 0.774958 0.2127579 0.7007623 0.2127579 0.774958 0.1604019 0.7621346 0.2127579 0.7007623 0.1604019 0.7621346 0.1695271 0.6816111 0.1695271 0.6816111 0.1604019 0.7621346 0.1303889 0.7523761 0.1695271 0.6816111 0.1303889 0.7523761 0.1437583 0.6674458 0.1437583 0.6674458 0.1303889 0.7523761 0.1093949 0.7426175 0.1437583 0.6674458 0.1093949 0.7426175 0.122052 0.6545158 0.122052 0.6545158 0.1093949 0.7426175 0.08586961 0.7258144 0.122052 0.6545158 0.08586961 0.7258144 0.1030589 0.6456567 0.1030589 0.6456567 0.08586961 0.7258144 0.05716019 0.7090266 0.1030589 0.6456567 0.05716019 0.7090266 0.0893256 0.6375297 0.04667079 0.774958 0.05716019 0.7090266 0.08586961 0.7258144 0.04667079 0.774958 0.08586961 0.7258144 0.07242435 0.7873088 0.07242435 0.7873088 0.08586961 0.7258144 0.1093949 0.7426175 0.07242435 0.7873088 0.1093949 0.7426175 0.09773838 0.8039289 0.09773838 0.8039289 0.1093949 0.7426175 0.1303889 0.7523761 0.09773838 0.8039289 0.1303889 0.7523761 0.1193993 0.8191919 0.1193993 0.8191919 0.1303889 0.7523761 0.1604019 0.7621346 0.1193993 0.8191919 0.1604019 0.7621346 0.1506249 0.8368793 0.1506249 0.8368793 0.1604019 0.7621346 0.2127579 0.774958 0.1506249 0.8368793 0.2127579 0.774958 0.2127579 0.856549 0.2127579 0.856549 0.2127579 0.774958 0.2748909 0.8368793 0.2748909 0.8368793 0.2127579 0.774958 0.265114 0.7621346 0.2748909 0.8368793 0.265114 0.7621346 0.3061166 0.8191919 0.3061166 0.8191919 0.265114 0.7621346 0.2951118 0.7523761 0.3061166 0.8191919 0.2951118 0.7523761 0.3277624 0.8039289 0.3277624 0.8039289 0.2951118 0.7523761 0.3161058 0.7426175 0.3277624 0.8039289 0.3161058 0.7426175 0.3530763 0.7873088 0.3530763 0.7873088 0.3161058 0.7426175 0.3396463 0.7258144 0.3530763 0.7873088 0.3396463 0.7258144 0.3788451 0.774958 0.3788451 0.774958 0.3396463 0.7258144 0.3683405 0.7090266 0.7520827 0.4751712 0.7520827 0.3967518 0.8170653 0.4791508 0.8170653 0.4791508 0.7520827 0.3967518 0.910227 0.3967518 0.8170653 0.4791508 0.910227 0.3967518 0.8951143 0.4908916 0.8951143 0.4908916 0.910227 0.3967518 0.9309936 0.4877659 0.9309936 0.4877659 0.910227 0.3967518 0.9606276 0.4568281 0.7520827 0.3184696 0.7520827 0.396889 0.8170653 0.31449 0.8170653 0.31449 0.7520827 0.396889 0.910227 0.396889 0.8170653 0.31449 0.910227 0.396889 0.8951143 0.3027492 0.8951143 0.3027492 0.910227 0.396889 0.9309936 0.305875 0.9309936 0.305875 0.910227 0.396889 0.9606276 0.3368127 0.01373225 0.894211 0.02605581 0.875197 0.03007268 0.8904601 0.03007268 0.8904601 0.02605581 0.875197 0.03730309 0.8408895 0.03007268 0.8904601 0.03730309 0.8408895 0.04045593 0.8934334 0.04045593 0.8934334 0.03730309 0.8408895 0.06098002 0.8488031 0.04045593 0.8934334 0.06098002 0.8488031 0.05058157 0.9018959 0.05058157 0.9018959 0.06098002 0.8488031 0.06028276 0.9151615 0.06028276 0.9151615 0.06098002 0.8488031 0.08167082 0.865225 0.06028276 0.9151615 0.08167082 0.865225 0.07078731 0.9325745 0.07078731 0.9325745 0.08167082 0.865225 0.1030134 0.8860229 0.07078731 0.9325745 0.1030134 0.8860229 0.08258026 0.9534335 0.08258026 0.9534335 0.1030134 0.8860229 0.1366643 0.911624 0.08258026 0.9534335 0.1366643 0.911624 0.09755647 0.9770828 0.09755647 0.9770828 0.1366643 0.911624 0.1234465 0.9855605 0.1234465 0.9855605 0.1366643 0.911624 0.2127579 0.9381552 0.1234465 0.9855605 0.2127579 0.9381552 0.2127579 0.9944958 0.2127579 0.9944958 0.2127579 0.9381552 0.3020694 0.9855605 0.3020694 0.9855605 0.2127579 0.9381552 0.2888515 0.911624 0.3020694 0.9855605 0.2888515 0.911624 0.3279594 0.9770828 0.3279594 0.9770828 0.2888515 0.911624 0.3429356 0.9534335 0.3429356 0.9534335 0.2888515 0.911624 0.3225025 0.8860229 0.3429356 0.9534335 0.3225025 0.8860229 0.3547134 0.9325745 0.3547134 0.9325745 0.3225025 0.8860229 0.3438451 0.865225 0.3547134 0.9325745 0.3438451 0.865225 0.3652331 0.9151615 0.3652331 0.9151615 0.3438451 0.865225 0.3645207 0.8488031 0.3652331 0.9151615 0.3645207 0.8488031 0.3749343 0.9018959 0.3749343 0.9018959 0.3645207 0.8488031 0.3850448 0.8934334 0.3850448 0.8934334 0.3645207 0.8488031 0.3882128 0.8408895 0.3850448 0.8934334 0.3882128 0.8408895 0.395428 0.8904601 0.395428 0.8904601 0.3882128 0.8408895 0.3994601 0.875197 0.395428 0.8904601 0.3994601 0.875197 0.4117836 0.894211 0.03730309 0.8408895 0.04667079 0.774958 0.07242435 0.7873088 0.03730309 0.8408895 0.07242435 0.7873088 0.06098002 0.8488031 0.06098002 0.8488031 0.07242435 0.7873088 0.09773838 0.8039289 0.06098002 0.8488031 0.09773838 0.8039289 0.08167082 0.865225 0.08167082 0.865225 0.09773838 0.8039289 0.1193993 0.8191919 0.08167082 0.865225 0.1193993 0.8191919 0.1030134 0.8860229 0.1030134 0.8860229 0.1193993 0.8191919 0.1506249 0.8368793 0.1030134 0.8860229 0.1506249 0.8368793 0.1366643 0.911624 0.1366643 0.911624 0.1506249 0.8368793 0.2127579 0.856549 0.1366643 0.911624 0.2127579 0.856549 0.2127579 0.9381552 0.2127579 0.9381552 0.2127579 0.856549 0.2888515 0.911624 0.2888515 0.911624 0.2127579 0.856549 0.2748909 0.8368793 0.2888515 0.911624 0.2748909 0.8368793 0.3225025 0.8860229 0.3225025 0.8860229 0.2748909 0.8368793 0.3061166 0.8191919 0.3225025 0.8860229 0.3061166 0.8191919 0.3438451 0.865225 0.3438451 0.865225 0.3061166 0.8191919 0.3277624 0.8039289 0.3438451 0.865225 0.3277624 0.8039289 0.3645207 0.8488031 0.3645207 0.8488031 0.3277624 0.8039289 0.3530763 0.7873088 0.3645207 0.8488031 0.3530763 0.7873088 0.3882128 0.8408895 0.3882128 0.8408895 0.3530763 0.7873088 0.3788451 0.774958 0.7331502 0.5832323 0.7182043 0.6064242 0.7334533 0.6064242 0.7334533 0.6064242 0.7182043 0.6064242 0.7331502 0.6296008 0.7334533 0.6064242 0.7331502 0.6296008 0.7859913 0.6064242 0.7334533 0.6064242 0.7859913 0.6064242 0.7331502 0.5832323 0.4625784 0.2524009 0.4608958 0.2382509 0.4750231 0.2441213 0.4625784 0.2524009 0.4750231 0.2441213 0.4758265 0.2623882 0.4758265 0.2623882 0.4750231 0.2441213 0.4969114 0.2629371 0.4969114 0.2629371 0.4750231 0.2441213 0.497442 0.2448685 0.4969114 0.2629371 0.497442 0.2448685 0.5090985 0.2562739 0.7520827 0.396889 0.7520827 0.4752932 0.8170653 0.4792881 0.7520827 0.396889 0.8170653 0.4792881 0.910227 0.396889 0.910227 0.396889 0.8170653 0.4792881 0.8951143 0.4910137 0.910227 0.396889 0.8951143 0.4910137 0.9309936 0.4879031 0.910227 0.396889 0.9309936 0.4879031 0.9606276 0.4569653 0.7520827 0.3967518 0.7520827 0.3183324 0.8170653 0.3143527 0.7520827 0.3967518 0.8170653 0.3143527 0.910227 0.3967518 0.910227 0.3967518 0.8170653 0.3143527 0.8951143 0.3026119 0.910227 0.3967518 0.8951143 0.3026119 0.9309936 0.3057377 0.910227 0.3967518 0.9309936 0.3057377 0.9606276 0.3366754 0.5439773 0.1738138 0.5483125 0.1578646 0.5659565 0.1723957 0.5439773 0.1738138 0.5659565 0.1723957 0.5502831 0.1872318 0.5502831 0.1872318 0.5659565 0.1723957 0.5637586 0.1928582 0.5637586 0.1928582 0.5659565 0.1723957 0.5805082 0.1895342 0.5594082 0.1493715 0.5773857 0.1448734 0.5814329 0.1673792 0.5814329 0.1673792 0.5773857 0.1448734 0.5920132 0.1486091 0.5814329 0.1673792 0.5920132 0.1486091 0.5996832 0.163003 0.5814329 0.1673792 0.5996832 0.163003 0.5948023 0.1792572 0.1150186 0.3507187 0.09394884 0.3660122 0.108728 0.3529297 0.1150186 0.3507187 0.108728 0.3529297 0.07433432 0.3382613 0.07433432 0.3382613 0.108728 0.3529297 0.07339447 0.341448 0.07433432 0.3382613 0.07339447 0.341448 0.05099081 0.3199029 0.05099081 0.3199029 0.07339447 0.341448 0.0503239 0.3240198 0.05099081 0.3199029 0.0503239 0.3240198 0.04598867 0.3186373 0.05099081 0.3199029 0.04598867 0.3186373 0.04192632 0.302185 0.04192632 0.302185 0.04598867 0.3186373 0.03866732 0.302185 0.04192632 0.302185 0.03866732 0.302185 0.04598867 0.2857478 0.04192632 0.302185 0.04598867 0.2857478 0.05099081 0.2844823 0.05099081 0.2844823 0.04598867 0.2857478 0.0503239 0.2803501 0.05099081 0.2844823 0.0503239 0.2803501 0.07339447 0.2629371 0.05099081 0.2844823 0.07339447 0.2629371 0.07433432 0.2661086 0.07433432 0.2661086 0.07339447 0.2629371 0.108728 0.2514404 0.07433432 0.2661086 0.108728 0.2514404 0.1150186 0.2536512 0.04445767 0.302185 0.04192632 0.302185 0.05099081 0.2844823 0.04445767 0.302185 0.05099081 0.2844823 0.05279463 0.286861 0.05279463 0.286861 0.05099081 0.2844823 0.07433432 0.2661086 0.05279463 0.286861 0.07433432 0.2661086 0.07659286 0.2696766 0.07659286 0.2696766 0.07433432 0.2661086 0.1150186 0.2536512 0.07659286 0.2696766 0.1150186 0.2536512 0.1162616 0.256838 0.1162616 0.256838 0.1150186 0.2536512 0.1785916 0.2408735 0.1162616 0.256838 0.1785916 0.2408735 0.1797285 0.2444568 0.1797285 0.2444568 0.1785916 0.2408735 0.2429832 0.2315877 0.1797285 0.2444568 0.2429832 0.2315877 0.2434834 0.2352775 0.08156472 0.2071454 0.08653652 0.2056207 0.09973925 0.2367871 0.08156472 0.2071454 0.09973925 0.2367871 0.09684407 0.23758 0.09684407 0.23758 0.09973925 0.2367871 0.1175803 0.2497172 0.09684407 0.23758 0.1175803 0.2497172 0.1150186 0.2536512 0.1150186 0.2536512 0.1175803 0.2497172 0.1778943 0.2380374 0.1150186 0.2536512 0.1778943 0.2380374 0.1785916 0.2408735 0.1785916 0.2408735 0.1778943 0.2380374 0.2423465 0.2280502 0.1785916 0.2408735 0.2423465 0.2280502 0.2429832 0.2315877 0.2429832 0.2315877 0.2423465 0.2280502 0.2991893 0.2277147 0.5784013 0.9420434 0.5501618 0.9351971 0.5690942 0.8908718 0.5690942 0.8908718 0.5501618 0.9351971 0.5501618 0.8810979 0.5690942 0.8908718 0.5501618 0.8810979 0.5621367 0.8498399 0.5621367 0.8498399 0.5501618 0.8810979 0.5171626 0.8250775 0.5171626 0.8250775 0.5501618 0.8810979 0.5086286 0.8572351 0.5171626 0.8250775 0.5086286 0.8572351 0.5023229 0.8502821 0.5171626 0.8250775 0.5023229 0.8502821 0.5023229 0.8250775 0.5023229 0.8250775 0.5023229 0.8502821 0.4937282 0.8486201 0.5023229 0.8250775 0.4937282 0.8486201 0.4874831 0.8250775 0.4874831 0.8250775 0.4937282 0.8486201 0.4544839 0.8810979 0.4874831 0.8250775 0.4544839 0.8810979 0.4425091 0.8498399 0.4425091 0.8498399 0.4544839 0.8810979 0.4355515 0.8908718 0.4355515 0.8908718 0.4544839 0.8810979 0.4544839 0.9351971 0.4355515 0.8908718 0.4544839 0.9351971 0.4262292 0.9420434 0.5784013 0.9420434 0.5892394 0.9891133 0.5501618 0.9891133 0.5784013 0.9420434 0.5501618 0.9891133 0.5501618 0.9351971 0.5501618 0.9351971 0.5501618 0.9891133 0.5023229 0.9891133 0.5501618 0.9351971 0.5023229 0.9891133 0.5023229 0.9350904 0.5023229 0.9350904 0.5023229 0.9891133 0.4544839 0.9351971 0.4544839 0.9351971 0.5023229 0.9891133 0.4544839 0.9891133 0.4544839 0.9351971 0.4544839 0.9891133 0.4262292 0.9420434 0.4262292 0.9420434 0.4544839 0.9891133 0.4153912 0.9891133 0.5501618 0.9351971 0.5023229 0.9350904 0.5501618 0.8810979 0.5501618 0.8810979 0.5023229 0.9350904 0.5023229 0.8810217 0.5501618 0.8810979 0.5023229 0.8810217 0.5086286 0.8572351 0.5086286 0.8572351 0.5023229 0.8810217 0.5023229 0.8502821 0.5023229 0.8502821 0.5023229 0.8810217 0.4937282 0.8486201 0.4937282 0.8486201 0.5023229 0.8810217 0.4544839 0.8810979 0.4544839 0.8810979 0.5023229 0.8810217 0.5023229 0.9350904 0.4544839 0.8810979 0.5023229 0.9350904 0.4544839 0.9351971 0.627559 0.3296768 0.6439145 0.3425764 0.6302116 0.3579156 0.627559 0.3296768 0.6302116 0.3579156 0.6043368 0.3289601 0.6043368 0.3289601 0.6302116 0.3579156 0.6025784 0.3568941 0.6043368 0.3289601 0.6025784 0.3568941 0.5892242 0.341814 0.6043368 0.3289601 0.5892242 0.341814 0.5867534 0.3235471 0.6043368 0.3289601 0.5867534 0.3235471 0.5928925 0.3117301 0.6454152 0.3222206 0.6439145 0.3425764 0.627559 0.3296768 0.6454152 0.3222206 0.627559 0.3296768 0.636093 0.3099004 0.636093 0.3099004 0.627559 0.3296768 0.6250427 0.302185 0.6250427 0.302185 0.627559 0.3296768 0.604928 0.302185 0.604928 0.302185 0.627559 0.3296768 0.6043368 0.3289601 0.604928 0.302185 0.6043368 0.3289601 0.5928925 0.3117301 0.2693734 0.302185 0.2633708 0.3122943 0.2520174 0.302185 0.2693734 0.302185 0.2520174 0.302185 0.2633708 0.2920756 0.2633708 0.2920756 0.2520174 0.302185 0.2486523 0.288401 0.2486523 0.288401 0.2520174 0.302185 0.2290074 0.288096 0.2290074 0.288096 0.2520174 0.302185 0.2270823 0.302185 0.2290074 0.288096 0.2270823 0.302185 0.2141221 0.2939054 0.4942284 0.3022307 0.5107052 0.3156793 0.4983211 0.3212905 0.4942284 0.3022307 0.4983211 0.3212905 0.4698997 0.3022307 0.4698997 0.3022307 0.4983211 0.3212905 0.4759478 0.3209092 0.4698997 0.3022307 0.4759478 0.3209092 0.4618659 0.3129956 0.4698997 0.3022307 0.4618659 0.3129956 0.4557875 0.302185 0.4698997 0.3022307 0.4557875 0.302185 0.4618659 0.2913743 0.2679485 0.3450618 0.2625219 0.353936 0.2486523 0.3461901 0.2679485 0.3450618 0.2486523 0.3461901 0.2610365 0.3366602 0.2610365 0.3366602 0.2486523 0.3461901 0.2455145 0.3323451 0.2455145 0.3323451 0.2486523 0.3461901 0.2246873 0.3329093 0.2246873 0.3329093 0.2486523 0.3461901 0.2236869 0.3458852 0.2246873 0.3329093 0.2236869 0.3458852 0.2101204 0.3379411 0.2059368 0.3453362 0.2101204 0.3379411 0.2236869 0.3458852 0.2059368 0.3453362 0.2236869 0.3458852 0.2122729 0.3552625 0.2122729 0.3552625 0.2236869 0.3458852 0.2268549 0.3601113 0.2268549 0.3601113 0.2236869 0.3458852 0.2487887 0.3601113 0.2487887 0.3601113 0.2236869 0.3458852 0.2486523 0.3461901 0.2487887 0.3601113 0.2486523 0.3461901 0.2625219 0.353936 0.3629897 0.3660122 0.3579875 0.3756945 0.3449364 0.3666983 0.3629897 0.3660122 0.3449364 0.3666983 0.3586242 0.3575955 0.3586242 0.3575955 0.3449364 0.3666983 0.3434206 0.3520452 0.3434206 0.3520452 0.3449364 0.3666983 0.3244427 0.3520147 0.3244427 0.3520147 0.3449364 0.3666983 0.3200317 0.3665916 0.3244427 0.3520147 0.3200317 0.3665916 0.3069958 0.3583579 0.126281 0.3242638 0.1306163 0.3158774 0.1447284 0.3235623 0.126281 0.3242638 0.1447284 0.3235623 0.1325716 0.3324975 0.1325716 0.3324975 0.1447284 0.3235623 0.1465777 0.3368432 0.1465777 0.3368432 0.1447284 0.3235623 0.1642217 0.3370872 0.1642217 0.3370872 0.1447284 0.3235623 0.1653434 0.3220071 0.1642217 0.3370872 0.1653434 0.3220071 0.1805318 0.3319486 0.126281 0.2801061 0.1325716 0.2718724 0.1447284 0.2808076 0.126281 0.2801061 0.1447284 0.2808076 0.1306163 0.2885077 0.1306163 0.2885077 0.1447284 0.2808076 0.1456834 0.2933717 0.1456834 0.2933717 0.1447284 0.2808076 0.164434 0.2933412 0.164434 0.2933412 0.1447284 0.2808076 0.1653434 0.2823628 0.164434 0.2933412 0.1653434 0.2823628 0.1797285 0.2888279 0.3301119 0.2842535 0.334826 0.2746322 0.3431023 0.2845128 0.3301119 0.2842535 0.3431023 0.2845128 0.33569 0.2920604 0.33569 0.2920604 0.3431023 0.2845128 0.3494232 0.2979156 0.3494232 0.2979156 0.3431023 0.2845128 0.3695532 0.2976716 0.3695532 0.2976716 0.3431023 0.2845128 0.3675372 0.284711 0.3695532 0.2976716 0.3675372 0.284711 0.3842262 0.2915267 0.388334 0.2812955 0.3842262 0.2915267 0.3675372 0.284711 0.388334 0.2812955 0.3675372 0.284711 0.3819828 0.2724975 0.3819828 0.2724975 0.3675372 0.284711 0.3685679 0.267359 0.3685679 0.267359 0.3675372 0.284711 0.3501508 0.2678012 0.3501508 0.2678012 0.3675372 0.284711 0.3431023 0.2845128 0.3501508 0.2678012 0.3431023 0.2845128 0.334826 0.2746322 0.3629897 0.2383576 0.3586242 0.2467744 0.3449364 0.2376715 0.3629897 0.2383576 0.3449364 0.2376715 0.3579875 0.2286753 0.3579875 0.2286753 0.3449364 0.2376715 0.3423748 0.2232623 0.3423748 0.2232623 0.3449364 0.2376715 0.3233362 0.2238113 0.3233362 0.2238113 0.3449364 0.2376715 0.3200317 0.2377782 0.3233362 0.2238113 0.3200317 0.2377782 0.3081781 0.2296359 0.748763 0.05642104 0.7578124 0.03521132 0.7690597 0.03508937 0.748763 0.05642104 0.7690597 0.03508937 0.7604651 0.05628383 0.7604651 0.05628383 0.7690597 0.03508937 0.8286461 0.01034218 0.7604651 0.05628383 0.8286461 0.01034218 0.8292373 0.05811351 0.7604651 0.05628383 0.8292373 0.05811351 0.7597981 0.07827109 0.7597981 0.07827109 0.8292373 0.05811351 0.8159437 0.08040583 0.7597981 0.07827109 0.8159437 0.08040583 0.736197 0.1243041 0.736197 0.1243041 0.8159437 0.08040583 0.8079099 0.1196536 0.736197 0.1243041 0.8079099 0.1196536 0.8064547 0.1384846 0.736197 0.1243041 0.8064547 0.1384846 0.7347721 0.1583677 0.7347721 0.1583677 0.8064547 0.1384846 0.810699 0.1578646 0.7347721 0.1583677 0.810699 0.1578646 0.7310432 0.1875062 0.7347721 0.1583677 0.7310432 0.1875062 0.7233126 0.177092 0.7347721 0.1583677 0.7233126 0.177092 0.7115347 0.170444 0.7347721 0.1583677 0.7115347 0.170444 0.7192502 0.1585202 0.7347721 0.1583677 0.7192502 0.1585202 0.736197 0.1243041 0.736197 0.1243041 0.7192502 0.1585202 0.7229033 0.1244109 0.736197 0.1243041 0.7229033 0.1244109 0.7597981 0.07827109 0.7597981 0.07827109 0.7229033 0.1244109 0.7459436 0.07842355 0.7597981 0.07827109 0.7459436 0.07842355 0.7604651 0.05628383 0.7604651 0.05628383 0.7459436 0.07842355 0.748763 0.05642104 0.9452421 0.03521132 0.9542763 0.05642104 0.9339796 0.03508937 0.9339796 0.03508937 0.9542763 0.05642104 0.9425895 0.05628383 0.9339796 0.03508937 0.9425895 0.05628383 0.8744084 0.01034218 0.8744084 0.01034218 0.9425895 0.05628383 0.8738172 0.05811351 0.8738172 0.05811351 0.9425895 0.05628383 0.9432412 0.07827109 0.8738172 0.05811351 0.9432412 0.07827109 0.8870957 0.08040583 0.8870957 0.08040583 0.9432412 0.07827109 0.9668424 0.1243041 0.8870957 0.08040583 0.9668424 0.1243041 0.8951295 0.1196536 0.8951295 0.1196536 0.9668424 0.1243041 0.8965847 0.1384846 0.8965847 0.1384846 0.9668424 0.1243041 0.9682672 0.1583677 0.8965847 0.1384846 0.9682672 0.1583677 0.8923404 0.1578646 0.8923404 0.1578646 0.9682672 0.1583677 0.9719961 0.1875062 0.9719961 0.1875062 0.9682672 0.1583677 0.9797267 0.177092 0.9797267 0.177092 0.9682672 0.1583677 0.9915046 0.170444 0.9915046 0.170444 0.9682672 0.1583677 0.9837891 0.1585202 0.9837891 0.1585202 0.9682672 0.1583677 0.9668424 0.1243041 0.9837891 0.1585202 0.9668424 0.1243041 0.980136 0.1244109 0.980136 0.1244109 0.9668424 0.1243041 0.9432412 0.07827109 0.980136 0.1244109 0.9432412 0.07827109 0.9571109 0.07842355 0.9571109 0.07842355 0.9432412 0.07827109 0.9425895 0.05628383 0.9571109 0.07842355 0.9425895 0.05628383 0.9542763 0.05642104 0.9542763 0.05642104 0.9452421 0.03521132 0.9339796 0.03508937 0.9542763 0.05642104 0.9339796 0.03508937 0.9425895 0.05628383 0.9425895 0.05628383 0.9339796 0.03508937 0.8744084 0.01034218 0.9425895 0.05628383 0.8744084 0.01034218 0.8738172 0.05811351 0.9425895 0.05628383 0.8738172 0.05811351 0.9432412 0.07827109 0.9432412 0.07827109 0.8738172 0.05811351 0.8870957 0.08040583 0.9432412 0.07827109 0.8870957 0.08040583 0.9668424 0.1243041 0.9668424 0.1243041 0.8870957 0.08040583 0.8951295 0.1196536 0.9668424 0.1243041 0.8951295 0.1196536 0.8965847 0.1384846 0.9668424 0.1243041 0.8965847 0.1384846 0.9682672 0.1583677 0.9682672 0.1583677 0.8965847 0.1384846 0.8923404 0.1578646 0.9682672 0.1583677 0.8923404 0.1578646 0.9719961 0.1875062 0.9682672 0.1583677 0.9719961 0.1875062 0.9797267 0.177092 0.9682672 0.1583677 0.9797267 0.177092 0.9915046 0.170444 0.9682672 0.1583677 0.9915046 0.170444 0.9837891 0.1585202 0.9682672 0.1583677 0.9837891 0.1585202 0.9668424 0.1243041 0.9668424 0.1243041 0.9837891 0.1585202 0.980136 0.1244109 0.9668424 0.1243041 0.980136 0.1244109 0.9432412 0.07827109 0.9432412 0.07827109 0.980136 0.1244109 0.9571109 0.07842355 0.9432412 0.07827109 0.9571109 0.07842355 0.9425895 0.05628383 0.9425895 0.05628383 0.9571109 0.07842355 0.9542763 0.05642104 0.7578124 0.03521132 0.748763 0.05642104 0.7690597 0.03508937 0.7690597 0.03508937 0.748763 0.05642104 0.7604651 0.05628383 0.7690597 0.03508937 0.7604651 0.05628383 0.8286461 0.01034218 0.8286461 0.01034218 0.7604651 0.05628383 0.8292373 0.05811351 0.8292373 0.05811351 0.7604651 0.05628383 0.7597981 0.07827109 0.8292373 0.05811351 0.7597981 0.07827109 0.8159437 0.08040583 0.8159437 0.08040583 0.7597981 0.07827109 0.736197 0.1243041 0.8159437 0.08040583 0.736197 0.1243041 0.8079099 0.1196536 0.8079099 0.1196536 0.736197 0.1243041 0.8064547 0.1384846 0.8064547 0.1384846 0.736197 0.1243041 0.7347721 0.1583677 0.8064547 0.1384846 0.7347721 0.1583677 0.810699 0.1578646 0.810699 0.1578646 0.7347721 0.1583677 0.7310432 0.1875062 0.7310432 0.1875062 0.7347721 0.1583677 0.7233126 0.177092 0.7233126 0.177092 0.7347721 0.1583677 0.7115347 0.170444 0.7115347 0.170444 0.7347721 0.1583677 0.7192502 0.1585202 0.7192502 0.1585202 0.7347721 0.1583677 0.736197 0.1243041 0.7192502 0.1585202 0.736197 0.1243041 0.7229033 0.1244109 0.7229033 0.1244109 0.736197 0.1243041 0.7597981 0.07827109 0.7229033 0.1244109 0.7597981 0.07827109 0.7459436 0.07842355 0.7459436 0.07842355 0.7597981 0.07827109 0.7604651 0.05628383 0.7459436 0.07842355 0.7604651 0.05628383 0.748763 0.05642104 0.5023229 0.935563 0.5501618 0.9356698 0.5501618 0.8815706 0.5023229 0.935563 0.5501618 0.8815706 0.5023229 0.8814944 0.5023229 0.8814944 0.5501618 0.8815706 0.5086438 0.8576163 0.5023229 0.8814944 0.5086438 0.8576163 0.5023229 0.8498552 0.5023229 0.8814944 0.5023229 0.8498552 0.4936676 0.8488641 0.5023229 0.8814944 0.4936676 0.8488641 0.4544839 0.8815706 0.5023229 0.8814944 0.4544839 0.8815706 0.5023229 0.935563 0.5023229 0.935563 0.4544839 0.8815706 0.4544839 0.9356698 0.7310432 0.1875062 0.7443217 0.2115215 0.810699 0.1578646 0.810699 0.1578646 0.7443217 0.2115215 0.7596314 0.2263424 0.810699 0.1578646 0.7596314 0.2263424 0.773698 0.2351556 0.810699 0.1578646 0.773698 0.2351556 0.7909328 0.241392 0.810699 0.1578646 0.7909328 0.241392 0.8104565 0.2435877 0.8104565 0.2435877 0.7909328 0.241392 0.8104413 0.248162 0.8104565 0.2435877 0.8104413 0.248162 0.8437891 0.2452344 0.8104565 0.2435877 0.8437891 0.2452344 0.810699 0.1578646 0.810699 0.1578646 0.8437891 0.2452344 0.8515197 0.1507133 0.8515197 0.1507133 0.8437891 0.2452344 0.8515197 0.2452344 0.8515197 0.1507133 0.8515197 0.2452344 0.8592655 0.2452344 0.8515197 0.1507133 0.8592655 0.2452344 0.8923404 0.1578646 0.8923404 0.1578646 0.8592655 0.2452344 0.8925981 0.2435877 0.8925981 0.2435877 0.8592655 0.2452344 0.8926132 0.248162 0.8925981 0.2435877 0.8926132 0.248162 0.9121066 0.241392 0.8925981 0.2435877 0.9121066 0.241392 0.8923404 0.1578646 0.8923404 0.1578646 0.9121066 0.241392 0.9293413 0.2351556 0.8923404 0.1578646 0.9293413 0.2351556 0.9434232 0.2263424 0.8923404 0.1578646 0.9434232 0.2263424 0.9587329 0.2115215 0.8923404 0.1578646 0.9587329 0.2115215 0.9719961 0.1875062 0.09973925 0.3675827 0.08653652 0.3987492 0.08156472 0.3972244 0.09973925 0.3675827 0.08156472 0.3972244 0.09684407 0.3667898 0.09684407 0.3667898 0.08156472 0.3972244 0.07659286 0.3956844 0.09684407 0.3667898 0.07659286 0.3956844 0.09394884 0.3660122 0.09684407 0.3667898 0.09394884 0.3660122 0.1150186 0.3507187 0.09684407 0.3667898 0.1150186 0.3507187 0.1175803 0.3546526 0.09684407 0.3667898 0.1175803 0.3546526 0.09973925 0.3675827 0.5740661 0.02848708 0.5948478 0.01018971 0.59074 0.03446418 0.5740661 0.02848708 0.59074 0.03446418 0.5365953 0.0451529 0.5365953 0.0451529 0.59074 0.03446418 0.5939838 0.04991018 0.5365953 0.0451529 0.5939838 0.04991018 0.5271367 0.07584673 0.5365953 0.0451529 0.5271367 0.07584673 0.4517251 0.05706143 0.4517251 0.05706143 0.5271367 0.07584673 0.4517251 0.09159767 0.4517251 0.05706143 0.4517251 0.09159767 0.403295 0.08368408 0.403295 0.08368408 0.4517251 0.09159767 0.403295 0.1034452 0.403295 0.08368408 0.403295 0.1034452 0.3548802 0.1143473 0.3548802 0.1143473 0.403295 0.1034452 0.403295 0.1298086 0.3548802 0.1143473 0.403295 0.1298086 0.3548802 0.139064 0.3548802 0.1143473 0.3548802 0.139064 0.2991893 0.1369903 0.2991893 0.1369903 0.3548802 0.139064 0.2991893 0.1499205 0.2991893 0.1369903 0.2991893 0.1499205 0.2434834 0.1585202 0.2434834 0.1585202 0.2991893 0.1499205 0.2991893 0.1741644 0.2434834 0.1585202 0.2991893 0.1741644 0.2434834 0.1821238 0.2434834 0.1585202 0.2434834 0.1821238 0.1797285 0.1769396 0.1797285 0.1769396 0.2434834 0.1821238 0.1797285 0.1887413 0.1797285 0.1769396 0.1797285 0.1887413 0.1159735 0.1965177 0.1159735 0.1965177 0.1797285 0.1887413 0.1159735 0.2323958 0.1159735 0.1965177 0.1159735 0.2323958 0.08653652 0.2056207 0.08653652 0.2056207 0.1159735 0.2323958 0.09973925 0.2367871 0.09973925 0.2367871 0.1159735 0.2323958 0.1175803 0.2497172 0.1175803 0.2497172 0.1159735 0.2323958 0.1778943 0.2380374 0.1778943 0.2380374 0.1159735 0.2323958 0.1797285 0.2208532 0.1797285 0.2208532 0.1159735 0.2323958 0.1797285 0.1887413 0.1797285 0.2208532 0.1797285 0.1887413 0.2434834 0.1821238 0.1797285 0.2208532 0.2434834 0.1821238 0.2434834 0.2104237 0.2434834 0.2104237 0.2434834 0.1821238 0.2991893 0.1741644 0.2434834 0.2104237 0.2991893 0.1741644 0.2991893 0.202571 0.2991893 0.202571 0.2991893 0.1741644 0.3548802 0.1644973 0.3548802 0.1644973 0.2991893 0.1741644 0.2991893 0.1499205 0.3548802 0.1644973 0.2991893 0.1499205 0.3548802 0.139064 0.3548802 0.1644973 0.3548802 0.139064 0.403295 0.1576206 0.403295 0.1576206 0.3548802 0.139064 0.403295 0.1298086 0.403295 0.1576206 0.403295 0.1298086 0.4517251 0.1487463 0.4517251 0.1487463 0.403295 0.1298086 0.4517251 0.1188607 0.4517251 0.1188607 0.403295 0.1298086 0.403295 0.1034452 0.4517251 0.1188607 0.403295 0.1034452 0.4517251 0.09159767 0.4517251 0.1188607 0.4517251 0.09159767 0.5271367 0.07584673 0.4517251 0.1188607 0.5271367 0.07584673 0.5220283 0.1024693 0.4517251 0.1188607 0.5220283 0.1024693 0.4517251 0.1487463 0.4517251 0.1487463 0.5220283 0.1024693 0.517678 0.1351149 0.4517251 0.1487463 0.517678 0.1351149 0.4517251 0.1783424 0.4517251 0.1783424 0.517678 0.1351149 0.517678 0.1659916 0.517678 0.1659916 0.517678 0.1351149 0.5483125 0.1578646 0.5483125 0.1578646 0.517678 0.1351149 0.5594082 0.1493715 0.5594082 0.1493715 0.517678 0.1351149 0.5917556 0.1125176 0.5594082 0.1493715 0.5917556 0.1125176 0.5773857 0.1448734 0.5773857 0.1448734 0.5917556 0.1125176 0.5920132 0.1486091 0.5920132 0.1486091 0.5917556 0.1125176 0.6367296 0.09536391 0.6367296 0.09536391 0.5917556 0.1125176 0.6177214 0.07952147 0.6177214 0.07952147 0.5917556 0.1125176 0.5912402 0.08769428 0.6177214 0.07952147 0.5912402 0.08769428 0.603215 0.06500554 0.603215 0.06500554 0.5912402 0.08769428 0.59074 0.06749093 0.603215 0.06500554 0.59074 0.06749093 0.5939838 0.04991018 0.5939838 0.04991018 0.59074 0.06749093 0.5271367 0.07584673 0.5271367 0.07584673 0.59074 0.06749093 0.5912402 0.08769428 0.5271367 0.07584673 0.5912402 0.08769428 0.5220283 0.1024693 0.5220283 0.1024693 0.5912402 0.08769428 0.5917556 0.1125176 0.5220283 0.1024693 0.5917556 0.1125176 0.517678 0.1351149 0.517678 0.1659916 0.5483125 0.1578646 0.5439773 0.1738138 0.517678 0.1659916 0.5439773 0.1738138 0.517678 0.1973258 0.517678 0.1973258 0.5439773 0.1738138 0.5502831 0.1872318 0.517678 0.1973258 0.5502831 0.1872318 0.517678 0.2233386 0.517678 0.2233386 0.5502831 0.1872318 0.5637586 0.1928582 0.517678 0.2233386 0.5637586 0.1928582 0.5892242 0.2625712 0.5892242 0.2625712 0.5637586 0.1928582 0.5805082 0.1895342 0.5892242 0.2625712 0.5805082 0.1895342 0.6025784 0.2474911 0.6025784 0.2474911 0.5805082 0.1895342 0.5948023 0.1792572 0.6025784 0.2474911 0.5948023 0.1792572 0.6442329 0.1812242 0.6442329 0.1812242 0.5948023 0.1792572 0.5996832 0.163003 0.6442329 0.1812242 0.5996832 0.163003 0.5920132 0.1486091 0.6442329 0.1812242 0.5920132 0.1486091 0.6595274 0.1168175 0.6595274 0.1168175 0.5920132 0.1486091 0.6367296 0.09536391 0.1778943 0.2380374 0.1797285 0.2208532 0.2423465 0.2280502 0.2423465 0.2280502 0.1797285 0.2208532 0.2434834 0.2104237 0.2423465 0.2280502 0.2434834 0.2104237 0.2991893 0.2277147 0.2991893 0.2277147 0.2434834 0.2104237 0.2991893 0.202571 0.2991893 0.2277147 0.2991893 0.202571 0.3233362 0.2238113 0.2991893 0.2277147 0.3233362 0.2238113 0.3081781 0.2296359 0.2991893 0.2277147 0.3081781 0.2296359 0.3035549 0.2386168 0.2991893 0.2277147 0.3035549 0.2386168 0.2625219 0.2504492 0.2991893 0.2277147 0.2625219 0.2504492 0.2434834 0.2352775 0.2434834 0.2352775 0.2625219 0.2504492 0.2487887 0.2442585 0.2434834 0.2352775 0.2487887 0.2442585 0.2268549 0.2442585 0.2434834 0.2352775 0.2268549 0.2442585 0.1797285 0.2444568 0.1797285 0.2444568 0.2268549 0.2442585 0.2122729 0.2491073 0.1797285 0.2444568 0.2122729 0.2491073 0.1797285 0.2601315 0.1797285 0.2601315 0.2122729 0.2491073 0.2059368 0.2590337 0.1797285 0.2601315 0.2059368 0.2590337 0.1805318 0.2724213 0.1805318 0.2724213 0.2059368 0.2590337 0.2101204 0.2664288 0.1805318 0.2724213 0.2101204 0.2664288 0.2246873 0.2714607 0.1805318 0.2724213 0.2246873 0.2714607 0.1861706 0.2800452 0.1861706 0.2800452 0.2246873 0.2714607 0.2290074 0.288096 0.1861706 0.2800452 0.2290074 0.288096 0.1797285 0.2888279 0.1797285 0.2888279 0.2290074 0.288096 0.2141221 0.2939054 0.1797285 0.2888279 0.2141221 0.2939054 0.1797285 0.302185 0.1797285 0.302185 0.2141221 0.2939054 0.2098021 0.302185 0.1797285 0.302185 0.2098021 0.302185 0.2141221 0.3104645 0.1797285 0.302185 0.2141221 0.3104645 0.1797285 0.3155421 0.1797285 0.3155421 0.2141221 0.3104645 0.2290074 0.3162739 0.1797285 0.3155421 0.2290074 0.3162739 0.1861706 0.3243247 0.1861706 0.3243247 0.2290074 0.3162739 0.2246873 0.3329093 0.1861706 0.3243247 0.2246873 0.3329093 0.1805318 0.3319486 0.1805318 0.3319486 0.2246873 0.3329093 0.2101204 0.3379411 0.1805318 0.3319486 0.2101204 0.3379411 0.2059368 0.3453362 0.1805318 0.3319486 0.2059368 0.3453362 0.1797285 0.3442384 0.1797285 0.3442384 0.2059368 0.3453362 0.2122729 0.3552625 0.1797285 0.3442384 0.2122729 0.3552625 0.1797285 0.3599131 0.1797285 0.3599131 0.2122729 0.3552625 0.2268549 0.3601113 0.1797285 0.3599131 0.2268549 0.3601113 0.2434834 0.3691076 0.2434834 0.3691076 0.2268549 0.3601113 0.2487887 0.3601113 0.2434834 0.3691076 0.2487887 0.3601113 0.2625219 0.353936 0.2434834 0.3691076 0.2625219 0.353936 0.2991893 0.3766552 0.2991893 0.3766552 0.2625219 0.353936 0.3035549 0.365753 0.2991893 0.3766552 0.3035549 0.365753 0.3081781 0.3747492 0.2991893 0.3766552 0.3081781 0.3747492 0.3233362 0.3805586 0.2991893 0.3766552 0.3233362 0.3805586 0.2991893 0.4017988 0.2991893 0.4017988 0.3233362 0.3805586 0.3548802 0.3860936 0.3548802 0.3860936 0.3233362 0.3805586 0.3423748 0.3811228 0.3548802 0.3860936 0.3423748 0.3811228 0.3579875 0.3756945 0.3548802 0.3860936 0.3579875 0.3756945 0.403295 0.3902105 0.403295 0.3902105 0.3579875 0.3756945 0.3629897 0.3660122 0.403295 0.3902105 0.3629897 0.3660122 0.403295 0.3674455 0.403295 0.3674455 0.3629897 0.3660122 0.3586242 0.3575955 0.403295 0.3674455 0.3586242 0.3575955 0.3548802 0.3435827 0.3548802 0.3435827 0.3586242 0.3575955 0.3434206 0.3520452 0.3548802 0.3435827 0.3434206 0.3520452 0.3244427 0.3520147 0.3548802 0.3435827 0.3244427 0.3520147 0.2991893 0.3383985 0.2991893 0.3383985 0.3244427 0.3520147 0.3069958 0.3583579 0.2991893 0.3383985 0.3069958 0.3583579 0.3001897 0.3526399 0.3001897 0.3526399 0.3069958 0.3583579 0.3035549 0.365753 0.3001897 0.3526399 0.3035549 0.365753 0.2625219 0.353936 0.3001897 0.3526399 0.2625219 0.353936 0.2679485 0.3450618 0.3001897 0.3526399 0.2679485 0.3450618 0.2991893 0.3383985 0.2991893 0.3383985 0.2679485 0.3450618 0.2610365 0.3366602 0.2991893 0.3383985 0.2610365 0.3366602 0.2991893 0.3196741 0.2991893 0.3383985 0.2991893 0.3196741 0.334826 0.3297377 0.2991893 0.3383985 0.334826 0.3297377 0.3501508 0.3365687 0.2991893 0.3383985 0.3501508 0.3365687 0.3548802 0.3435827 0.3548802 0.3435827 0.3501508 0.3365687 0.3685679 0.3370109 0.3548802 0.3435827 0.3685679 0.3370109 0.403295 0.3458546 0.403295 0.3458546 0.3685679 0.3370109 0.3819828 0.3318724 0.403295 0.3458546 0.3819828 0.3318724 0.403295 0.3233641 0.403295 0.3233641 0.3819828 0.3318724 0.388334 0.3230744 0.403295 0.3233641 0.388334 0.3230744 0.3842262 0.3128432 0.403295 0.3233641 0.3842262 0.3128432 0.403295 0.302185 0.403295 0.302185 0.3842262 0.3128432 0.3695532 0.3066983 0.403295 0.302185 0.3695532 0.3066983 0.3548802 0.302185 0.3548802 0.302185 0.3695532 0.3066983 0.3494232 0.3064544 0.3548802 0.302185 0.3494232 0.3064544 0.2991893 0.302185 0.2991893 0.302185 0.3494232 0.3064544 0.33569 0.3123095 0.2991893 0.302185 0.33569 0.3123095 0.2991893 0.3196741 0.2991893 0.3196741 0.33569 0.3123095 0.3301119 0.3201164 0.2991893 0.3196741 0.3301119 0.3201164 0.334826 0.3297377 0.403295 0.3674455 0.3548802 0.3435827 0.403295 0.3458546 0.403295 0.3674455 0.403295 0.3458546 0.4608958 0.366119 0.403295 0.3674455 0.4608958 0.366119 0.4700816 0.3751609 0.403295 0.3674455 0.4700816 0.3751609 0.4517251 0.3963553 0.4517251 0.3963553 0.4700816 0.3751609 0.4801011 0.3793693 0.4517251 0.3963553 0.4801011 0.3793693 0.517678 0.4070441 0.517678 0.4070441 0.4801011 0.3793693 0.4983969 0.3793388 0.517678 0.4070441 0.4983969 0.3793388 0.517678 0.3810465 0.517678 0.3810465 0.4983969 0.3793388 0.5099474 0.3720656 0.517678 0.3810465 0.5099474 0.3720656 0.5156013 0.3605231 0.517678 0.3810465 0.5156013 0.3605231 0.5892242 0.341814 0.5892242 0.341814 0.5156013 0.3605231 0.517678 0.3283349 0.5892242 0.341814 0.517678 0.3283349 0.5867534 0.3235471 0.5867534 0.3235471 0.517678 0.3283349 0.5928925 0.3117301 0.5928925 0.3117301 0.517678 0.3283349 0.59074 0.302185 0.5928925 0.3117301 0.59074 0.302185 0.604928 0.302185 0.604928 0.302185 0.59074 0.302185 0.5928925 0.2926398 0.5928925 0.2926398 0.59074 0.302185 0.517678 0.276035 0.5928925 0.2926398 0.517678 0.276035 0.5867534 0.280838 0.5867534 0.280838 0.517678 0.276035 0.5892242 0.2625712 0.5892242 0.2625712 0.517678 0.276035 0.5156013 0.2438468 0.5892242 0.2625712 0.5156013 0.2438468 0.517678 0.2233386 0.517678 0.2233386 0.5156013 0.2438468 0.5099474 0.2323043 0.517678 0.2233386 0.5099474 0.2323043 0.4983969 0.2250311 0.517678 0.2233386 0.4983969 0.2250311 0.517678 0.1973258 0.517678 0.1973258 0.4983969 0.2250311 0.4801011 0.2250006 0.517678 0.1973258 0.4801011 0.2250006 0.4517251 0.2080146 0.4517251 0.2080146 0.4801011 0.2250006 0.4700816 0.229209 0.4517251 0.2080146 0.4700816 0.229209 0.403295 0.2369244 0.403295 0.2369244 0.4700816 0.229209 0.4608958 0.2382509 0.403295 0.2369244 0.4608958 0.2382509 0.403295 0.2585152 0.403295 0.2585152 0.4608958 0.2382509 0.4625784 0.2524009 0.403295 0.2585152 0.4625784 0.2524009 0.403295 0.2810057 0.403295 0.2810057 0.4625784 0.2524009 0.4517251 0.27942 0.403295 0.2810057 0.4517251 0.27942 0.403295 0.302185 0.403295 0.302185 0.4517251 0.27942 0.4557875 0.302185 0.4557875 0.302185 0.4517251 0.27942 0.4618659 0.2913743 0.4618659 0.2913743 0.4517251 0.27942 0.4759478 0.2834607 0.4759478 0.2834607 0.4517251 0.27942 0.4758265 0.2623882 0.4758265 0.2623882 0.4517251 0.27942 0.4625784 0.2524009 0.4758265 0.2623882 0.4969114 0.2629371 0.4759478 0.2834607 0.4759478 0.2834607 0.4969114 0.2629371 0.4983211 0.2830947 0.4983211 0.2830947 0.4969114 0.2629371 0.517678 0.276035 0.517678 0.276035 0.4969114 0.2629371 0.5090985 0.2562739 0.517678 0.276035 0.5090985 0.2562739 0.5156013 0.2438468 0.1465777 0.3368432 0.1642217 0.3370872 0.1162616 0.3475319 0.1465777 0.3368432 0.1162616 0.3475319 0.1325716 0.3324975 0.1325716 0.3324975 0.1162616 0.3475319 0.1159735 0.322434 0.1325716 0.3324975 0.1159735 0.322434 0.126281 0.3242638 0.126281 0.3242638 0.1159735 0.322434 0.1306163 0.3158774 0.1306163 0.3158774 0.1159735 0.322434 0.1159735 0.302185 0.1306163 0.3158774 0.1159735 0.302185 0.1456834 0.3109982 0.1456834 0.3109982 0.1159735 0.302185 0.164434 0.3110287 0.164434 0.3110287 0.1159735 0.302185 0.1797285 0.302185 0.164434 0.3110287 0.1797285 0.302185 0.1797285 0.3155421 0.1159735 0.322434 0.07659286 0.3186221 0.07659286 0.302185 0.1159735 0.322434 0.07659286 0.302185 0.1159735 0.302185 0.1159735 0.302185 0.07659286 0.302185 0.1159735 0.2819359 0.1159735 0.2819359 0.07659286 0.302185 0.07659286 0.2857478 0.1642217 0.2672828 0.1465777 0.2675268 0.1162616 0.256838 0.1162616 0.256838 0.1465777 0.2675268 0.1325716 0.2718724 0.1162616 0.256838 0.1325716 0.2718724 0.1159735 0.2819359 0.1159735 0.2819359 0.1325716 0.2718724 0.126281 0.2801061 0.1159735 0.2819359 0.126281 0.2801061 0.1306163 0.2885077 0.1159735 0.2819359 0.1306163 0.2885077 0.1159735 0.302185 0.1159735 0.302185 0.1306163 0.2885077 0.1456834 0.2933717 0.1159735 0.302185 0.1456834 0.2933717 0.164434 0.2933412 0.1159735 0.302185 0.164434 0.2933412 0.1797285 0.302185 0.1797285 0.302185 0.164434 0.2933412 0.1797285 0.2888279 0.1162616 0.256838 0.1159735 0.2819359 0.07659286 0.2696766 0.07659286 0.2696766 0.1159735 0.2819359 0.07659286 0.2857478 0.07659286 0.2696766 0.07659286 0.2857478 0.05279463 0.286861 0.05279463 0.286861 0.07659286 0.2857478 0.07659286 0.302185 0.05279463 0.286861 0.07659286 0.302185 0.04445767 0.302185 0.04445767 0.302185 0.07659286 0.302185 0.05279463 0.317509 0.05279463 0.317509 0.07659286 0.302185 0.07659286 0.3186221 0.05279463 0.317509 0.07659286 0.3186221 0.07659286 0.3346933 0.07659286 0.3346933 0.07659286 0.3186221 0.1159735 0.322434 0.07659286 0.3346933 0.1159735 0.322434 0.1162616 0.3475319 0.1642217 0.3370872 0.1805318 0.3319486 0.1797285 0.3442384 0.1642217 0.3370872 0.1797285 0.3442384 0.1162616 0.3475319 0.1162616 0.3475319 0.1797285 0.3442384 0.1797285 0.3599131 0.2290074 0.3162739 0.2486523 0.3159689 0.2246873 0.3329093 0.2246873 0.3329093 0.2486523 0.3159689 0.2455145 0.3323451 0.2455145 0.3323451 0.2486523 0.3159689 0.2610365 0.3366602 0.2610365 0.3366602 0.2486523 0.3159689 0.2633708 0.3122943 0.2610365 0.3366602 0.2633708 0.3122943 0.2991893 0.3196741 0.2991893 0.3196741 0.2633708 0.3122943 0.2991893 0.302185 0.2991893 0.302185 0.2633708 0.3122943 0.2693734 0.302185 0.2991893 0.302185 0.2693734 0.302185 0.2633708 0.2920756 0.2991893 0.302185 0.2633708 0.2920756 0.2991893 0.2846958 0.2991893 0.302185 0.2991893 0.2846958 0.33569 0.2920604 0.2991893 0.302185 0.33569 0.2920604 0.3494232 0.2979156 0.2991893 0.302185 0.3494232 0.2979156 0.3548802 0.302185 0.3548802 0.302185 0.3494232 0.2979156 0.3695532 0.2976716 0.3548802 0.302185 0.3695532 0.2976716 0.403295 0.302185 0.403295 0.302185 0.3695532 0.2976716 0.3842262 0.2915267 0.403295 0.302185 0.3842262 0.2915267 0.403295 0.2810057 0.403295 0.2810057 0.3842262 0.2915267 0.388334 0.2812955 0.403295 0.2810057 0.388334 0.2812955 0.3819828 0.2724975 0.403295 0.2810057 0.3819828 0.2724975 0.403295 0.2585152 0.403295 0.2585152 0.3819828 0.2724975 0.3685679 0.267359 0.403295 0.2585152 0.3685679 0.267359 0.3548802 0.2607872 0.3548802 0.2607872 0.3685679 0.267359 0.3501508 0.2678012 0.3548802 0.2607872 0.3501508 0.2678012 0.2991893 0.2659714 0.2991893 0.2659714 0.3501508 0.2678012 0.334826 0.2746322 0.2991893 0.2659714 0.334826 0.2746322 0.2991893 0.2846958 0.2991893 0.2846958 0.334826 0.2746322 0.3301119 0.2842535 0.2991893 0.2846958 0.3301119 0.2842535 0.33569 0.2920604 0.403295 0.2369244 0.403295 0.2585152 0.3548802 0.2607872 0.403295 0.2369244 0.3548802 0.2607872 0.3586242 0.2467744 0.403295 0.2369244 0.3586242 0.2467744 0.3629897 0.2383576 0.403295 0.2369244 0.3629897 0.2383576 0.403295 0.2141594 0.403295 0.2141594 0.3629897 0.2383576 0.3579875 0.2286753 0.403295 0.2141594 0.3579875 0.2286753 0.3548802 0.2182763 0.3548802 0.2182763 0.3579875 0.2286753 0.3423748 0.2232623 0.3548802 0.2182763 0.3423748 0.2232623 0.3233362 0.2238113 0.3548802 0.2182763 0.3233362 0.2238113 0.2991893 0.202571 0.3548802 0.2182763 0.2991893 0.202571 0.3548802 0.1926448 0.3548802 0.1926448 0.2991893 0.202571 0.3548802 0.1644973 0.3548802 0.1926448 0.3548802 0.1644973 0.403295 0.1576206 0.3548802 0.1926448 0.403295 0.1576206 0.403295 0.1866067 0.403295 0.1866067 0.403295 0.1576206 0.4517251 0.1487463 0.403295 0.1866067 0.4517251 0.1487463 0.4517251 0.1783424 0.403295 0.1866067 0.4517251 0.1783424 0.4517251 0.2080146 0.4517251 0.2080146 0.4517251 0.1783424 0.517678 0.1973258 0.517678 0.1973258 0.4517251 0.1783424 0.517678 0.1659916 0.403295 0.3674455 0.4517251 0.3963553 0.403295 0.3902105 0.403295 0.3902105 0.4517251 0.3963553 0.403295 0.4177632 0.403295 0.3902105 0.403295 0.4177632 0.3548802 0.4117404 0.403295 0.3902105 0.3548802 0.4117404 0.3548802 0.3860936 0.3548802 0.3860936 0.3548802 0.4117404 0.2991893 0.4017988 0.2991893 0.4017988 0.3548802 0.4117404 0.3548802 0.4398725 0.2991893 0.4017988 0.3548802 0.4398725 0.2991893 0.4302054 0.2991893 0.4302054 0.3548802 0.4398725 0.2991893 0.4544647 0.2991893 0.4302054 0.2991893 0.4544647 0.2434834 0.4458649 0.2434834 0.4458649 0.2991893 0.4544647 0.2991893 0.4673796 0.2991893 0.4673796 0.2991893 0.4544647 0.3548802 0.4653058 0.2991893 0.4673796 0.3548802 0.4653058 0.3548802 0.4900225 0.3548802 0.4900225 0.3548802 0.4653058 0.403295 0.4745765 0.3548802 0.4900225 0.403295 0.4745765 0.403295 0.5009247 0.3548802 0.4900225 0.403295 0.5009247 0.403295 0.5206858 0.403295 0.5206858 0.403295 0.5009247 0.4517251 0.5127722 0.403295 0.5206858 0.4517251 0.5127722 0.4517251 0.5473085 0.4517251 0.5473085 0.4517251 0.5127722 0.5271367 0.5285232 0.4517251 0.5473085 0.5271367 0.5285232 0.5365953 0.559217 0.5365953 0.559217 0.5271367 0.5285232 0.5939838 0.5544597 0.5365953 0.559217 0.5939838 0.5544597 0.59074 0.5699057 0.5365953 0.559217 0.59074 0.5699057 0.5740661 0.5758829 0.5740661 0.5758829 0.59074 0.5699057 0.5948478 0.5941802 0.3548802 0.4653058 0.403295 0.4467493 0.403295 0.4745765 0.403295 0.4745765 0.403295 0.4467493 0.4517251 0.4556235 0.403295 0.4745765 0.4517251 0.4556235 0.4517251 0.4855244 0.4517251 0.4855244 0.4517251 0.4556235 0.5220283 0.5019006 0.4517251 0.4855244 0.5220283 0.5019006 0.5271367 0.5285232 0.4517251 0.4855244 0.5271367 0.5285232 0.4517251 0.5127722 0.4517251 0.4855244 0.4517251 0.5127722 0.403295 0.5009247 0.4517251 0.4855244 0.403295 0.5009247 0.403295 0.4745765 0.6302116 0.2464542 0.6025784 0.2474911 0.6442329 0.1812242 0.6302116 0.2464542 0.6442329 0.1812242 0.6439145 0.2617936 0.6439145 0.2617936 0.6442329 0.1812242 0.6853567 0.1725939 0.6853567 0.1725939 0.6442329 0.1812242 0.6595274 0.1168175 0.3548802 0.2182763 0.3548802 0.1926448 0.403295 0.2141594 0.403295 0.2141594 0.3548802 0.1926448 0.403295 0.1866067 0.403295 0.2141594 0.403295 0.1866067 0.4517251 0.2080146 0.403295 0.2141594 0.4517251 0.2080146 0.403295 0.2369244 0.3434206 0.2523247 0.3586242 0.2467744 0.3548802 0.2607872 0.3434206 0.2523247 0.3548802 0.2607872 0.3244427 0.2523552 0.3244427 0.2523552 0.3548802 0.2607872 0.2991893 0.2659714 0.3244427 0.2523552 0.2991893 0.2659714 0.3069958 0.2460272 0.3069958 0.2460272 0.2991893 0.2659714 0.3001897 0.25173 0.3069958 0.2460272 0.3001897 0.25173 0.3035549 0.2386168 0.3035549 0.2386168 0.3001897 0.25173 0.2625219 0.2504492 0.2625219 0.2504492 0.3001897 0.25173 0.2679485 0.2593234 0.2679485 0.2593234 0.3001897 0.25173 0.2991893 0.2659714 0.2679485 0.2593234 0.2991893 0.2659714 0.2610365 0.2677097 0.2610365 0.2677097 0.2991893 0.2659714 0.2991893 0.2846958 0.2610365 0.2677097 0.2991893 0.2846958 0.2633708 0.2920756 0.2610365 0.2677097 0.2633708 0.2920756 0.2486523 0.288401 0.2610365 0.2677097 0.2486523 0.288401 0.2455145 0.2720248 0.2455145 0.2720248 0.2486523 0.288401 0.2246873 0.2714607 0.2246873 0.2714607 0.2486523 0.288401 0.2290074 0.288096 0.7520827 0.2876843 0.8170653 0.2876843 0.7539926 0.2922739 0.7539926 0.2922739 0.8170653 0.2876843 0.8139125 0.2922739 0.7539926 0.2922739 0.8139125 0.2922739 0.7539926 0.2968787 0.7539926 0.2968787 0.8139125 0.2922739 0.8139125 0.2968787 0.8139125 0.2968787 0.8139125 0.2922739 0.894599 0.2945764 0.894599 0.2945764 0.8139125 0.2922739 0.8951143 0.2899867 0.8951143 0.2899867 0.8139125 0.2922739 0.8170653 0.2876843 0.4517251 0.04750102 0.403295 0.07836258 0.403295 0.07923173 0.403295 0.07923173 0.403295 0.07836258 0.3541526 0.1105202 0.403295 0.07923173 0.3541526 0.1105202 0.356017 0.1123651 0.356017 0.1123651 0.3541526 0.1105202 0.2992348 0.1343982 0.356017 0.1123651 0.2992348 0.1343982 0.3011902 0.1372953 0.3011902 0.1372953 0.2992348 0.1343982 0.2443171 0.1572852 0.3011902 0.1372953 0.2443171 0.1572852 0.2463634 0.1610971 0.2463634 0.1610971 0.2443171 0.1572852 0.1817597 0.1769853 0.2463634 0.1610971 0.1817597 0.1769853 0.1839727 0.1816359 0.1839727 0.1816359 0.1817597 0.1769853 0.1159735 0.1999332 0.1839727 0.1816359 0.1159735 0.1999332 0.1159735 0.2066117 0.1159735 0.2066117 0.1159735 0.1999332 0.08194363 0.2123297 0.1159735 0.2066117 0.08194363 0.2123297 0.0854755 0.218688 0.0854755 0.218688 0.08194363 0.2123297 0.05464392 0.2251378 0.0854755 0.218688 0.05464392 0.2251378 0.05910038 0.2312369 0.05910038 0.2312369 0.05464392 0.2251378 0.03458976 0.2457528 0.05910038 0.2312369 0.03458976 0.2457528 0.03997093 0.2513641 0.03997093 0.2513641 0.03458976 0.2457528 0.02523726 0.2719486 0.03997093 0.2513641 0.02523726 0.2719486 0.03122466 0.2753031 0.03122466 0.2753031 0.02523726 0.2719486 0.02322119 0.3021697 0.03122466 0.2753031 0.02322119 0.3021697 0.02978467 0.302185 0.02978467 0.302185 0.02322119 0.3021697 0.03122466 0.3290668 0.03122466 0.3290668 0.02322119 0.3021697 0.02523726 0.3324213 0.03122466 0.3290668 0.02523726 0.3324213 0.03997093 0.3530211 0.03997093 0.3530211 0.02523726 0.3324213 0.03458976 0.358617 0.03997093 0.3530211 0.03458976 0.358617 0.05910038 0.373133 0.05910038 0.373133 0.03458976 0.358617 0.05464392 0.3792321 0.05910038 0.373133 0.05464392 0.3792321 0.0854755 0.3856971 0.0854755 0.3856971 0.05464392 0.3792321 0.08194363 0.3920402 0.0854755 0.3856971 0.08194363 0.3920402 0.1159735 0.3977581 0.1159735 0.3977581 0.08194363 0.3920402 0.1159735 0.4044367 0.1159735 0.3977581 0.1159735 0.4044367 0.1839727 0.422734 0.1839727 0.422734 0.1159735 0.4044367 0.1817597 0.4273846 0.1839727 0.422734 0.1817597 0.4273846 0.2463634 0.4432728 0.2463634 0.4432728 0.1817597 0.4273846 0.2443171 0.4470847 0.2463634 0.4432728 0.2443171 0.4470847 0.3011902 0.4670746 0.3011902 0.4670746 0.2443171 0.4470847 0.2992348 0.4699717 0.3011902 0.4670746 0.2992348 0.4699717 0.356017 0.4920047 0.356017 0.4920047 0.2992348 0.4699717 0.3541526 0.4938498 0.356017 0.4920047 0.3541526 0.4938498 0.403295 0.5251382 0.403295 0.5251382 0.3541526 0.4938498 0.403295 0.5260226 0.403295 0.5251382 0.403295 0.5260226 0.4517251 0.5568689 0.3548802 0.4653058 0.2991893 0.4544647 0.3548802 0.4398725 0.3548802 0.4653058 0.3548802 0.4398725 0.403295 0.4467493 0.403295 0.4467493 0.3548802 0.4398725 0.3548802 0.4117404 0.403295 0.4467493 0.3548802 0.4117404 0.403295 0.4177632 0.403295 0.4467493 0.403295 0.4177632 0.4517251 0.4556235 0.4517251 0.4556235 0.403295 0.4177632 0.4517251 0.4260275 0.4517251 0.4260275 0.403295 0.4177632 0.4517251 0.3963553 0.4517251 0.4260275 0.4517251 0.3963553 0.517678 0.4070441 0.4517251 0.4260275 0.517678 0.4070441 0.517678 0.4383783 0.517678 0.4383783 0.517678 0.4070441 0.5439773 0.4305562 0.5439773 0.4305562 0.517678 0.4070441 0.5502831 0.4171533 0.5502831 0.4171533 0.517678 0.4070441 0.517678 0.3810465 0.5502831 0.4171533 0.517678 0.3810465 0.5637586 0.4115117 0.5637586 0.4115117 0.517678 0.3810465 0.5892242 0.341814 0.5637586 0.4115117 0.5892242 0.341814 0.5805082 0.4148356 0.5805082 0.4148356 0.5892242 0.341814 0.6025784 0.3568941 0.5805082 0.4148356 0.6025784 0.3568941 0.5948023 0.4251127 0.5948023 0.4251127 0.6025784 0.3568941 0.6442329 0.4231457 0.5948023 0.4251127 0.6442329 0.4231457 0.5996832 0.4413668 0.5996832 0.4413668 0.6442329 0.4231457 0.5920132 0.4557607 0.5920132 0.4557607 0.6442329 0.4231457 0.6595274 0.4875676 0.6595274 0.4875676 0.6442329 0.4231457 0.6853567 0.4317759 0.6853567 0.4317759 0.6442329 0.4231457 0.6439145 0.3425764 0.6853567 0.4317759 0.6439145 0.3425764 0.6996356 0.3699919 0.6996356 0.3699919 0.6439145 0.3425764 0.6454152 0.3222206 0.6996356 0.3699919 0.6454152 0.3222206 0.704365 0.302185 0.704365 0.302185 0.6454152 0.3222206 0.642717 0.302185 0.642717 0.302185 0.6454152 0.3222206 0.636093 0.3099004 0.642717 0.302185 0.636093 0.3099004 0.6250427 0.302185 0.642717 0.302185 0.6250427 0.302185 0.636093 0.2944696 0.642717 0.302185 0.636093 0.2944696 0.6454152 0.2821494 0.642717 0.302185 0.6454152 0.2821494 0.704365 0.302185 0.704365 0.302185 0.6454152 0.2821494 0.6996356 0.2343932 0.6996356 0.2343932 0.6454152 0.2821494 0.6439145 0.2617936 0.6996356 0.2343932 0.6439145 0.2617936 0.6853567 0.1725939 0.5920132 0.4557607 0.6595274 0.4875676 0.6367296 0.509006 0.5920132 0.4557607 0.6367296 0.509006 0.5917556 0.4918522 0.5920132 0.4557607 0.5917556 0.4918522 0.5773857 0.4595117 0.5773857 0.4595117 0.5917556 0.4918522 0.5594082 0.4550136 0.5594082 0.4550136 0.5917556 0.4918522 0.517678 0.469255 0.5594082 0.4550136 0.517678 0.469255 0.5483125 0.4465053 0.5483125 0.4465053 0.517678 0.469255 0.517678 0.4383783 0.5483125 0.4465053 0.517678 0.4383783 0.5439773 0.4305562 0.5917556 0.4918522 0.6367296 0.509006 0.6177214 0.5248485 0.5917556 0.4918522 0.6177214 0.5248485 0.5912402 0.5166757 0.5912402 0.5166757 0.6177214 0.5248485 0.603215 0.5393796 0.5912402 0.5166757 0.603215 0.5393796 0.59074 0.536879 0.59074 0.536879 0.603215 0.5393796 0.5939838 0.5544597 0.59074 0.536879 0.5939838 0.5544597 0.5271367 0.5285232 0.59074 0.536879 0.5271367 0.5285232 0.5912402 0.5166757 0.5912402 0.5166757 0.5271367 0.5285232 0.5220283 0.5019006 0.5912402 0.5166757 0.5220283 0.5019006 0.5917556 0.4918522 0.5917556 0.4918522 0.5220283 0.5019006 0.517678 0.469255 0.517678 0.469255 0.5220283 0.5019006 0.4517251 0.4556235 0.517678 0.469255 0.4517251 0.4556235 0.4517251 0.4260275 0.517678 0.469255 0.4517251 0.4260275 0.517678 0.4383783 0.6442329 0.4231457 0.6025784 0.3568941 0.6302116 0.3579156 0.6442329 0.4231457 0.6302116 0.3579156 0.6439145 0.3425764 0.5107052 0.2886906 0.4983211 0.2830947 0.517678 0.276035 0.5107052 0.2886906 0.517678 0.276035 0.517678 0.302185 0.517678 0.302185 0.517678 0.276035 0.59074 0.302185 0.517678 0.302185 0.59074 0.302185 0.517678 0.3283349 0.517678 0.302185 0.517678 0.3283349 0.5107052 0.3156793 0.5107052 0.3156793 0.517678 0.3283349 0.4983211 0.3212905 0.4983211 0.3212905 0.517678 0.3283349 0.4969114 0.3414328 0.4983211 0.3212905 0.4969114 0.3414328 0.4759478 0.3209092 0.4759478 0.3209092 0.4969114 0.3414328 0.4758265 0.341997 0.4759478 0.3209092 0.4758265 0.341997 0.4517251 0.3249499 0.4759478 0.3209092 0.4517251 0.3249499 0.4618659 0.3129956 0.4618659 0.3129956 0.4517251 0.3249499 0.4557875 0.302185 0.4557875 0.302185 0.4517251 0.3249499 0.403295 0.302185 0.403295 0.302185 0.4517251 0.3249499 0.403295 0.3233641 0.403295 0.3233641 0.4517251 0.3249499 0.4625784 0.351969 0.4625784 0.351969 0.4517251 0.3249499 0.4758265 0.341997 0.4608958 0.366119 0.403295 0.3458546 0.4625784 0.351969 0.4625784 0.351969 0.403295 0.3458546 0.403295 0.3233641 0.4969114 0.3414328 0.517678 0.3283349 0.5090985 0.348096 0.5090985 0.348096 0.517678 0.3283349 0.5156013 0.3605231 0.1805318 0.2724213 0.1642217 0.2672828 0.1797285 0.2601315 0.1797285 0.2601315 0.1642217 0.2672828 0.1162616 0.256838 0.1797285 0.2601315 0.1162616 0.256838 0.1797285 0.2444568 0.7443217 0.2115215 0.7310432 0.1875062 0.810699 0.1578646 0.7443217 0.2115215 0.810699 0.1578646 0.7596314 0.2263424 0.7596314 0.2263424 0.810699 0.1578646 0.773698 0.2351556 0.773698 0.2351556 0.810699 0.1578646 0.7909328 0.241392 0.7909328 0.241392 0.810699 0.1578646 0.8104565 0.2435877 0.7909328 0.241392 0.8104565 0.2435877 0.8104413 0.248162 0.8104413 0.248162 0.8104565 0.2435877 0.8437891 0.2452344 0.8437891 0.2452344 0.8104565 0.2435877 0.810699 0.1578646 0.8437891 0.2452344 0.810699 0.1578646 0.8515197 0.1507133 0.8437891 0.2452344 0.8515197 0.1507133 0.8515197 0.2452344 0.8515197 0.2452344 0.8515197 0.1507133 0.8592655 0.2452344 0.8592655 0.2452344 0.8515197 0.1507133 0.8923404 0.1578646 0.8592655 0.2452344 0.8923404 0.1578646 0.8925981 0.2435877 0.8592655 0.2452344 0.8925981 0.2435877 0.8926132 0.248162 0.8926132 0.248162 0.8925981 0.2435877 0.9121066 0.241392 0.9121066 0.241392 0.8925981 0.2435877 0.8923404 0.1578646 0.9121066 0.241392 0.8923404 0.1578646 0.9293413 0.2351556 0.9293413 0.2351556 0.8923404 0.1578646 0.9434232 0.2263424 0.9434232 0.2263424 0.8923404 0.1578646 0.9587329 0.2115215 0.9587329 0.2115215 0.8923404 0.1578646 0.9719961 0.1875062 0.4608958 0.2382509 0.4700816 0.229209 0.4750231 0.2441213 0.4750231 0.2441213 0.4700816 0.229209 0.4801011 0.2250006 0.4750231 0.2441213 0.4801011 0.2250006 0.497442 0.2448685 0.497442 0.2448685 0.4801011 0.2250006 0.4983969 0.2250311 0.497442 0.2448685 0.4983969 0.2250311 0.5099474 0.2323043 0.497442 0.2448685 0.5099474 0.2323043 0.5156013 0.2438468 0.497442 0.2448685 0.5156013 0.2438468 0.5090985 0.2562739 0.07659286 0.2086855 0.09394884 0.2383576 0.07659286 0.2430539 0.07659286 0.2086855 0.07659286 0.2430539 0.0470649 0.2215393 0.0470649 0.2215393 0.07659286 0.2430539 0.05690246 0.2515623 0.0470649 0.2215393 0.05690246 0.2515623 0.02476733 0.2418189 0.02476733 0.2418189 0.05690246 0.2515623 0.04445767 0.2648431 0.04445767 0.2648431 0.05690246 0.2515623 0.07339447 0.2629371 0.07339447 0.2629371 0.05690246 0.2515623 0.07659286 0.2430539 0.07339447 0.2629371 0.07659286 0.2430539 0.108728 0.2514404 0.108728 0.2514404 0.07659286 0.2430539 0.09394884 0.2383576 0.07339447 0.2629371 0.0503239 0.2803501 0.04445767 0.2648431 0.04445767 0.2648431 0.0503239 0.2803501 0.04598867 0.2857478 0.04445767 0.2648431 0.04598867 0.2857478 0.02970886 0.2830643 0.04445767 0.2648431 0.02970886 0.2830643 0.02476733 0.2418189 0.02476733 0.2418189 0.02970886 0.2830643 0.01411122 0.2695547 0.01411122 0.2695547 0.02970886 0.2830643 0.02446419 0.302185 0.01411122 0.2695547 0.02446419 0.302185 0.01076126 0.3021697 0.01076126 0.3021697 0.02446419 0.302185 0.01411122 0.3348152 0.01411122 0.3348152 0.02446419 0.302185 0.02970886 0.3213057 0.01411122 0.3348152 0.02970886 0.3213057 0.02476733 0.362551 0.02476733 0.362551 0.02970886 0.3213057 0.04445767 0.3395268 0.04445767 0.3395268 0.02970886 0.3213057 0.04598867 0.3186373 0.04598867 0.3186373 0.02970886 0.3213057 0.03866732 0.302185 0.03866732 0.302185 0.02970886 0.3213057 0.02446419 0.302185 0.03866732 0.302185 0.02446419 0.302185 0.02970886 0.2830643 0.03866732 0.302185 0.02970886 0.2830643 0.04598867 0.2857478 0.04445767 0.3395268 0.04598867 0.3186373 0.0503239 0.3240198 0.04445767 0.3395268 0.0503239 0.3240198 0.07339447 0.341448 0.04445767 0.3395268 0.07339447 0.341448 0.05690246 0.3528077 0.04445767 0.3395268 0.05690246 0.3528077 0.02476733 0.362551 0.02476733 0.362551 0.05690246 0.3528077 0.0470649 0.3828305 0.0470649 0.3828305 0.05690246 0.3528077 0.07659286 0.3613159 0.0470649 0.3828305 0.07659286 0.3613159 0.07659286 0.3956844 0.07659286 0.3956844 0.07659286 0.3613159 0.09394884 0.3660122 0.09394884 0.3660122 0.07659286 0.3613159 0.108728 0.3529297 0.108728 0.3529297 0.07659286 0.3613159 0.07339447 0.341448 0.07339447 0.341448 0.07659286 0.3613159 0.05690246 0.3528077 0.09973925 0.3675827 0.1175803 0.3546526 0.1159735 0.3719741 0.1159735 0.3719741 0.1175803 0.3546526 0.1778943 0.3663477 0.1159735 0.3719741 0.1778943 0.3663477 0.1797285 0.3835167 0.1797285 0.3835167 0.1778943 0.3663477 0.2423465 0.376335 0.1797285 0.3835167 0.2423465 0.376335 0.2434834 0.3939614 0.2434834 0.3939614 0.2423465 0.376335 0.2991893 0.3766552 0.2434834 0.3939614 0.2991893 0.3766552 0.2991893 0.4017988 0.2434834 0.3939614 0.2991893 0.4017988 0.2991893 0.4302054 0.2434834 0.3939614 0.2991893 0.4302054 0.2434834 0.422246 0.2434834 0.422246 0.2991893 0.4302054 0.2434834 0.4458649 0.2434834 0.422246 0.2434834 0.4458649 0.1797285 0.4274303 0.2434834 0.422246 0.1797285 0.4274303 0.1797285 0.4156286 0.1797285 0.4156286 0.1797285 0.4274303 0.1159735 0.4078522 0.1797285 0.4156286 0.1159735 0.4078522 0.1159735 0.3719741 0.1159735 0.3719741 0.1159735 0.4078522 0.08653652 0.3987492 0.1159735 0.3719741 0.08653652 0.3987492 0.09973925 0.3675827 0.1797285 0.4156286 0.1159735 0.3719741 0.1797285 0.3835167 0.1797285 0.4156286 0.1797285 0.3835167 0.2434834 0.422246 0.2434834 0.422246 0.1797285 0.3835167 0.2434834 0.3939614 0.8589471 0.6555221 0.8595837 0.6064242 0.8297072 0.6064242 0.8297072 0.6064242 0.8595837 0.6064242 0.8589471 0.5573263 0.8297072 0.6064242 0.8589471 0.5573263 0.8297072 0.5654686 0.8297072 0.6064242 0.8297072 0.5654686 0.8004673 0.5573263 0.8297072 0.6064242 0.8004673 0.5573263 0.7998306 0.6064242 0.8297072 0.6064242 0.7998306 0.6064242 0.8004673 0.6555221 0.8297072 0.6064242 0.8004673 0.6555221 0.8297072 0.6473798 0.8297072 0.6064242 0.8297072 0.6473798 0.8589471 0.6555221 0.3361902 0.6375297 0.3028273 0.5253059 0.3022816 0.5260683 0.0893256 0.6375297 0.1232343 0.5260683 0.1226886 0.5253059 0.2991893 0.3766552 0.2434834 0.3691076 0.2429832 0.3727822 0.2991893 0.2277147 0.2429832 0.2315877 0.2434834 0.2352775</float_array>
          <technique_common>
            <accessor source="#standard_standard-mesh-map-0-array" count="4650" stride="2">
              <param name="S" type="float"/>
              <param name="T" type="float"/>
            </accessor>
          </technique_common>
        </source>
        <vertices id="standard_standard-mesh-vertices">
          <input semantic="POSITION" source="#standard_standard-mesh-positions"/>
        </vertices>
        <triangles material="needler_dull-material" count="158">
          <input semantic="VERTEX" source="#standard_standard-mesh-vertices" offset="0"/>
          <input semantic="NORMAL" source="#standard_standard-mesh-normals" offset="1"/>
          <input semantic="TEXCOORD" source="#standard_standard-mesh-map-0" offset="2" set="0"/>
          <p>0 0 0 1 1 1 2 2 2 2 2 3 1 1 4 3 3 5 2 2 6 3 3 7 4 4 8 6 5 9 5 6 10 7 7 11 6 5 12 7 7 13 8 8 14 8 8 15 7 7 16 9 9 17 8 8 18 9 9 19 10 10 20 10 10 21 9 9 22 11 11 23 10 10 24 11 11 25 12 12 26 12 12 27 11 11 28 13 13 29 12 12 30 13 13 31 14 14 32 16 15 33 15 16 34 17 17 35 16 15 36 17 17 37 18 18 38 18 18 39 17 17 40 19 19 41 18 18 42 19 19 43 20 20 44 20 20 45 19 19 46 21 21 47 20 20 48 21 21 49 22 22 50 22 22 51 21 21 52 23 23 53 22 22 54 23 23 55 24 24 56 26 25 57 25 26 58 27 27 59 26 25 60 27 27 61 28 28 62 28 28 63 27 27 64 29 29 65 30 30 66 31 31 67 32 32 68 32 32 69 31 31 70 33 33 71 32 32 72 33 33 73 34 34 74 34 34 75 33 33 76 35 35 77 34 34 78 35 35 79 36 36 80 36 36 81 35 35 82 37 37 83 36 36 84 37 37 85 38 38 86 36 36 87 38 38 88 39 39 89 39 39 90 38 38 91 40 40 92 39 39 93 40 40 94 41 41 95 41 41 96 40 40 97 42 42 98 41 41 99 42 42 100 43 43 101 38 38 102 44 44 103 45 45 104 38 38 105 45 45 106 40 40 107 40 40 108 45 45 109 42 42 110 46 46 111 47 47 112 48 48 113 48 48 114 47 47 115 49 49 116 48 48 117 49 49 118 50 50 119 50 50 120 49 49 121 51 51 122 50 50 123 51 51 124 52 52 125 52 52 126 51 51 127 53 53 128 53 53 129 51 51 130 49 49 131 53 53 132 49 49 133 54 54 134 54 54 135 49 49 136 55 55 137 54 54 138 55 55 139 56 56 140 3 3 141 1 1 142 57 57 143 3 3 144 57 57 145 58 58 146 58 58 147 57 57 148 59 59 149 58 58 150 59 59 151 60 60 152 60 60 153 59 59 154 61 61 155 61 61 156 59 59 157 62 62 158 61 61 159 62 62 160 28 28 161 28 28 162 62 62 163 26 25 164 63 63 165 64 64 166 65 65 167 65 65 168 64 64 169 66 66 170 65 65 171 66 66 172 67 67 173 65 65 174 67 67 175 68 68 176 68 68 177 67 67 178 69 69 179 69 69 180 67 67 181 70 70 182 69 69 183 70 70 184 71 71 185 71 71 186 70 70 187 72 72 188 73 73 189 74 74 190 75 75 191 75 75 192 74 74 193 76 76 194 75 75 195 76 76 196 77 77 197 77 77 198 76 76 199 78 78 200 78 78 201 76 76 202 79 79 203 78 78 204 79 79 205 80 80 206 78 78 207 80 80 208 81 81 209 78 78 210 81 81 211 82 82 212 78 78 213 82 82 214 83 83 215 83 83 216 82 82 217 55 55 218 83 83 219 55 55 220 84 84 221 84 84 222 55 55 223 49 49 224 84 84 225 49 49 226 47 47 227 84 84 228 47 47 229 83 83 230 83 83 231 47 47 232 85 85 233 83 83 234 85 85 235 78 78 236 78 78 237 85 85 238 77 77 239 81 81 240 80 80 241 86 86 242 86 86 243 80 80 244 87 87 245 86 86 246 87 87 247 88 88 248 90 89 249 89 90 250 91 91 251 90 89 252 91 91 253 92 92 254 92 92 255 91 91 256 93 93 257 92 92 258 93 93 259 94 94 260 94 94 261 93 93 262 95 95 263 95 95 264 93 93 265 96 96 266 95 95 267 96 96 268 97 97 269 95 95 270 97 97 271 98 98 272 33 33 273 31 31 274 99 99 275 33 33 276 99 99 277 35 35 278 35 35 279 99 99 280 100 100 281 35 35 282 100 100 283 37 37 284 37 37 285 100 100 286 101 101 287 37 37 288 101 101 289 38 38 290 38 38 291 101 101 292 44 44 293 44 44 294 101 101 295 102 102 296 102 102 297 101 101 298 103 103 299 102 102 300 103 103 301 104 104 302 102 102 303 104 104 304 105 105 305 105 105 306 104 104 307 106 106 308 105 105 309 106 106 310 107 107 311 107 107 312 106 106 313 108 108 314 108 108 315 106 106 316 109 109 317 108 108 318 109 109 319 110 110 320 108 108 321 110 110 322 111 111 323 111 111 324 110 110 325 112 112 326 112 112 327 110 110 328 113 113 329 112 112 330 113 113 331 114 114 332 114 114 333 113 113 334 115 115 335 114 114 336 115 115 337 116 116 338 116 116 339 115 115 340 117 117 341 117 117 342 115 115 343 118 118 344 118 118 345 115 115 346 119 119 347 119 119 348 115 115 349 120 120 350 120 120 351 115 115 352 121 121 353 121 121 354 115 115 355 113 113 356 121 121 357 113 113 358 122 122 359 122 122 360 113 113 361 110 110 362 122 122 363 110 110 364 123 123 365 123 123 366 110 110 367 124 124 368 124 124 369 110 110 370 109 109 371 124 124 372 109 109 373 106 106 374 124 124 375 106 106 376 125 125 377 125 125 378 106 106 379 126 126 380 126 126 381 106 106 382 104 104 383 126 126 384 104 104 385 127 127 386 127 127 387 104 104 388 103 103 389 127 127 390 103 103 391 101 101 392 127 127 393 101 101 394 128 128 395 128 128 396 101 101 397 100 100 398 128 128 399 100 100 400 99 99 401 73 73 402 129 129 403 130 130 404 73 73 405 130 130 406 74 74 407 74 74 408 130 130 409 131 131 410 74 74 411 131 131 412 76 76 413 76 76 414 131 131 415 132 132 416 76 76 417 132 132 418 79 79 419 79 79 420 132 132 421 80 80 422 80 80 423 132 132 424 133 133 425 80 80 426 133 133 427 87 87 428 87 87 429 133 133 430 134 134 431 87 87 432 134 134 433 88 88 434 88 88 435 134 134 436 135 135 437 136 136 438 137 137 439 138 138 440 138 138 441 137 137 442 139 139 443 138 138 444 139 139 445 140 140 446 138 138 447 140 140 448 141 141 449 141 141 450 140 140 451 142 142 452 141 141 453 142 142 454 60 143 455 141 141 456 60 143 457 143 144 458 141 141 459 143 144 460 144 145 461 141 141 462 144 145 463 138 138 464 138 138 465 144 145 466 145 146 467 138 138 468 145 146 469 146 147 470 138 138 471 146 147 472 136 136 473</p>
        </triangles>
        <triangles material="needler_gun-material" count="1392">
          <input semantic="VERTEX" source="#standard_standard-mesh-vertices" offset="0"/>
          <input semantic="NORMAL" source="#standard_standard-mesh-normals" offset="1"/>
          <input semantic="TEXCOORD" source="#standard_standard-mesh-map-0" offset="2" set="0"/>
          <p>147 148 474 148 149 475 149 150 476 149 150 477 148 149 478 150 151 479 150 152 480 151 153 481 152 154 482 152 154 483 151 153 484 153 155 485 152 154 486 153 155 487 154 156 488 154 156 489 153 155 490 155 157 491 154 156 492 155 157 493 156 158 494 156 158 495 155 157 496 157 159 497 156 158 498 157 159 499 158 160 500 160 161 501 159 162 502 161 163 503 160 161 504 161 163 505 162 164 506 164 165 507 163 166 508 165 167 509 164 165 510 165 167 511 166 168 512 166 168 513 165 167 514 167 169 515 166 168 516 167 169 517 168 170 518 168 170 519 167 169 520 169 171 521 170 172 522 171 173 523 172 174 524 172 174 525 171 173 526 173 175 527 172 174 528 173 175 529 174 176 530 174 176 531 173 175 532 175 177 533 175 177 534 173 175 535 166 168 536 175 177 537 166 168 538 176 178 539 176 178 540 166 168 541 168 170 542 176 178 543 168 170 544 177 179 545 179 180 546 178 181 547 180 182 548 179 180 549 180 182 550 181 183 551 183 184 552 182 185 553 184 186 554 183 184 555 184 186 556 185 187 557 185 187 558 184 186 559 186 188 560 185 187 561 186 188 562 187 189 563 187 189 564 186 188 565 188 190 566 189 191 567 190 192 568 191 193 569 191 193 570 190 192 571 192 194 572 191 193 573 192 194 574 193 195 575 193 195 576 192 194 577 194 196 578 194 196 579 192 194 580 185 187 581 194 196 582 185 187 583 195 197 584 195 197 585 185 187 586 187 189 587 195 197 588 187 189 589 196 198 590 185 187 591 192 194 592 197 199 593 185 187 594 197 199 595 183 184 596 183 184 597 197 199 598 198 200 599 198 200 600 197 199 601 199 201 602 198 200 603 199 201 604 200 202 605 200 202 606 199 201 607 190 203 608 200 202 609 201 204 610 198 200 611 198 200 612 201 204 613 202 205 614 198 200 615 202 205 616 203 206 617 203 206 618 202 205 619 204 207 620 182 208 621 203 206 622 205 209 623 205 209 624 203 206 625 204 207 626 205 209 627 204 207 628 206 210 629 208 211 630 207 212 631 209 213 632 208 211 633 209 213 634 210 214 635 210 214 636 209 213 637 211 215 638 210 214 639 211 215 640 212 216 641 212 216 642 211 215 643 213 217 644 214 218 645 215 219 646 216 220 647 216 220 648 215 219 649 217 221 650 216 220 651 217 221 652 218 222 653 218 222 654 217 221 655 219 223 656 218 222 657 219 223 658 220 224 659 222 225 660 221 226 661 223 227 662 222 225 663 223 227 664 224 228 665 224 228 666 223 227 667 225 229 668 224 228 669 225 229 670 226 230 671 227 231 672 214 232 673 228 233 674 227 231 675 228 233 676 229 234 677 229 234 678 228 233 679 230 235 680 230 235 681 228 233 682 231 236 683 230 235 684 231 236 685 232 237 686 232 237 687 231 236 688 233 238 689 233 238 690 231 236 691 220 239 692 234 240 693 235 241 694 236 242 695 236 242 696 235 241 697 237 243 698 236 242 699 237 243 700 238 244 701 238 244 702 237 243 703 239 245 704 240 246 705 241 247 706 242 248 707 242 248 708 241 247 709 243 249 710 242 248 711 243 249 712 244 250 713 244 250 714 243 249 715 245 251 716 244 250 717 245 251 718 246 252 719 246 252 720 245 251 721 247 253 722 246 252 723 247 253 724 248 254 725 248 254 726 247 253 727 249 255 728 250 256 729 251 257 730 252 258 731 252 258 732 251 257 733 253 259 734 252 258 735 253 259 736 254 260 737 254 260 738 253 259 739 255 261 740 254 260 741 255 261 742 256 262 743 256 262 744 255 261 745 257 263 746 256 262 747 257 263 748 258 264 749 258 264 750 257 263 751 259 265 752 260 266 753 261 267 754 255 261 755 255 261 756 261 267 757 262 268 758 262 268 759 261 267 760 263 269 761 262 268 762 263 269 763 264 270 764 262 268 765 264 270 766 259 271 767 266 272 768 265 273 769 267 274 770 266 272 771 267 274 772 268 275 773 268 275 774 267 274 775 269 276 776 268 275 777 269 276 778 270 277 779 270 277 780 269 276 781 271 278 782 270 277 783 271 278 784 272 279 785 272 279 786 271 278 787 273 280 788 272 279 789 273 280 790 274 281 791 274 281 792 273 280 793 275 282 794 274 281 795 275 282 796 276 283 797 274 281 798 276 283 799 277 284 800 277 284 801 276 283 802 278 285 803 277 284 804 278 285 805 279 286 806 279 286 807 278 285 808 280 287 809 279 286 810 280 287 811 281 288 812 281 288 813 280 287 814 282 289 815 281 288 816 282 289 817 283 290 818 283 290 819 282 289 820 284 291 821 285 292 822 286 293 823 287 294 824 287 294 825 286 293 826 288 295 827 287 294 828 288 295 829 289 296 830 289 296 831 288 295 832 290 297 833 289 296 834 290 297 835 291 298 836 291 298 837 290 297 838 292 299 839 291 298 840 292 299 841 293 300 842 293 300 843 292 299 844 294 301 845 293 300 846 294 301 847 295 302 848 293 300 849 295 302 850 296 303 851 296 303 852 295 302 853 297 304 854 296 303 855 297 304 856 298 305 857 298 305 858 297 304 859 299 306 860 298 305 861 299 306 862 300 307 863 300 307 864 299 306 865 207 308 866 300 307 867 207 308 868 301 309 869 303 310 870 302 311 871 304 312 872 303 310 873 304 312 874 305 313 875 305 313 876 304 312 877 306 314 878 305 313 879 306 314 880 307 315 881 305 313 882 307 315 883 308 316 884 308 316 885 307 315 886 309 317 887 308 316 888 309 317 889 310 318 890 310 318 891 309 317 892 311 319 893 310 318 894 311 319 895 312 320 896 312 320 897 311 319 898 313 321 899 310 318 900 314 322 901 308 316 902 308 316 903 314 322 904 315 323 905 308 316 906 315 323 907 305 313 908 305 313 909 315 323 910 303 310 911 316 324 912 317 325 913 318 326 914 318 326 915 317 325 916 319 327 917 318 326 918 319 327 919 320 328 920 320 328 921 319 327 922 321 329 923 321 329 924 319 327 925 322 330 926 321 329 927 322 330 928 323 331 929 323 331 930 322 330 931 324 332 932 323 331 933 324 332 934 325 333 935 325 333 936 324 332 937 326 334 938 325 333 939 326 334 940 327 335 941 319 327 942 317 325 943 328 336 944 319 327 945 328 336 946 322 330 947 322 330 948 328 336 949 329 337 950 322 330 951 329 337 952 324 332 953 330 338 954 249 339 955 331 340 956 330 338 957 331 340 958 332 341 959 332 341 960 331 340 961 333 342 962 333 342 963 331 340 964 245 251 965 333 342 966 245 251 967 334 343 968 334 343 969 245 251 970 335 344 971 334 343 972 335 344 973 336 345 974 336 345 975 335 344 976 337 346 977 336 345 978 337 346 979 338 347 980 335 344 981 245 251 982 243 249 983 335 344 984 243 249 985 337 346 986 337 346 987 243 249 988 241 247 989 339 348 990 340 349 991 341 350 992 341 350 993 340 349 994 342 351 995 341 350 996 342 351 997 343 352 998 341 350 999 343 352 1000 344 353 1001 344 353 1002 343 352 1003 345 354 1004 344 353 1005 345 354 1006 346 355 1007 346 355 1008 345 354 1009 347 356 1010 346 355 1011 347 356 1012 348 357 1013 348 357 1014 347 356 1015 349 358 1016 350 359 1017 351 360 1018 352 361 1019 352 361 1020 351 360 1021 353 362 1022 352 361 1023 353 362 1024 354 363 1025 354 363 1026 353 362 1027 355 364 1028 354 363 1029 355 364 1030 356 365 1031 354 363 1032 356 365 1033 357 366 1034 357 366 1035 356 365 1036 358 367 1037 357 366 1038 358 367 1039 359 368 1040 361 369 1041 360 370 1042 362 371 1043 361 369 1044 362 371 1045 363 372 1046 363 372 1047 362 371 1048 364 373 1049 363 372 1050 364 373 1051 365 374 1052 365 374 1053 364 373 1054 366 375 1055 366 375 1056 364 373 1057 367 376 1058 366 375 1059 367 376 1060 368 377 1061 368 377 1062 367 376 1063 369 378 1064 370 379 1065 371 380 1066 372 381 1067 372 381 1068 371 380 1069 373 382 1070 372 381 1071 373 382 1072 374 383 1073 374 383 1074 373 382 1075 375 384 1076 374 383 1077 375 384 1078 376 385 1079 378 386 1080 377 387 1081 379 388 1082 378 386 1083 379 388 1084 380 389 1085 380 389 1086 379 388 1087 381 390 1088 380 389 1089 381 390 1090 382 391 1091 382 391 1092 381 390 1093 383 392 1094 383 392 1095 381 390 1096 384 393 1097 383 392 1098 384 393 1099 385 394 1100 385 394 1101 384 393 1102 386 395 1103 163 396 1104 387 397 1105 388 398 1106 388 398 1107 387 397 1108 389 399 1109 388 398 1110 389 399 1111 390 400 1112 383 392 1113 385 394 1114 391 401 1115 383 392 1116 391 401 1117 392 402 1118 392 402 1119 391 401 1120 393 403 1121 392 402 1122 393 403 1123 394 404 1124 392 402 1125 394 404 1126 395 405 1127 395 405 1128 394 404 1129 396 406 1130 396 406 1131 394 404 1132 397 407 1133 396 406 1134 397 407 1135 398 408 1136 398 408 1137 397 407 1138 399 409 1139 398 408 1140 399 409 1141 400 410 1142 400 410 1143 399 409 1144 401 411 1145 400 410 1146 401 411 1147 402 412 1148 400 410 1149 402 412 1150 380 389 1151 380 389 1152 402 412 1153 378 386 1154 389 399 1155 387 397 1156 403 413 1157 403 413 1158 387 397 1159 404 414 1160 403 413 1161 404 414 1162 405 415 1163 405 415 1164 404 414 1165 406 416 1166 406 416 1167 404 414 1168 407 417 1169 406 416 1170 407 417 1171 171 418 1172 409 419 1173 408 420 1174 410 421 1175 409 419 1176 410 421 1177 411 422 1178 411 422 1179 410 421 1180 412 423 1181 411 422 1182 412 423 1183 413 424 1184 413 424 1185 412 423 1186 414 425 1187 413 424 1188 414 425 1189 415 426 1190 415 426 1191 414 425 1192 416 427 1193 415 426 1194 416 427 1195 417 428 1196 417 428 1197 416 427 1198 418 429 1199 418 429 1200 416 427 1201 419 430 1202 418 429 1203 419 430 1204 420 431 1205 420 431 1206 419 430 1207 421 432 1208 420 431 1209 421 432 1210 422 433 1211 420 431 1212 422 433 1213 423 434 1214 423 434 1215 422 433 1216 424 435 1217 423 434 1218 425 436 1219 420 431 1220 420 431 1221 425 436 1222 417 428 1223 420 431 1224 417 428 1225 418 429 1226 427 437 1227 426 438 1228 428 439 1229 427 437 1230 428 439 1231 429 440 1232 429 440 1233 428 439 1234 430 441 1235 429 440 1236 430 441 1237 431 442 1238 431 442 1239 430 441 1240 286 443 1241 432 444 1242 433 445 1243 434 446 1244 434 446 1245 433 445 1246 435 447 1247 434 446 1248 435 447 1249 436 448 1250 436 448 1251 435 447 1252 437 449 1253 436 448 1254 437 449 1255 438 450 1256 438 450 1257 437 449 1258 439 451 1259 438 450 1260 439 451 1261 440 452 1262 440 452 1263 439 451 1264 441 453 1265 440 452 1266 441 453 1267 442 454 1268 442 454 1269 441 453 1270 443 455 1271 444 456 1272 445 457 1273 446 458 1274 446 458 1275 445 457 1276 447 459 1277 446 458 1278 447 459 1279 448 460 1280 448 460 1281 447 459 1282 449 461 1283 448 460 1284 449 461 1285 450 462 1286 450 462 1287 449 461 1288 451 463 1289 450 462 1290 451 463 1291 452 464 1292 452 464 1293 451 463 1294 453 465 1295 452 464 1296 453 465 1297 454 466 1298 452 464 1299 454 466 1300 455 467 1301 455 467 1302 454 466 1303 456 468 1304 455 467 1305 456 468 1306 457 469 1307 457 469 1308 456 468 1309 458 470 1310 458 470 1311 456 468 1312 459 471 1313 458 470 1314 459 471 1315 460 472 1316 461 473 1317 459 471 1318 456 468 1319 461 473 1320 456 468 1321 453 465 1322 453 465 1323 456 468 1324 454 466 1325 462 474 1326 463 475 1327 464 476 1328 464 476 1329 463 475 1330 465 477 1331 464 476 1332 465 477 1333 466 478 1334 466 478 1335 465 477 1336 467 479 1337 466 478 1338 467 479 1339 468 480 1340 466 478 1341 468 480 1342 469 481 1343 469 481 1344 468 480 1345 470 482 1346 469 481 1347 470 482 1348 471 483 1349 473 484 1350 472 485 1351 474 486 1352 473 484 1353 474 486 1354 475 487 1355 475 487 1356 474 486 1357 476 488 1358 476 488 1359 474 486 1360 477 489 1361 476 488 1362 477 489 1363 478 490 1364 478 490 1365 477 489 1366 479 491 1367 480 492 1368 481 493 1369 482 494 1370 482 494 1371 481 493 1372 483 495 1373 482 494 1374 483 495 1375 484 496 1376 484 496 1377 483 495 1378 485 497 1379 484 496 1380 485 497 1381 486 498 1382 484 496 1383 486 498 1384 487 499 1385 488 500 1386 480 501 1387 489 502 1388 488 500 1389 489 502 1390 490 503 1391 490 503 1392 489 502 1393 491 504 1394 491 504 1395 489 502 1396 492 505 1397 491 504 1398 492 505 1399 493 506 1400 493 506 1401 492 505 1402 487 507 1403 494 508 1404 495 509 1405 496 510 1406 496 510 1407 495 509 1408 497 511 1409 496 510 1410 497 511 1411 498 512 1412 498 512 1413 497 511 1414 499 513 1415 498 512 1416 499 513 1417 500 514 1418 498 512 1419 500 514 1420 501 515 1421 503 516 1422 502 517 1423 504 518 1424 503 516 1425 504 518 1426 505 519 1427 505 519 1428 504 518 1429 506 520 1430 506 520 1431 504 518 1432 507 521 1433 506 520 1434 507 521 1435 508 522 1436 508 522 1437 507 521 1438 509 523 1439 510 524 1440 511 525 1441 512 526 1442 512 526 1443 511 525 1444 513 527 1445 512 526 1446 513 527 1447 514 528 1448 514 528 1449 513 527 1450 515 529 1451 514 528 1452 515 529 1453 516 530 1454 514 528 1455 516 530 1456 517 531 1457 519 532 1458 518 533 1459 520 534 1460 519 532 1461 520 534 1462 521 535 1463 521 535 1464 520 534 1465 522 536 1466 522 536 1467 520 534 1468 523 537 1469 522 536 1470 523 537 1471 524 538 1472 524 538 1473 523 537 1474 525 539 1475 518 540 1476 526 541 1477 527 542 1478 527 542 1479 526 541 1480 528 543 1481 527 542 1482 528 543 1483 529 544 1484 529 544 1485 528 543 1486 530 545 1487 529 544 1488 530 545 1489 531 546 1490 529 544 1491 531 546 1492 525 547 1493 532 548 1494 479 549 1495 533 550 1496 532 548 1497 533 550 1498 534 551 1499 534 551 1500 533 550 1501 535 552 1502 535 552 1503 533 550 1504 536 553 1505 535 552 1506 536 553 1507 537 554 1508 537 554 1509 536 553 1510 472 555 1511 538 556 1512 539 557 1513 540 558 1514 540 558 1515 539 557 1516 541 559 1517 540 558 1518 541 559 1519 542 560 1520 542 560 1521 541 559 1522 543 561 1523 542 560 1524 543 561 1525 544 562 1526 542 560 1527 544 562 1528 545 563 1529 547 564 1530 546 565 1531 548 566 1532 547 564 1533 548 566 1534 549 567 1535 549 567 1536 548 566 1537 550 568 1538 550 568 1539 548 566 1540 551 569 1541 550 568 1542 551 569 1543 552 570 1544 552 570 1545 551 569 1546 553 571 1547 554 572 1548 555 573 1549 556 574 1550 556 574 1551 555 573 1552 557 575 1553 556 574 1554 557 575 1555 558 576 1556 558 576 1557 557 575 1558 559 577 1559 558 576 1560 559 577 1561 560 578 1562 558 576 1563 560 578 1564 561 579 1565 562 580 1566 553 581 1567 563 582 1568 562 580 1569 563 582 1570 564 583 1571 564 583 1572 563 582 1573 565 584 1574 565 584 1575 563 582 1576 566 585 1577 565 584 1578 566 585 1579 567 586 1580 567 586 1581 566 585 1582 546 587 1583 568 588 1584 569 589 1585 570 590 1586 570 590 1587 569 589 1588 571 591 1589 570 590 1590 571 591 1591 572 592 1592 572 592 1593 571 591 1594 573 593 1595 572 592 1596 573 593 1597 574 594 1598 572 592 1599 574 594 1600 575 595 1601 577 596 1602 576 597 1603 578 598 1604 577 596 1605 578 598 1606 579 599 1607 579 599 1608 578 598 1609 580 600 1610 579 599 1611 580 600 1612 581 601 1613 581 601 1614 580 600 1615 582 602 1616 581 601 1617 582 602 1618 583 603 1619 583 603 1620 582 602 1621 584 604 1622 583 603 1623 584 604 1624 585 605 1625 585 605 1626 584 604 1627 586 606 1628 586 606 1629 584 604 1630 587 607 1631 586 606 1632 587 607 1633 588 608 1634 586 606 1635 588 608 1636 589 609 1637 589 609 1638 588 608 1639 590 610 1640 591 611 1641 592 612 1642 593 613 1643 593 613 1644 592 612 1645 594 614 1646 593 613 1647 594 614 1648 595 615 1649 595 615 1650 594 614 1651 596 616 1652 595 615 1653 596 616 1654 597 617 1655 597 617 1656 596 616 1657 598 618 1658 597 617 1659 598 618 1660 599 619 1661 599 619 1662 598 618 1663 600 620 1664 599 619 1665 600 620 1666 601 621 1667 599 619 1668 601 621 1669 602 622 1670 602 622 1671 601 621 1672 603 623 1673 603 623 1674 601 621 1675 604 624 1676 603 623 1677 604 624 1678 605 625 1679 607 626 1680 606 627 1681 608 628 1682 607 626 1683 608 628 1684 609 629 1685 609 629 1686 608 628 1687 610 630 1688 609 629 1689 610 630 1690 611 631 1691 609 629 1692 611 631 1693 612 632 1694 612 632 1695 611 631 1696 613 633 1697 613 633 1698 611 631 1699 614 634 1700 613 633 1701 614 634 1702 615 635 1703 615 635 1704 614 634 1705 616 636 1706 615 635 1707 616 636 1708 617 637 1709 617 637 1710 616 636 1711 618 638 1712 617 637 1713 618 638 1714 619 639 1715 619 639 1716 618 638 1717 620 640 1718 621 641 1719 622 642 1720 623 643 1721 623 643 1722 622 642 1723 624 644 1724 623 643 1725 624 644 1726 625 645 1727 625 645 1728 624 644 1729 626 646 1730 626 646 1731 624 644 1732 627 647 1733 626 646 1734 627 647 1735 628 648 1736 626 646 1737 628 648 1738 629 649 1739 629 649 1740 628 648 1741 630 650 1742 629 649 1743 630 650 1744 631 651 1745 631 651 1746 630 650 1747 632 652 1748 631 651 1749 632 652 1750 633 653 1751 633 653 1752 632 652 1753 634 654 1754 633 653 1755 634 654 1756 635 655 1757 637 656 1758 636 657 1759 638 658 1760 637 656 1761 638 658 1762 639 659 1763 639 659 1764 638 658 1765 640 660 1766 639 659 1767 640 660 1768 641 661 1769 641 661 1770 640 660 1771 642 662 1772 642 662 1773 640 660 1774 643 663 1775 642 662 1776 643 663 1777 644 664 1778 644 664 1779 643 663 1780 645 665 1781 644 664 1782 645 665 1783 646 666 1784 646 666 1785 645 665 1786 647 667 1787 646 666 1788 647 667 1789 648 668 1790 646 666 1791 648 668 1792 649 669 1793 649 669 1794 648 668 1795 650 670 1796 649 669 1797 650 670 1798 651 671 1799 651 671 1800 650 670 1801 652 672 1802 651 671 1803 652 672 1804 653 673 1805 653 673 1806 652 672 1807 654 674 1808 654 674 1809 652 672 1810 655 675 1811 654 674 1812 655 675 1813 656 676 1814 656 676 1815 655 675 1816 657 677 1817 656 676 1818 658 678 1819 654 674 1820 654 674 1821 658 678 1822 659 679 1823 654 674 1824 659 679 1825 653 673 1826 653 673 1827 659 679 1828 660 680 1829 653 673 1830 660 680 1831 651 671 1832 651 671 1833 660 680 1834 661 681 1835 651 671 1836 661 681 1837 649 669 1838 649 669 1839 661 681 1840 662 682 1841 649 669 1842 662 682 1843 646 666 1844 646 666 1845 662 682 1846 663 683 1847 646 666 1848 663 683 1849 664 684 1850 646 666 1851 664 684 1852 644 664 1853 644 664 1854 664 684 1855 665 685 1856 644 664 1857 665 685 1858 642 662 1859 642 662 1860 665 685 1861 666 686 1862 642 662 1863 666 686 1864 641 661 1865 641 661 1866 666 686 1867 667 687 1868 641 661 1869 667 687 1870 639 659 1871 639 659 1872 667 687 1873 668 688 1874 639 659 1875 668 688 1876 637 656 1877 669 689 1878 668 688 1879 667 687 1880 669 689 1881 667 687 1882 670 690 1883 670 690 1884 667 687 1885 666 686 1886 670 690 1887 666 686 1888 671 691 1889 671 691 1890 666 686 1891 665 685 1892 671 691 1893 665 685 1894 672 692 1895 672 692 1896 665 685 1897 664 684 1898 672 692 1899 664 684 1900 673 693 1901 673 693 1902 664 684 1903 663 683 1904 673 693 1905 663 683 1906 674 694 1907 674 694 1908 663 683 1909 675 695 1910 675 695 1911 663 683 1912 662 682 1913 675 695 1914 662 682 1915 676 696 1916 676 696 1917 662 682 1918 661 681 1919 676 696 1920 661 681 1921 677 697 1922 677 697 1923 661 681 1924 660 680 1925 677 697 1926 660 680 1927 678 698 1928 678 698 1929 660 680 1930 659 679 1931 678 698 1932 659 679 1933 679 699 1934 679 699 1935 659 679 1936 658 678 1937 680 700 1938 681 701 1939 682 702 1940 682 702 1941 681 701 1942 683 703 1943 682 702 1944 683 703 1945 684 704 1946 684 704 1947 683 703 1948 685 705 1949 685 705 1950 683 703 1951 686 706 1952 687 707 1953 688 708 1954 689 709 1955 689 709 1956 688 708 1957 690 710 1958 689 709 1959 690 710 1960 691 711 1961 691 711 1962 690 710 1963 692 712 1964 692 712 1965 690 710 1966 693 713 1967 694 714 1968 695 715 1969 696 716 1970 696 716 1971 695 715 1972 697 717 1973 696 716 1974 697 717 1975 698 718 1976 698 718 1977 697 717 1978 699 719 1979 698 718 1980 699 719 1981 700 720 1982 700 720 1983 699 719 1984 701 721 1985 701 721 1986 699 719 1987 702 722 1988 701 721 1989 702 722 1990 703 723 1991 703 723 1992 702 722 1993 704 724 1994 703 723 1995 704 724 1996 705 725 1997 705 725 1998 704 724 1999 706 726 2000 705 725 2001 706 726 2002 707 727 2003 707 727 2004 706 726 2005 708 728 2006 708 728 2007 706 726 2008 709 729 2009 708 728 2010 709 729 2011 710 730 2012 710 730 2013 709 729 2014 711 731 2015 711 731 2016 709 729 2017 712 732 2018 711 731 2019 712 732 2020 713 733 2021 713 733 2022 712 732 2023 714 734 2024 714 734 2025 712 732 2026 715 735 2027 714 734 2028 715 735 2029 716 736 2030 716 736 2031 715 735 2032 717 737 2033 716 736 2034 717 737 2035 718 738 2036 718 738 2037 717 737 2038 719 739 2039 718 738 2040 719 739 2041 720 740 2042 720 740 2043 719 739 2044 721 741 2045 721 741 2046 719 739 2047 722 742 2048 721 741 2049 722 742 2050 723 743 2051 723 743 2052 722 742 2053 724 744 2054 723 743 2055 724 744 2056 725 745 2057 697 717 2058 669 689 2059 670 690 2060 697 717 2061 670 690 2062 699 719 2063 699 719 2064 670 690 2065 671 691 2066 699 719 2067 671 691 2068 702 722 2069 702 722 2070 671 691 2071 672 692 2072 702 722 2073 672 692 2074 704 724 2075 704 724 2076 672 692 2077 673 693 2078 704 724 2079 673 693 2080 706 726 2081 706 726 2082 673 693 2083 674 694 2084 706 726 2085 674 694 2086 709 729 2087 709 729 2088 674 694 2089 712 732 2090 712 732 2091 674 694 2092 675 695 2093 712 732 2094 675 695 2095 715 735 2096 715 735 2097 675 695 2098 676 696 2099 715 735 2100 676 696 2101 717 737 2102 717 737 2103 676 696 2104 677 697 2105 717 737 2106 677 697 2107 719 739 2108 719 739 2109 677 697 2110 678 698 2111 719 739 2112 678 698 2113 722 742 2114 722 742 2115 678 698 2116 679 699 2117 407 417 2118 404 414 2119 726 746 2120 726 746 2121 404 414 2122 164 165 2123 726 746 2124 164 165 2125 166 168 2126 726 746 2127 166 168 2128 173 175 2129 728 747 2130 727 748 2131 729 749 2132 728 747 2133 729 749 2134 730 750 2135 730 750 2136 729 749 2137 731 751 2138 731 751 2139 729 749 2140 732 752 2141 731 751 2142 732 752 2143 733 753 2144 688 708 2145 734 754 2146 735 755 2147 688 708 2148 735 755 2149 690 710 2150 690 710 2151 735 755 2152 736 756 2153 690 710 2154 736 756 2155 737 757 2156 690 710 2157 737 757 2158 738 758 2159 681 701 2160 739 759 2161 740 760 2162 681 701 2163 740 760 2164 683 703 2165 683 703 2166 740 760 2167 741 761 2168 683 703 2169 741 761 2170 742 762 2171 683 703 2172 742 762 2173 743 763 2174 744 764 2175 239 765 2176 745 766 2177 744 764 2178 745 766 2179 746 767 2180 746 767 2181 745 766 2182 747 768 2183 747 768 2184 745 766 2185 235 769 2186 238 770 2187 748 771 2188 749 772 2189 749 772 2190 748 771 2191 750 773 2192 749 772 2193 750 773 2194 751 774 2195 749 772 2196 751 774 2197 234 775 2198 371 776 2199 752 777 2200 753 778 2201 371 776 2202 753 778 2203 754 779 2204 754 779 2205 753 778 2206 755 780 2207 754 779 2208 755 780 2209 756 781 2210 756 781 2211 755 780 2212 757 782 2213 756 781 2214 757 782 2215 758 783 2216 756 781 2217 758 783 2218 759 784 2219 759 784 2220 758 783 2221 760 785 2222 759 784 2223 760 785 2224 761 786 2225 759 784 2226 761 786 2227 762 787 2228 762 787 2229 761 786 2230 763 788 2231 762 787 2232 763 788 2233 764 789 2234 762 787 2235 764 789 2236 765 790 2237 765 790 2238 764 789 2239 766 791 2240 765 790 2241 766 791 2242 767 792 2243 768 793 2244 759 784 2245 762 787 2246 768 793 2247 762 787 2248 769 794 2249 769 794 2250 762 787 2251 765 790 2252 769 794 2253 765 790 2254 770 795 2255 770 795 2256 765 790 2257 225 796 2258 770 795 2259 225 796 2260 771 797 2261 771 797 2262 225 796 2263 772 798 2264 771 797 2265 772 798 2266 773 799 2267 773 799 2268 772 798 2269 774 800 2270 773 799 2271 774 800 2272 775 801 2273 777 802 2274 776 803 2275 778 804 2276 777 802 2277 778 804 2278 779 805 2279 779 805 2280 778 804 2281 780 806 2282 779 805 2283 780 806 2284 767 807 2285 767 807 2286 780 806 2287 781 808 2288 767 807 2289 781 808 2290 772 809 2291 772 809 2292 781 808 2293 782 810 2294 772 809 2295 782 810 2296 783 811 2297 783 811 2298 782 810 2299 784 812 2300 785 813 2301 786 814 2302 787 815 2303 787 815 2304 786 814 2305 788 816 2306 787 815 2307 788 816 2308 789 817 2309 789 817 2310 788 816 2311 790 818 2312 790 818 2313 788 816 2314 791 819 2315 790 818 2316 791 819 2317 792 820 2318 790 818 2319 792 820 2320 793 821 2321 793 821 2322 792 820 2323 794 822 2324 793 821 2325 794 822 2326 795 823 2327 795 823 2328 794 822 2329 796 824 2330 795 823 2331 796 824 2332 797 825 2333 797 825 2334 796 824 2335 798 826 2336 798 826 2337 796 824 2338 799 827 2339 798 826 2340 799 827 2341 800 828 2342 785 813 2343 801 829 2344 802 830 2345 785 813 2346 802 830 2347 786 814 2348 786 814 2349 802 830 2350 803 831 2351 786 814 2352 803 831 2353 804 832 2354 804 832 2355 803 831 2356 799 827 2357 799 827 2358 803 831 2359 805 833 2360 799 827 2361 805 833 2362 800 828 2363 800 828 2364 805 833 2365 806 834 2366 786 814 2367 804 832 2368 788 816 2369 788 816 2370 804 832 2371 807 835 2372 788 816 2373 807 835 2374 791 819 2375 791 819 2376 807 835 2377 792 820 2378 792 820 2379 807 835 2380 794 822 2381 794 822 2382 807 835 2383 796 824 2384 796 824 2385 807 835 2386 804 832 2387 796 824 2388 804 832 2389 799 827 2390 809 836 2391 808 837 2392 810 838 2393 809 836 2394 810 838 2395 811 839 2396 811 839 2397 810 838 2398 812 840 2399 811 839 2400 812 840 2401 813 841 2402 811 839 2403 813 841 2404 814 842 2405 811 839 2406 814 842 2407 815 843 2408 816 844 2409 808 845 2410 817 846 2411 816 844 2412 817 846 2413 818 847 2414 818 847 2415 817 846 2416 819 848 2417 819 848 2418 817 846 2419 820 849 2420 820 849 2421 817 846 2422 821 850 2423 820 849 2424 821 850 2425 815 851 2426 822 852 2427 510 853 2428 823 854 2429 822 852 2430 823 854 2431 824 855 2432 824 855 2433 823 854 2434 825 856 2435 825 856 2436 823 854 2437 826 857 2438 826 857 2439 823 854 2440 827 858 2441 826 857 2442 827 858 2443 517 859 2444 828 860 2445 502 861 2446 829 862 2447 828 860 2448 829 862 2449 830 863 2450 830 863 2451 829 862 2452 831 864 2453 830 863 2454 831 864 2455 832 865 2456 830 863 2457 832 865 2458 833 866 2459 830 863 2460 833 866 2461 509 867 2462 835 868 2463 834 869 2464 836 870 2465 835 868 2466 836 870 2467 837 871 2468 837 871 2469 836 870 2470 838 872 2471 838 872 2472 836 870 2473 839 873 2474 839 873 2475 836 870 2476 840 874 2477 839 873 2478 840 874 2479 841 875 2480 842 876 2481 841 877 2482 843 878 2483 842 876 2484 843 878 2485 844 879 2486 844 879 2487 843 878 2488 845 880 2489 845 880 2490 843 878 2491 846 881 2492 846 881 2493 843 878 2494 847 882 2495 846 881 2496 847 882 2497 834 883 2498 848 884 2499 538 885 2500 849 886 2501 848 884 2502 849 886 2503 850 887 2504 850 887 2505 849 886 2506 851 888 2507 851 888 2508 849 886 2509 852 889 2510 852 889 2511 849 886 2512 853 890 2513 852 889 2514 853 890 2515 545 891 2516 854 892 2517 494 893 2518 855 894 2519 854 892 2520 855 894 2521 856 895 2522 856 895 2523 855 894 2524 857 896 2525 857 896 2526 855 894 2527 858 897 2528 858 897 2529 855 894 2530 859 898 2531 858 897 2532 859 898 2533 501 899 2534 860 900 2535 554 901 2536 861 902 2537 860 900 2538 861 902 2539 862 903 2540 862 903 2541 861 902 2542 863 904 2543 863 904 2544 861 902 2545 864 905 2546 864 905 2547 861 902 2548 865 906 2549 864 905 2550 865 906 2551 561 907 2552 867 908 2553 866 909 2554 868 910 2555 867 908 2556 868 910 2557 869 911 2558 869 911 2559 868 910 2560 870 912 2561 870 912 2562 868 910 2563 871 913 2564 871 913 2565 868 910 2566 872 914 2567 871 913 2568 872 914 2569 873 915 2570 874 916 2571 873 917 2572 875 918 2573 874 916 2574 875 918 2575 876 919 2576 876 919 2577 875 918 2578 877 920 2579 877 920 2580 875 918 2581 878 921 2582 878 921 2583 875 918 2584 879 922 2585 878 921 2586 879 922 2587 866 923 2588 880 924 2589 568 925 2590 881 926 2591 880 924 2592 881 926 2593 882 927 2594 882 927 2595 881 926 2596 883 928 2597 883 928 2598 881 926 2599 884 929 2600 884 929 2601 881 926 2602 885 930 2603 884 929 2604 885 930 2605 575 931 2606 887 932 2607 886 933 2608 888 934 2609 887 932 2610 888 934 2611 889 935 2612 889 935 2613 888 934 2614 890 936 2615 889 935 2616 890 936 2617 891 937 2618 889 935 2619 891 937 2620 892 938 2621 892 938 2622 891 937 2623 893 939 2624 892 938 2625 893 939 2626 894 940 2627 894 940 2628 893 939 2629 895 941 2630 894 940 2631 895 941 2632 896 942 2633 894 940 2634 896 942 2635 897 943 2636 897 943 2637 896 942 2638 898 944 2639 897 943 2640 898 944 2641 899 945 2642 897 943 2643 899 945 2644 900 946 2645 897 943 2646 900 946 2647 901 947 2648 897 943 2649 901 947 2650 902 948 2651 897 943 2652 902 948 2653 894 940 2654 894 940 2655 902 948 2656 903 949 2657 894 940 2658 903 949 2659 892 938 2660 892 938 2661 903 949 2662 904 950 2663 892 938 2664 904 950 2665 889 935 2666 889 935 2667 904 950 2668 887 932 2669 905 951 2670 906 952 2671 907 953 2672 907 953 2673 906 952 2674 908 954 2675 907 953 2676 908 954 2677 909 955 2678 909 955 2679 908 954 2680 910 956 2681 910 956 2682 908 954 2683 911 957 2684 910 956 2685 911 957 2686 912 958 2687 912 958 2688 911 957 2689 913 959 2690 912 958 2691 913 959 2692 914 960 2693 914 960 2694 913 959 2695 915 961 2696 915 961 2697 913 959 2698 916 962 2699 915 961 2700 916 962 2701 917 963 2702 917 963 2703 916 962 2704 918 964 2705 918 964 2706 916 962 2707 919 965 2708 919 965 2709 916 962 2710 920 966 2711 920 966 2712 916 962 2713 921 967 2714 921 967 2715 916 962 2716 913 959 2717 921 967 2718 913 959 2719 922 968 2720 922 968 2721 913 959 2722 911 957 2723 922 968 2724 911 957 2725 923 969 2726 923 969 2727 911 957 2728 908 954 2729 923 969 2730 908 954 2731 906 952 2732 925 970 2733 924 971 2734 926 972 2735 925 970 2736 926 972 2737 927 973 2738 927 973 2739 926 972 2740 928 974 2741 927 973 2742 928 974 2743 929 975 2744 927 973 2745 929 975 2746 930 976 2747 930 976 2748 929 975 2749 931 977 2750 930 976 2751 931 977 2752 932 978 2753 932 978 2754 931 977 2755 933 979 2756 932 978 2757 933 979 2758 934 980 2759 932 978 2760 934 980 2761 935 981 2762 935 981 2763 934 980 2764 936 982 2765 935 981 2766 936 982 2767 937 983 2768 935 981 2769 937 983 2770 938 984 2771 935 981 2772 938 984 2773 939 985 2774 935 981 2775 939 985 2776 940 986 2777 935 981 2778 940 986 2779 932 978 2780 932 978 2781 940 986 2782 941 987 2783 932 978 2784 941 987 2785 930 976 2786 930 976 2787 941 987 2788 942 988 2789 930 976 2790 942 988 2791 927 973 2792 927 973 2793 942 988 2794 925 970 2795 943 989 2796 944 990 2797 945 991 2798 945 991 2799 944 990 2800 946 992 2801 945 991 2802 946 992 2803 947 993 2804 947 993 2805 946 992 2806 948 994 2807 948 994 2808 946 992 2809 949 995 2810 948 994 2811 949 995 2812 950 996 2813 950 996 2814 949 995 2815 951 997 2816 950 996 2817 951 997 2818 952 998 2819 952 998 2820 951 997 2821 953 999 2822 953 999 2823 951 997 2824 954 1000 2825 953 999 2826 954 1000 2827 955 1001 2828 955 1001 2829 954 1000 2830 956 1002 2831 956 1002 2832 954 1000 2833 957 1003 2834 957 1003 2835 954 1000 2836 958 1004 2837 958 1004 2838 954 1000 2839 959 1005 2840 959 1005 2841 954 1000 2842 951 997 2843 959 1005 2844 951 997 2845 960 1006 2846 960 1006 2847 951 997 2848 949 995 2849 960 1006 2850 949 995 2851 961 1007 2852 961 1007 2853 949 995 2854 946 992 2855 961 1007 2856 946 992 2857 944 990 2858 382 391 2859 383 392 2860 392 402 2861 382 391 2862 392 402 2863 962 1008 2864 962 1008 2865 392 402 2866 395 405 2867 962 1008 2868 395 405 2869 396 406 2870 962 1008 2871 396 406 2872 398 408 2873 962 1008 2874 398 408 2875 400 410 2876 962 1008 2877 400 410 2878 382 391 2879 382 391 2880 400 410 2881 380 389 2882 956 1002 2883 963 1009 2884 955 1001 2885 955 1001 2886 963 1009 2887 964 1010 2888 955 1001 2889 964 1010 2890 965 1011 2891 955 1001 2892 965 1011 2893 966 1012 2894 955 1001 2895 966 1012 2896 967 1013 2897 967 1013 2898 966 1012 2899 968 1014 2900 967 1013 2901 968 1014 2902 969 1015 2903 967 1013 2904 969 1015 2905 955 1001 2906 955 1001 2907 969 1015 2908 970 1016 2909 970 1016 2910 969 1015 2911 971 1017 2912 970 1016 2913 971 1017 2914 972 1018 2915 970 1016 2916 972 1018 2917 936 982 2918 936 982 2919 972 1018 2920 973 1019 2921 973 1019 2922 972 1018 2923 974 1020 2924 973 1019 2925 974 1020 2926 975 1021 2927 973 1019 2928 975 1021 2929 936 982 2930 936 982 2931 975 1021 2932 976 1022 2933 936 982 2934 976 1022 2935 977 1023 2936 936 982 2937 977 1023 2938 978 1024 2939 936 982 2940 978 1024 2941 937 983 2942 980 1025 2943 979 1026 2944 981 1027 2945 980 1025 2946 981 1027 2947 982 1028 2948 982 1028 2949 981 1027 2950 983 1029 2951 982 1028 2952 983 1029 2953 752 1030 2954 982 1028 2955 752 1030 2956 437 1031 2957 982 1028 2958 437 1031 2959 984 1032 2960 982 1028 2961 984 1032 2962 980 1025 2963 986 1033 2964 985 1034 2965 987 1035 2966 986 1033 2967 987 1035 2968 988 1036 2969 988 1036 2970 987 1035 2971 989 1037 2972 988 1036 2973 989 1037 2974 990 1038 2975 988 1036 2976 990 1038 2977 991 1039 2978 991 1039 2979 990 1038 2980 992 1040 2981 991 1039 2982 992 1040 2983 993 1041 2984 993 1041 2985 992 1040 2986 994 1042 2987 993 1041 2988 994 1042 2989 995 1043 2990 995 1043 2991 994 1042 2992 996 1044 2993 995 1043 2994 996 1044 2995 997 1045 2996 995 1043 2997 997 1045 2998 998 1046 2999 998 1046 3000 997 1045 3001 999 1047 3002 998 1046 3003 999 1047 3004 1000 1048 3005 1000 1048 3006 999 1047 3007 1001 1049 3008 1000 1048 3009 1001 1049 3010 1002 1050 3011 1000 1048 3012 1002 1050 3013 1003 1051 3014 1003 1051 3015 1002 1050 3016 1004 1052 3017 1003 1051 3018 1004 1052 3019 1005 1053 3020 1005 1053 3021 1004 1052 3022 1006 1054 3023 1005 1053 3024 1006 1054 3025 1007 1055 3026 1007 1055 3027 1006 1054 3028 1008 1056 3029 1008 1056 3030 1006 1054 3031 1009 1057 3032 1009 1057 3033 1006 1054 3034 1010 1058 3035 1010 1058 3036 1006 1054 3037 1011 1059 3038 1011 1059 3039 1006 1054 3040 1004 1052 3041 1011 1059 3042 1004 1052 3043 1002 1050 3044 1011 1059 3045 1002 1050 3046 1012 1060 3047 1012 1060 3048 1002 1050 3049 1001 1049 3050 1012 1060 3051 1001 1049 3052 1013 1061 3053 1013 1061 3054 1001 1049 3055 1014 1062 3056 1014 1062 3057 1001 1049 3058 999 1047 3059 1014 1062 3060 999 1047 3061 997 1045 3062 1014 1062 3063 997 1045 3064 1015 1063 3065 1015 1063 3066 997 1045 3067 996 1044 3068 1015 1063 3069 996 1044 3070 1016 1064 3071 1016 1064 3072 996 1044 3073 1017 1065 3074 1017 1065 3075 996 1044 3076 994 1042 3077 1017 1065 3078 994 1042 3079 992 1040 3080 1017 1065 3081 992 1040 3082 990 1038 3083 1017 1065 3084 990 1038 3085 1018 1066 3086 1017 1065 3087 1018 1066 3088 1016 1064 3089 1016 1064 3090 1018 1066 3091 1019 1067 3092 1016 1064 3093 1019 1067 3094 1020 1068 3095 1020 1068 3096 1019 1067 3097 1021 1069 3098 1021 1069 3099 1019 1067 3100 1022 1070 3101 1022 1070 3102 1019 1067 3103 1023 1071 3104 1023 1071 3105 1019 1067 3106 1024 1072 3107 1023 1071 3108 1024 1072 3109 1025 1073 3110 1025 1073 3111 1024 1072 3112 1026 1074 3113 1026 1074 3114 1024 1072 3115 1027 1075 3116 1027 1075 3117 1024 1072 3118 1028 1076 3119 1028 1076 3120 1024 1072 3121 1029 1077 3122 1028 1076 3123 1029 1077 3124 1030 1078 3125 1030 1078 3126 1029 1077 3127 1031 1079 3128 1030 1078 3129 1031 1079 3130 989 1037 3131 989 1037 3132 1031 1079 3133 990 1038 3134 990 1038 3135 1031 1079 3136 1029 1077 3137 990 1038 3138 1029 1077 3139 1018 1066 3140 1018 1066 3141 1029 1077 3142 1024 1072 3143 1018 1066 3144 1024 1072 3145 1019 1067 3146 1021 1069 3147 1022 1070 3148 1032 1080 3149 1021 1069 3150 1032 1080 3151 1033 1081 3152 1033 1081 3153 1032 1080 3154 1034 1082 3155 1033 1081 3156 1034 1082 3157 1035 1083 3158 1035 1083 3159 1034 1082 3160 1036 1084 3161 1035 1083 3162 1036 1084 3163 1037 1085 3164 1037 1085 3165 1036 1084 3166 1038 1086 3167 1037 1085 3168 1038 1086 3169 1039 1087 3170 1039 1087 3171 1038 1086 3172 1040 1088 3173 1039 1087 3174 1040 1088 3175 1041 1089 3176 1041 1089 3177 1040 1088 3178 1042 1090 3179 1041 1089 3180 1042 1090 3181 1026 1074 3182 1041 1089 3183 1026 1074 3184 1043 1091 3185 1043 1091 3186 1026 1074 3187 1027 1075 3188 1010 1058 3189 1011 1059 3190 1044 1092 3191 1044 1092 3192 1011 1059 3193 1012 1060 3194 1044 1092 3195 1012 1060 3196 1045 1093 3197 1045 1093 3198 1012 1060 3199 1013 1061 3200 1045 1093 3201 1013 1061 3202 1046 1094 3203 1045 1093 3204 1046 1094 3205 1047 1095 3206 1045 1093 3207 1047 1095 3208 1048 1096 3209 1045 1093 3210 1048 1096 3211 1049 1097 3212 1045 1093 3213 1049 1097 3214 1050 1098 3215 1050 1098 3216 1049 1097 3217 1051 1099 3218 1050 1098 3219 1051 1099 3220 1052 1100 3221 1050 1098 3222 1052 1100 3223 1053 1101 3224 1053 1101 3225 1052 1100 3226 1054 1102 3227 1053 1101 3228 1054 1102 3229 1055 1103 3230 1055 1103 3231 1054 1102 3232 1056 1104 3233 1055 1103 3234 1056 1104 3235 1057 1105 3236 1057 1105 3237 1056 1104 3238 1058 1106 3239 1057 1105 3240 1058 1106 3241 1059 1107 3242 1057 1105 3243 1059 1107 3244 1060 1108 3245 1060 1108 3246 1059 1107 3247 1061 1109 3248 1060 1108 3249 1061 1109 3250 1062 1110 3251 1062 1110 3252 1061 1109 3253 1063 1111 3254 1062 1110 3255 1063 1111 3256 1064 1112 3257 1064 1112 3258 1063 1111 3259 1065 1113 3260 1064 1112 3261 1065 1113 3262 1066 1114 3263 1064 1112 3264 1066 1114 3265 1067 1115 3266 1067 1115 3267 1066 1114 3268 1068 1116 3269 1067 1115 3270 1068 1116 3271 1069 1117 3272 1069 1117 3273 1068 1116 3274 1070 1118 3275 1069 1117 3276 1070 1118 3277 1071 1119 3278 1071 1119 3279 1070 1118 3280 1072 1120 3281 1071 1119 3282 1072 1120 3283 1073 1121 3284 1071 1119 3285 1073 1121 3286 1074 1122 3287 1074 1122 3288 1073 1121 3289 1075 1123 3290 1074 1122 3291 1075 1123 3292 1076 1124 3293 1076 1124 3294 1075 1123 3295 1077 1125 3296 1076 1124 3297 1077 1125 3298 1078 1126 3299 1078 1126 3300 1077 1125 3301 1079 1127 3302 1078 1126 3303 1079 1127 3304 1080 1128 3305 1078 1126 3306 1080 1128 3307 1081 1129 3308 1081 1129 3309 1080 1128 3310 1082 1130 3311 1081 1129 3312 1082 1130 3313 1083 1131 3314 1081 1129 3315 1083 1131 3316 1084 1132 3317 1081 1129 3318 1084 1132 3319 1085 1133 3320 1085 1133 3321 1084 1132 3322 1086 1134 3323 1086 1134 3324 1084 1132 3325 1087 1135 3326 1086 1134 3327 1087 1135 3328 1088 1136 3329 1086 1134 3330 1088 1136 3331 1089 1137 3332 1089 1137 3333 1088 1136 3334 1090 1138 3335 1089 1137 3336 1090 1138 3337 1091 1139 3338 1091 1139 3339 1090 1138 3340 1092 1140 3341 1091 1139 3342 1092 1140 3343 1093 1141 3344 1093 1141 3345 1092 1140 3346 1094 1142 3347 1093 1141 3348 1094 1142 3349 1095 1143 3350 1093 1141 3351 1095 1143 3352 1096 1144 3353 1096 1144 3354 1095 1143 3355 1097 1145 3356 1096 1144 3357 1097 1145 3358 1098 1146 3359 1098 1146 3360 1097 1145 3361 1082 1130 3362 1098 1146 3363 1082 1130 3364 1080 1128 3365 1098 1146 3366 1080 1128 3367 1099 1147 3368 1098 1146 3369 1099 1147 3370 1096 1144 3371 1096 1144 3372 1099 1147 3373 1100 1148 3374 1096 1144 3375 1100 1148 3376 1101 1149 3377 1096 1144 3378 1101 1149 3379 1102 1150 3380 1096 1144 3381 1102 1150 3382 1103 1151 3383 1096 1144 3384 1103 1151 3385 1093 1141 3386 1093 1141 3387 1103 1151 3388 1104 1152 3389 1093 1141 3390 1104 1152 3391 1105 1153 3392 1105 1153 3393 1104 1152 3394 1106 1154 3395 1105 1153 3396 1106 1154 3397 1107 1155 3398 1107 1155 3399 1106 1154 3400 1108 1156 3401 1107 1155 3402 1108 1156 3403 1109 1157 3404 1107 1155 3405 1109 1157 3406 1110 1158 3407 1110 1158 3408 1109 1157 3409 1111 1159 3410 1110 1158 3411 1111 1159 3412 1112 1160 3413 1112 1160 3414 1111 1159 3415 1113 1161 3416 1112 1160 3417 1113 1161 3418 1114 1162 3419 1114 1162 3420 1113 1161 3421 1115 1163 3422 1114 1162 3423 1115 1163 3424 1101 1149 3425 1101 1149 3426 1115 1163 3427 1116 1164 3428 1101 1149 3429 1116 1164 3430 1102 1150 3431 1091 1139 3432 1093 1141 3433 1105 1153 3434 1091 1139 3435 1105 1153 3436 1117 1165 3437 1091 1139 3438 1117 1165 3439 1118 1166 3440 1091 1139 3441 1118 1166 3442 1119 1167 3443 1119 1167 3444 1118 1166 3445 1120 1168 3446 1119 1167 3447 1120 1168 3448 1121 1169 3449 1121 1169 3450 1120 1168 3451 1122 1170 3452 1121 1169 3453 1122 1170 3454 1123 1171 3455 1123 1171 3456 1122 1170 3457 1124 1172 3458 1123 1171 3459 1124 1172 3460 1125 1173 3461 1123 1171 3462 1125 1173 3463 1126 1174 3464 1126 1174 3465 1125 1173 3466 1127 1175 3467 1126 1174 3468 1127 1175 3469 1128 1176 3470 1128 1176 3471 1127 1175 3472 1129 1177 3473 1129 1177 3474 1127 1175 3475 1130 1178 3476 1129 1177 3477 1130 1178 3478 1131 1179 3479 1131 1179 3480 1130 1178 3481 1132 1180 3482 1132 1180 3483 1130 1178 3484 1133 1181 3485 1132 1180 3486 1133 1181 3487 1134 1182 3488 1134 1182 3489 1133 1181 3490 1037 1085 3491 1037 1085 3492 1133 1181 3493 1135 1183 3494 1037 1085 3495 1135 1183 3496 1035 1083 3497 1035 1083 3498 1135 1183 3499 1136 1184 3500 1035 1083 3501 1136 1184 3502 1137 1185 3503 1035 1083 3504 1137 1185 3505 1033 1081 3506 1033 1081 3507 1137 1185 3508 1138 1186 3509 1033 1081 3510 1138 1186 3511 1139 1187 3512 1139 1187 3513 1138 1186 3514 1140 1188 3515 1139 1187 3516 1140 1188 3517 1141 1189 3518 1141 1189 3519 1140 1188 3520 1142 1190 3521 1141 1189 3522 1142 1190 3523 1143 1191 3524 1143 1191 3525 1142 1190 3526 1144 1192 3527 1143 1191 3528 1144 1192 3529 1145 1193 3530 1145 1193 3531 1144 1192 3532 1146 1194 3533 1145 1193 3534 1146 1194 3535 1110 1158 3536 1110 1158 3537 1146 1194 3538 1147 1195 3539 1147 1195 3540 1146 1194 3541 1148 1196 3542 1148 1196 3543 1146 1194 3544 1149 1197 3545 1149 1197 3546 1146 1194 3547 1150 1198 3548 1150 1198 3549 1146 1194 3550 1144 1192 3551 1150 1198 3552 1151 1199 3553 1149 1197 3554 1149 1197 3555 1151 1199 3556 1152 1200 3557 1152 1200 3558 1151 1199 3559 1133 1181 3560 1133 1181 3561 1151 1199 3562 1153 1201 3563 1133 1181 3564 1153 1201 3565 1135 1183 3566 1155 1202 3567 1154 1203 3568 1156 1204 3569 1155 1202 3570 1156 1204 3571 1157 1205 3572 1157 1205 3573 1156 1204 3574 1158 1206 3575 1157 1205 3576 1158 1206 3577 1159 1207 3578 1159 1207 3579 1158 1206 3580 1160 1208 3581 1160 1208 3582 1158 1206 3583 1161 1209 3584 1160 1208 3585 1161 1209 3586 1162 1210 3587 1162 1210 3588 1161 1209 3589 1163 1211 3590 1163 1211 3591 1161 1209 3592 1064 1112 3593 1163 1211 3594 1064 1112 3595 1067 1115 3596 1158 1206 3597 1164 1212 3598 1165 1213 3599 1158 1206 3600 1165 1213 3601 1161 1209 3602 1161 1209 3603 1165 1213 3604 1166 1214 3605 1166 1214 3606 1165 1213 3607 1167 1215 3608 1168 1216 3609 1169 1217 3610 1170 1218 3611 1170 1218 3612 1169 1217 3613 1171 1219 3614 1170 1218 3615 1171 1219 3616 1166 1214 3617 1166 1214 3618 1171 1219 3619 1172 1220 3620 1166 1214 3621 1172 1220 3622 1173 1221 3623 1166 1214 3624 1173 1221 3625 1161 1209 3626 1161 1209 3627 1173 1221 3628 1174 1222 3629 1161 1209 3630 1174 1222 3631 1175 1223 3632 1161 1209 3633 1175 1223 3634 1064 1112 3635 1064 1112 3636 1175 1223 3637 1062 1110 3638 1170 1218 3639 1166 1214 3640 1176 1224 3641 1176 1224 3642 1166 1214 3643 1167 1215 3644 1176 1224 3645 1167 1215 3646 1177 1225 3647 1177 1225 3648 1167 1215 3649 1165 1213 3650 1177 1225 3651 1165 1213 3652 1178 1226 3653 1178 1226 3654 1165 1213 3655 1179 1227 3656 1179 1227 3657 1165 1213 3658 1164 1212 3659 1179 1227 3660 1164 1212 3661 1180 1228 3662 1180 1228 3663 1164 1212 3664 1158 1206 3665 1180 1228 3666 1158 1206 3667 1156 1204 3668 1154 1203 3669 1071 1119 3670 1074 1122 3671 1154 1203 3672 1074 1122 3673 1156 1204 3674 1156 1204 3675 1074 1122 3676 1076 1124 3677 1068 1116 3678 1181 1229 3679 1070 1118 3680 1070 1118 3681 1181 1229 3682 1182 1230 3683 1182 1230 3684 1181 1229 3685 1100 1148 3686 1100 1148 3687 1181 1229 3688 1183 1231 3689 1100 1148 3690 1183 1231 3691 1101 1149 3692 1101 1149 3693 1183 1231 3694 1114 1162 3695 1114 1162 3696 1183 1231 3697 1184 1232 3698 1114 1162 3699 1184 1232 3700 1185 1233 3701 1114 1162 3702 1185 1233 3703 1186 1234 3704 1114 1162 3705 1186 1234 3706 1187 1235 3707 1114 1162 3708 1187 1235 3709 1188 1236 3710 1114 1162 3711 1188 1236 3712 1112 1160 3713 1112 1160 3714 1188 1236 3715 1189 1237 3716 1112 1160 3717 1189 1237 3718 1110 1158 3719 1110 1158 3720 1189 1237 3721 1190 1238 3722 1110 1158 3723 1190 1238 3724 1145 1193 3725 1145 1193 3726 1190 1238 3727 1191 1239 3728 1145 1193 3729 1191 1239 3730 1192 1240 3731 1145 1193 3732 1192 1240 3733 1143 1191 3734 1143 1191 3735 1192 1240 3736 1193 1241 3737 1143 1191 3738 1193 1241 3739 1194 1242 3740 1194 1242 3741 1193 1241 3742 1195 1243 3743 1194 1242 3744 1195 1243 3745 1196 1244 3746 1196 1244 3747 1195 1243 3748 1197 1245 3749 1196 1244 3750 1197 1245 3751 1186 1234 3752 1186 1234 3753 1197 1245 3754 1198 1246 3755 1186 1234 3756 1198 1246 3757 1187 1235 3758 1141 1189 3759 1143 1191 3760 1194 1242 3761 1141 1189 3762 1194 1242 3763 1199 1247 3764 1141 1189 3765 1199 1247 3766 1200 1248 3767 1141 1189 3768 1200 1248 3769 1201 1249 3770 1201 1249 3771 1200 1248 3772 1202 1250 3773 1201 1249 3774 1202 1250 3775 1203 1251 3776 1203 1251 3777 1202 1250 3778 1204 1252 3779 1203 1251 3780 1204 1252 3781 1046 1094 3782 1203 1251 3783 1046 1094 3784 1013 1061 3785 1203 1251 3786 1013 1061 3787 1205 1253 3788 1205 1253 3789 1013 1061 3790 1014 1062 3791 1205 1253 3792 1014 1062 3793 1015 1063 3794 1205 1253 3795 1015 1063 3796 1206 1254 3797 1206 1254 3798 1015 1063 3799 1016 1064 3800 1206 1254 3801 1016 1064 3802 1020 1068 3803 1206 1254 3804 1020 1068 3805 1139 1187 3806 1139 1187 3807 1020 1068 3808 1033 1081 3809 1033 1081 3810 1020 1068 3811 1021 1069 3812 1091 1139 3813 1119 1167 3814 1089 1137 3815 1089 1137 3816 1119 1167 3817 1207 1255 3818 1089 1137 3819 1207 1255 3820 1208 1256 3821 1089 1137 3822 1208 1256 3823 1086 1134 3824 1086 1134 3825 1208 1256 3826 1085 1133 3827 1085 1133 3828 1208 1256 3829 1209 1257 3830 1085 1133 3831 1209 1257 3832 1210 1258 3833 1210 1258 3834 1209 1257 3835 1211 1259 3836 1210 1258 3837 1211 1259 3838 1212 1260 3839 1212 1260 3840 1211 1259 3841 1213 1261 3842 1213 1261 3843 1211 1259 3844 1214 1262 3845 1213 1261 3846 1214 1262 3847 1215 1263 3848 1215 1263 3849 1214 1262 3850 1216 1264 3851 1215 1263 3852 1216 1264 3853 1217 1265 3854 1215 1263 3855 1217 1265 3856 1218 1266 3857 1218 1266 3858 1217 1265 3859 1219 1267 3860 1218 1266 3861 1219 1267 3862 1220 1268 3863 1220 1268 3864 1219 1267 3865 1221 1269 3866 1220 1268 3867 1221 1269 3868 1222 1270 3869 1222 1270 3870 1221 1269 3871 1223 1271 3872 1222 1270 3873 1223 1271 3874 1224 1272 3875 1222 1270 3876 1224 1272 3877 1225 1273 3878 1225 1273 3879 1224 1272 3880 1226 1274 3881 1214 1262 3882 1227 1275 3883 1216 1264 3884 1216 1264 3885 1227 1275 3886 1228 1276 3887 1216 1264 3888 1228 1276 3889 1229 1277 3890 1229 1277 3891 1228 1276 3892 1230 1278 3893 1229 1277 3894 1230 1278 3895 1221 1269 3896 1229 1277 3897 1221 1269 3898 1219 1267 3899 1229 1277 3900 1219 1267 3901 1217 1265 3902 1229 1277 3903 1217 1265 3904 1216 1264 3905 1231 1279 3906 1039 1087 3907 1041 1089 3908 1231 1279 3909 1041 1089 3910 1232 1280 3911 1232 1280 3912 1041 1089 3913 1233 1281 3914 1233 1281 3915 1041 1089 3916 1043 1091 3917 1203 1251 3918 1205 1253 3919 1201 1249 3920 1201 1249 3921 1205 1253 3922 1206 1254 3923 1201 1249 3924 1206 1254 3925 1139 1187 3926 1201 1249 3927 1139 1187 3928 1141 1189 3929 1234 1282 3930 1199 1247 3931 1194 1242 3932 1234 1282 3933 1194 1242 3934 1235 1283 3935 1235 1283 3936 1194 1242 3937 1196 1244 3938 1235 1283 3939 1196 1244 3940 1236 1284 3941 1236 1284 3942 1196 1244 3943 1237 1285 3944 1236 1284 3945 1237 1285 3946 1048 1096 3947 1048 1096 3948 1237 1285 3949 1049 1097 3950 1049 1097 3951 1237 1285 3952 1238 1286 3953 1238 1286 3954 1237 1285 3955 1196 1244 3956 1238 1286 3957 1196 1244 3958 1239 1287 3959 1239 1287 3960 1196 1244 3961 1186 1234 3962 1239 1287 3963 1186 1234 3964 1185 1233 3965 1239 1287 3966 1185 1233 3967 1240 1288 3968 1239 1287 3969 1240 1288 3970 1241 1289 3971 1241 1289 3972 1240 1288 3973 1059 1107 3974 1059 1107 3975 1240 1288 3976 1061 1109 3977 1242 1290 3978 1243 1291 3979 1244 1292 3980 1244 1292 3981 1243 1291 3982 1245 1293 3983 1244 1292 3984 1245 1293 3985 251 257 3986 251 257 3987 1245 1293 3988 253 259 3989 253 259 3990 1245 1293 3991 255 261 3992 255 261 3993 1245 1293 3994 260 266 3995 260 266 3996 1245 1293 3997 1243 1291 3998 1246 1294 3999 1247 1295 4000 1248 1296 4001 1248 1296 4002 1247 1295 4003 1249 1297 4004 1248 1296 4005 1249 1297 4006 1250 1298 4007 1250 1298 4008 1249 1297 4009 1251 1299 4010 1250 1298 4011 1251 1299 4012 1252 1300 4013 1252 1300 4014 1251 1299 4015 1253 1301 4016 1252 1300 4017 1253 1301 4018 1254 1302 4019 1254 1302 4020 1253 1301 4021 1255 1303 4022 1254 1302 4023 1255 1303 4024 1256 1304 4025 1256 1304 4026 1255 1303 4027 1257 1305 4028 1256 1304 4029 1257 1305 4030 1258 1306 4031 1258 1306 4032 1257 1305 4033 1259 1307 4034 1258 1306 4035 1259 1307 4036 1260 1308 4037 1260 1308 4038 1259 1307 4039 1261 1309 4040 1260 1308 4041 1261 1309 4042 1262 1310 4043 1262 1310 4044 1261 1309 4045 1263 1311 4046 1262 1310 4047 1263 1311 4048 1264 1312 4049 1264 1312 4050 1263 1311 4051 1265 1313 4052 1264 1312 4053 1265 1313 4054 1266 1314 4055 1266 1314 4056 1265 1313 4057 1267 1315 4058 1266 1314 4059 1267 1315 4060 1268 1316 4061 1268 1316 4062 1267 1315 4063 1269 1317 4064 1269 1317 4065 1267 1315 4066 1270 1318 4067 1269 1317 4068 1270 1318 4069 1271 1319 4070 1271 1319 4071 1270 1318 4072 1272 1320 4073 1271 1319 4074 1272 1320 4075 1273 1321 4076 1273 1321 4077 1272 1320 4078 1274 1322 4079 1273 1321 4080 1274 1322 4081 1275 1323 4082 1275 1323 4083 1274 1322 4084 1276 1324 4085 1275 1323 4086 1276 1324 4087 1277 1325 4088 1277 1325 4089 1276 1324 4090 1278 1326 4091 1277 1325 4092 1278 1326 4093 1279 1327 4094 1279 1327 4095 1278 1326 4096 1280 1328 4097 1279 1327 4098 1280 1328 4099 1281 1329 4100 1281 1329 4101 1280 1328 4102 1282 1330 4103 1281 1329 4104 1282 1330 4105 1283 1331 4106 1283 1331 4107 1282 1330 4108 1284 1332 4109 1283 1331 4110 1284 1332 4111 1285 1333 4112 1285 1333 4113 1284 1332 4114 1286 1334 4115 1285 1333 4116 1286 1334 4117 1287 1335 4118 1287 1335 4119 1286 1334 4120 1288 1336 4121 1287 1335 4122 1288 1336 4123 1289 1337 4124 1214 1262 4125 1211 1259 4126 1209 1257 4127 1214 1262 4128 1209 1257 4129 1227 1275 4130 1227 1275 4131 1209 1257 4132 1208 1256 4133 1227 1275 4134 1208 1256 4135 1207 1255 4136 1227 1275 4137 1207 1255 4138 1228 1276 4139 1228 1276 4140 1207 1255 4141 1290 1338 4142 1290 1338 4143 1207 1255 4144 1119 1167 4145 1290 1338 4146 1119 1167 4147 1121 1169 4148 1290 1338 4149 1121 1169 4150 1291 1339 4151 1291 1339 4152 1121 1169 4153 1292 1340 4154 1292 1340 4155 1121 1169 4156 1293 1341 4157 1293 1341 4158 1121 1169 4159 1123 1171 4160 1293 1341 4161 1123 1171 4162 1294 1342 4163 1294 1342 4164 1123 1171 4165 1126 1174 4166 1294 1342 4167 1126 1174 4168 1295 1343 4169 1295 1343 4170 1126 1174 4171 1296 1344 4172 1295 1343 4173 1296 1344 4174 1297 1345 4175 1297 1345 4176 1296 1344 4177 1298 1346 4178 1297 1345 4179 1298 1346 4180 1299 1347 4181 1299 1347 4182 1298 1346 4183 1300 1348 4184 1300 1348 4185 1298 1346 4186 1301 1349 4187 1301 1349 4188 1298 1346 4189 1302 1350 4190 1302 1350 4191 1298 1346 4192 1303 1351 4193 1302 1350 4194 1303 1351 4195 1304 1352 4196 1304 1352 4197 1303 1351 4198 1305 1353 4199 1304 1352 4200 1305 1353 4201 1306 1354 4202 1306 1354 4203 1305 1353 4204 1307 1355 4205 1307 1355 4206 1305 1353 4207 1308 1356 4208 1307 1355 4209 1308 1356 4210 1309 1357 4211 1307 1355 4212 1309 1357 4213 1310 1358 4214 1307 1355 4215 1310 1358 4216 1311 1359 4217 1307 1355 4218 1311 1359 4219 1306 1354 4220 1306 1354 4221 1311 1359 4222 1312 1360 4223 1312 1360 4224 1311 1359 4225 1232 1280 4226 1312 1360 4227 1232 1280 4228 1233 1281 4229 1300 1348 4230 1301 1349 4231 1313 1361 4232 1300 1348 4233 1313 1361 4234 1314 1362 4235 1300 1348 4236 1314 1362 4237 1315 1363 4238 1315 1363 4239 1314 1362 4240 1316 1364 4241 1316 1364 4242 1314 1362 4243 1317 1365 4244 1316 1364 4245 1317 1365 4246 1318 1366 4247 1318 1366 4248 1317 1365 4249 1291 1339 4250 1318 1366 4251 1291 1339 4252 1292 1340 4253 1314 1362 4254 1313 1361 4255 1319 1367 4256 1314 1362 4257 1319 1367 4258 1320 1368 4259 1320 1368 4260 1319 1367 4261 1321 1369 4262 1320 1368 4263 1321 1369 4264 1322 1370 4265 1322 1370 4266 1321 1369 4267 1223 1271 4268 1322 1370 4269 1223 1271 4270 1221 1269 4271 1322 1370 4272 1221 1269 4273 1320 1368 4274 1320 1368 4275 1221 1269 4276 1230 1278 4277 1320 1368 4278 1230 1278 4279 1314 1362 4280 1314 1362 4281 1230 1278 4282 1317 1365 4283 1317 1365 4284 1230 1278 4285 1228 1276 4286 1317 1365 4287 1228 1276 4288 1290 1338 4289 1317 1365 4290 1290 1338 4291 1291 1339 4292 1298 1346 4293 1296 1344 4294 1323 1371 4295 1298 1346 4296 1323 1371 4297 1303 1351 4298 1324 1372 4299 1152 1200 4300 1133 1181 4301 1324 1372 4302 1133 1181 4303 1325 1373 4304 1325 1373 4305 1133 1181 4306 1130 1178 4307 1325 1373 4308 1130 1178 4309 1127 1175 4310 1325 1373 4311 1127 1175 4312 1326 1374 4313 1326 1374 4314 1127 1175 4315 1327 1375 4316 1327 1375 4317 1127 1175 4318 1328 1376 4319 1327 1375 4320 1328 1376 4321 1329 1377 4322 1329 1377 4323 1328 1376 4324 1330 1378 4325 1329 1377 4326 1330 1378 4327 1331 1379 4328 1329 1377 4329 1331 1379 4330 1332 1380 4331 1332 1380 4332 1331 1379 4333 1147 1195 4334 1147 1195 4335 1331 1379 4336 1110 1158 4337 1110 1158 4338 1331 1379 4339 1107 1155 4340 1107 1155 4341 1331 1379 4342 1333 1381 4343 1333 1381 4344 1331 1379 4345 1330 1378 4346 1117 1165 4347 1105 1153 4348 1333 1381 4349 1333 1381 4350 1105 1153 4351 1107 1155 4352 1328 1376 4353 1127 1175 4354 1334 1382 4355 1334 1382 4356 1127 1175 4357 1125 1173 4358 1057 1105 4359 1168 1216 4360 1055 1103 4361 1055 1103 4362 1168 1216 4363 1170 1218 4364 1055 1103 4365 1170 1218 4366 1053 1101 4367 1335 1383 4368 899 945 4369 898 944 4370 1335 1383 4371 898 944 4372 1336 1384 4373 1336 1384 4374 898 944 4375 1337 1385 4376 1337 1385 4377 898 944 4378 1338 1386 4379 1338 1386 4380 898 944 4381 1339 1387 4382 1338 1386 4383 1339 1387 4384 1340 1388 4385 1340 1388 4386 1339 1387 4387 1341 1389 4388 1341 1389 4389 1339 1387 4390 898 944 4391 1341 1389 4392 898 944 4393 1342 1390 4394 1341 1389 4395 1342 1390 4396 1343 1391 4397 1343 1391 4398 1342 1390 4399 1344 1392 4400 1344 1392 4401 1342 1390 4402 917 963 4403 1344 1392 4404 917 963 4405 1345 1393 4406 1344 1392 4407 1345 1393 4408 1346 1394 4409 1346 1394 4410 1345 1393 4411 1347 1395 4412 1347 1395 4413 1345 1393 4414 917 963 4415 1347 1395 4416 917 963 4417 1348 1396 4418 1348 1396 4419 917 963 4420 1349 1397 4421 1349 1397 4422 917 963 4423 1350 1398 4424 1350 1398 4425 917 963 4426 918 964 4427 727 1399 4428 1351 1400 4429 1352 1401 4430 1352 1401 4431 1351 1400 4432 1353 1402 4433 1352 1401 4434 1353 1402 4435 1354 1403 4436 1354 1403 4437 1353 1402 4438 1355 1404 4439 1354 1403 4440 1355 1404 4441 1356 1405 4442 1354 1403 4443 1356 1405 4444 1357 1406 4445 1354 1403 4446 1357 1406 4447 733 1407 4448 1359 1408 4449 1358 1409 4450 1360 1410 4451 1359 1408 4452 1360 1410 4453 1361 1411 4454 1361 1411 4455 1360 1410 4456 1362 1412 4457 1361 1411 4458 1362 1412 4459 1363 1413 4460 1363 1413 4461 1362 1412 4462 1364 1414 4463 1364 1414 4464 1362 1412 4465 1365 1415 4466 1365 1415 4467 1362 1412 4468 1360 1410 4469 1365 1415 4470 1360 1410 4471 1366 1416 4472 1366 1416 4473 1360 1410 4474 1358 1409 4475 1365 1415 4476 1367 1417 4477 1364 1414 4478 1364 1414 4479 1367 1417 4480 1368 1418 4481 1364 1414 4482 1368 1418 4483 1369 1419 4484 1364 1414 4485 1369 1419 4486 1363 1413 4487 1363 1413 4488 1369 1419 4489 1370 1420 4490 1370 1420 4491 1369 1419 4492 1371 1421 4493 1370 1420 4494 1371 1421 4495 1372 1422 4496 1372 1422 4497 1371 1421 4498 1373 1423 4499 1373 1423 4500 1371 1421 4501 1374 1424 4502 1373 1423 4503 1374 1424 4504 1375 1425 4505 1375 1425 4506 1374 1424 4507 1376 1426 4508 1376 1426 4509 1374 1424 4510 1377 1427 4511 1377 1427 4512 1374 1424 4513 1378 1428 4514 1378 1428 4515 1374 1424 4516 1371 1421 4517 1378 1428 4518 1371 1421 4519 1369 1419 4520 1378 1428 4521 1369 1419 4522 1368 1418 4523 1376 1426 4524 1377 1427 4525 1379 1429 4526 1376 1426 4527 1379 1429 4528 1380 1430 4529 1376 1426 4530 1380 1430 4531 1381 1431 4532 1376 1426 4533 1381 1431 4534 1375 1425 4535 1375 1425 4536 1381 1431 4537 1382 1432 4538 1382 1432 4539 1381 1431 4540 1383 1433 4541 1382 1432 4542 1383 1433 4543 1384 1434 4544 1384 1434 4545 1383 1433 4546 1385 1435 4547 1385 1435 4548 1383 1433 4549 1386 1436 4550 1386 1436 4551 1383 1433 4552 1380 1430 4553 1380 1430 4554 1383 1433 4555 1381 1431 4556 1387 1437 4557 1388 1438 4558 1389 1439 4559 1389 1439 4560 1388 1438 4561 1390 1440 4562 1389 1439 4563 1390 1440 4564 1391 1441 4565 1391 1441 4566 1390 1440 4567 1392 1442 4568 1391 1441 4569 1392 1442 4570 1393 1443 4571 1393 1443 4572 1392 1442 4573 1081 1129 4574 1393 1443 4575 1081 1129 4576 1085 1133 4577 1393 1443 4578 1085 1133 4579 1210 1258 4580 1393 1443 4581 1210 1258 4582 1394 1444 4583 1394 1444 4584 1210 1258 4585 1212 1260 4586 1394 1444 4587 1212 1260 4588 1395 1445 4589 1394 1444 4590 1395 1445 4591 1396 1446 4592 1396 1446 4593 1395 1445 4594 1397 1447 4595 1396 1446 4596 1397 1447 4597 1389 1439 4598 1389 1439 4599 1397 1447 4600 1398 1448 4601 1389 1439 4602 1398 1448 4603 1387 1437 4604 1396 1446 4605 1389 1439 4606 1391 1441 4607 1396 1446 4608 1391 1441 4609 1394 1444 4610 1394 1444 4611 1391 1441 4612 1393 1443 4613 1399 1449 4614 1400 1450 4615 1401 1451 4616 1401 1451 4617 1400 1450 4618 1402 1452 4619 1401 1451 4620 1402 1452 4621 1403 1453 4622 1401 1451 4623 1403 1453 4624 1404 1454 4625 1401 1451 4626 1404 1454 4627 1405 1455 4628 1401 1451 4629 1405 1455 4630 1406 1456 4631 1401 1451 4632 1406 1456 4633 1407 1457 4634 1401 1451 4635 1407 1457 4636 1399 1449 4637 1409 1458 4638 1408 1459 4639 1410 1460 4640 1411 1461 4641 1412 1462 4642 1413 1463 4643 1415 1464 4644 1414 1465 4645 1416 1466 4646 1417 1467 4647 1418 1468 4648 1419 1469 4649</p>
        </triangles>
      </mesh>
    </geometry>
    <geometry id="needles_standard-mesh" name="needles:standard">
      <mesh>
        <source id="needles_standard-mesh-positions">
          <float_array id="needles_standard-mesh-positions-array" count="2406">-5.408973 -2.236287 9.103697 0.2371035 0.2642974 4.343273 -5.826285 -2.654874 8.878162 -0.03961473 -0.1551471 4.118554 -5.408973 -2.236287 9.103697 -5.826285 -2.654874 8.878162 0.2371035 0.2642974 4.343273 -0.03961473 -0.1551471 4.118554 2.990888 -0.4401378 7.99888 7.041588 0.219265 1.369435 2.58549 -0.9227349 8.054651 6.772613 -0.2604373 1.389568 2.990888 -0.4401378 7.99888 2.58549 -0.9227349 8.054651 7.041588 0.219265 1.369435 6.772613 -0.2604373 1.389568 0.4411429 1.725705 8.380301 0.02889406 2.198117 8.296236 5.063747 -0.2360981 2.416033 4.790602 0.2295579 2.309386 0.4411429 1.725705 8.380301 5.063747 -0.2360981 2.416033 0.02889406 2.198117 8.296236 4.790602 0.2295579 2.309386 -5.408973 2.236287 9.103697 -5.826285 2.654874 8.878162 0.2371035 -0.2644044 4.343273 -0.03961473 0.1551475 4.118554 -5.408973 2.236287 9.103697 0.2371035 -0.2644044 4.343273 -5.826285 2.654874 8.878162 -0.03961473 0.1551475 4.118554 -5.400335 0.239744 9.619241 0.2335295 0.2432823 4.229009 -5.811094 -0.2413522 9.62169 -0.03633868 -0.2363126 4.232545 -5.400335 0.239744 9.619241 -5.811094 -0.2413522 9.62169 0.2335295 0.2432823 4.229009 -0.03633868 -0.2363126 4.232545 -2.865967 -0.8523292 4.937396 -8.965102 -1.984143 9.826774 -2.58895 -0.391712 5.065806 -8.547789 -1.528994 9.964435 -2.865967 -0.8523292 4.937396 -2.58895 -0.391712 5.065806 -8.965102 -1.984143 9.826774 -8.547789 -1.528994 9.964435 -2.214941 2.231569 7.960791 -2.62987 2.68393 7.807623 2.732637 -0.2412449 2.465274 2.457706 0.2050046 2.297415 -2.214941 2.231569 7.960791 2.732637 -0.2412449 2.465274 -2.62987 2.68393 7.807623 2.457706 0.2050046 2.297415 6.072029 0.2415668 1.157504 6.340705 -0.206184 1.331076 1.75712 3.427072 6.956364 2.163114 2.963775 7.101097 6.072029 0.2415668 1.157504 1.75712 3.427072 6.956364 6.340705 -0.206184 1.331076 2.163114 2.963775 7.101097 -1.595973 0.2717949 4.237403 -1.318955 -0.1888219 4.365814 -7.695105 1.403609 9.126781 -7.277793 0.9484604 9.26417 -1.595973 0.2717949 4.237403 -7.695105 1.403609 9.126781 -1.318955 -0.1888219 4.365814 -7.277793 0.9484604 9.26417 -2.918802 0.6288454 9.868716 -3.334624 1.105116 9.846679 2.021032 -0.2236608 3.896829 1.745206 0.2510018 3.858742 -2.918802 0.6288454 9.868716 2.021032 -0.2236608 3.896829 -3.334624 1.105116 9.846679 1.745206 0.2510018 3.858742 -2.918802 -0.6290594 9.868716 2.021032 0.2234466 3.896829 -3.334624 -1.105331 9.846679 1.745206 -0.2512161 3.858742 -2.918802 -0.6290594 9.868716 -3.334624 -1.105331 9.846679 2.021032 0.2234466 3.896829 1.745206 -0.2512161 3.858742 -2.214941 -2.231355 7.960791 2.732637 0.2414595 2.465274 -2.62987 -2.683716 7.807623 2.457706 -0.20479 2.297415 -2.214941 -2.231355 7.960791 -2.62987 -2.683716 7.807623 2.732637 0.2414595 2.465274 2.457706 -0.20479 2.297415 0.1313604 0.2404947 9.490015 4.178485 0.2364203 2.825747 -0.2633132 -0.2416737 9.600469 3.920235 -0.243818 2.900563 0.1313604 0.2404947 9.490015 -0.2633132 -0.2416737 9.600469 4.178485 0.2364203 2.825747 3.920235 -0.243818 2.900563 0.4411429 -1.726027 8.380301 5.063747 0.235777 2.416033 0.02889406 -2.198438 8.296236 4.790602 -0.2298794 2.309386 0.4411429 -1.726027 8.380301 0.02889406 -2.198438 8.296236 5.063747 0.235777 2.416033 4.790602 -0.2298794 2.309386 2.990888 0.4403524 7.99888 2.58549 0.9228423 8.054651 7.041588 -0.2190504 1.369435 6.772613 0.2605445 1.389568 2.990888 0.4403524 7.99888 7.041588 -0.2190504 1.369435 2.58549 0.9228423 8.054651 6.772613 0.2605445 1.389568 2.163114 -2.96356 7.101097 6.340705 0.2063986 1.331076 1.75712 -3.426857 6.956364 6.072029 -0.2413522 1.157504 2.163114 -2.96356 7.101097 1.75712 -3.426857 6.956364 6.340705 0.2063986 1.331076 6.072029 -0.2413522 1.157504 -2.008817 2.439469 7.840543 -2.214941 2.231569 7.960791 2.868464 -0.03023594 2.352371 2.732637 -0.2412449 2.465274 6.340705 0.2063986 1.331076 2.163114 -2.96356 7.101097 6.47385 0.01297366 1.187702 2.36477 -3.149265 6.943033 2.163114 -2.96356 7.101097 6.340705 0.2063986 1.331076 1.758312 -3.009557 7.186793 6.073219 0.175948 1.387935 1.758312 -3.009557 7.186793 6.073219 0.175948 1.387935 1.555465 -3.24126 7.114428 5.938881 -0.04792732 1.301149 1.555465 -3.24126 7.114428 5.938881 -0.04792732 1.301149 1.75712 -3.426857 6.956364 6.072029 -0.2413522 1.157504 1.75712 -3.426857 6.956364 6.072029 -0.2413522 1.157504 2.161625 -3.38086 6.870938 6.339512 -0.2109013 1.100916 2.161625 -3.38086 6.870938 6.339512 -0.2109013 1.100916 2.36477 -3.149265 6.943033 6.47385 0.01297366 1.187702 2.731147 0.1928888 2.268578 2.457706 0.2050046 2.297415 -2.21643 2.665596 7.764096 -2.62987 2.68393 7.807623 3.191055 -0.6730197 7.92216 7.173542 -0.01501065 1.310399 2.990888 -0.4401378 7.99888 7.041588 0.219265 1.369435 2.990888 -0.4401378 7.99888 7.041588 0.219265 1.369435 2.588469 -0.4486082 8.103349 6.775293 0.2136897 1.438537 2.588469 -0.4486082 8.103349 6.775293 0.2136897 1.438537 2.385622 -0.6898532 8.131371 6.640955 -0.02616155 1.448604 2.385622 -0.6898532 8.131371 6.640955 -0.02616155 1.448604 2.58549 -0.9227349 8.054651 6.772613 -0.2604373 1.389568 2.58549 -0.9227349 8.054651 6.772613 -0.2604373 1.389568 2.988207 -0.9142647 7.949909 7.038906 -0.254862 1.320465 2.988207 -0.9142647 7.949909 7.038906 -0.254862 1.320465 3.191055 -0.6730197 7.92216 7.173542 -0.01501065 1.310399 3.191055 0.6731272 7.92216 2.990888 0.4403524 7.99888 7.173542 0.01522558 1.310399 7.041588 -0.2190504 1.369435 2.990888 0.4403524 7.99888 2.588469 0.4487157 8.103349 7.041588 -0.2190504 1.369435 6.775293 -0.2134748 1.438537 2.588469 0.4487157 8.103349 2.385622 0.6900675 8.131371 6.775293 -0.2134748 1.438537 6.640955 0.02637612 1.448604 2.385622 0.6900675 8.131371 2.58549 0.9228423 8.054651 6.640955 0.02637612 1.448604 6.772613 0.2605445 1.389568 2.58549 0.9228423 8.054651 2.988207 0.914479 7.949909 6.772613 0.2605445 1.389568 7.038906 0.254969 1.320465 2.988207 0.914479 7.949909 3.191055 0.6731272 7.92216 7.038906 0.254969 1.320465 7.173542 0.01522558 1.310399 -0.03961473 -0.1551471 4.118554 -5.826285 -2.654874 8.878162 -0.1763366 0.05639791 4.229009 -6.033899 -2.4429 8.988345 0.6451823 -1.942075 8.272295 5.198682 0.01629775 2.318907 0.4411429 -1.726027 8.380301 5.063747 0.235777 2.416033 0.4411429 -1.726027 8.380301 5.063747 0.235777 2.416033 0.03068149 -1.746184 8.44641 4.79239 0.2223741 2.45956 0.03068149 -1.746184 8.44641 4.79239 0.2223741 2.45956 -0.1754425 -1.98239 8.404243 4.655965 -0.01040023 2.406238 -0.1754425 -1.98239 8.404243 4.655965 -0.01040023 2.406238 0.02889406 -2.198438 8.296236 4.790602 -0.2298794 2.309386 0.02889406 -2.198438 8.296236 4.790602 -0.2298794 2.309386 0.4390575 -2.178388 8.230127 5.061959 -0.2165843 2.265586 0.4390575 -2.178388 8.230127 5.061959 -0.2165843 2.265586 0.6451823 -1.942075 8.272295 5.198682 0.01629775 2.318907 0.3365919 0.005039155 9.439957 4.315504 0 2.793644 0.1313604 0.2404947 9.490015 4.178485 0.2364203 2.825747 0.1313604 0.2404947 9.490015 4.178485 0.2364203 2.825747 -0.2713553 0.2349194 9.5953 3.912192 0.2326671 2.895394 -0.2713553 0.2349194 9.5953 3.912192 0.2326671 2.895394 -0.4685447 -0.006218612 9.650528 3.783215 -0.007398009 2.932665 -0.4685447 -0.006218612 9.650528 3.783215 -0.007398009 2.932665 -0.2633132 -0.2416737 9.600469 3.920235 -0.243818 2.900563 -0.2633132 -0.2416737 9.600469 3.920235 -0.243818 2.900563 0.1394026 -0.2359911 9.495183 4.186527 -0.2401728 2.830917 0.1394026 -0.2359911 9.495183 4.186527 -0.2401728 2.830917 0.3365919 0.005039155 9.439957 4.315504 0 2.793644 -0.1763366 4.29153e-4 4.229281 -6.021686 -0.005360662 9.617881 -0.0414021 0.2401728 4.227377 -5.816158 0.2352409 9.61652 -2.008817 -2.439254 7.840543 2.868464 0.03045052 2.352371 -2.214941 -2.231355 7.960791 2.732637 0.2414595 2.465274 -2.214941 -2.231355 7.960791 2.732637 0.2414595 2.465274 -2.628083 -2.249582 8.004321 2.459195 0.2293434 2.494112 -2.628083 -2.249582 8.004321 2.459195 0.2293434 2.494112 -2.835696 -2.475709 7.927873 2.321878 0.0063259 2.410047 -2.835696 -2.475709 7.927873 2.321878 0.0063259 2.410047 -2.62987 -2.683716 7.807623 2.457706 -0.20479 2.297415 -2.62987 -2.683716 7.807623 2.457706 -0.20479 2.297415 -2.21643 -2.665381 7.764096 2.731147 -0.1926742 2.268578 -2.21643 -2.665381 7.764096 2.731147 -0.1926742 2.268578 -2.008817 -2.439254 7.840543 2.868464 0.03045052 2.352371 -2.71357 -0.8624774 9.809952 2.156562 -0.01072174 3.846227 -2.918802 -0.6290594 9.868716 2.021032 0.2234466 3.896829 -2.918802 -0.6290594 9.868716 2.021032 0.2234466 3.896829 -3.332242 -0.6337772 9.916326 1.747887 0.2203371 3.928116 -3.332242 -0.6337772 9.916326 1.747887 0.2203371 3.928116 -3.540153 -0.8719128 9.905171 1.609676 -0.01704764 3.909343 -3.540153 -0.8719128 9.905171 1.609676 -0.01704764 3.909343 -3.334624 -1.105331 9.846679 1.745206 -0.2512161 3.858742 -3.334624 -1.105331 9.846679 1.745206 -0.2512161 3.858742 -2.921482 -1.100613 9.799071 2.018649 -0.2481069 3.827183 -2.921482 -1.100613 9.799071 2.018649 -0.2481069 3.827183 -2.71357 -0.8624774 9.809952 2.156562 -0.01072174 3.846227 -2.863584 -0.3876376 5.047577 -8.963017 -1.520524 9.936958 -2.58895 -0.391712 5.065806 -8.547789 -1.528994 9.964435 -2.71357 0.8622628 9.809952 -2.918802 0.6288454 9.868716 2.156562 0.01050752 3.846227 2.021032 -0.2236608 3.896829 -2.918802 0.6288454 9.868716 -3.332242 0.6335628 9.916326 2.021032 -0.2236608 3.896829 1.747887 -0.2205513 3.928116 -3.332242 0.6335628 9.916326 -3.540153 0.8716986 9.905171 1.747887 -0.2205513 3.928116 1.609676 0.01672655 3.909343 -3.540153 0.8716986 9.905171 -3.334624 1.105116 9.846679 1.609676 0.01672655 3.909343 1.745206 0.2510018 3.858742 -3.334624 1.105116 9.846679 -2.921482 1.100399 9.799071 1.745206 0.2510018 3.858742 2.018649 0.2478927 3.827183 -2.921482 1.100399 9.799071 -2.71357 0.8622628 9.809952 2.018649 0.2478927 3.827183 2.156562 0.01050752 3.846227 -2.452825 -0.628025 5.019556 -8.341368 -1.7652 9.922811 -2.591334 -0.8570469 4.955351 -8.550173 -1.992721 9.853979 -2.214941 2.231569 7.960791 -2.628083 2.249797 8.004321 2.732637 -0.2412449 2.465274 2.459195 -0.2291291 2.494112 -2.628083 2.249797 8.004321 -2.835696 2.475923 7.927873 2.459195 -0.2291291 2.494112 2.321878 -0.006004035 2.410047 -2.835696 2.475923 7.927873 -2.62987 2.68393 7.807623 2.321878 -0.006004035 2.410047 2.457706 0.2050046 2.297415 -2.21643 2.665596 7.764096 -2.008817 2.439469 7.840543 2.731147 0.1928888 2.268578 2.868464 -0.03023594 2.352371 6.340705 -0.206184 1.331076 6.47385 -0.01275908 1.187702 2.163114 2.963775 7.101097 2.36477 3.14948 6.943033 -5.201657 -2.448261 8.993514 0.3738254 0.05275231 4.232545 -5.408973 -2.236287 9.103697 0.2371035 0.2642974 4.343273 -5.408973 -2.236287 9.103697 0.2371035 0.2642974 4.343273 -5.825093 -2.233606 9.100976 -0.03812533 0.2661202 4.341367 -5.825093 -2.233606 9.100976 -0.03812533 0.2661202 4.341367 -6.033899 -2.4429 8.988345 -0.1763366 0.05639791 4.229009 -5.826285 -2.654874 8.878162 -0.03961473 -0.1551471 4.118554 -5.410462 -2.657661 8.880883 0.2356141 -0.1569699 4.120186 -5.410462 -2.657661 8.880883 0.2356141 -0.1569699 4.120186 -5.201657 -2.448261 8.993514 0.3738254 0.05275231 4.232545 2.161625 3.381074 6.870938 2.36477 3.14948 6.943033 6.339512 0.2111163 1.100916 6.47385 -0.01275908 1.187702 -7.695105 1.403609 9.126781 -7.280176 1.412186 9.153986 -1.595973 0.2717949 4.237403 -1.321339 0.2765126 4.255359 -1.595973 0.2717949 4.237403 -1.732098 0.0361256 4.283381 -7.695105 1.403609 9.126781 -7.901527 1.167511 9.168135 -5.189743 0.003752827 9.62305 0.3738254 0.006433188 4.232545 -5.400335 0.239744 9.619241 0.2335295 0.2432823 4.229009 -5.400335 0.239744 9.619241 0.2335295 0.2432823 4.229009 -5.816158 0.2352409 9.61652 -0.0414021 0.2401728 4.227377 1.75712 3.427072 6.956364 2.161625 3.381074 6.870938 6.072029 0.2415668 1.157504 6.339512 0.2111163 1.100916 -6.021686 -0.005360662 9.617881 -0.1763366 4.29153e-4 4.229281 -5.811094 -0.2413522 9.62169 -0.03633868 -0.2363126 4.232545 -5.811094 -0.2413522 9.62169 -0.03633868 -0.2363126 4.232545 -5.394973 -0.2368487 9.624138 0.2388909 -0.2333104 4.234178 1.555465 3.241474 7.114428 1.75712 3.427072 6.956364 5.938881 0.04814189 1.301149 6.072029 0.2415668 1.157504 -8.341368 -1.7652 9.922811 -2.452825 -0.628025 5.019556 -8.547789 -1.528994 9.964435 -2.58895 -0.391712 5.065806 1.758312 3.009772 7.186793 1.555465 3.241474 7.114428 6.073219 -0.1757335 1.387935 5.938881 0.04814189 1.301149 -8.963017 -1.520524 9.936958 -2.863584 -0.3876376 5.047577 -9.171525 -1.748045 9.868127 -3.002093 -0.6166595 4.983373 -9.171525 -1.748045 9.868127 -3.002093 -0.6166595 4.983373 -8.965102 -1.984143 9.826774 -2.865967 -0.8523292 4.937396 -8.965102 -1.984143 9.826774 -2.865967 -0.8523292 4.937396 -8.550173 -1.992721 9.853979 -2.591334 -0.8570469 4.955351 2.163114 2.963775 7.101097 1.758312 3.009772 7.186793 6.340705 -0.206184 1.331076 6.073219 -0.1757335 1.387935 -6.033899 2.4429 8.988345 -5.826285 2.654874 8.878162 -0.1763366 -0.05639749 4.229009 -0.03961473 0.1551475 4.118554 -7.071371 1.184666 9.222818 -7.277793 0.9484604 9.26417 -1.18283 0.04749071 4.319564 -1.318955 -0.1888219 4.365814 -7.277793 0.9484604 9.26417 -7.69302 0.9399899 9.236965 -1.318955 -0.1888219 4.365814 -1.593589 -0.1928963 4.347585 -7.69302 0.9399899 9.236965 -7.901527 1.167511 9.168135 -1.593589 -0.1928963 4.347585 -1.732098 0.0361256 4.283381 0.3738254 -0.05285924 4.232545 0.2356141 0.1569703 4.120186 -5.201657 2.448261 8.993514 -5.410462 2.657554 8.880883 -7.280176 1.412186 9.153986 -7.071371 1.184666 9.222818 -1.321339 0.2765126 4.255359 -1.18283 0.04749071 4.319564 -5.201657 2.448261 8.993514 -5.408973 2.236287 9.103697 0.3738254 -0.05285924 4.232545 0.2371035 -0.2644044 4.343273 -5.408973 2.236287 9.103697 -5.825093 2.233606 9.100976 0.2371035 -0.2644044 4.343273 -0.03812533 -0.2661198 4.341367 -5.825093 2.233606 9.100976 -6.033899 2.4429 8.988345 -0.03812533 -0.2661198 4.341367 -0.1763366 -0.05639749 4.229009 -5.826285 2.654874 8.878162 -5.410462 2.657554 8.880883 -0.03961473 0.1551475 4.118554 0.2356141 0.1569703 4.120186 0.6451823 1.941754 8.272295 0.4411429 1.725705 8.380301 5.198682 -0.01661884 2.318907 5.063747 -0.2360981 2.416033 0.4390575 2.177959 8.230127 0.6451823 1.941754 8.272295 5.061959 0.2162628 2.265586 5.198682 -0.01661884 2.318907 5.061959 0.2162628 2.265586 4.790602 0.2295579 2.309386 0.4390575 2.177959 8.230127 0.02889406 2.198117 8.296236 4.79239 -0.2228029 2.45956 5.063747 -0.2360981 2.416033 0.03068149 1.745863 8.44641 0.4411429 1.725705 8.380301 0.03068149 1.745863 8.44641 -0.1754425 1.982068 8.404243 4.79239 -0.2228029 2.45956 4.655965 0.01007872 2.406238 4.790602 0.2295579 2.309386 4.655965 0.01007872 2.406238 0.02889406 2.198117 8.296236 -0.1754425 1.982068 8.404243 1.354107 -3.513169 7.60848 2.36477 -3.149265 6.943033 2.163114 -2.96356 7.101097 2.163114 -2.96356 7.101097 1.354107 -3.513169 7.60848 1.758312 -3.009557 7.186793 1.354107 -3.513169 7.60848 1.758312 -3.009557 7.186793 1.555465 -3.24126 7.114428 1.555465 -3.24126 7.114428 1.354107 -3.513169 7.60848 1.75712 -3.426857 6.956364 1.354107 -3.513169 7.60848 1.75712 -3.426857 6.956364 2.161625 -3.38086 6.870938 2.161625 -3.38086 6.870938 1.354107 -3.513169 7.60848 2.36477 -3.149265 6.943033 2.195284 -0.7470014 8.696429 3.191055 -0.6730197 7.92216 2.990888 -0.4401378 7.99888 2.990888 -0.4401378 7.99888 2.195284 -0.7470014 8.696429 2.588469 -0.4486082 8.103349 2.195284 -0.7470014 8.696429 2.588469 -0.4486082 8.103349 2.385622 -0.6898532 8.131371 2.385622 -0.6898532 8.131371 2.195284 -0.7470014 8.696429 2.58549 -0.9227349 8.054651 2.195284 -0.7470014 8.696429 2.58549 -0.9227349 8.054651 2.988207 -0.9142647 7.949909 2.988207 -0.9142647 7.949909 2.195284 -0.7470014 8.696429 3.191055 -0.6730197 7.92216 -2.008817 2.439469 7.840543 -2.21643 2.665596 7.764096 -3.104075 2.696153 8.41594 1.555465 3.241474 7.114428 1.75712 3.427072 6.956364 1.354107 3.513491 7.60848 2.990888 0.4403524 7.99888 3.191055 0.6731272 7.92216 2.195284 0.7471088 8.696429 2.990888 0.4403524 7.99888 2.588469 0.4487157 8.103349 2.195284 0.7471088 8.696429 2.385622 0.6900675 8.131371 2.588469 0.4487157 8.103349 2.195284 0.7471088 8.696429 2.385622 0.6900675 8.131371 2.58549 0.9228423 8.054651 2.195284 0.7471088 8.696429 2.988207 0.914479 7.949909 2.58549 0.9228423 8.054651 2.195284 0.7471088 8.696429 2.988207 0.914479 7.949909 3.191055 0.6731272 7.92216 2.195284 0.7471088 8.696429 -0.4152261 -2.154478 8.9255 0.6451823 -1.942075 8.272295 0.4411429 -1.726027 8.380301 0.4411429 -1.726027 8.380301 -0.4152261 -2.154478 8.9255 0.03068149 -1.746184 8.44641 -0.4152261 -2.154478 8.9255 0.03068149 -1.746184 8.44641 -0.1754425 -1.98239 8.404243 -0.1754425 -1.98239 8.404243 -0.4152261 -2.154478 8.9255 0.02889406 -2.198438 8.296236 -0.4152261 -2.154478 8.9255 0.02889406 -2.198438 8.296236 0.4390575 -2.178388 8.230127 0.4390575 -2.178388 8.230127 -0.4152261 -2.154478 8.9255 0.6451823 -1.942075 8.272295 -6.365425 -2.675353 9.429618 -5.826285 -2.654874 8.878162 -5.410462 -2.657661 8.880883 -6.033899 -2.4429 8.988345 -6.365425 -2.675353 9.429618 -5.826285 -2.654874 8.878162 -0.6585837 -0.003216385 10.21831 0.3365919 0.005039155 9.439957 0.1313604 0.2404947 9.490015 0.1313604 0.2404947 9.490015 -0.6585837 -0.003216385 10.21831 -0.2713553 0.2349194 9.5953 -0.6585837 -0.003216385 10.21831 -0.2713553 0.2349194 9.5953 -0.4685447 -0.006218612 9.650528 -0.4685447 -0.006218612 9.650528 -0.6585837 -0.003216385 10.21831 -0.2633132 -0.2416737 9.600469 -0.6585837 -0.003216385 10.21831 -0.2633132 -0.2416737 9.600469 0.1394026 -0.2359911 9.495183 0.1394026 -0.2359911 9.495183 -0.6585837 -0.003216385 10.21831 0.3365919 0.005039155 9.439957 -3.104075 -2.695939 8.41594 -2.008817 -2.439254 7.840543 -2.214941 -2.231355 7.960791 -2.214941 -2.231355 7.960791 -3.104075 -2.695939 8.41594 -2.628083 -2.249582 8.004321 -3.104075 -2.695939 8.41594 -2.628083 -2.249582 8.004321 -2.835696 -2.475709 7.927873 -2.835696 -2.475709 7.927873 -3.104075 -2.695939 8.41594 -2.62987 -2.683716 7.807623 -3.104075 -2.695939 8.41594 -2.62987 -2.683716 7.807623 -2.21643 -2.665381 7.764096 -2.21643 -2.665381 7.764096 -3.104075 -2.695939 8.41594 -2.008817 -2.439254 7.840543 -6.352319 -0.003645181 10.11737 -5.816158 0.2352409 9.61652 -6.021686 -0.005360662 9.617881 -5.400335 0.239744 9.619241 -6.352319 -0.003645181 10.11737 -5.816158 0.2352409 9.61652 -3.807935 -0.948575 10.43568 -2.71357 -0.8624774 9.809952 -2.918802 -0.6290594 9.868716 -2.918802 -0.6290594 9.868716 -3.807935 -0.948575 10.43568 -3.332242 -0.6337772 9.916326 -3.807935 -0.948575 10.43568 -3.332242 -0.6337772 9.916326 -3.540153 -0.8719128 9.905171 -3.540153 -0.8719128 9.905171 -3.807935 -0.948575 10.43568 -3.334624 -1.105331 9.846679 -3.807935 -0.948575 10.43568 -3.334624 -1.105331 9.846679 -2.921482 -1.100613 9.799071 -2.921482 -1.100613 9.799071 -3.807935 -0.948575 10.43568 -2.71357 -0.8624774 9.809952 -2.918802 0.6288454 9.868716 -2.71357 0.8622628 9.809952 -3.807935 0.9483609 10.43541 -2.918802 0.6288454 9.868716 -3.332242 0.6335628 9.916326 -3.807935 0.9483609 10.43541 -3.540153 0.8716986 9.905171 -3.332242 0.6335628 9.916326 -3.807935 0.9483609 10.43541 -3.540153 0.8716986 9.905171 -3.334624 1.105116 9.846679 -3.807935 0.9483609 10.43541 -2.921482 1.100399 9.799071 -3.334624 1.105116 9.846679 -3.807935 0.9483609 10.43541 -2.921482 1.100399 9.799071 -2.71357 0.8622628 9.809952 -3.807935 0.9483609 10.43541 -9.53254 -1.856873 10.33361 -8.341368 -1.7652 9.922811 -8.547789 -1.528994 9.964435 -8.547789 -1.528994 9.964435 -9.53254 -1.856873 10.33361 -8.963017 -1.520524 9.936958 2.161625 3.381074 6.870938 1.75712 3.427072 6.956364 1.354107 3.513491 7.60848 2.161625 3.381074 6.870938 2.36477 3.14948 6.943033 1.354107 3.513491 7.60848 -2.214941 2.231569 7.960791 -2.008817 2.439469 7.840543 -3.104075 2.696153 8.41594 -2.214941 2.231569 7.960791 -2.628083 2.249797 8.004321 -3.104075 2.696153 8.41594 -2.835696 2.475923 7.927873 -2.628083 2.249797 8.004321 -3.104075 2.696153 8.41594 -2.835696 2.475923 7.927873 -2.62987 2.68393 7.807623 -3.104075 2.696153 8.41594 -2.21643 2.665596 7.764096 -2.62987 2.68393 7.807623 -3.104075 2.696153 8.41594 1.758312 3.009772 7.186793 1.555465 3.241474 7.114428 1.354107 3.513491 7.60848 2.163114 2.963775 7.101097 2.36477 3.14948 6.943033 1.354107 3.513491 7.60848 2.163114 2.963775 7.101097 1.758312 3.009772 7.186793 1.354107 3.513491 7.60848 -6.365425 -2.675353 9.429618 -5.201657 -2.448261 8.993514 -5.408973 -2.236287 9.103697 -5.408973 -2.236287 9.103697 -6.365425 -2.675353 9.429618 -5.825093 -2.233606 9.100976 -6.365425 -2.675353 9.429618 -5.825093 -2.233606 9.100976 -6.033899 -2.4429 8.988345 -5.410462 -2.657661 8.880883 -6.365425 -2.675353 9.429618 -5.201657 -2.448261 8.993514 0.2388909 -0.2333104 4.234178 -5.189743 0.003752827 9.62305 -5.394973 -0.2368487 9.624138 0.3738254 0.006433188 4.232545 0.2388909 -0.2333104 4.234178 -5.189743 0.003752827 9.62305 -6.352319 -0.003645181 10.11737 -5.189743 0.003752827 9.62305 -5.400335 0.239744 9.619241 -6.021686 -0.005360662 9.617881 -6.352319 -0.003645181 10.11737 -5.811094 -0.2413522 9.62169 -6.352319 -0.003645181 10.11737 -5.811094 -0.2413522 9.62169 -5.394973 -0.2368487 9.624138 -5.394973 -0.2368487 9.624138 -6.352319 -0.003645181 10.11737 -5.189743 0.003752827 9.62305 -7.280176 1.412186 9.153986 -7.695105 1.403609 9.126781 -8.262543 1.276339 9.633621 -7.280176 1.412186 9.153986 -7.071371 1.184666 9.222818 -8.262543 1.276339 9.633621 -9.53254 -1.856873 10.33361 -8.963017 -1.520524 9.936958 -9.171525 -1.748045 9.868127 -9.171525 -1.748045 9.868127 -9.53254 -1.856873 10.33361 -8.965102 -1.984143 9.826774 -9.53254 -1.856873 10.33361 -8.965102 -1.984143 9.826774 -8.550173 -1.992721 9.853979 -8.550173 -1.992721 9.853979 -9.53254 -1.856873 10.33361 -8.341368 -1.7652 9.922811 0.02889406 2.198117 8.296236 -0.1754425 1.982068 8.404243 -0.4152261 2.154156 8.9255 0.03068149 1.745863 8.44641 -0.1754425 1.982068 8.404243 -0.4152261 2.154156 8.9255 0.6451823 1.941754 8.272295 0.4390575 2.177959 8.230127 -0.4152261 2.154156 8.9255 -7.071371 1.184666 9.222818 -7.277793 0.9484604 9.26417 -8.262543 1.276339 9.633621 -7.69302 0.9399899 9.236965 -7.277793 0.9484604 9.26417 -8.262543 1.276339 9.633621 -7.69302 0.9399899 9.236965 -7.901527 1.167511 9.168135 -8.262543 1.276339 9.633621 -7.695105 1.403609 9.126781 -7.901527 1.167511 9.168135 -8.262543 1.276339 9.633621 -6.033899 2.4429 8.988345 -5.826285 2.654874 8.878162 -6.365425 2.675245 9.429618 -6.033899 2.4429 8.988345 -5.825093 2.233606 9.100976 -6.365425 2.675245 9.429618 0.4411429 1.725705 8.380301 0.03068149 1.745863 8.44641 -0.4152261 2.154156 8.9255 0.4411429 1.725705 8.380301 0.6451823 1.941754 8.272295 -0.4152261 2.154156 8.9255 -5.410462 2.657554 8.880883 -5.201657 2.448261 8.993514 -6.365425 2.675245 9.429618 0.4390575 2.177959 8.230127 0.02889406 2.198117 8.296236 -0.4152261 2.154156 8.9255 -5.201657 2.448261 8.993514 -5.408973 2.236287 9.103697 -6.365425 2.675245 9.429618 -5.825093 2.233606 9.100976 -5.408973 2.236287 9.103697 -6.365425 2.675245 9.429618 -5.826285 2.654874 8.878162 -5.410462 2.657554 8.880883 -6.365425 2.675245 9.429618</float_array>
          <technique_common>
            <accessor source="#needles_standard-mesh-positions-array" count="802" stride="3">
              <param name="X" type="float"/>
              <param name="Y" type="float"/>
              <param name="Z" type="float"/>
            </accessor>
          </technique_common>
        </source>
        <source id="needles_standard-mesh-normals">
          <float_array id="needles_standard-mesh-normals-array" count="2283">-0.5879895 0.7497512 -0.3035482 -0.6317848 0.6462473 -0.4280331 -0.5910183 0.7442333 -0.3111499 -0.6330983 0.6413604 -0.4334092 0.5879895 -0.7497512 0.3035482 0.5910183 -0.7442333 0.3111499 0.631776 -0.6462681 0.4280148 0.6330983 -0.6413604 0.433409 -0.7272799 0.5660949 -0.388073 -0.7832978 0.4303514 -0.4486003 -0.7313175 0.5580319 -0.3921417 -0.7860552 0.4217847 -0.4519016 0.7272799 -0.5660949 0.388073 0.7313175 -0.5580319 0.3921416 0.7832981 -0.4303509 0.4486004 0.7860554 -0.4217841 0.4519017 -0.6861597 -0.6550684 -0.3163389 -0.687601 -0.6522273 -0.3190681 -0.7360149 -0.5417515 -0.4059401 -0.7385991 -0.5338744 -0.4116426 0.6861597 0.6550684 0.3163389 0.7360162 0.541748 0.4059426 0.6876192 0.6521956 0.3190937 0.7385976 0.5338751 0.4116443 -0.5879958 -0.7497504 -0.303538 -0.5910274 -0.7442273 -0.3111469 -0.63174 -0.6461938 -0.4281799 -0.633024 -0.6413171 -0.4335816 0.5879958 0.7497504 0.303538 0.6317313 0.6462146 0.4281616 0.5910274 0.7442273 0.3111469 0.6330254 0.6413164 0.4335806 -0.5964231 0.5060533 -0.6230487 -0.6346801 0.3684206 -0.6792992 -0.5993592 0.4974973 -0.6271086 -0.6369706 0.3583006 -0.6825608 0.5964231 -0.5060533 0.6230487 0.5993591 -0.4974972 0.6271086 0.6346802 -0.3684203 0.6792992 0.6369827 -0.3582557 0.6825731 -0.5913152 0.5177013 -0.6183298 -0.5565463 0.6465131 -0.5218019 -0.5891858 0.527066 -0.6124227 -0.5516151 0.6615396 -0.5080219 0.5913151 -0.5177013 0.61833 0.5891814 -0.5270809 0.6124141 0.5565744 -0.6464853 0.5218064 0.5516188 -0.6615364 0.508022 -0.6588518 -0.6987193 -0.2787572 -0.6623811 -0.6925631 -0.2856707 -0.7059136 -0.5967021 -0.3816185 -0.708841 -0.5887262 -0.3885176 0.6588518 0.6987193 0.2787572 0.7059102 0.5966991 0.3816295 0.6623811 0.6925631 0.2856707 0.7088382 0.5887279 0.3885201 -0.7758277 -0.5746417 -0.2605352 -0.7742922 -0.5782346 -0.2571315 -0.7264158 -0.6685052 -0.1594397 -0.7234098 -0.672918 -0.1544659 0.7758273 0.574642 0.2605357 0.7264198 0.6685002 0.1594423 0.7742868 0.5782493 0.2571147 0.7234119 0.6729164 0.1544629 -0.5913159 -0.5177 -0.6183303 -0.5897175 -0.5251173 -0.6135839 -0.5573819 -0.6493473 -0.5173718 -0.5492712 -0.663114 -0.5085088 0.5913157 0.5177 0.6183304 0.5573754 0.6493499 0.5173755 0.5897199 0.5251083 0.6135892 0.5492698 0.6630855 0.5085474 -0.6584056 -0.5961028 -0.4595254 -0.6619557 -0.5882912 -0.4644654 -0.7074368 -0.4639641 -0.5331705 -0.7098314 -0.4555862 -0.537197 0.6584056 0.5961028 0.4595254 0.7074367 0.463964 0.5331706 0.6619557 0.5882912 0.4644654 0.7098314 0.4555862 0.5371971 -0.6584057 0.5961025 -0.4595255 -0.7060273 0.4685036 -0.5310648 -0.6619558 0.588291 -0.4644656 -0.7098314 0.4555862 -0.537197 0.6584057 -0.5961025 0.4595255 0.6619558 -0.588291 0.4644656 0.7060257 -0.4685078 0.5310633 0.7098314 -0.4555862 0.537197 -0.6588516 0.6987196 -0.2787572 -0.7059041 0.5967074 -0.3816279 -0.6623809 0.6925632 -0.2856706 -0.7088436 0.5886971 -0.3885571 0.6588516 -0.6987196 0.2787572 0.6623809 -0.6925632 0.2856706 0.7058898 -0.5967378 0.3816067 0.7088412 -0.5886985 0.3885594 -0.7390621 0.5020654 -0.4491299 -0.7919713 0.3589197 -0.4939213 -0.7461649 0.4862447 -0.4547572 -0.794533 0.3499572 -0.4962334 0.7390621 -0.5020654 0.4491299 0.7461585 -0.4862595 0.4547519 0.7919712 -0.3589198 0.4939213 0.7945328 -0.3499573 0.4962334 -0.6861595 0.6550687 -0.3163388 -0.7360128 0.5417523 -0.4059429 -0.6876219 0.6521926 -0.3190941 -0.738596 0.5338755 -0.4116467 0.6861595 -0.6550687 0.3163388 0.6876208 -0.652195 0.3190916 0.736014 -0.5417487 0.4059456 0.738596 -0.5338754 0.4116467 -0.7323106 -0.5580647 -0.3902371 -0.7312695 -0.5581218 -0.3921033 -0.7852762 -0.4247599 -0.4504669 -0.7885554 -0.414458 -0.4543181 0.7323132 0.558065 0.3902319 0.7852755 0.4247641 0.450464 0.7312695 0.5581218 0.3921033 0.7885566 0.4144583 0.4543159 -0.723408 0.6729192 -0.1544691 -0.7742934 0.5782336 -0.25713 -0.7264369 0.6684747 -0.1594713 -0.7758311 0.5746388 -0.2605313 0.7234074 -0.6729196 0.1544699 0.7264181 -0.6685012 0.1594458 0.7742981 -0.5782185 0.2571494 0.7758272 -0.5746419 0.2605357 0.667208 -0.2446695 0.7035412 0.6689648 -0.2403323 0.7033681 0.7148354 -0.106439 0.6911448 0.7168942 -0.1002658 0.6899344 0.7861412 0.07742905 0.6131775 0.7242881 0.2368023 0.647558 0.7840529 0.08361965 0.6150357 0.7227362 0.2397654 0.6482013 -0.00424987 0.8772471 0.4800204 -0.003621459 0.8775145 0.4795366 -0.004200935 0.8772831 0.4799551 -0.003602564 0.8775146 0.4795367 -0.7139472 0.6828328 -0.1549797 -0.7725671 0.5775194 -0.2638399 -0.7172222 0.6781678 -0.160252 -0.7739309 0.5742025 -0.2670632 -0.7147265 -0.2255042 -0.6620528 -0.777032 -0.08315193 -0.6239447 -0.7170593 -0.2201459 -0.6613333 -0.778222 -0.07995289 -0.622879 -0.008833765 -0.873536 -0.4866796 -0.008831381 -0.8734602 -0.4868155 -0.008835136 -0.8735361 -0.4866794 -0.008830428 -0.8734585 -0.4868187 0.7235354 -0.6729099 0.1539115 0.7822009 -0.5732234 0.2440835 0.7229834 -0.6736698 0.1531808 0.7817049 -0.5739957 0.2438576 -0.008350133 0.9088596 -0.4170186 -0.008352041 0.908862 -0.4170135 -0.008390069 0.9089709 -0.4167752 -0.008389949 0.9089719 -0.4167732 0.737607 0.4642534 0.4903109 0.7955654 0.3156015 0.5171765 0.7394431 0.4603406 0.4912336 0.7978301 0.308521 0.5179595 0.01001065 0.9944254 0.1049676 0.005758762 0.9947201 0.1024646 0.01005846 0.9944226 0.1049896 0.005764424 0.9947196 0.1024683 -0.7282531 0.5546983 -0.4024391 -0.780062 0.4310966 -0.4534966 -0.7292214 0.5528885 -0.4031755 -0.7822534 0.4250366 -0.4554378 -0.7268842 -0.4613569 -0.5087133 -0.7874266 -0.3200303 -0.5268207 -0.7298578 -0.4553553 -0.5098619 -0.7877184 -0.3190974 -0.5269502 -0.005721211 -0.994723 -0.1024383 -0.005762279 -0.9947203 -0.1024617 -0.005721628 -0.994723 -0.1024385 -0.005762934 -0.9947202 -0.1024621 0.7314561 -0.5585595 0.3911308 0.7945182 -0.422312 0.4363409 0.7319404 -0.557572 0.3916335 0.7952369 -0.4200348 0.4372289 0.737505 -0.4643646 0.4903591 0.7396029 -0.4597581 0.4915386 0.795399 -0.3162485 0.5170371 0.7978294 -0.3085221 0.5179598 0.00160098 -0.9949976 0.09988635 0.001591742 -0.9949975 0.09988725 0.005766868 -0.9947211 0.1024544 0.005757629 -0.9947217 0.1024483 -0.7242242 -0.5623446 -0.3990838 -0.7300779 -0.550554 -0.4048169 -0.7805226 -0.4297183 -0.4540117 -0.782254 -0.4250367 -0.4554367 -0.7286567 0.4577435 -0.5094413 -0.7297827 0.4555119 -0.5098296 -0.7876017 0.3201866 -0.5264638 -0.7875627 0.3191903 -0.5271268 -0.001774609 0.9949977 -0.09988266 -0.001733422 0.9950008 -0.09985208 -0.005770623 0.9947182 -0.1024821 -0.005766332 0.9947184 -0.1024796 0.7315146 0.5583888 0.3912652 0.7309092 0.5593586 0.3910111 0.7943091 0.4224874 0.4365518 0.7952118 0.4201894 0.4371261 -0.6337543 -0.005718946 -0.7735133 -0.5854219 -0.146847 -0.7973188 -0.6329568 -0.008457243 -0.774141 -0.5842462 -0.1491313 -0.797757 0.6957816 0.3263244 0.6398441 0.7494296 0.1750127 0.6385341 0.6970526 0.3234325 0.639929 0.7500107 0.1733579 0.6383032 0.004193544 0.9489541 0.3153863 0.007194101 0.9482036 0.3175821 0.004176676 0.9489584 0.3153736 0.00716716 0.9482095 0.3175649 -0.6821354 0.653743 -0.3275845 -0.7336498 0.5399932 -0.4125112 -0.6840516 0.6502789 -0.3304707 -0.7356038 0.5342186 -0.4165304 -0.6873388 -0.3116154 -0.6560955 -0.7436811 -0.166109 -0.6475696 -0.6888089 -0.3087195 -0.6559228 -0.7451162 -0.1640974 -0.6464316 -9.08644e-4 -0.9497153 -0.3131137 -8.73347e-4 -0.9497234 -0.3130891 -9.08153e-4 -0.9497153 -0.3131135 -8.72871e-4 -0.9497236 -0.3130886 0.6834582 -0.6596689 0.3126052 0.7474634 -0.5329924 0.3965069 0.6838008 -0.6592591 0.3127201 0.7484546 -0.5305239 0.3979448 0.723201 0.5384085 0.4325467 0.7851987 0.3955915 0.4764142 0.72541 0.5341875 0.4340786 0.7867509 0.3911191 0.4775447 -0.01664376 0.999804 -0.0107187 -0.01612955 0.999816 -0.01038581 -0.01665312 0.9998038 -0.0107249 -0.01606351 0.9998175 -0.01034253 -0.7336173 0.5023301 -0.4576792 -0.7884898 0.3596825 -0.4989113 -0.7349684 0.4990946 -0.4590491 -0.7897831 0.3567993 -0.4989359 -0.7172694 -0.5287031 -0.4538696 -0.7811678 -0.3896964 -0.487764 -0.7184429 -0.5265585 -0.4545064 -0.7821757 -0.3870173 -0.4882815 0.01617276 -0.9998146 0.01045244 0.0173074 -0.9997886 0.01110297 0.0160433 -0.9998174 0.01037698 0.01729947 -0.9997888 0.01109868 0.7361429 -0.5078911 0.4473707 0.7989236 -0.3646706 0.4782639 0.7376713 -0.505573 0.4474786 0.8000923 -0.3612598 0.4788987 -0.6331593 0.3576187 -0.6864534 -0.592238 0.4967705 -0.6344078 -0.6318483 0.3635725 -0.6845311 -0.5906975 0.5010123 -0.6325055 0.6672081 0.2446696 0.7035412 0.7150633 0.1061323 0.6909562 0.668964 0.2403319 0.7033689 0.7168954 0.1002662 0.6899332 0.003310322 0.9108081 0.4128168 0.008455216 0.9088975 0.4169339 0.003305852 0.9108098 0.4128131 0.008446872 0.9088994 0.41693 -0.6573868 0.6935213 -0.2947385 -0.7056168 0.5885658 -0.3945822 -0.6586869 0.6907671 -0.2982826 -0.7048131 0.5899749 -0.3939138 -0.6528946 -0.2394287 -0.7186117 -0.7121064 -0.08725976 -0.6966279 -0.6537995 -0.2380366 -0.7182512 -0.7142026 -0.07980161 -0.695375 -0.008390724 -0.9089722 -0.4167724 -0.008367121 -0.9088684 -0.416999 -0.008390069 -0.9089709 -0.4167752 -0.008330583 -0.9088802 -0.4169741 0.6623905 -0.6934118 0.2835823 0.716098 -0.5914511 0.3706605 0.6630968 -0.6925048 0.2841476 0.7173998 -0.588364 0.3730488 0.6639176 0.4396823 0.6048908 0.7199422 0.2786247 0.6356505 0.6654248 0.4363381 0.6056558 0.7214078 0.273994 0.6360017 0.00549823 0.9893026 0.145774 0.005431771 0.9893116 0.145716 0.005496084 0.989303 0.1457721 0.005428552 0.989312 0.1457132 -0.6565743 0.5878489 -0.4725929 -0.7055025 0.4585348 -0.5403815 -0.658955 0.5816714 -0.4769033 -0.7067586 0.4543713 -0.5422537 -0.6600449 -0.4154433 -0.6258974 -0.7143803 -0.2703012 -0.6454442 -0.6610338 -0.4132649 -0.6262958 -0.7160577 -0.2650835 -0.6457495 -0.005501806 -0.9893018 -0.1457805 -0.00558269 -0.989292 -0.145843 -0.0055027 -0.9893016 -0.1457811 -0.005584001 -0.9892919 -0.1458441 0.6555463 -0.6019629 0.4559603 0.7162574 -0.467846 0.5177793 0.6560664 -0.6006872 0.4568937 0.7171916 -0.4663259 0.5178576 0.005639672 0.9726094 0.2323777 0.008483469 0.9723203 0.2334981 0.005668461 0.9726015 0.2324101 0.009097039 0.972564 0.2324578 0.6656752 -0.4358348 0.6057429 0.6654229 -0.4363387 0.6056575 0.7199444 -0.2786248 0.6356478 0.721409 -0.2739943 0.6360002 0.005499064 -0.9893026 0.1457747 0.005496859 -0.9893028 0.1457728 0.005431413 -0.9893115 0.1457161 0.005428135 -0.989312 0.1457133 -0.65659 -0.5878477 -0.4725724 -0.6582063 -0.5838554 -0.4752656 -0.707513 -0.45193 -0.543309 -0.7087527 -0.4487387 -0.5443375 -0.6600932 0.4154508 -0.6258416 -0.6610752 0.4132685 -0.6262498 -0.7151088 0.2686582 -0.6453233 -0.7138269 0.2737222 -0.6446141 -0.005501806 0.9893016 -0.1457806 -0.005502641 0.9893016 -0.1457813 -0.005582571 0.989292 -0.1458429 -0.005583822 0.9892919 -0.1458439 0.6555458 0.6019626 0.4559615 0.6568183 0.600344 0.4562641 0.7162736 0.4678034 0.5177956 0.7171971 0.466324 0.5178516 0.6014212 -0.5274637 0.6000622 0.5520749 -0.6515628 0.5202686 0.6022582 -0.5263369 0.6002121 0.5511382 -0.6529852 0.5194778 0.003310322 -0.9108081 0.4128168 0.003305852 -0.9108098 0.4128132 0.008473515 -0.9089054 0.4169164 0.00846517 -0.9089072 0.4169127 -0.6573712 -0.6935513 -0.294703 -0.6586914 -0.690761 -0.2982867 -0.7040729 -0.5928835 -0.3908587 -0.7050969 -0.5896931 -0.3938282 -0.6528637 0.2394113 -0.7186455 -0.6537613 0.2380202 -0.7182915 -0.7120775 0.08728176 -0.6966546 -0.7142041 0.07984167 -0.6953688 0.6623842 0.6934148 0.2835898 0.6612798 0.6949395 0.2824327 0.7160832 0.5914867 0.3706322 0.7174009 0.5883633 0.3730477 0.7861412 -0.07742905 0.6131775 0.7843411 -0.08094137 0.6150265 0.7225799 -0.2391225 0.648613 0.7227333 -0.2397629 0.6482056 0.5901962 0.178366 0.7873082 0.6383215 0.02439159 0.7693834 0.5930774 0.1731686 0.7863028 0.6401262 0.01701647 0.7680813 0.007401764 0.8816321 0.4718794 0.007352352 0.8816292 0.4718856 0.00739926 0.8816316 0.4718803 0.007349908 0.8816291 0.4718859 -0.5854932 0.7452642 -0.3190282 -0.6269503 0.6494175 -0.4303374 -0.586158 0.7428538 -0.3233996 -0.6280292 0.6461891 -0.4336116 -0.002864837 -0.8838846 -0.4676965 0.001743435 -0.88609 -0.46351 -0.002867102 -0.8838835 -0.4676985 0.001740932 -0.8860881 -0.4635138 0.5853399 -0.753415 0.2995715 0.6416651 -0.6471602 0.4116426 0.5890569 -0.748129 0.3054752 0.6425356 -0.6450374 0.4136118 0.723535 0.672911 0.1539092 0.7245993 0.6714348 0.1553426 0.7814094 0.5748425 0.2428075 0.7817048 0.5739951 0.2438595 -0.004940152 0.9728546 -0.2313645 -0.003036439 0.9718646 -0.2355206 -0.00609833 0.9724836 -0.2328914 -0.006112694 0.9724798 -0.2329071 -0.5899097 0.1949009 -0.7835944 -0.5905712 0.1954398 -0.7829616 -0.5461605 0.3353047 -0.7676454 -0.5466144 0.3338201 -0.7679694 0.5853777 0.5393173 0.6053677 0.6375451 0.3857378 0.6668903 0.5896999 0.5302743 0.6091496 0.638705 0.3816408 0.6681364 -0.01452112 0.9997717 -0.01567554 -0.006805777 0.9999553 -0.006573498 -0.01448643 0.9997714 -0.01572859 -0.00684154 0.999955 -0.006585896 -0.008826971 0.8735322 -0.4866862 -0.008827269 0.8735317 -0.4866873 -0.008834481 0.8734608 -0.4868144 -0.008834302 0.8734594 -0.4868169 -0.5743536 -0.532557 -0.6216922 -0.6270014 -0.3933176 -0.6724362 -0.5757451 -0.5301352 -0.6224744 -0.6280478 -0.390118 -0.6733231 0.01503461 -0.9997717 0.01519203 0.01084208 -0.9998843 0.01067632 0.01503443 -0.9997716 0.01519387 0.01084339 -0.9998843 0.01067763 -0.7161741 0.2229397 -0.6613566 -0.7171068 0.221045 -0.6609818 -0.7770482 0.0831086 -0.6239303 -0.7782233 0.07995325 -0.6228772 0.5540623 0.3624897 0.7494106 0.5985658 0.2031958 0.7748746 0.5556395 0.3573006 0.7507338 0.5989328 0.2015191 0.7750288 -0.713942 -0.6828368 -0.1549865 -0.7167561 -0.6787342 -0.1599396 -0.7730406 -0.5758861 -0.2660143 -0.7739327 -0.5742008 -0.2670615 -0.540858 0.6593042 -0.5222937 -0.5852122 0.5250374 -0.6179502 -0.5412238 0.658095 -0.5234386 -0.5859683 0.5209125 -0.6207184 -0.5466133 -0.3338223 -0.7679691 -0.5905697 -0.1954404 -0.7829626 -0.5470445 -0.3328139 -0.7680998 -0.589906 -0.1948999 -0.7835975 -0.004943549 -0.9728544 -0.2313657 -0.006126582 -0.9724749 -0.2329269 -0.003027737 -0.9718779 -0.2354657 -0.006110012 -0.9724799 -0.2329069 -0.004250288 -0.8772436 0.4800267 -0.004202067 -0.8772791 0.4799622 -0.00362575 -0.8775107 0.4795432 -0.003607034 -0.8775109 0.4795433 -0.5842434 0.1491301 -0.7977594 -0.5857845 0.1457579 -0.7972524 -0.6329563 0.008457183 -0.7741414 -0.6337538 0.005718946 -0.7735137 0.5596882 -0.3469655 0.7525718 0.560018 -0.3456558 0.7529289 0.5979163 -0.2061861 0.7745861 0.5990158 -0.201521 0.7749642 0.008767187 -0.9733163 0.2293 0.009011566 -0.9725146 0.2326681 0.005644142 -0.972608 0.2323835 0.005609154 -0.9726178 0.2323431 -0.5397421 -0.6617096 -0.5204028 -0.5439907 -0.6523531 -0.5277402 -0.5848481 -0.5263302 -0.6171947 -0.5859708 -0.5208743 -0.6207481 0.6399665 0.6509827 0.4082455 0.6398808 0.6511974 0.4080374 0.5912784 0.7445054 0.3100025 0.5879365 0.7498456 0.3034179 0.5511453 0.6529831 0.5194729 0.5520811 0.651561 0.5202642 0.6011124 0.5275285 0.6003146 0.6014138 0.527467 0.6000667 0.5902875 -0.1784366 0.7872237 0.5955078 -0.1675274 0.7856878 0.6384022 -0.02432358 0.7693185 0.6401382 -0.01697105 0.7680724 0.007674872 -0.8817529 0.4716492 0.007632136 -0.8817433 0.471668 0.007035136 -0.881768 0.471631 0.00701344 -0.8817749 0.4716184 -0.5855165 -0.7452785 -0.318952 -0.5838311 -0.7471112 -0.3177518 -0.6283636 -0.6462051 -0.4331029 -0.6280304 -0.6461883 -0.4336112 -0.007365465 0.8816142 -0.4719135 -0.007365703 0.88161 -0.4719213 0.001892268 0.8860338 -0.4636169 0.001882672 0.886032 -0.4636204 0.6957603 -0.3263667 0.6398456 0.6965374 -0.3248752 0.6397591 0.7496564 -0.1742845 0.6384671 0.750007 -0.1733562 0.6383081 0.6860846 0.6551773 0.3162764 0.6872462 0.6532803 0.3176754 0.7474613 0.5329972 0.3965045 0.7484538 0.5305254 0.3979443 -7.75371e-4 0.9496866 -0.3132011 -7.71217e-4 0.9496873 -0.313199 -0.004195332 0.9489601 -0.3153684 -0.004192709 0.9489607 -0.3153666 0.004081547 -0.9489827 0.3153018 0.004086732 -0.9489814 0.3153057 0.004189252 -0.9489551 0.3153834 0.004192709 -0.9489542 0.3153859 -0.6821386 -0.6537444 -0.3275748 -0.6840583 -0.6502742 -0.3304662 -0.734137 -0.5383155 -0.4138349 -0.7356281 -0.5340588 -0.4166924 -0.7451205 0.1640987 -0.6464264 -0.7441802 0.1669575 -0.6467774 -0.6886186 0.3092113 -0.655891 -0.686138 0.3145423 -0.6559557 0.5681823 -0.07254177 0.8196991 0.5681826 -0.07254171 0.819699 0.5681829 -0.07254171 0.8196986 0.1001715 0.5937268 0.7984073 0.1001713 0.5937268 0.7984073 0.1001712 0.5937268 0.7984074 -0.7578864 0.6504151 0.05068045 -0.7578864 0.6504153 0.05068033 -0.7578864 0.6504151 0.05068045 -0.7606717 -0.3910465 -0.5181326 -0.7606714 -0.3910466 -0.518133 -0.7606719 -0.3910465 -0.5181325 0.09790986 -0.992668 -0.07087951 0.5713657 -0.6479575 0.5036788 0.5713653 -0.6479573 0.5036795 0.5713654 -0.6479573 0.5036795 0.5851985 0.2396896 0.7746558 0.585198 0.2396895 0.7746562 0.5851982 0.2396895 0.774656 0.1183432 0.8522391 0.5095915 0.1183431 0.852239 0.5095916 0.1183432 0.852239 0.5095915 -0.764972 0.6126526 -0.1986821 -0.764972 0.6126528 -0.1986824 -0.7649721 0.6126527 -0.1986822 -0.764948 -0.5598158 -0.3185295 -0.764948 -0.5598155 -0.3185298 -0.764948 -0.5598157 -0.3185295 0.09810709 -0.9424456 0.3196425 0.09810703 -0.9424456 0.3196425 0.09810703 -0.9424455 0.3196426 0.5816851 -0.3976194 0.7096064 0.581685 -0.3976194 0.7096065 0.5816847 -0.3976194 0.7096068 0.4700205 0.6378117 0.6101451 -0.7611966 0.3907528 -0.5175829 -0.7611966 0.3907529 -0.517583 -0.7611959 0.3907532 -0.5175836 0.5851262 -0.2397831 0.7746816 0.5851257 -0.239783 0.7746819 0.5851262 -0.2397831 0.7746814 0.1150785 -0.8514841 0.5115974 0.1150784 -0.8514841 0.5115975 0.1150784 -0.8514841 0.5115974 -0.7652102 -0.6123631 -0.1986575 -0.7652103 -0.6123631 -0.1986574 -0.7652103 -0.6123631 -0.1986573 -0.7680767 0.5540809 -0.3210182 -0.7680771 0.5540803 -0.3210181 -0.7680766 0.554081 -0.3210183 0.1066042 0.9401205 0.3237423 0.1066043 0.9401205 0.3237422 0.106604 0.9401205 0.3237425 0.5817773 0.39746 0.7096202 0.5817777 0.39746 0.7096198 0.5159056 0.05152869 0.8550943 0.5159061 0.05152881 0.855094 0.5159055 0.05152869 0.8550943 0.07218748 0.719289 0.6909503 0.07218796 0.7192888 0.6909505 0.0721876 0.719289 0.6909504 -0.7373536 0.664816 -0.1197056 -0.7451018 -0.449568 -0.4926581 -0.7451021 -0.4495681 -0.4926577 -0.7451022 -0.4495681 -0.4926573 0.07117033 -0.9903977 0.118521 0.07117033 -0.9903977 0.118521 0.07117027 -0.9903977 0.1185212 0.5112143 -0.56865 0.6444357 0.5112148 -0.5686498 0.6444353 0.5112147 -0.5686498 0.6444354 -0.003198981 -0.9992649 -0.03820449 -0.003199338 -0.9992648 -0.03820425 -0.003199517 -0.9992649 -0.03820419 -0.675284 -0.3050296 -0.671527 -0.675284 -0.3050296 -0.6715269 -0.6752841 -0.3050296 -0.6715269 0.5764696 0.3449965 0.7407161 0.08863043 0.9113841 0.4019002 0.08863013 0.9113839 0.4019005 0.08863055 0.9113842 0.4019001 -0.7716497 0.5798131 -0.2614834 -0.7716497 0.5798131 -0.2614833 -0.7716498 0.5798132 -0.2614829 -0.7534486 -0.6048865 -0.2577357 -0.7534491 -0.6048857 -0.2577358 -0.7534487 -0.6048862 -0.2577357 0.1202265 -0.8985394 0.4221047 0.1202263 -0.8985394 0.422105 0.1202265 -0.8985395 0.4221048 0.5861612 -0.3145821 0.746628 0.586161 -0.314582 0.7466281 0.5861611 -0.3145821 0.746628 0.4729075 -0.04755014 0.8798282 0.4729074 -0.0475502 0.8798283 0.4729074 -0.04755014 0.8798282 0.05389267 0.6421789 0.764658 0.05389249 0.6421788 0.764658 0.05389231 0.6421788 0.7646582 -0.7238481 0.6840245 -0.09030264 -0.7238476 0.6840248 -0.0903033 -0.7238479 0.6840245 -0.09030282 -0.718729 -0.3923547 -0.5740091 -0.7187287 -0.3923544 -0.5740097 -0.718729 -0.3923547 -0.5740091 0.04354453 -0.9989737 0.01246821 0.0435447 -0.9989737 0.01246809 0.04354441 -0.9989737 0.01246827 0.4700201 -0.6378117 0.6101453 -0.6790165 0.5738713 -0.4578301 -0.6790167 0.5738711 -0.45783 -0.6790167 0.5738711 -0.45783 -0.01257288 0.9076839 0.4194663 0.4714351 0.209143 0.8567428 0.4714348 0.2091429 0.856743 0.4714345 0.2091428 0.8567432 0.05425286 0.8311105 0.5534546 -0.7189322 0.6403468 -0.2703561 -0.7280768 -0.521875 -0.4444669 -0.7280769 -0.521875 -0.4444667 -0.7280766 -0.521875 -0.4444671 0.04434061 -0.9559819 0.2900564 0.4658316 -0.4497581 0.762049 0.4658317 -0.4497582 0.7620489 0.4658318 -0.4497582 0.7620486 0.4728704 -0.2092898 0.8559155 0.4728708 -0.2092899 0.8559154 0.4728711 -0.2092899 0.8559152 0.05398201 -0.8340382 0.5490593 0.05398201 -0.8340383 0.5490594 0.05398172 -0.8340382 0.5490593 -0.7189015 -0.6403271 -0.2704843 -0.7291529 0.5221143 -0.442417 -0.7291529 0.5221143 -0.4424169 -0.7291527 0.5221142 -0.4424174 0.044357 0.9559403 0.2901905 0.4693076 0.4511035 0.7591153 0.4693074 0.4511035 0.7591154 0.4693075 0.4511035 0.7591154 0.3139911 0.1160228 0.9423101 0.3139913 0.1160229 0.94231 0.3139916 0.116023 0.9423099 -0.02238816 0.7765949 0.6296025 -0.02238839 0.7765948 0.6296026 -0.02238857 0.7765948 0.6296027 0.09692698 0.9930689 -0.06647855 0.09692704 0.9930689 -0.06647849 0.09692722 0.9930689 -0.06647849 0.5703172 0.6476432 0.5052689 0.570317 0.6476432 0.5052691 0.5703173 0.6476432 0.5052687 0.4729078 0.04755038 0.879828 0.4729074 0.04755043 0.8798282 0.4729075 0.04755043 0.8798282 0.05391013 -0.6422237 0.7646192 0.05390995 -0.6422236 0.7646192 0.05391067 -0.6422238 0.7646191 -0.7238552 -0.6840187 -0.09028893 -0.7238557 -0.6840183 -0.09028816 -0.7238553 -0.6840186 -0.09028881 -0.7206216 0.3900706 -0.5731924 -0.7206217 0.3900707 -0.5731922 -0.7206215 0.3900706 -0.5731925 0.04354989 0.9989734 0.01246696 0.04354995 0.9989734 0.01246696 0.04355025 0.9989734 0.01246672 -0.7574495 -0.6509588 0.05023121 -0.7574493 -0.6509588 0.05023097 -0.7574493 -0.6509588 0.05023103 0.5681456 0.07253742 0.8197249 0.5681459 0.07253736 0.8197247 0.5681461 0.07253736 0.8197247 0.1004921 -0.5937172 0.7983742 0.1004927 -0.5937173 0.7983741 0.1004923 -0.5937172 0.7983742 0.3686485 -0.1186847 0.9219611 0.001857936 0.5941713 0.8043364 0.001857638 0.5941711 0.8043366 0.001857697 0.5941711 0.8043366 -0.6703711 0.731916 -0.1220723 -0.6703708 0.7319163 -0.1220724 -0.6703708 0.7319162 -0.1220723 0.3636139 -0.7019829 0.6123766 0.3636143 -0.701983 0.6123763 0.363614 -0.7019829 0.6123765 0.5964502 -0.5059477 0.6231084 0.650428 -0.3557028 0.6711326 0.6504279 -0.3557028 0.6711327 0.6504276 -0.3557028 0.6711331 0.3604789 0.3465142 0.8660156 0.360479 0.3465143 0.8660155 0.3604791 0.3465144 0.8660153 -0.6667424 -0.6020732 -0.4392749 0.007119476 -0.8959059 0.4441871 0.007120013 -0.8959058 0.444187 0.007120192 -0.8959058 0.444187 0.372658 -0.3067057 0.8758183 0.3726588 -0.3067056 0.875818 0.3726591 -0.3067055 0.875818 -0.0338217 0.9776245 0.207621 0.3126389 0.5189771 0.7955626 0.3126392 0.518977 0.7955625 0.3126388 0.5189771 0.7955626 -0.6366945 0.694031 -0.3360671 -0.6366945 0.694031 -0.336067 -0.6366943 0.6940308 -0.3360679 -0.6474657 -0.4531822 -0.6127106 -0.6474652 -0.4531824 -0.612711 -0.6474652 -0.4531823 -0.6127109 -0.03382259 -0.9776248 0.2076191 0.312632 -0.5189819 0.795562 0.3126314 -0.5189821 0.7955622 0.3126316 -0.5189821 0.7955623 -0.7451022 0.4495682 -0.4926574 -0.7451021 0.449568 -0.4926577 -0.7451018 0.449568 -0.4926581 -0.737353 -0.6648166 -0.1197065 0.5123012 0.5628599 0.648642 0.3161131 -0.1054655 0.9428413 0.3161129 -0.1054656 0.9428413 0.3161129 -0.1054655 0.9428413 -0.02437716 -0.7758705 0.6304211 -0.0243774 -0.7758706 0.6304211 -0.02437782 -0.7758705 0.6304211 -0.6366921 -0.6940256 -0.336083 -0.6366919 -0.6940255 -0.3360832 -0.6366919 -0.6940255 -0.3360832 -0.6474733 0.4531775 -0.6127059 -0.6474731 0.4531776 -0.6127061 -0.6474734 0.4531775 -0.6127059 -0.6750366 0.3050696 -0.6717575 -0.6750362 0.3050696 -0.6717579 -0.6750369 0.3050696 -0.6717574 -0.6707376 -0.7309929 -0.1255413 -0.6707373 -0.7309931 -0.1255413 -0.6707376 -0.7309929 -0.1255413 0.07222807 -0.7192747 0.690961 0.07222759 -0.7192749 0.6909609 0.07222771 -0.7192748 0.6909609 0.5158958 -0.05152726 0.8551003 0.5158963 -0.05152732 0.8550999 0.5158957 -0.05152726 0.8551004 0.3667739 0.6973156 0.6158149 0.06455075 0.9914022 0.1138203 0.06455099 0.9914022 0.11382 0.06455117 0.9914022 0.1138198 0.3650671 0.1132927 0.9240621 0.3650669 0.1132929 0.9240622 0.3650668 0.1132929 0.9240622 0.001372277 -0.5940276 0.8044435 0.001372337 -0.5940276 0.8044435 0.001372814 -0.5940278 0.8044434 -0.006159186 0.9990592 -0.04292804</float_array>
          <technique_common>
            <accessor source="#needles_standard-mesh-normals-array" count="761" stride="3">
              <param name="X" type="float"/>
              <param name="Y" type="float"/>
              <param name="Z" type="float"/>
            </accessor>
          </technique_common>
        </source>
        <source id="needles_standard-mesh-map-0">
          <float_array id="needles_standard-mesh-map-0-array" count="2112">0.9888216 0.9433851 0.9901252 0.00967133 0.003940105 0.9442085 0.003940105 0.9442085 0.9901252 0.00967133 0.003000319 0.00807023 0.9888216 0.9433851 0.003940105 0.9442085 0.9901252 0.00967133 0.9901252 0.00967133 0.003940105 0.9442085 0.003000319 0.00807023 0.9891551 0.933901 0.9901252 0.00967133 0.009866952 0.931995 0.009866952 0.931995 0.9901252 0.00967133 0.01013982 0.008664906 0.9891551 0.933901 0.009866952 0.931995 0.9901252 0.00967133 0.9901252 0.00967133 0.009866952 0.931995 0.01013982 0.008664906 0.988094 0.942638 0.01183748 0.94122 0.9881547 0.01450484 0.9881547 0.01450484 0.01183748 0.94122 0.01013982 0.01381868 0.988094 0.942638 0.9881547 0.01450484 0.01183748 0.94122 0.01183748 0.94122 0.9881547 0.01450484 0.01013982 0.01381868 0.9888216 0.9433851 0.003940105 0.9442085 0.9901252 0.00967133 0.9901252 0.00967133 0.003940105 0.9442085 0.003000319 0.00807023 0.9888216 0.9433851 0.9901252 0.00967133 0.003940105 0.9442085 0.003940105 0.9442085 0.9901252 0.00967133 0.003000319 0.00807023 0.9903071 0.9434004 0.9872604 0.01395595 0.01020044 0.9413877 0.01020044 0.9413877 0.9872604 0.01395595 0.009957909 0.0126903 0.9903071 0.9434004 0.01020044 0.9413877 0.9872604 0.01395595 0.9872604 0.01395595 0.01020044 0.9413877 0.009957909 0.0126903 0.990201 0.01014399 0.9887459 0.9633445 0.003348946 0.009061396 0.003348946 0.009061396 0.9887459 0.9633445 0.002378821 0.9634817 0.990201 0.01014399 0.003348946 0.009061396 0.9887459 0.9633445 0.9887459 0.9633445 0.003348946 0.009061396 0.002378821 0.9634817 0.9895492 0.9485389 0.01183748 0.9504449 0.9901252 0.01933836 0.9901252 0.01933836 0.01183748 0.9504449 0.01309561 0.01881998 0.9895492 0.9485389 0.9901252 0.01933836 0.01183748 0.9504449 0.01183748 0.9504449 0.9901252 0.01933836 0.01309561 0.01881998 0.01144337 0.01023548 0.9901252 0.01208043 0.01183748 0.9399392 0.01183748 0.9399392 0.9901252 0.01208043 0.9891551 0.9390548 0.01144337 0.01023548 0.01183748 0.9399392 0.9901252 0.01208043 0.9901252 0.01208043 0.01183748 0.9399392 0.9891551 0.9390548 0.990201 0.01014399 0.003348946 0.009061396 0.9887459 0.9491336 0.9887459 0.9491336 0.003348946 0.009061396 0.002378821 0.9492708 0.990201 0.01014399 0.9887459 0.9491336 0.003348946 0.009061396 0.003348946 0.009061396 0.9887459 0.9491336 0.002378821 0.9492708 0.9875635 0.9376367 0.009866952 0.935685 0.9881547 0.01933836 0.9881547 0.01933836 0.009866952 0.935685 0.01112508 0.02167129 0.9875635 0.9376367 0.9881547 0.01933836 0.009866952 0.935685 0.009866952 0.935685 0.9881547 0.01933836 0.01112508 0.02167129 0.9875635 0.9394817 0.9881547 0.01933836 0.009866952 0.93753 0.009866952 0.93753 0.9881547 0.01933836 0.01112508 0.02167129 0.9875635 0.9394817 0.009866952 0.93753 0.9881547 0.01933836 0.9881547 0.01933836 0.009866952 0.93753 0.01112508 0.02167129 0.9895492 0.9319188 0.9901252 0.01933836 0.01183748 0.93384 0.01183748 0.93384 0.9901252 0.01933836 0.01309561 0.01881998 0.9895492 0.9319188 0.01183748 0.93384 0.9901252 0.01933836 0.9901252 0.01933836 0.01183748 0.93384 0.01309561 0.01881998 0.9872755 0.9851031 0.9875332 0.02177804 0.01076126 0.9839595 0.01076126 0.9839595 0.9875332 0.02177804 0.01174652 0.02368396 0.9872755 0.9851031 0.01076126 0.9839595 0.9875332 0.02177804 0.9875332 0.02177804 0.01076126 0.9839595 0.01174652 0.02368396 0.988094 0.938948 0.9881547 0.01450484 0.01183748 0.93753 0.01183748 0.93753 0.9881547 0.01450484 0.01013982 0.01381868 0.988094 0.938948 0.01183748 0.93753 0.9881547 0.01450484 0.9881547 0.01450484 0.01183748 0.93753 0.01013982 0.01381868 0.9891551 0.9560408 0.009866952 0.9541348 0.9901252 0.00967133 0.9901252 0.00967133 0.009866952 0.9541348 0.01013982 0.008664906 0.9891551 0.9560408 0.9901252 0.00967133 0.009866952 0.9541348 0.009866952 0.9541348 0.9901252 0.00967133 0.01013982 0.008664906 0.9891551 0.9464347 0.9901252 0.01208043 0.01183748 0.9473191 0.01183748 0.9473191 0.9901252 0.01208043 0.01144337 0.01023548 0.9891551 0.9464347 0.01183748 0.9473191 0.9901252 0.01208043 0.9901252 0.01208043 0.01183748 0.9473191 0.01144337 0.01023548 0.01317143 0.7824752 0.1898844 0.8066887 0.01317143 0.02107667 0.01317143 0.02107667 0.1898844 0.8066887 0.196554 0.03708684 0.196554 0.03708684 0.1898844 0.8066887 0.01317143 0.02107667 0.01317143 0.02107667 0.1898844 0.8066887 0.01317143 0.7824752 0.1898844 0.8066887 0.196554 0.03708684 0.3560776 0.8551157 0.3560776 0.8551157 0.196554 0.03708684 0.3144232 0.06912243 0.3560776 0.8551157 0.3144232 0.06912243 0.4986091 0.8793292 0.4986091 0.8793292 0.3144232 0.06912243 0.4986091 0.08513259 0.4986091 0.8793292 0.4986091 0.08513259 0.6411255 0.8551157 0.6411255 0.8551157 0.4986091 0.08513259 0.6827799 0.06912243 0.6411255 0.8551157 0.6827799 0.06912243 0.8073187 0.8066887 0.8073187 0.8066887 0.6827799 0.06912243 0.8006643 0.03708684 0.8073187 0.8066887 0.8006643 0.03708684 0.9840468 0.7824752 0.9840468 0.7824752 0.8006643 0.03708684 0.9840468 0.02107667 0.8006643 0.03708684 0.6827799 0.06912243 0.8073187 0.8066887 0.8073187 0.8066887 0.6827799 0.06912243 0.6411255 0.8551157 0.01317143 0.7824752 0.01317143 0.02107667 0.1898844 0.8066887 0.1898844 0.8066887 0.01317143 0.02107667 0.196554 0.03708684 0.1898844 0.8066887 0.196554 0.03708684 0.3560776 0.8551157 0.3560776 0.8551157 0.196554 0.03708684 0.3144232 0.06912243 0.3560776 0.8551157 0.3144232 0.06912243 0.4986091 0.8793292 0.4986091 0.8793292 0.3144232 0.06912243 0.4986091 0.08513259 0.4986091 0.8793292 0.4986091 0.08513259 0.6411255 0.8551157 0.6411255 0.8551157 0.4986091 0.08513259 0.6827799 0.06912243 0.6411255 0.8551157 0.6827799 0.06912243 0.8073187 0.8066887 0.8073187 0.8066887 0.6827799 0.06912243 0.8006643 0.03708684 0.8073187 0.8066887 0.8006643 0.03708684 0.9840468 0.7824752 0.9840468 0.7824752 0.8006643 0.03708684 0.9840468 0.02107667 0.01317143 0.7824752 0.1898844 0.8066887 0.01317143 0.02107667 0.01317143 0.02107667 0.1898844 0.8066887 0.196554 0.03708684 0.1898844 0.8066887 0.3560776 0.8551157 0.196554 0.03708684 0.196554 0.03708684 0.3560776 0.8551157 0.3144232 0.06912243 0.3560776 0.8551157 0.4986091 0.8793292 0.3144232 0.06912243 0.3144232 0.06912243 0.4986091 0.8793292 0.4986091 0.08513259 0.4986091 0.8793292 0.6411255 0.8551157 0.4986091 0.08513259 0.4986091 0.08513259 0.6411255 0.8551157 0.6827799 0.06912243 0.6411255 0.8551157 0.8073187 0.8066887 0.6827799 0.06912243 0.6827799 0.06912243 0.8073187 0.8066887 0.8006643 0.03708684 0.8073187 0.8066887 0.9840468 0.7824752 0.8006643 0.03708684 0.8006643 0.03708684 0.9840468 0.7824752 0.9840468 0.02107667 0.6827799 0.06912243 0.6411255 0.8551157 0.4986091 0.08513259 0.4986091 0.08513259 0.6411255 0.8551157 0.4986091 0.8793292 0.01317143 0.7824752 0.01317143 0.02107667 0.1898844 0.8066887 0.1898844 0.8066887 0.01317143 0.02107667 0.196554 0.03708684 0.1898844 0.8066887 0.196554 0.03708684 0.3560776 0.8551157 0.3560776 0.8551157 0.196554 0.03708684 0.3144232 0.06912243 0.3560776 0.8551157 0.3144232 0.06912243 0.4986091 0.8793292 0.4986091 0.8793292 0.3144232 0.06912243 0.4986091 0.08513259 0.4986091 0.8793292 0.4986091 0.08513259 0.6411255 0.8551157 0.6411255 0.8551157 0.4986091 0.08513259 0.6827799 0.06912243 0.6411255 0.8551157 0.6827799 0.06912243 0.8073187 0.8066887 0.8073187 0.8066887 0.6827799 0.06912243 0.8006643 0.03708684 0.8073187 0.8066887 0.8006643 0.03708684 0.9840468 0.7824752 0.9840468 0.7824752 0.8006643 0.03708684 0.9840468 0.02107667 0.01317143 0.7824752 0.01317143 0.02107667 0.1898844 0.8066887 0.1898844 0.8066887 0.01317143 0.02107667 0.196554 0.03708684 0.1898844 0.8066887 0.196554 0.03708684 0.3560776 0.8551157 0.3560776 0.8551157 0.196554 0.03708684 0.3144232 0.06912243 0.3560776 0.8551157 0.3144232 0.06912243 0.4986091 0.8793292 0.4986091 0.8793292 0.3144232 0.06912243 0.4986091 0.08513259 0.4986091 0.8793292 0.4986091 0.08513259 0.6411255 0.8551157 0.6411255 0.8551157 0.4986091 0.08513259 0.6827799 0.06912243 0.6411255 0.8551157 0.6827799 0.06912243 0.8073187 0.8066887 0.8073187 0.8066887 0.6827799 0.06912243 0.8006643 0.03708684 0.8073187 0.8066887 0.8006643 0.03708684 0.9840468 0.7824752 0.9840468 0.7824752 0.8006643 0.03708684 0.9840468 0.02107667 0.4986091 0.08513259 0.4986091 0.8793292 0.3144232 0.06912243 0.3144232 0.06912243 0.4986091 0.8793292 0.3560776 0.8551157 0.01317143 0.7824752 0.01317143 0.02107667 0.1898844 0.8066887 0.1898844 0.8066887 0.01317143 0.02107667 0.196554 0.03708684 0.1898844 0.8066887 0.196554 0.03708684 0.3560776 0.8551157 0.3560776 0.8551157 0.196554 0.03708684 0.3144232 0.06912243 0.3560776 0.8551157 0.3144232 0.06912243 0.4986091 0.8793292 0.4986091 0.8793292 0.3144232 0.06912243 0.4986091 0.08513259 0.4986091 0.8793292 0.4986091 0.08513259 0.6411255 0.8551157 0.6411255 0.8551157 0.4986091 0.08513259 0.6827799 0.06912243 0.6411255 0.8551157 0.6827799 0.06912243 0.8073187 0.8066887 0.8073187 0.8066887 0.6827799 0.06912243 0.8006643 0.03708684 0.8073187 0.8066887 0.8006643 0.03708684 0.9840468 0.7824752 0.9840468 0.7824752 0.8006643 0.03708684 0.9840468 0.02107667 0.01317143 0.7824752 0.01317143 0.02107667 0.1898844 0.8066887 0.1898844 0.8066887 0.01317143 0.02107667 0.196554 0.03708684 0.1898844 0.8066887 0.196554 0.03708684 0.3560776 0.8551157 0.3560776 0.8551157 0.196554 0.03708684 0.3144232 0.06912243 0.3560776 0.8551157 0.3144232 0.06912243 0.4986091 0.8793292 0.4986091 0.8793292 0.3144232 0.06912243 0.4986091 0.08513259 0.4986091 0.8793292 0.4986091 0.08513259 0.6411255 0.8551157 0.6411255 0.8551157 0.4986091 0.08513259 0.6827799 0.06912243 0.6411255 0.8551157 0.6827799 0.06912243 0.8073187 0.8066887 0.8073187 0.8066887 0.6827799 0.06912243 0.8006643 0.03708684 0.8073187 0.8066887 0.8006643 0.03708684 0.9840468 0.7824752 0.9840468 0.7824752 0.8006643 0.03708684 0.9840468 0.02107667 0.3144232 0.06912243 0.3560776 0.8551157 0.196554 0.03708684 0.196554 0.03708684 0.3560776 0.8551157 0.1898844 0.8066887 0.01317143 0.7824752 0.1898844 0.8066887 0.01317143 0.02107667 0.01317143 0.02107667 0.1898844 0.8066887 0.196554 0.03708684 0.1898844 0.8066887 0.3560776 0.8551157 0.196554 0.03708684 0.196554 0.03708684 0.3560776 0.8551157 0.3144232 0.06912243 0.3560776 0.8551157 0.4986091 0.8793292 0.3144232 0.06912243 0.3144232 0.06912243 0.4986091 0.8793292 0.4986091 0.08513259 0.4986091 0.8793292 0.6411255 0.8551157 0.4986091 0.08513259 0.4986091 0.08513259 0.6411255 0.8551157 0.6827799 0.06912243 0.6411255 0.8551157 0.8073187 0.8066887 0.6827799 0.06912243 0.6827799 0.06912243 0.8073187 0.8066887 0.8006643 0.03708684 0.8073187 0.8066887 0.9840468 0.7824752 0.8006643 0.03708684 0.8006643 0.03708684 0.9840468 0.7824752 0.9840468 0.02107667 0.9840468 0.02107667 0.9840468 0.7824752 0.8006643 0.03708684 0.8006643 0.03708684 0.9840468 0.7824752 0.8073187 0.8066887 0.1898844 0.8066887 0.3560776 0.8551157 0.196554 0.03708684 0.196554 0.03708684 0.3560776 0.8551157 0.3144232 0.06912243 0.3560776 0.8551157 0.4986091 0.8793292 0.3144232 0.06912243 0.3144232 0.06912243 0.4986091 0.8793292 0.4986091 0.08513259 0.4986091 0.8793292 0.6411255 0.8551157 0.4986091 0.08513259 0.4986091 0.08513259 0.6411255 0.8551157 0.6827799 0.06912243 0.8073187 0.8066887 0.9840468 0.7824752 0.8006643 0.03708684 0.8006643 0.03708684 0.9840468 0.7824752 0.9840468 0.02107667 0.196554 0.03708684 0.01317143 0.02107667 0.1898844 0.8066887 0.1898844 0.8066887 0.01317143 0.02107667 0.01317143 0.7824752 0.01317143 0.7824752 0.01317143 0.02107667 0.1898844 0.8066887 0.1898844 0.8066887 0.01317143 0.02107667 0.196554 0.03708684 0.1898844 0.8066887 0.196554 0.03708684 0.3560776 0.8551157 0.3560776 0.8551157 0.196554 0.03708684 0.3144232 0.06912243 0.3560776 0.8551157 0.3144232 0.06912243 0.4986091 0.8793292 0.4986091 0.8793292 0.3144232 0.06912243 0.4986091 0.08513259 0.6411255 0.8551157 0.6827799 0.06912243 0.8073187 0.8066887 0.8073187 0.8066887 0.6827799 0.06912243 0.8006643 0.03708684 0.8073187 0.8066887 0.8006643 0.03708684 0.9840468 0.7824752 0.9840468 0.7824752 0.8006643 0.03708684 0.9840468 0.02107667 0.8073187 0.8066887 0.9840468 0.7824752 0.8006643 0.03708684 0.8006643 0.03708684 0.9840468 0.7824752 0.9840468 0.02107667 0.6411255 0.8551157 0.8073187 0.8066887 0.6827799 0.06912243 0.6827799 0.06912243 0.8073187 0.8066887 0.8006643 0.03708684 0.6827799 0.06912243 0.4986091 0.08513259 0.6411255 0.8551157 0.6411255 0.8551157 0.4986091 0.08513259 0.4986091 0.8793292 0.01317143 0.7824752 0.01317143 0.02107667 0.1898844 0.8066887 0.1898844 0.8066887 0.01317143 0.02107667 0.196554 0.03708684 0.1898844 0.8066887 0.196554 0.03708684 0.3560776 0.8551157 0.3560776 0.8551157 0.196554 0.03708684 0.3144232 0.06912243 0.6411255 0.8551157 0.8073187 0.8066887 0.6827799 0.06912243 0.6827799 0.06912243 0.8073187 0.8066887 0.8006643 0.03708684 0.4986091 0.8793292 0.4986091 0.08513259 0.6411255 0.8551157 0.6411255 0.8551157 0.4986091 0.08513259 0.6827799 0.06912243 0.6411255 0.8551157 0.6827799 0.06912243 0.8073187 0.8066887 0.8073187 0.8066887 0.6827799 0.06912243 0.8006643 0.03708684 0.4986091 0.8793292 0.6411255 0.8551157 0.4986091 0.08513259 0.4986091 0.08513259 0.6411255 0.8551157 0.6827799 0.06912243 0.01317143 0.7824752 0.01317143 0.02107667 0.1898844 0.8066887 0.1898844 0.8066887 0.01317143 0.02107667 0.196554 0.03708684 0.3560776 0.8551157 0.4986091 0.8793292 0.3144232 0.06912243 0.3144232 0.06912243 0.4986091 0.8793292 0.4986091 0.08513259 0.3560776 0.8551157 0.3144232 0.06912243 0.4986091 0.8793292 0.4986091 0.8793292 0.3144232 0.06912243 0.4986091 0.08513259 0.4986091 0.8793292 0.4986091 0.08513259 0.6411255 0.8551157 0.6411255 0.8551157 0.4986091 0.08513259 0.6827799 0.06912243 0.6411255 0.8551157 0.6827799 0.06912243 0.8073187 0.8066887 0.8073187 0.8066887 0.6827799 0.06912243 0.8006643 0.03708684 0.1898844 0.8066887 0.3560776 0.8551157 0.196554 0.03708684 0.196554 0.03708684 0.3560776 0.8551157 0.3144232 0.06912243 0.4986091 0.8793292 0.6411255 0.8551157 0.4986091 0.08513259 0.4986091 0.08513259 0.6411255 0.8551157 0.6827799 0.06912243 0.01317143 0.7824752 0.1898844 0.8066887 0.01317143 0.02107667 0.01317143 0.02107667 0.1898844 0.8066887 0.196554 0.03708684 0.1898844 0.8066887 0.3560776 0.8551157 0.196554 0.03708684 0.196554 0.03708684 0.3560776 0.8551157 0.3144232 0.06912243 0.3560776 0.8551157 0.4986091 0.8793292 0.3144232 0.06912243 0.3144232 0.06912243 0.4986091 0.8793292 0.4986091 0.08513259 0.9840468 0.02107667 0.8006643 0.03708684 0.9840468 0.7824752 0.9840468 0.7824752 0.8006643 0.03708684 0.8073187 0.8066887 0.8073187 0.8066887 0.9840468 0.7824752 0.8006643 0.03708684 0.8006643 0.03708684 0.9840468 0.7824752 0.9840468 0.02107667 0.01317143 0.7824752 0.1898844 0.8066887 0.01317143 0.02107667 0.01317143 0.02107667 0.1898844 0.8066887 0.196554 0.03708684 0.1898844 0.8066887 0.3560776 0.8551157 0.196554 0.03708684 0.196554 0.03708684 0.3560776 0.8551157 0.3144232 0.06912243 0.3560776 0.8551157 0.4986091 0.8793292 0.3144232 0.06912243 0.3144232 0.06912243 0.4986091 0.8793292 0.4986091 0.08513259 0.6411255 0.8551157 0.8073187 0.8066887 0.6827799 0.06912243 0.6827799 0.06912243 0.8073187 0.8066887 0.8006643 0.03708684 0.01317143 0.7824752 0.1898844 0.8066887 0.01317143 0.02107667 0.01317143 0.02107667 0.1898844 0.8066887 0.196554 0.03708684 0.8073187 0.8066887 0.9840468 0.7824752 0.8006643 0.03708684 0.8006643 0.03708684 0.9840468 0.7824752 0.9840468 0.02107667 0.8006643 0.03708684 0.6827799 0.06912243 0.8073187 0.8066887 0.8073187 0.8066887 0.6827799 0.06912243 0.6411255 0.8551157 0.3144232 0.06912243 0.196554 0.03708684 0.3560776 0.8551157 0.3560776 0.8551157 0.196554 0.03708684 0.1898844 0.8066887 0.3560776 0.8551157 0.4986091 0.8793292 0.3144232 0.06912243 0.3144232 0.06912243 0.4986091 0.8793292 0.4986091 0.08513259 0.6827799 0.06912243 0.4986091 0.08513259 0.6411255 0.8551157 0.6411255 0.8551157 0.4986091 0.08513259 0.4986091 0.8793292 0.4986091 0.9738197 0.01317143 0.7824752 0.1898844 0.8066887 0.4986091 0.9738197 0.1898844 0.8066887 0.3560776 0.8551157 0.4986091 0.9738197 0.3560776 0.8551157 0.4986091 0.8793292 0.4986091 0.9738197 0.4986091 0.8793292 0.6411255 0.8551157 0.4986091 0.9738197 0.6411255 0.8551157 0.8073187 0.8066887 0.4986091 0.9738197 0.8073187 0.8066887 0.9840468 0.7824752 0.4986091 0.9738197 0.01317143 0.7824752 0.1898844 0.8066887 0.4986091 0.9738197 0.1898844 0.8066887 0.3560776 0.8551157 0.4986091 0.9738197 0.3560776 0.8551157 0.4986091 0.8793292 0.4986091 0.9738197 0.4986091 0.8793292 0.6411255 0.8551157 0.4986091 0.9738197 0.6411255 0.8551157 0.8073187 0.8066887 0.4986091 0.9738197 0.8073187 0.8066887 0.9840468 0.7824752 0.9840468 0.7824752 0.8073187 0.8066887 0.4986091 0.9738197 0.6411255 0.8551157 0.4986091 0.8793292 0.4986091 0.9738197 0.1898844 0.8066887 0.01317143 0.7824752 0.4986091 0.9738197 0.3560776 0.8551157 0.1898844 0.8066887 0.4986091 0.9738197 0.4986091 0.8793292 0.3560776 0.8551157 0.4986091 0.9738197 0.6411255 0.8551157 0.4986091 0.8793292 0.4986091 0.9738197 0.8073187 0.8066887 0.6411255 0.8551157 0.4986091 0.9738197 0.9840468 0.7824752 0.8073187 0.8066887 0.4986091 0.9738197 0.4986091 0.9738197 0.01317143 0.7824752 0.1898844 0.8066887 0.4986091 0.9738197 0.1898844 0.8066887 0.3560776 0.8551157 0.4986091 0.9738197 0.3560776 0.8551157 0.4986091 0.8793292 0.4986091 0.9738197 0.4986091 0.8793292 0.6411255 0.8551157 0.4986091 0.9738197 0.6411255 0.8551157 0.8073187 0.8066887 0.4986091 0.9738197 0.8073187 0.8066887 0.9840468 0.7824752 0.4986091 0.9738197 0.6411255 0.8551157 0.8073187 0.8066887 0.4986091 0.9738197 0.4986091 0.8793292 0.6411255 0.8551157 0.4986091 0.9738197 0.01317143 0.7824752 0.1898844 0.8066887 0.4986091 0.9738197 0.1898844 0.8066887 0.3560776 0.8551157 0.4986091 0.9738197 0.3560776 0.8551157 0.4986091 0.8793292 0.4986091 0.9738197 0.4986091 0.8793292 0.6411255 0.8551157 0.4986091 0.9738197 0.6411255 0.8551157 0.8073187 0.8066887 0.4986091 0.9738197 0.8073187 0.8066887 0.9840468 0.7824752 0.4986091 0.9738197 0.01317143 0.7824752 0.1898844 0.8066887 0.4986091 0.9738197 0.1898844 0.8066887 0.3560776 0.8551157 0.4986091 0.9738197 0.3560776 0.8551157 0.4986091 0.8793292 0.4986091 0.9738197 0.4986091 0.8793292 0.6411255 0.8551157 0.4986091 0.9738197 0.6411255 0.8551157 0.8073187 0.8066887 0.4986091 0.9738197 0.8073187 0.8066887 0.9840468 0.7824752 0.4986091 0.9738197 0.3560776 0.8551157 0.4986091 0.8793292 0.4986091 0.9738197 0.1898844 0.8066887 0.3560776 0.8551157 0.4986091 0.9738197 0.01317143 0.7824752 0.1898844 0.8066887 0.4986091 0.9738197 0.1898844 0.8066887 0.3560776 0.8551157 0.4986091 0.9738197 0.3560776 0.8551157 0.4986091 0.8793292 0.4986091 0.9738197 0.4986091 0.8793292 0.6411255 0.8551157 0.4986091 0.9738197 0.6411255 0.8551157 0.8073187 0.8066887 0.4986091 0.9738197 0.8073187 0.8066887 0.9840468 0.7824752 0.1898844 0.8066887 0.01317143 0.7824752 0.4986091 0.9738197 0.3560776 0.8551157 0.1898844 0.8066887 0.4986091 0.9738197 0.4986091 0.8793292 0.3560776 0.8551157 0.4986091 0.9738197 0.6411255 0.8551157 0.4986091 0.8793292 0.4986091 0.9738197 0.8073187 0.8066887 0.6411255 0.8551157 0.4986091 0.9738197 0.9840468 0.7824752 0.8073187 0.8066887 0.4986091 0.9738197 0.4986091 0.9738197 0.01317143 0.7824752 0.1898844 0.8066887 0.4986091 0.9738197 0.1898844 0.8066887 0.3560776 0.8551157 0.8073187 0.8066887 0.6411255 0.8551157 0.4986091 0.9738197 0.9840468 0.7824752 0.8073187 0.8066887 0.4986091 0.9738197 0.1898844 0.8066887 0.01317143 0.7824752 0.4986091 0.9738197 0.3560776 0.8551157 0.1898844 0.8066887 0.4986091 0.9738197 0.4986091 0.8793292 0.3560776 0.8551157 0.4986091 0.9738197 0.6411255 0.8551157 0.4986091 0.8793292 0.4986091 0.9738197 0.8073187 0.8066887 0.6411255 0.8551157 0.4986091 0.9738197 0.4986091 0.8793292 0.3560776 0.8551157 0.4986091 0.9738197 0.1898844 0.8066887 0.01317143 0.7824752 0.4986091 0.9738197 0.3560776 0.8551157 0.1898844 0.8066887 0.4986091 0.9738197 0.4986091 0.9738197 0.01317143 0.7824752 0.1898844 0.8066887 0.4986091 0.9738197 0.1898844 0.8066887 0.3560776 0.8551157 0.4986091 0.9738197 0.3560776 0.8551157 0.4986091 0.8793292 0.4986091 0.9738197 0.8073187 0.8066887 0.9840468 0.7824752 0.8006643 0.03708684 0.9840468 0.7824752 0.8073187 0.8066887 0.8006643 0.03708684 0.9840468 0.02107667 0.9840468 0.7824752 0.4986091 0.9738197 0.01317143 0.7824752 0.1898844 0.8066887 0.4986091 0.9738197 0.4986091 0.8793292 0.6411255 0.8551157 0.4986091 0.9738197 0.6411255 0.8551157 0.8073187 0.8066887 0.4986091 0.9738197 0.8073187 0.8066887 0.9840468 0.7824752 0.8073187 0.8066887 0.6411255 0.8551157 0.4986091 0.9738197 0.9840468 0.7824752 0.8073187 0.8066887 0.4986091 0.9738197 0.4986091 0.9738197 0.3560776 0.8551157 0.4986091 0.8793292 0.4986091 0.9738197 0.4986091 0.8793292 0.6411255 0.8551157 0.4986091 0.9738197 0.6411255 0.8551157 0.8073187 0.8066887 0.4986091 0.9738197 0.8073187 0.8066887 0.9840468 0.7824752 0.6411255 0.8551157 0.4986091 0.8793292 0.4986091 0.9738197 0.4986091 0.8793292 0.3560776 0.8551157 0.4986091 0.9738197 0.9840468 0.7824752 0.8073187 0.8066887 0.4986091 0.9738197 0.1898844 0.8066887 0.01317143 0.7824752 0.4986091 0.9738197 0.3560776 0.8551157 0.1898844 0.8066887 0.4986091 0.9738197 0.4986091 0.8793292 0.3560776 0.8551157 0.4986091 0.9738197 0.6411255 0.8551157 0.4986091 0.8793292 0.4986091 0.9738197 0.6411255 0.8551157 0.4986091 0.8793292 0.4986091 0.9738197 0.4986091 0.8793292 0.3560776 0.8551157 0.4986091 0.9738197 0.3560776 0.8551157 0.1898844 0.8066887 0.4986091 0.9738197 0.1898844 0.8066887 0.01317143 0.7824752 0.4986091 0.9738197 0.9840468 0.7824752 0.8073187 0.8066887 0.4986091 0.9738197 0.8073187 0.8066887 0.6411255 0.8551157 0.4986091 0.9738197 0.1898844 0.8066887 0.01317143 0.7824752 0.4986091 0.9738197 0.3560776 0.8551157 0.1898844 0.8066887 0.4986091 0.9738197 0.8073187 0.8066887 0.6411255 0.8551157 0.4986091 0.9738197</float_array>
          <technique_common>
            <accessor source="#needles_standard-mesh-map-0-array" count="1056" stride="2">
              <param name="S" type="float"/>
              <param name="T" type="float"/>
            </accessor>
          </technique_common>
        </source>
        <vertices id="needles_standard-mesh-vertices">
          <input semantic="POSITION" source="#needles_standard-mesh-positions"/>
        </vertices>
        <triangles material="needler_luminous-material" count="288">
          <input semantic="VERTEX" source="#needles_standard-mesh-vertices" offset="0"/>
          <input semantic="NORMAL" source="#needles_standard-mesh-normals" offset="1"/>
          <input semantic="TEXCOORD" source="#needles_standard-mesh-map-0" offset="2" set="0"/>
          <p>128 128 192 129 129 193 130 130 194 130 130 195 129 129 196 131 131 197 132 132 198 133 133 199 134 134 200 134 134 201 133 133 202 135 135 203 136 136 204 137 137 205 138 138 206 138 138 207 137 137 208 139 139 209 140 140 210 141 141 211 142 142 212 142 142 213 141 141 214 143 143 215 144 144 216 145 145 217 146 146 218 146 146 219 145 145 220 147 147 221 148 148 222 149 149 223 150 150 224 150 150 225 149 149 226 151 151 227 152 152 228 153 153 229 154 154 230 154 154 231 153 153 232 155 155 233 156 156 234 157 157 235 158 158 236 158 158 237 157 157 238 159 159 239 160 160 240 161 161 241 162 162 242 162 162 243 161 161 244 163 163 245 164 164 246 165 165 247 166 166 248 166 166 249 165 165 250 167 167 251 168 168 252 169 169 253 170 170 254 170 170 255 169 169 256 171 171 257 172 172 258 173 173 259 174 174 260 174 174 261 173 173 262 175 175 263 176 176 264 177 177 265 178 178 266 178 178 267 177 177 268 179 179 269 180 180 270 181 181 271 182 182 272 182 182 273 181 181 274 183 183 275 184 184 276 185 185 277 186 186 278 186 186 279 185 185 280 187 187 281 188 188 282 189 189 283 190 190 284 190 190 285 189 189 286 191 191 287 192 192 288 193 193 289 194 194 290 194 194 291 193 193 292 195 195 293 196 196 294 197 197 295 198 198 296 198 198 297 197 197 298 199 199 299 200 200 300 201 201 301 202 202 302 202 202 303 201 201 304 203 203 305 204 204 306 205 205 307 206 206 308 206 206 309 205 205 310 207 207 311 208 208 312 209 209 313 210 210 314 210 210 315 209 209 316 211 211 317 212 212 318 213 213 319 214 214 320 214 214 321 213 213 322 215 215 323 216 216 324 217 217 325 218 218 326 218 218 327 217 217 328 219 219 329 220 220 330 221 221 331 222 222 332 222 222 333 221 221 334 223 223 335 224 224 336 225 225 337 226 226 338 226 226 339 225 225 340 227 227 341 228 228 342 229 229 343 230 230 344 230 230 345 229 229 346 231 231 347 232 232 348 233 233 349 234 234 350 234 234 351 233 233 352 235 235 353 236 236 354 237 237 355 238 238 356 238 238 357 237 237 358 239 239 359 240 240 360 241 241 361 242 242 362 242 242 363 241 241 364 243 243 365 244 244 366 245 245 367 246 246 368 246 246 369 245 245 370 247 247 371 248 248 372 249 249 373 250 250 374 250 250 375 249 249 376 251 251 377 252 252 378 253 253 379 254 254 380 254 254 381 253 253 382 255 255 383 256 256 384 257 257 385 258 258 386 258 258 387 257 257 388 259 259 389 260 260 390 261 261 391 262 262 392 262 262 393 261 261 394 263 263 395 264 264 396 265 265 397 266 266 398 266 266 399 265 265 400 267 267 401 268 268 402 269 269 403 270 270 404 270 270 405 269 269 406 271 271 407 272 272 408 273 273 409 274 274 410 274 274 411 273 273 412 275 275 413 276 276 414 277 277 415 278 278 416 278 278 417 277 277 418 279 279 419 280 280 420 281 281 421 282 282 422 282 282 423 281 281 424 283 283 425 284 284 426 285 285 427 286 286 428 286 286 429 285 285 430 287 287 431 288 288 432 289 289 433 290 290 434 290 290 435 289 289 436 291 291 437 292 292 438 293 293 439 294 294 440 294 294 441 293 293 442 295 295 443 296 296 444 297 297 445 298 298 446 298 298 447 297 297 448 299 299 449 300 300 450 301 301 451 302 302 452 302 302 453 301 301 454 303 303 455 304 304 456 305 305 457 306 306 458 306 306 459 305 305 460 307 307 461 308 308 462 309 309 463 310 310 464 310 310 465 309 309 466 311 311 467 312 312 468 313 313 469 314 314 470 314 314 471 313 313 472 315 315 473 316 316 474 317 317 475 318 318 476 318 318 477 317 317 478 319 319 479 320 320 480 321 321 481 322 322 482 322 322 483 321 321 484 323 323 485 324 324 486 325 325 487 326 326 488 326 326 489 325 325 490 327 327 491 328 328 492 329 329 493 330 330 494 330 330 495 329 329 496 331 331 497 332 332 498 333 333 499 334 334 500 334 334 501 333 333 502 335 335 503 336 336 504 337 337 505 338 338 506 338 338 507 337 337 508 339 339 509 340 340 510 341 341 511 342 342 512 342 342 513 341 341 514 343 343 515 344 344 516 345 345 517 346 346 518 346 346 519 345 345 520 347 347 521 348 348 522 349 349 523 350 350 524 350 350 525 349 349 526 351 351 527 352 352 528 353 353 529 354 354 530 354 354 531 353 353 532 355 355 533 356 356 534 357 357 535 358 358 536 358 358 537 357 357 538 359 359 539 360 360 540 361 361 541 362 362 542 362 362 543 361 361 544 363 363 545 364 364 546 365 365 547 366 366 548 366 366 549 365 365 550 367 367 551 368 368 552 369 369 553 370 370 554 370 370 555 369 369 556 371 371 557 372 372 558 373 373 559 374 374 560 374 374 561 373 373 562 375 375 563 376 376 564 377 377 565 378 378 566 378 378 567 377 377 568 379 379 569 380 380 570 381 381 571 382 382 572 382 382 573 381 381 574 383 383 575 384 384 576 385 385 577 386 386 578 386 386 579 385 385 580 387 387 581 388 388 582 389 389 583 390 390 584 390 390 585 389 389 586 391 391 587 392 392 588 393 393 589 394 394 590 394 394 591 393 393 592 395 395 593 396 396 594 397 397 595 398 398 596 398 398 597 397 397 598 399 399 599 400 400 600 401 401 601 402 402 602 402 402 603 401 401 604 403 403 605 404 404 606 405 405 607 406 406 608 406 406 609 405 405 610 407 407 611 408 408 612 409 409 613 410 410 614 410 410 615 409 409 616 411 411 617 412 412 618 413 413 619 414 414 620 414 414 621 413 413 622 415 415 623 416 416 624 417 417 625 418 418 626 418 418 627 417 417 628 419 419 629 420 420 630 421 421 631 422 422 632 422 422 633 421 421 634 423 423 635 424 424 636 425 425 637 426 426 638 426 426 639 425 425 640 427 427 641 428 428 642 429 429 643 430 430 644 430 430 645 429 429 646 431 431 647 432 432 648 433 433 649 434 434 650 434 434 651 433 433 652 435 435 653 436 436 654 437 437 655 438 438 656 438 438 657 437 437 658 439 439 659 440 440 660 441 441 661 442 442 662 442 442 663 441 441 664 443 443 665 444 444 666 445 445 667 446 446 668 446 446 669 445 445 670 447 447 671 448 448 672 449 449 673 450 450 674 450 450 675 449 449 676 451 451 677 452 452 678 453 453 679 454 454 680 454 454 681 453 453 682 455 455 683 456 456 684 457 457 685 458 458 686 458 458 687 457 457 688 459 459 689 460 460 690 461 461 691 462 462 692 462 462 693 461 461 694 463 463 695 464 464 696 465 465 697 466 466 698 466 466 699 465 465 700 467 467 701 468 468 702 469 469 703 470 470 704 470 470 705 469 469 706 471 471 707 472 472 708 473 473 709 474 474 710 474 474 711 473 473 712 475 475 713 476 476 714 477 477 715 478 478 716 478 478 717 477 477 718 479 479 719 480 480 720 481 481 721 482 482 722 482 482 723 481 481 724 483 483 725 484 484 726 485 485 727 486 486 728 486 486 729 485 485 730 487 487 731 488 488 732 489 489 733 490 490 734 490 490 735 489 489 736 491 491 737 492 492 738 493 493 739 494 494 740 494 494 741 493 493 742 495 495 743 496 496 744 497 497 745 498 498 746 498 498 747 497 497 748 499 499 749 500 500 750 501 501 751 502 502 752 502 502 753 501 501 754 503 503 755 504 504 756 505 505 757 506 506 758 506 506 759 505 505 760 507 507 761 508 508 762 509 509 763 510 510 764 512 511 765 511 512 766 513 513 767 514 514 768 515 515 769 516 516 770 518 517 771 517 518 772 519 519 773 520 520 774 521 520 775 522 520 776 524 521 777 523 522 778 525 523 779 526 524 780 527 525 781 528 526 782 530 527 783 529 528 784 531 529 785 532 530 786 533 531 787 534 532 788 536 533 789 535 534 790 537 535 791 538 536 792 539 537 793 540 538 794 542 539 795 541 540 796 543 541 797 544 542 798 545 542 799 546 542 800 548 543 801 547 544 802 549 545 803 550 546 804 551 547 805 552 548 806 554 549 807 553 550 808 555 551 809 556 552 810 557 553 811 558 554 812 560 555 813 559 556 814 561 557 815 562 558 816 563 559 817 564 560 818 566 561 819 565 562 820 567 562 821 568 563 822 569 564 823 570 565 824 572 566 825 571 567 826 573 568 827 574 569 828 575 569 829 576 569 830 578 570 831 577 571 832 579 572 833 580 573 834 581 574 835 582 575 836 584 576 837 583 577 838 585 578 839 586 579 840 587 580 841 588 581 842 590 582 843 589 583 844 591 584 845 592 585 846 593 585 847 594 585 848 596 586 849 595 587 850 597 588 851 598 589 852 599 590 853 600 591 854 602 592 855 601 593 856 603 594 857 604 595 858 605 596 859 606 597 860 608 598 861 607 599 862 609 600 863 610 601 864 611 602 865 612 603 866 614 604 867 613 605 868 615 606 869 616 607 870 617 608 871 618 609 872 620 610 873 619 611 874 621 612 875 622 613 876 623 614 877 624 615 878 626 616 879 625 616 880 627 616 881 628 617 882 629 618 883 630 619 884 632 620 885 631 620 886 633 620 887 634 621 888 635 622 889 636 623 890 638 624 891 637 624 892 639 624 893 640 625 894 641 625 895 642 625 896 644 626 897 643 627 898 645 628 899 646 629 900 647 629 901 648 629 902 650 630 903 649 631 904 651 632 905 652 633 906 653 634 907 654 635 908 656 636 909 655 637 910 657 638 911 658 639 912 659 639 913 660 639 914 662 640 915 661 641 916 663 642 917 664 643 918 665 643 919 666 643 920 668 644 921 667 645 922 669 646 923 670 647 924 671 648 925 672 649 926 674 650 927 673 651 928 675 652 929 676 653 930 677 654 931 678 655 932 680 656 933 679 657 934 681 658 935 682 659 936 683 660 937 684 661 938 686 662 939 685 663 940 687 664 941 688 665 942 689 666 943 690 667 944 692 668 945 691 669 946 693 670 947 694 671 948 695 672 949 696 673 950 698 674 951 697 675 952 699 676 953 700 677 954 701 678 955 702 679 956 704 680 957 703 681 958 705 682 959 706 683 960 707 683 961 708 683 962 710 684 963 709 685 964 711 686 965 712 687 966 713 688 967 714 689 968 716 690 969 715 691 970 717 692 971 718 693 972 719 693 973 720 693 974 722 694 975 721 695 976 723 696 977 724 697 978 725 698 979 726 699 980 728 700 981 727 700 982 729 700 983 730 701 984 731 702 985 732 703 986 734 704 987 733 705 988 735 706 989 736 707 990 737 707 991 738 707 992 740 708 993 739 709 994 741 710 995 742 711 996 743 712 997 744 713 998 746 714 999 745 715 1000 747 716 1001 748 717 1002 749 717 1003 750 717 1004 752 718 1005 751 719 1006 753 720 1007 754 721 1008 755 722 1009 756 723 1010 758 724 1011 757 724 1012 759 724 1013 760 725 1014 761 725 1015 762 725 1016 764 726 1017 763 727 1018 765 728 1019 766 729 1020 767 730 1021 768 731 1022 770 732 1023 769 733 1024 771 734 1025 772 735 1026 773 736 1027 774 737 1028 776 738 1029 775 739 1030 777 740 1031 778 741 1032 779 742 1033 780 743 1034 782 744 1035 781 745 1036 783 746 1037 784 747 1038 785 748 1039 786 749 1040 788 750 1041 787 750 1042 789 750 1043 790 751 1044 791 752 1045 792 753 1046 794 754 1047 793 755 1048 795 756 1049 796 757 1050 797 758 1051 798 759 1052 800 760 1053 799 760 1054 801 760 1055</p>
        </triangles>
        <triangles material="needler_core-material" count="64">
          <input semantic="VERTEX" source="#needles_standard-mesh-vertices" offset="0"/>
          <input semantic="NORMAL" source="#needles_standard-mesh-normals" offset="1"/>
          <input semantic="TEXCOORD" source="#needles_standard-mesh-map-0" offset="2" set="0"/>
          <p>0 0 0 1 1 1 2 2 2 2 2 3 1 1 4 3 3 5 4 4 6 5 5 7 6 6 8 6 6 9 5 5 10 7 7 11 8 8 12 9 9 13 10 10 14 10 10 15 9 9 16 11 11 17 12 12 18 13 13 19 14 14 20 14 14 21 13 13 22 15 15 23 16 16 24 17 17 25 18 18 26 18 18 27 17 17 28 19 19 29 20 20 30 21 21 31 22 22 32 22 22 33 21 21 34 23 23 35 24 24 36 25 25 37 26 26 38 26 26 39 25 25 40 27 27 41 28 28 42 29 29 43 30 30 44 30 30 45 29 29 46 31 31 47 32 32 48 33 33 49 34 34 50 34 34 51 33 33 52 35 35 53 36 36 54 37 37 55 38 38 56 38 38 57 37 37 58 39 39 59 40 40 60 41 41 61 42 42 62 42 42 63 41 41 64 43 43 65 44 44 66 45 45 67 46 46 68 46 46 69 45 45 70 47 47 71 48 48 72 49 49 73 50 50 74 50 50 75 49 49 76 51 51 77 52 52 78 53 53 79 54 54 80 54 54 81 53 53 82 55 55 83 56 56 84 57 57 85 58 58 86 58 58 87 57 57 88 59 59 89 60 60 90 61 61 91 62 62 92 62 62 93 61 61 94 63 63 95 64 64 96 65 65 97 66 66 98 66 66 99 65 65 100 67 67 101 68 68 102 69 69 103 70 70 104 70 70 105 69 69 106 71 71 107 72 72 108 73 73 109 74 74 110 74 74 111 73 73 112 75 75 113 76 76 114 77 77 115 78 78 116 78 78 117 77 77 118 79 79 119 80 80 120 81 81 121 82 82 122 82 82 123 81 81 124 83 83 125 84 84 126 85 85 127 86 86 128 86 86 129 85 85 130 87 87 131 88 88 132 89 89 133 90 90 134 90 90 135 89 89 136 91 91 137 92 92 138 93 93 139 94 94 140 94 94 141 93 93 142 95 95 143 96 96 144 97 97 145 98 98 146 98 98 147 97 97 148 99 99 149 100 100 150 101 101 151 102 102 152 102 102 153 101 101 154 103 103 155 104 104 156 105 105 157 106 106 158 106 106 159 105 105 160 107 107 161 108 108 162 109 109 163 110 110 164 110 110 165 109 109 166 111 111 167 112 112 168 113 113 169 114 114 170 114 114 171 113 113 172 115 115 173 116 116 174 117 117 175 118 118 176 118 118 177 117 117 178 119 119 179 120 120 180 121 121 181 122 122 182 122 122 183 121 121 184 123 123 185 124 124 186 125 125 187 126 126 188 126 126 189 125 125 190 127 127 191</p>
        </triangles>
      </mesh>
    </geometry>
  </library_geometries>
  <library_controllers>
    <controller id="Armature_standard_standard-skin" name="Armature">
      <skin source="#standard_standard-mesh">
        <bind_shape_matrix>1 0 0 0 0 1 0 0 0 0 1 0 0 0 0 1</bind_shape_matrix>
        <source id="Armature_standard_standard-skin-joints">
          <Name_array id="Armature_standard_standard-skin-joints-array" count="15">gun needle_01 needle_02 needle_03 needle_04 needle_05 needle_06 needle_07 needle_08 needle_09 needle_10 needle_11 needle_12 needle_13 needle_14</Name_array>
          <technique_common>
            <accessor source="#Armature_standard_standard-skin-joints-array" count="15" stride="1">
              <param name="JOINT" type="name"/>
            </accessor>
          </technique_common>
        </source>
        <source id="Armature_standard_standard-skin-bind_poses">
          <float_array id="Armature_standard_standard-skin-bind_poses-array" count="240">1 0 0 0 0 1 0 0 0 0 1 0 0 0 0 1 0.8192643 -0.2788833 0.5010287 -6.048218 0.002675533 0.8756113 0.4830091 -0.602534 -0.5734097 -0.3943716 0.7181034 3.026286 0 0 0 1 -0.8192644 -0.2788835 -0.5010289 6.048306 -0.002675533 0.875611 -0.483009 0.602255 0.5734098 -0.3943716 -0.7181032 -3.026161 0 0 0 1 0.8676989 -0.05751222 0.4937518 -7.022819 0.007175445 0.9946302 0.1032448 -0.1706994 -0.4970382 -0.08604246 0.8634523 2.584586 0 0 0 1 -0.8676989 -0.05751228 -0.4937521 7.022835 -0.007175385 0.9946303 -0.1032448 0.1704324 0.4970386 -0.08604246 -0.8634521 -2.584566 0 0 0 1 0.7991285 -0.1927517 0.5694211 -5.630168 0.004184186 0.9489638 0.3153566 -0.7684752 -0.6011458 -0.2496279 0.7591507 1.525216 0 0 0 1 0.8539903 3.16305e-5 0.5202891 -5.297684 0.00652647 0.9999207 -0.01077318 0.1175721 -0.5202482 0.01259583 0.8539223 0.01557135 0 0 0 1 -0.7991288 -0.1927516 -0.5694206 5.630123 -0.004184186 0.9489638 -0.3153565 0.7686962 0.6011453 -0.249628 -0.7591509 -1.525272 0 0 0 1 0.7718984 -0.2647944 0.5779765 -3.725616 0.003335893 0.9108058 0.4128217 -1.008496 -0.6357372 -0.3167283 0.7039328 0.3324872 0 0 0 1 0.9933656 0.01134932 -0.1144382 -1.924541 0.005491495 0.9893016 0.1457818 -0.5620629 0.1148684 -0.145443 0.9826758 -4.036122 0 0 0 1 -0.9933656 0.01134938 0.1144383 1.924542 -0.005491495 0.9893017 -0.1457818 0.5621961 -0.1148685 -0.145443 -0.9826757 4.036103 0 0 0 1 -0.9935168 0.04389351 0.1048704 2.827188 -0.003335893 0.9108056 -0.4128218 1.008196 -0.1136367 -0.4104952 -0.9047544 2.449153 0 0 0 1 0.6821779 -0.3436453 0.6454001 -3.12711 0.002823829 0.8839069 0.4676542 -2.027196 -0.7311809 -0.3172009 0.6039521 -2.109569 0 0 0 1 0.6645686 0.003712773 0.7472181 -3.564483 0.006526648 0.9999207 -0.01077318 0.1540173 -0.7471988 0.01203632 0.6644916 -2.371836 0 0 0 1 -0.6821778 -0.3436452 -0.6454002 3.127138 -0.002823889 0.883907 -0.4676542 2.027127 0.7311809 -0.3172007 -0.6039522 2.109594 0 0 0 1</float_array>
          <technique_common>
            <accessor source="#Armature_standard_standard-skin-bind_poses-array" count="15" stride="16">
              <param name="TRANSFORM" type="float4x4"/>
            </accessor>
          </technique_common>
        </source>
        <source id="Armature_standard_standard-skin-weights">
          <float_array id="Armature_standard_standard-skin-weights-array" count="1420">1 1 1 1 1 1 1 1 1 1 1 1 1 1 1 1 1 1 1 1 1 1 1 1 1 1 1 1 1 1 1 1 1 1 1 1 1 1 1 1 1 1 1 1 1 1 1 1 1 1 1 1 1 1 1 1 1 1 1 1 1 1 1 1 1 1 1 1 1 1 1 1 1 1 1 1 1 1 1 1 1 1 1 1 1 1 1 1 1 1 1 1 1 1 1 1 1 1 1 1 1 1 1 1 1 1 1 1 1 1 1 1 1 1 1 1 1 1 1 1 1 1 1 1 1 1 1 1 1 1 1 1 1 1 1 1 1 1 1 1 1 1 1 1 1 1 1 1 1 1 1 1 1 1 1 1 1 1 1 1 1 1 1 1 1 1 1 1 1 1 1 1 1 1 1 1 1 1 1 1 1 1 1 1 1 1 1 1 1 1 1 1 1 1 1 1 1 1 1 1 1 1 1 1 1 1 1 1 1 1 1 1 1 1 1 1 1 1 1 1 1 1 1 1 1 1 1 1 1 1 1 1 1 1 1 1 1 1 1 1 1 1 1 1 1 1 1 1 1 1 1 1 1 1 1 1 1 1 1 1 1 1 1 1 1 1 1 1 1 1 1 1 1 1 1 1 1 1 1 1 1 1 1 1 1 1 1 1 1 1 1 1 1 1 1 1 1 1 1 1 1 1 1 1 1 1 1 1 1 1 1 1 1 1 1 1 1 1 1 1 1 1 1 1 1 1 1 1 1 1 1 1 1 1 1 1 1 1 1 1 1 1 1 1 1 1 1 1 1 1 1 1 1 1 1 1 1 1 1 1 1 1 1 1 1 1 1 1 1 1 1 1 1 1 1 1 1 1 1 1 1 1 1 1 1 1 1 1 1 1 1 1 1 1 1 1 1 1 1 1 1 1 1 1 1 1 1 1 1 1 1 1 1 1 1 1 1 1 1 1 1 1 1 1 1 1 1 1 1 1 1 1 1 1 1 1 1 1 1 1 1 1 1 1 1 1 1 1 1 1 1 1 1 1 1 1 1 1 1 1 1 1 1 1 1 1 1 1 1 1 1 1 1 1 1 1 1 1 1 1 1 1 1 1 1 1 1 1 1 1 1 1 1 1 1 1 1 1 1 1 1 1 1 1 1 1 1 1 1 1 1 1 1 1 1 1 1 1 1 1 1 1 1 1 1 1 1 1 1 1 1 1 1 1 1 1 1 1 1 1 1 1 1 1 1 1 1 1 1 1 1 1 1 1 1 1 1 1 1 1 1 1 1 1 1 1 1 1 1 1 1 1 1 1 1 1 1 1 1 1 1 1 1 1 1 1 1 1 1 1 1 1 1 1 1 1 1 1 1 1 1 1 1 1 1 1 1 1 1 1 1 1 1 1 1 1 1 1 1 1 1 1 1 1 1 1 1 1 1 1 1 1 1 1 1 1 1 1 1 1 1 1 1 1 1 1 1 1 1 1 1 1 1 1 1 1 1 1 1 1 1 1 1 1 1 1 1 1 1 1 1 1 1 1 1 1 1 1 1 1 1 1 1 1 1 1 1 1 1 1 1 1 1 1 1 1 1 1 1 1 1 1 1 1 1 1 1 1 1 1 1 1 1 1 1 1 1 1 1 1 1 1 1 1 1 1 1 1 1 1 1 1 1 1 1 1 1 1 1 1 1 1 1 1 1 1 1 1 1 1 1 1 1 1 1 1 1 1 1 1 1 1 1 1 1 1 1 1 1 1 1 1 1 1 1 1 1 1 1 1 1 1 1 1 1 1 1 1 1 1 1 1 1 1 1 1 1 1 1 1 1 1 1 1 1 1 1 1 1 1 1 1 1 1 1 1 1 1 1 1 1 1 1 1 1 1 1 1 1 1 1 1 1 1 1 1 1 1 1 1 1 1 1 1 1 1 1 1 1 1 1 1 1 1 1 1 1 1 1 1 1 1 1 1 1 1 1 1 1 1 1 1 1 1 1 1 1 1 1 1 1 1 1 1 1 1 1 1 1 1 1 1 1 1 1 1 1 1 1 1 1 1 1 1 1 1 1 1 1 1 1 1 1 1 1 1 1 1 1 1 1 1 1 1 1 1 1 1 1 1 1 1 1 1 1 1 1 1 1 1 1 1 1 1 1 1 1 1 1 1 1 1 1 1 1 1 1 1 1 1 1 1 1 1 1 1 1 1 1 1 1 1 1 1 1 1 1 1 1 1 1 1 1 1 1 1 1 1 1 1 1 1 1 1 1 1 1 1 1 1 1 1 1 1 1 1 1 1 1 1 1 1 1 1 1 1 1 1 1 1 1 1 1 1 1 1 1 1 1 1 1 1 1 1 1 1 1 1 1 1 1 1 1 1 1 1 1 1 1 1 1 1 1 1 1 1 1 1 1 1 1 1 1 1 1 1 1 1 1 1 1 1 1 1 1 1 1 1 1 1 1 1 1 1 1 1 1 1 1 1 1 1 1 1 1 1 1 1 1 1 1 1 1 1 1 1 1 1 1 1 1 1 1 1 1 1 1 1 1 1 1 1 1 1 1 1 1 1 1 1 1 1 1 1 1 1 1 1 1 1 1 1 1 1 1 1 1 1 1 1 1 1 1 1 1 1 1 1 1 1 1 1 1 1 1 1 1 1 1 1 1 1 1 1 1 1 1 1 1 1 1 1 1 1 1 1 1 1 1 1 1 1 1 1 1 1 1 1 1 1 1 1 1 1 1 1 1 1 1 1 1 1 1 1 1 1 1 1 1 1 1 1 1 1 1 1 1 1 1 1 1 1 1 1 1 1 1 1 1 1 1 1 1 1 1 1 1 1 1 1 1 1 1 1 1 1 1 1 1 1 1 1 1 1 1 1 1 1 1 1 1 1 1 1 1 1 1 1 1 1 1 1 1 1 1 1 1 1 1 1 1 1 1 1 1 1 1 1 1 1 1 1 1 1 1 1 1 1 1 1 1 1 1 1 1 1 1 1 1 1 1 1 1 1 1 1 1 1 1 1 1 1 1 1 1 1 1 1 1 1 1 1 1 1 1 1 1 1 1 1 1 1 1 1 1 1 1 1 1 1 1 1 1 1 1 1 1 1 1 1 1 1 1 1 1 1 1 1 1 1 1 1 1 1 1 1 1 1 1 1 1 1 1 1 1 1 1 1 1 1 1 1 1 1 1 1 1 1 1 1 1 1 1 1 1 1 1 1 1 1</float_array>
          <technique_common>
            <accessor source="#Armature_standard_standard-skin-weights-array" count="1420" stride="1">
              <param name="WEIGHT" type="float"/>
            </accessor>
          </technique_common>
        </source>
        <joints>
          <input semantic="JOINT" source="#Armature_standard_standard-skin-joints"/>
          <input semantic="INV_BIND_MATRIX" source="#Armature_standard_standard-skin-bind_poses"/>
        </joints>
        <vertex_weights count="1420">
          <input semantic="JOINT" source="#Armature_standard_standard-skin-joints" offset="0"/>
          <input semantic="WEIGHT" source="#Armature_standard_standard-skin-weights" offset="1"/>
          <vcount>1 1 1 1 1 1 1 1 1 1 1 1 1 1 1 1 1 1 1 1 1 1 1 1 1 1 1 1 1 1 1 1 1 1 1 1 1 1 1 1 1 1 1 1 1 1 1 1 1 1 1 1 1 1 1 1 1 1 1 1 1 1 1 1 1 1 1 1 1 1 1 1 1 1 1 1 1 1 1 1 1 1 1 1 1 1 1 1 1 1 1 1 1 1 1 1 1 1 1 1 1 1 1 1 1 1 1 1 1 1 1 1 1 1 1 1 1 1 1 1 1 1 1 1 1 1 1 1 1 1 1 1 1 1 1 1 1 1 1 1 1 1 1 1 1 1 1 1 1 1 1 1 1 1 1 1 1 1 1 1 1 1 1 1 1 1 1 1 1 1 1 1 1 1 1 1 1 1 1 1 1 1 1 1 1 1 1 1 1 1 1 1 1 1 1 1 1 1 1 1 1 1 1 1 1 1 1 1 1 1 1 1 1 1 1 1 1 1 1 1 1 1 1 1 1 1 1 1 1 1 1 1 1 1 1 1 1 1 1 1 1 1 1 1 1 1 1 1 1 1 1 1 1 1 1 1 1 1 1 1 1 1 1 1 1 1 1 1 1 1 1 1 1 1 1 1 1 1 1 1 1 1 1 1 1 1 1 1 1 1 1 1 1 1 1 1 1 1 1 1 1 1 1 1 1 1 1 1 1 1 1 1 1 1 1 1 1 1 1 1 1 1 1 1 1 1 1 1 1 1 1 1 1 1 1 1 1 1 1 1 1 1 1 1 1 1 1 1 1 1 1 1 1 1 1 1 1 1 1 1 1 1 1 1 1 1 1 1 1 1 1 1 1 1 1 1 1 1 1 1 1 1 1 1 1 1 1 1 1 1 1 1 1 1 1 1 1 1 1 1 1 1 1 1 1 1 1 1 1 1 1 1 1 1 1 1 1 1 1 1 1 1 1 1 1 1 1 1 1 1 1 1 1 1 1 1 1 1 1 1 1 1 1 1 1 1 1 1 1 1 1 1 1 1 1 1 1 1 1 1 1 1 1 1 1 1 1 1 1 1 1 1 1 1 1 1 1 1 1 1 1 1 1 1 1 1 1 1 1 1 1 1 1 1 1 1 1 1 1 1 1 1 1 1 1 1 1 1 1 1 1 1 1 1 1 1 1 1 1 1 1 1 1 1 1 1 1 1 1 1 1 1 1 1 1 1 1 1 1 1 1 1 1 1 1 1 1 1 1 1 1 1 1 1 1 1 1 1 1 1 1 1 1 1 1 1 1 1 1 1 1 1 1 1 1 1 1 1 1 1 1 1 1 1 1 1 1 1 1 1 1 1 1 1 1 1 1 1 1 1 1 1 1 1 1 1 1 1 1 1 1 1 1 1 1 1 1 1 1 1 1 1 1 1 1 1 1 1 1 1 1 1 1 1 1 1 1 1 1 1 1 1 1 1 1 1 1 1 1 1 1 1 1 1 1 1 1 1 1 1 1 1 1 1 1 1 1 1 1 1 1 1 1 1 1 1 1 1 1 1 1 1 1 1 1 1 1 1 1 1 1 1 1 1 1 1 1 1 1 1 1 1 1 1 1 1 1 1 1 1 1 1 1 1 1 1 1 1 1 1 1 1 1 1 1 1 1 1 1 1 1 1 1 1 1 1 1 1 1 1 1 1 1 1 1 1 1 1 1 1 1 1 1 1 1 1 1 1 1 1 1 1 1 1 1 1 1 1 1 1 1 1 1 1 1 1 1 1 1 1 1 1 1 1 1 1 1 1 1 1 1 1 1 1 1 1 1 1 1 1 1 1 1 1 1 1 1 1 1 1 1 1 1 1 1 1 1 1 1 1 1 1 1 1 1 1 1 1 1 1 1 1 1 1 1 1 1 1 1 1 1 1 1 1 1 1 1 1 1 1 1 1 1 1 1 1 1 1 1 1 1 1 1 1 1 1 1 1 1 1 1 1 1 1 1 1 1 1 1 1 1 1 1 1 1 1 1 1 1 1 1 1 1 1 1 1 1 1 1 1 1 1 1 1 1 1 1 1 1 1 1 1 1 1 1 1 1 1 1 1 1 1 1 1 1 1 1 1 1 1 1 1 1 1 1 1 1 1 1 1 1 1 1 1 1 1 1 1 1 1 1 1 1 1 1 1 1 1 1 1 1 1 1 1 1 1 1 1 1 1 1 1 1 1 1 1 1 1 1 1 1 1 1 1 1 1 1 1 1 1 1 1 1 1 1 1 1 1 1 1 1 1 1 1 1 1 1 1 1 1 1 1 1 1 1 1 1 1 1 1 1 1 1 1 1 1 1 1 1 1 1 1 1 1 1 1 1 1 1 1 1 1 1 1 1 1 1 1 1 1 1 1 1 1 1 1 1 1 1 1 1 1 1 1 1 1 1 1 1 1 1 1 1 1 1 1 1 1 1 1 1 1 1 1 1 1 1 1 1 1 1 1 1 1 1 1 1 1 1 1 1 1 1 1 1 1 1 1 1 1 1 1 1 1 1 1 1 1 1 1 1 1 1 1 1 1 1 1 1 1 1 1 1 1 1 1 1 1 1 1 1 1 1 1 1 1 1 1 1 1 1 1 1 1 1 1 1 1 1 1 1 1 1 1 1 1 1 1 1 1 1 1 1 1 1 1 1 1 1 1 1 1 1 1 1 1 1 1 1 1 1 1 1 1 1 1 1 1 1 1 1 1 1 1 1 1 1 1 1 1 1 1 1 1 1 1 1 1 1 1 1 1 1 1 1 1 1 1 1 1 1 1 1 1 1 1 1 1 1 1 1 1 1 1 1 1 1 1 1 1 1 1 1 1 1 1 1 1 1 1 1 1 1 1 1 1 1 1 1 1 1 1 1 1 1 1 1 1 1 1 1 1 1 1 1 1 1 1 1 1 1 1 1 1 1 1 1 1 1 1 1 1 1 1 1 1 1 1 1 1 1 1 1 1 1 1 1 1 1 1 1 1 1 1 1 1 1 1 1 1 1 1 1 1 1 1 1 1 1 1 1 1 1 1 1 1 1 1 1 1 1 1 1 1 1 1 1 1 1 1 1 1 1 1 1 1 1 1 1 1 1 1 1 1 1 1 1 1 1 1 1 1 1 1 1 1 1 1 1 1 1 1 1 1 1 1 1 1 1 1 1 1 1 1 1 1 1 1 1 1 1 1 1 1 1 1 1 1 1 1 </vcount>
          <v>0 0 0 1 0 2 0 3 0 4 0 5 0 6 0 7 0 8 0 9 0 10 0 11 0 12 0 13 0 14 0 15 0 16 0 17 0 18 0 19 0 20 0 21 0 22 0 23 0 24 0 25 0 26 0 27 0 28 0 29 0 30 0 31 0 32 0 33 0 34 0 35 0 36 0 37 0 38 0 39 0 40 0 41 0 42 0 43 0 44 0 45 0 46 0 47 0 48 0 49 0 50 0 51 0 52 0 53 0 54 0 55 0 56 0 57 0 58 0 59 0 60 0 61 0 62 0 63 0 64 0 65 0 66 0 67 0 68 0 69 0 70 0 71 0 72 0 73 0 74 0 75 0 76 0 77 0 78 0 79 0 80 0 81 0 82 0 83 0 84 0 85 0 86 0 87 0 88 0 89 0 90 0 91 0 92 0 93 0 94 0 95 0 96 0 97 0 98 0 99 0 100 0 101 0 102 0 103 0 104 0 105 0 106 0 107 0 108 0 109 0 110 0 111 0 112 0 113 0 114 0 115 0 116 0 117 0 118 0 119 0 120 0 121 0 122 0 123 0 124 0 125 0 126 0 127 0 128 0 129 0 130 0 131 0 132 0 133 0 134 0 135 0 136 0 137 0 138 0 139 0 140 0 141 0 142 0 143 0 144 0 145 0 146 0 147 0 148 0 149 0 150 0 151 0 152 0 153 0 154 0 155 0 156 0 157 0 158 0 159 0 160 0 161 0 162 0 163 0 164 0 165 0 166 0 167 0 168 0 169 0 170 0 171 0 172 0 173 0 174 0 175 0 176 0 177 0 178 0 179 0 180 0 181 0 182 0 183 0 184 0 185 0 186 0 187 0 188 0 189 0 190 0 191 0 192 0 193 0 194 0 195 0 196 0 197 0 198 0 199 0 200 0 201 0 202 0 203 0 204 0 205 0 206 0 207 0 208 0 209 0 210 0 211 0 212 0 213 0 214 0 215 0 216 0 217 0 218 0 219 0 220 0 221 0 222 0 223 0 224 0 225 0 226 0 227 0 228 0 229 0 230 0 231 0 232 0 233 0 234 0 235 0 236 0 237 0 238 0 239 0 240 0 241 0 242 0 243 0 244 0 245 0 246 0 247 0 248 0 249 0 250 0 251 0 252 0 253 0 254 0 255 0 256 0 257 0 258 0 259 0 260 0 261 0 262 0 263 0 264 0 265 0 266 0 267 0 268 0 269 0 270 0 271 0 272 0 273 0 274 0 275 0 276 0 277 0 278 0 279 0 280 0 281 0 282 0 283 0 284 0 285 0 286 0 287 0 288 0 289 0 290 0 291 0 292 0 293 0 294 0 295 0 296 0 297 0 298 0 299 0 300 0 301 0 302 0 303 0 304 0 305 0 306 0 307 0 308 0 309 0 310 0 311 0 312 0 313 0 314 0 315 0 316 0 317 0 318 0 319 0 320 0 321 0 322 0 323 0 324 0 325 0 326 0 327 0 328 0 329 0 330 0 331 0 332 0 333 0 334 0 335 0 336 0 337 0 338 0 339 0 340 0 341 0 342 0 343 0 344 0 345 0 346 0 347 0 348 0 349 0 350 0 351 0 352 0 353 0 354 0 355 0 356 0 357 0 358 0 359 0 360 0 361 0 362 0 363 0 364 0 365 0 366 0 367 0 368 0 369 0 370 0 371 0 372 0 373 0 374 0 375 0 376 0 377 0 378 0 379 0 380 0 381 0 382 0 383 0 384 0 385 0 386 0 387 0 388 0 389 0 390 0 391 0 392 0 393 0 394 0 395 0 396 0 397 0 398 0 399 0 400 0 401 0 402 0 403 0 404 0 405 0 406 0 407 0 408 0 409 0 410 0 411 0 412 0 413 0 414 0 415 0 416 0 417 0 418 0 419 0 420 0 421 0 422 0 423 0 424 0 425 0 426 0 427 0 428 0 429 0 430 0 431 0 432 0 433 0 434 0 435 0 436 0 437 0 438 0 439 0 440 0 441 0 442 0 443 0 444 0 445 0 446 0 447 0 448 0 449 0 450 0 451 0 452 0 453 0 454 0 455 0 456 0 457 0 458 0 459 0 460 0 461 0 462 0 463 0 464 0 465 0 466 0 467 0 468 0 469 0 470 0 471 0 472 0 473 0 474 0 475 0 476 0 477 0 478 0 479 0 480 0 481 0 482 0 483 0 484 0 485 0 486 0 487 0 488 0 489 0 490 0 491 0 492 0 493 0 494 0 495 0 496 0 497 0 498 0 499 0 500 0 501 0 502 0 503 0 504 0 505 0 506 0 507 0 508 0 509 0 510 0 511 0 512 0 513 0 514 0 515 0 516 0 517 0 518 0 519 0 520 0 521 0 522 0 523 0 524 0 525 0 526 0 527 0 528 0 529 0 530 0 531 0 532 0 533 0 534 0 535 0 536 0 537 0 538 0 539 0 540 0 541 0 542 0 543 0 544 0 545 0 546 0 547 0 548 0 549 0 550 0 551 0 552 0 553 0 554 0 555 0 556 0 557 0 558 0 559 0 560 0 561 0 562 0 563 0 564 0 565 0 566 0 567 0 568 0 569 0 570 0 571 0 572 0 573 0 574 0 575 0 576 0 577 0 578 0 579 0 580 0 581 0 582 0 583 0 584 0 585 0 586 0 587 0 588 0 589 0 590 0 591 0 592 0 593 0 594 0 595 0 596 0 597 0 598 0 599 0 600 0 601 0 602 0 603 0 604 0 605 0 606 0 607 0 608 0 609 0 610 0 611 0 612 0 613 0 614 0 615 0 616 0 617 0 618 0 619 0 620 0 621 0 622 0 623 0 624 0 625 0 626 0 627 0 628 0 629 0 630 0 631 0 632 0 633 0 634 0 635 0 636 0 637 0 638 0 639 0 640 0 641 0 642 0 643 0 644 0 645 0 646 0 647 0 648 0 649 0 650 0 651 0 652 0 653 0 654 0 655 0 656 0 657 0 658 0 659 0 660 0 661 0 662 0 663 0 664 0 665 0 666 0 667 0 668 0 669 0 670 0 671 0 672 0 673 0 674 0 675 0 676 0 677 0 678 0 679 0 680 0 681 0 682 0 683 0 684 0 685 0 686 0 687 0 688 0 689 0 690 0 691 0 692 0 693 0 694 0 695 0 696 0 697 0 698 0 699 0 700 0 701 0 702 0 703 0 704 0 705 0 706 0 707 0 708 0 709 0 710 0 711 0 712 0 713 0 714 0 715 0 716 0 717 0 718 0 719 0 720 0 721 0 722 0 723 0 724 0 725 0 726 0 727 0 728 0 729 0 730 0 731 0 732 0 733 0 734 0 735 0 736 0 737 0 738 0 739 0 740 0 741 0 742 0 743 0 744 0 745 0 746 0 747 0 748 0 749 0 750 0 751 0 752 0 753 0 754 0 755 0 756 0 757 0 758 0 759 0 760 0 761 0 762 0 763 0 764 0 765 0 766 0 767 0 768 0 769 0 770 0 771 0 772 0 773 0 774 0 775 0 776 0 777 0 778 0 779 0 780 0 781 0 782 0 783 0 784 0 785 0 786 0 787 0 788 0 789 0 790 0 791 0 792 0 793 0 794 0 795 0 796 0 797 0 798 0 799 0 800 0 801 0 802 0 803 0 804 0 805 0 806 0 807 0 808 0 809 0 810 0 811 0 812 0 813 0 814 0 815 0 816 0 817 0 818 0 819 0 820 0 821 0 822 0 823 0 824 0 825 0 826 0 827 0 828 0 829 0 830 0 831 0 832 0 833 0 834 0 835 0 836 0 837 0 838 0 839 0 840 0 841 0 842 0 843 0 844 0 845 0 846 0 847 0 848 0 849 0 850 0 851 0 852 0 853 0 854 0 855 0 856 0 857 0 858 0 859 0 860 0 861 0 862 0 863 0 864 0 865 0 866 0 867 0 868 0 869 0 870 0 871 0 872 0 873 0 874 0 875 0 876 0 877 0 878 0 879 0 880 0 881 0 882 0 883 0 884 0 885 0 886 0 887 0 888 0 889 0 890 0 891 0 892 0 893 0 894 0 895 0 896 0 897 0 898 0 899 0 900 0 901 0 902 0 903 0 904 0 905 0 906 0 907 0 908 0 909 0 910 0 911 0 912 0 913 0 914 0 915 0 916 0 917 0 918 0 919 0 920 0 921 0 922 0 923 0 924 0 925 0 926 0 927 0 928 0 929 0 930 0 931 0 932 0 933 0 934 0 935 0 936 0 937 0 938 0 939 0 940 0 941 0 942 0 943 0 944 0 945 0 946 0 947 0 948 0 949 0 950 0 951 0 952 0 953 0 954 0 955 0 956 0 957 0 958 0 959 0 960 0 961 0 962 0 963 0 964 0 965 0 966 0 967 0 968 0 969 0 970 0 971 0 972 0 973 0 974 0 975 0 976 0 977 0 978 0 979 0 980 0 981 0 982 0 983 0 984 0 985 0 986 0 987 0 988 0 989 0 990 0 991 0 992 0 993 0 994 0 995 0 996 0 997 0 998 0 999 0 1000 0 1001 0 1002 0 1003 0 1004 0 1005 0 1006 0 1007 0 1008 0 1009 0 1010 0 1011 0 1012 0 1013 0 1014 0 1015 0 1016 0 1017 0 1018 0 1019 0 1020 0 1021 0 1022 0 1023 0 1024 0 1025 0 1026 0 1027 0 1028 0 1029 0 1030 0 1031 0 1032 0 1033 0 1034 0 1035 0 1036 0 1037 0 1038 0 1039 0 1040 0 1041 0 1042 0 1043 0 1044 0 1045 0 1046 0 1047 0 1048 0 1049 0 1050 0 1051 0 1052 0 1053 0 1054 0 1055 0 1056 0 1057 0 1058 0 1059 0 1060 0 1061 0 1062 0 1063 0 1064 0 1065 0 1066 0 1067 0 1068 0 1069 0 1070 0 1071 0 1072 0 1073 0 1074 0 1075 0 1076 0 1077 0 1078 0 1079 0 1080 0 1081 0 1082 0 1083 0 1084 0 1085 0 1086 0 1087 0 1088 0 1089 0 1090 0 1091 0 1092 0 1093 0 1094 0 1095 0 1096 0 1097 0 1098 0 1099 0 1100 0 1101 0 1102 0 1103 0 1104 0 1105 0 1106 0 1107 0 1108 0 1109 0 1110 0 1111 0 1112 0 1113 0 1114 0 1115 0 1116 0 1117 0 1118 0 1119 0 1120 0 1121 0 1122 0 1123 0 1124 0 1125 0 1126 0 1127 0 1128 0 1129 0 1130 0 1131 0 1132 0 1133 0 1134 0 1135 0 1136 0 1137 0 1138 0 1139 0 1140 0 1141 0 1142 0 1143 0 1144 0 1145 0 1146 0 1147 0 1148 0 1149 0 1150 0 1151 0 1152 0 1153 0 1154 0 1155 0 1156 0 1157 0 1158 0 1159 0 1160 0 1161 0 1162 0 1163 0 1164 0 1165 0 1166 0 1167 0 1168 0 1169 0 1170 0 1171 0 1172 0 1173 0 1174 0 1175 0 1176 0 1177 0 1178 0 1179 0 1180 0 1181 0 1182 0 1183 0 1184 0 1185 0 1186 0 1187 0 1188 0 1189 0 1190 0 1191 0 1192 0 1193 0 1194 0 1195 0 1196 0 1197 0 1198 0 1199 0 1200 0 1201 0 1202 0 1203 0 1204 0 1205 0 1206 0 1207 0 1208 0 1209 0 1210 0 1211 0 1212 0 1213 0 1214 0 1215 0 1216 0 1217 0 1218 0 1219 0 1220 0 1221 0 1222 0 1223 0 1224 0 1225 0 1226 0 1227 0 1228 0 1229 0 1230 0 1231 0 1232 0 1233 0 1234 0 1235 0 1236 0 1237 0 1238 0 1239 0 1240 0 1241 0 1242 0 1243 0 1244 0 1245 0 1246 0 1247 0 1248 0 1249 0 1250 0 1251 0 1252 0 1253 0 1254 0 1255 0 1256 0 1257 0 1258 0 1259 0 1260 0 1261 0 1262 0 1263 0 1264 0 1265 0 1266 0 1267 0 1268 0 1269 0 1270 0 1271 0 1272 0 1273 0 1274 0 1275 0 1276 0 1277 0 1278 0 1279 0 1280 0 1281 0 1282 0 1283 0 1284 0 1285 0 1286 0 1287 0 1288 0 1289 0 1290 0 1291 0 1292 0 1293 0 1294 0 1295 0 1296 0 1297 0 1298 0 1299 0 1300 0 1301 0 1302 0 1303 0 1304 0 1305 0 1306 0 1307 0 1308 0 1309 0 1310 0 1311 0 1312 0 1313 0 1314 0 1315 0 1316 0 1317 0 1318 0 1319 0 1320 0 1321 0 1322 0 1323 0 1324 0 1325 0 1326 0 1327 0 1328 0 1329 0 1330 0 1331 0 1332 0 1333 0 1334 0 1335 0 1336 0 1337 0 1338 0 1339 0 1340 0 1341 0 1342 0 1343 0 1344 0 1345 0 1346 0 1347 0 1348 0 1349 0 1350 0 1351 0 1352 0 1353 0 1354 0 1355 0 1356 0 1357 0 1358 0 1359 0 1360 0 1361 0 1362 0 1363 0 1364 0 1365 0 1366 0 1367 0 1368 0 1369 0 1370 0 1371 0 1372 0 1373 0 1374 0 1375 0 1376 0 1377 0 1378 0 1379 0 1380 0 1381 0 1382 0 1383 0 1384 0 1385 0 1386 0 1387 0 1388 0 1389 0 1390 0 1391 0 1392 0 1393 0 1394 0 1395 0 1396 0 1397 0 1398 0 1399 0 1400 0 1401 0 1402 0 1403 0 1404 0 1405 0 1406 0 1407 0 1408 0 1409 0 1410 0 1411 0 1412 0 1413 0 1414 0 1415 0 1416 0 1417 0 1418 0 1419</v>
        </vertex_weights>
      </skin>
    </controller>
    <controller id="Armature_needles_standard-skin" name="Armature">
      <skin source="#needles_standard-mesh">
        <bind_shape_matrix>1 0 0 0 0 1 0 0 0 0 1 0 0 0 0 1</bind_shape_matrix>
        <source id="Armature_needles_standard-skin-joints">
          <Name_array id="Armature_needles_standard-skin-joints-array" count="15">gun needle_01 needle_02 needle_03 needle_04 needle_05 needle_06 needle_07 needle_08 needle_09 needle_10 needle_11 needle_12 needle_13 needle_14</Name_array>
          <technique_common>
            <accessor source="#Armature_needles_standard-skin-joints-array" count="15" stride="1">
              <param name="JOINT" type="name"/>
            </accessor>
          </technique_common>
        </source>
        <source id="Armature_needles_standard-skin-bind_poses">
          <float_array id="Armature_needles_standard-skin-bind_poses-array" count="240">1 0 0 0 0 1 0 0 0 0 1 0 0 0 0 1 0.8192643 -0.2788833 0.5010287 -6.048218 0.002675533 0.8756113 0.4830091 -0.602534 -0.5734097 -0.3943716 0.7181034 3.026286 0 0 0 1 -0.8192644 -0.2788835 -0.5010289 6.048306 -0.002675533 0.875611 -0.483009 0.602255 0.5734098 -0.3943716 -0.7181032 -3.026161 0 0 0 1 0.8676989 -0.05751222 0.4937518 -7.022819 0.007175445 0.9946302 0.1032448 -0.1706994 -0.4970382 -0.08604246 0.8634523 2.584586 0 0 0 1 -0.8676989 -0.05751228 -0.4937521 7.022835 -0.007175385 0.9946303 -0.1032448 0.1704324 0.4970386 -0.08604246 -0.8634521 -2.584566 0 0 0 1 0.7991285 -0.1927517 0.5694211 -5.630168 0.004184186 0.9489638 0.3153566 -0.7684752 -0.6011458 -0.2496279 0.7591507 1.525216 0 0 0 1 0.8539903 3.16305e-5 0.5202891 -5.297684 0.00652647 0.9999207 -0.01077318 0.1175721 -0.5202482 0.01259583 0.8539223 0.01557135 0 0 0 1 -0.7991288 -0.1927516 -0.5694206 5.630123 -0.004184186 0.9489638 -0.3153565 0.7686962 0.6011453 -0.249628 -0.7591509 -1.525272 0 0 0 1 0.7718984 -0.2647944 0.5779765 -3.725616 0.003335893 0.9108058 0.4128217 -1.008496 -0.6357372 -0.3167283 0.7039328 0.3324872 0 0 0 1 0.9933656 0.01134932 -0.1144382 -1.924541 0.005491495 0.9893016 0.1457818 -0.5620629 0.1148684 -0.145443 0.9826758 -4.036122 0 0 0 1 -0.9933656 0.01134938 0.1144383 1.924542 -0.005491495 0.9893017 -0.1457818 0.5621961 -0.1148685 -0.145443 -0.9826757 4.036103 0 0 0 1 -0.9935168 0.04389351 0.1048704 2.827188 -0.003335893 0.9108056 -0.4128218 1.008196 -0.1136367 -0.4104952 -0.9047544 2.449153 0 0 0 1 0.6821779 -0.3436453 0.6454001 -3.12711 0.002823829 0.8839069 0.4676542 -2.027196 -0.7311809 -0.3172009 0.6039521 -2.109569 0 0 0 1 0.6645686 0.003712773 0.7472181 -3.564483 0.006526648 0.9999207 -0.01077318 0.1540173 -0.7471988 0.01203632 0.6644916 -2.371836 0 0 0 1 -0.6821778 -0.3436452 -0.6454002 3.127138 -0.002823889 0.883907 -0.4676542 2.027127 0.7311809 -0.3172007 -0.6039522 2.109594 0 0 0 1</float_array>
          <technique_common>
            <accessor source="#Armature_needles_standard-skin-bind_poses-array" count="15" stride="16">
              <param name="TRANSFORM" type="float4x4"/>
            </accessor>
          </technique_common>
        </source>
        <source id="Armature_needles_standard-skin-weights">
          <float_array id="Armature_needles_standard-skin-weights-array" count="802">1 1 1 1 1 1 1 1 1 1 1 1 1 1 1 1 1 1 1 1 1 1 1 1 1 1 1 1 1 1 1 1 1 1 1 1 1 1 1 1 1 1 1 1 1 1 1 1 1 1 1 1 1 1 1 1 1 1 1 1 1 1 1 1 1 1 1 1 1 1 1 1 1 1 1 1 1 1 1 1 1 1 1 1 1 1 1 1 1 1 1 1 1 1 1 1 1 1 1 1 1 1 1 1 1 1 1 1 1 1 1 1 1 1 1 1 1 1 1 1 1 1 1 1 1 1 1 1 1 1 1 1 1 1 1 1 1 1 1 1 1 1 1 1 1 1 1 1 1 1 1 1 1 1 1 1 1 1 1 1 1 1 1 1 1 1 1 1 1 1 1 1 1 1 1 1 1 1 1 1 1 1 1 1 1 1 1 1 1 1 1 1 1 1 1 1 1 1 1 1 1 1 1 1 1 1 1 1 1 1 1 1 1 1 1 1 1 1 1 1 1 1 1 1 1 1 1 1 1 1 1 1 1 1 1 1 1 1 1 1 1 1 1 1 1 1 1 1 1 1 1 1 1 1 1 1 1 1 1 1 1 1 1 1 1 1 1 1 1 1 1 1 1 1 1 1 1 1 1 1 1 1 1 1 1 1 1 1 1 1 1 1 1 1 1 1 1 1 1 1 1 1 1 1 1 1 1 1 1 1 1 1 1 1 1 1 1 1 1 1 1 1 1 1 1 1 1 1 1 1 1 1 1 1 1 1 1 1 1 1 1 1 1 1 1 1 1 1 1 1 1 1 1 1 1 1 1 1 1 1 1 1 1 1 1 1 1 1 1 1 1 1 1 1 1 1 1 1 1 1 1 1 1 1 1 1 1 1 1 1 1 1 1 1 1 1 1 1 1 1 1 1 1 1 1 1 1 1 1 1 1 1 1 1 1 1 1 1 1 1 1 1 1 1 1 1 1 1 1 1 1 1 1 1 1 1 1 1 1 1 1 1 1 1 1 1 1 1 1 1 1 1 1 1 1 1 1 1 1 1 1 1 1 1 1 1 1 1 1 1 1 1 1 1 1 1 1 1 1 1 1 1 1 1 1 1 1 1 1 1 1 1 1 1 1 1 1 1 1 1 1 1 1 1 1 1 1 1 1 1 1 1 1 1 1 1 1 1 1 1 1 1 1 1 1 1 1 1 1 1 1 1 1 1 1 1 1 1 1 1 1 1 1 1 1 1 1 1 1 1 1 1 1 1 1 1 1 1 1 1 1 1 1 1 1 1 1 1 1 1 1 1 1 1 1 1 1 1 1 1 1 1 1 1 1 1 1 1 1 1 1 1 1 1 1 1 1 1 1 1 1 1 1 1 1 1 1 1 1 1 1 1 1 1 1 1 1 1 1 1 1 1 1 1 1 1 1 1 1 1 1 1 1 1 1 1 1 1 1 1 1 1 1 1 1 1 1 1 1 1 1 1 1 1 1 1 1 1 1 1 1 1 1 1 1 1 1 1 1 1 1 1 1 1 1 1 1 1 1 1 1 1 1 1 1 1 1 1 1 1 1 1 1 1 1 1 1 1 1 1 1 1 1 1 1 1 1 1 1 1 1 1 1 1 1 1 1 1 1 1 1 1 1 1 1 1 1 1 1 1 1 1 1 1 1 1 1 1 1 1 1 1 1 1 1 1 1 1 1 1 1 1 1 1 1 1 1 1 1 1 1 1 1 1 1 1 1 1 1 1 1 1 1 1 1 1 1 1 1 1 1 1 1 1 1 1 1 1 1 1 1 1 1 1 1 1 1 1 1 1 1 1</float_array>
          <technique_common>
            <accessor source="#Armature_needles_standard-skin-weights-array" count="802" stride="1">
              <param name="WEIGHT" type="float"/>
            </accessor>
          </technique_common>
        </source>
        <joints>
          <input semantic="JOINT" source="#Armature_needles_standard-skin-joints"/>
          <input semantic="INV_BIND_MATRIX" source="#Armature_needles_standard-skin-bind_poses"/>
        </joints>
        <vertex_weights count="802">
          <input semantic="JOINT" source="#Armature_needles_standard-skin-joints" offset="0"/>
          <input semantic="WEIGHT" source="#Armature_needles_standard-skin-weights" offset="1"/>
          <vcount>1 1 1 1 1 1 1 1 1 1 1 1 1 1 1 1 1 1 1 1 1 1 1 1 1 1 1 1 1 1 1 1 1 1 1 1 1 1 1 1 1 1 1 1 1 1 1 1 1 1 1 1 1 1 1 1 1 1 1 1 1 1 1 1 1 1 1 1 1 1 1 1 1 1 1 1 1 1 1 1 1 1 1 1 1 1 1 1 1 1 1 1 1 1 1 1 1 1 1 1 1 1 1 1 1 1 1 1 1 1 1 1 1 1 1 1 1 1 1 1 1 1 1 1 1 1 1 1 1 1 1 1 1 1 1 1 1 1 1 1 1 1 1 1 1 1 1 1 1 1 1 1 1 1 1 1 1 1 1 1 1 1 1 1 1 1 1 1 1 1 1 1 1 1 1 1 1 1 1 1 1 1 1 1 1 1 1 1 1 1 1 1 1 1 1 1 1 1 1 1 1 1 1 1 1 1 1 1 1 1 1 1 1 1 1 1 1 1 1 1 1 1 1 1 1 1 1 1 1 1 1 1 1 1 1 1 1 1 1 1 1 1 1 1 1 1 1 1 1 1 1 1 1 1 1 1 1 1 1 1 1 1 1 1 1 1 1 1 1 1 1 1 1 1 1 1 1 1 1 1 1 1 1 1 1 1 1 1 1 1 1 1 1 1 1 1 1 1 1 1 1 1 1 1 1 1 1 1 1 1 1 1 1 1 1 1 1 1 1 1 1 1 1 1 1 1 1 1 1 1 1 1 1 1 1 1 1 1 1 1 1 1 1 1 1 1 1 1 1 1 1 1 1 1 1 1 1 1 1 1 1 1 1 1 1 1 1 1 1 1 1 1 1 1 1 1 1 1 1 1 1 1 1 1 1 1 1 1 1 1 1 1 1 1 1 1 1 1 1 1 1 1 1 1 1 1 1 1 1 1 1 1 1 1 1 1 1 1 1 1 1 1 1 1 1 1 1 1 1 1 1 1 1 1 1 1 1 1 1 1 1 1 1 1 1 1 1 1 1 1 1 1 1 1 1 1 1 1 1 1 1 1 1 1 1 1 1 1 1 1 1 1 1 1 1 1 1 1 1 1 1 1 1 1 1 1 1 1 1 1 1 1 1 1 1 1 1 1 1 1 1 1 1 1 1 1 1 1 1 1 1 1 1 1 1 1 1 1 1 1 1 1 1 1 1 1 1 1 1 1 1 1 1 1 1 1 1 1 1 1 1 1 1 1 1 1 1 1 1 1 1 1 1 1 1 1 1 1 1 1 1 1 1 1 1 1 1 1 1 1 1 1 1 1 1 1 1 1 1 1 1 1 1 1 1 1 1 1 1 1 1 1 1 1 1 1 1 1 1 1 1 1 1 1 1 1 1 1 1 1 1 1 1 1 1 1 1 1 1 1 1 1 1 1 1 1 1 1 1 1 1 1 1 1 1 1 1 1 1 1 1 1 1 1 1 1 1 1 1 1 1 1 1 1 1 1 1 1 1 1 1 1 1 1 1 1 1 1 1 1 1 1 1 1 1 1 1 1 1 1 1 1 1 1 1 1 1 1 1 1 1 1 1 1 1 1 1 1 1 1 1 1 1 1 1 1 1 1 1 1 1 1 1 1 1 1 1 1 1 1 1 1 1 1 1 1 1 1 1 1 1 1 1 1 1 1 1 1 1 1 1 1 1 1 1 1 1 1 1 1 1 1 1 1 1 1 1 1 1 1 1 1 1 1 1 1 1 1 1 1 1 1 1 1 1 1 1 1 1 1 1 1 1 1 1 1 1 1 1 1 1 1 1 1 1 1 1 1 1 1 1 1 </vcount>
          <v>12 0 12 1 12 2 12 3 12 4 12 5 12 6 12 7 3 8 3 9 3 10 3 11 3 12 3 13 3 14 3 15 7 16 7 17 7 18 7 19 7 20 7 21 7 22 7 23 14 24 14 25 14 26 14 27 14 28 14 29 14 30 14 31 13 32 13 33 13 34 13 35 13 36 13 37 13 38 13 39 12 40 12 41 12 42 12 43 12 44 12 45 12 46 12 47 11 48 11 49 11 50 11 51 11 52 11 53 11 54 11 55 2 56 2 57 2 58 2 59 2 60 2 61 2 62 2 63 11 64 11 65 11 66 11 67 11 68 11 69 11 70 11 71 10 72 10 73 10 74 10 75 10 76 10 77 10 78 10 79 9 80 9 81 9 82 9 83 9 84 9 85 9 86 9 87 8 88 8 89 8 90 8 91 8 92 8 93 8 94 8 95 6 96 6 97 6 98 6 99 6 100 6 101 6 102 6 103 5 104 5 105 5 106 5 107 5 108 5 109 5 110 5 111 4 112 4 113 4 114 4 115 4 116 4 117 4 118 4 119 1 120 1 121 1 122 1 123 1 124 1 125 1 126 1 127 11 128 11 129 11 130 11 131 1 132 1 133 1 134 1 135 1 136 1 137 1 138 1 139 1 140 1 141 1 142 1 143 1 144 1 145 1 146 1 147 1 148 1 149 1 150 1 151 1 152 1 153 1 154 1 155 11 156 11 157 11 158 11 159 3 160 3 161 3 162 3 163 3 164 3 165 3 166 3 167 3 168 3 169 3 170 3 171 3 172 3 173 3 174 3 175 3 176 3 177 3 178 3 179 3 180 3 181 3 182 3 183 4 184 4 185 4 186 4 187 4 188 4 189 4 190 4 191 4 192 4 193 4 194 4 195 4 196 4 197 4 198 4 199 4 200 4 201 4 202 4 203 4 204 4 205 4 206 4 207 12 208 12 209 12 210 12 211 5 212 5 213 5 214 5 215 5 216 5 217 5 218 5 219 5 220 5 221 5 222 5 223 5 224 5 225 5 226 5 227 5 228 5 229 5 230 5 231 5 232 5 233 5 234 5 235 6 236 6 237 6 238 6 239 6 240 6 241 6 242 6 243 6 244 6 245 6 246 6 247 6 248 6 249 6 250 6 251 6 252 6 253 6 254 6 255 6 256 6 257 6 258 6 259 13 260 13 261 13 262 13 263 8 264 8 265 8 266 8 267 8 268 8 269 8 270 8 271 8 272 8 273 8 274 8 275 8 276 8 277 8 278 8 279 8 280 8 281 8 282 8 283 8 284 8 285 8 286 8 287 9 288 9 289 9 290 9 291 9 292 9 293 9 294 9 295 9 296 9 297 9 298 9 299 9 300 9 301 9 302 9 303 9 304 9 305 9 306 9 307 9 308 9 309 9 310 9 311 12 312 12 313 12 314 12 315 10 316 10 317 10 318 10 319 10 320 10 321 10 322 10 323 10 324 10 325 10 326 10 327 10 328 10 329 10 330 10 331 10 332 10 333 10 334 10 335 10 336 10 337 10 338 10 339 12 340 12 341 12 342 12 343 11 344 11 345 11 346 11 347 11 348 11 349 11 350 11 351 11 352 11 353 11 354 11 355 11 356 11 357 11 358 11 359 2 360 2 361 2 362 2 363 12 364 12 365 12 366 12 367 12 368 12 369 12 370 12 371 12 372 12 373 12 374 12 375 12 376 12 377 12 378 12 379 12 380 12 381 12 382 12 383 2 384 2 385 2 386 2 387 11 388 11 389 11 390 11 391 11 392 11 393 11 394 11 395 13 396 13 397 13 398 13 399 13 400 13 401 13 402 13 403 2 404 2 405 2 406 2 407 13 408 13 409 13 410 13 411 13 412 13 413 13 414 13 415 2 416 2 417 2 418 2 419 12 420 12 421 12 422 12 423 2 424 2 425 2 426 2 427 12 428 12 429 12 430 12 431 12 432 12 433 12 434 12 435 12 436 12 437 12 438 12 439 2 440 2 441 2 442 2 443 14 444 14 445 14 446 14 447 11 448 11 449 11 450 11 451 11 452 11 453 11 454 11 455 11 456 11 457 11 458 11 459 14 460 14 461 14 462 14 463 11 464 11 465 11 466 11 467 14 468 14 469 14 470 14 471 14 472 14 473 14 474 14 475 14 476 14 477 14 478 14 479 14 480 14 481 14 482 14 483 7 484 7 485 7 486 7 487 7 488 7 489 7 490 7 491 7 492 7 493 7 494 7 495 7 496 7 497 7 498 7 499 7 500 7 501 7 502 7 503 7 504 7 505 7 506 7 507 1 508 1 509 1 510 1 511 1 512 1 513 1 514 1 515 1 516 1 517 1 518 1 519 1 520 1 521 1 522 1 523 1 524 1 525 3 526 3 527 3 528 3 529 3 530 3 531 3 532 3 533 3 534 3 535 3 536 3 537 3 538 3 539 3 540 3 541 3 542 3 543 11 544 11 545 11 546 2 547 2 548 2 549 4 550 4 551 4 552 4 553 4 554 4 555 4 556 4 557 4 558 4 559 4 560 4 561 4 562 4 563 4 564 4 565 4 566 4 567 5 568 5 569 5 570 5 571 5 572 5 573 5 574 5 575 5 576 5 577 5 578 5 579 5 580 5 581 5 582 5 583 5 584 5 585 12 586 12 587 12 588 12 589 12 590 12 591 6 592 6 593 6 594 6 595 6 596 6 597 6 598 6 599 6 600 6 601 6 602 6 603 6 604 6 605 6 606 6 607 6 608 6 609 8 610 8 611 8 612 8 613 8 614 8 615 8 616 8 617 8 618 8 619 8 620 8 621 8 622 8 623 8 624 8 625 8 626 8 627 13 628 13 629 13 630 13 631 13 632 13 633 9 634 9 635 9 636 9 637 9 638 9 639 9 640 9 641 9 642 9 643 9 644 9 645 9 646 9 647 9 648 9 649 9 650 9 651 10 652 10 653 10 654 10 655 10 656 10 657 10 658 10 659 10 660 10 661 10 662 10 663 10 664 10 665 10 666 10 667 10 668 10 669 12 670 12 671 12 672 12 673 12 674 12 675 2 676 2 677 2 678 2 679 2 680 2 681 11 682 11 683 11 684 11 685 11 686 11 687 11 688 11 689 11 690 11 691 11 692 11 693 11 694 11 695 11 696 2 697 2 698 2 699 2 700 2 701 2 702 2 703 2 704 2 705 12 706 12 707 12 708 12 709 12 710 12 711 12 712 12 713 12 714 12 715 12 716 12 717 13 718 13 719 13 720 13 721 13 722 13 723 13 724 13 725 13 726 13 727 13 728 13 729 13 730 13 731 13 732 13 733 13 734 13 735 11 736 11 737 11 738 11 739 11 740 11 741 12 742 12 743 12 744 12 745 12 746 12 747 12 748 12 749 12 750 12 751 12 752 12 753 7 754 7 755 7 756 7 757 7 758 7 759 7 760 7 761 7 762 11 763 11 764 11 765 11 766 11 767 11 768 11 769 11 770 11 771 11 772 11 773 11 774 14 775 14 776 14 777 14 778 14 779 14 780 7 781 7 782 7 783 7 784 7 785 7 786 14 787 14 788 14 789 7 790 7 791 7 792 14 793 14 794 14 795 14 796 14 797 14 798 14 799 14 800 14 801</v>
        </vertex_weights>
      </skin>
    </controller>
  </library_controllers>
  <library_visual_scenes>
    <visual_scene id="Scene" name="Scene">
      <node id="Armature" name="Armature" type="NODE">
        <matrix sid="transform">1 0 0 0 0 1 0 0 0 0 1 0 0 0 0 1</matrix>
        <node id="Armature_gun" name="gun" sid="gun" type="JOINT">
          <matrix sid="transform">1 0 -1.6e-9 0 0 1 0 0 1.6e-9 0 1 0 0 0 0 1</matrix>
          <node id="_flashlight" name="#flashlight" type="NODE">
            <matrix sid="transform">0.9999601 -0.006460381 0.00617287 14.13008 0.006526631 0.9999207 -0.01077331 -4.903831 -0.006102781 0.01081317 0.9999229 -0.0899234 0 0 0 1</matrix>
          </node>
          <node id="_horizontal_flare_001" name="#horizontal_flare.001" type="NODE">
            <matrix sid="transform">-4.37114e-8 4.37114e-8 1 11 1 1.91069e-15 4.37114e-8 -4 0 1 -4.37114e-8 2.13e-8 0 0 0 1</matrix>
          </node>
          <node id="_horizontal_flare" name="#horizontal_flare" type="NODE">
            <matrix sid="transform">-1.62921e-7 0.9999999 6.08113e-9 11 -0.9999999 -1.62921e-7 1.22047e-7 -6 1.22047e-7 -6.08111e-9 1 2.15e-8 0 0 0 1</matrix>
          </node>
          <node id="_left_hand_cyborg" name="#left_hand_cyborg" type="NODE">
            <matrix sid="transform">0.8110617 0.1931539 0.189496 0.428 -0.3483812 0.4671134 0.4130398 -4.07 -0.01610149 -0.377223 0.608495 -5.27 0 0 0 1</matrix>
          </node>
          <node id="_left_hand_marine" name="#left_hand_marine" type="NODE">
            <matrix sid="transform">0.9571979 0.2639078 0.1188474 0.4800589 -0.2793273 0.949865 0.1404727 -2.199377 -0.07581714 -0.1676576 0.9829256 -2.078995 0 0 0 1</matrix>
          </node>
          <node id="_primary_trigger" name="#primary_trigger" type="NODE">
            <matrix sid="transform">1 6.8e-9 3.2e-9 11.28623 -6.8e-9 1 -1.8e-9 -5 -3.2e-9 1.8e-9 1 2.1e-8 0 0 0 1</matrix>
          </node>
          <node id="_smoke" name="#smoke" type="NODE">
            <matrix sid="transform">1 3.2e-9 3e-9 0.09325172 -3.2e-9 1 -1.28e-8 -5 -3e-9 1.28e-8 1 7.693955 0 0 0 1</matrix>
          </node>
          <node id="Armature_needle_01" name="needle_01" sid="needle_01" type="JOINT">
            <matrix sid="transform">0.8192645 0.002675533 -0.5734097 6.692004 -0.2788834 0.8756112 -0.3943716 0.03431892 0.5010288 0.4830091 0.7181033 1.148175 0 0 0 1</matrix>
            <extra>
              <technique profile="blender">
                <roll sid="roll" type="float">-0.6099753</roll>
                <tip_x sid="tip_x" type="float">0.01337766</tip_x>
                <tip_y sid="tip_y" type="float">4.378056</tip_y>
                <tip_z sid="tip_z" type="float">2.415045</tip_z>
              </technique>
            </extra>
          </node>
          <node id="Armature_needle_02" name="needle_02" sid="needle_02" type="JOINT">
            <matrix sid="transform">-0.8192644 -0.002675533 0.5734098 6.692004 -0.2788835 0.8756114 -0.3943716 -0.0340004 -0.5010289 -0.4830092 -0.7181032 1.148175 0 0 0 1</matrix>
            <extra>
              <technique profile="blender">
                <roll sid="roll" type="float">2.531617</roll>
                <tip_x sid="tip_x" type="float">-0.01337766</tip_x>
                <tip_y sid="tip_y" type="float">4.378056</tip_y>
                <tip_z sid="tip_z" type="float">-2.415046</tip_z>
              </technique>
            </extra>
          </node>
          <node id="Armature_needle_03" name="needle_03" sid="needle_03" type="JOINT">
            <matrix sid="transform">0.867699 0.007175449 -0.4970382 7.379557 -0.05751226 0.99463 -0.08604249 -0.01173115 0.4937518 0.1032448 0.8634521 1.253487 0 0 0 1</matrix>
            <extra>
              <technique profile="blender">
                <roll sid="roll" type="float">-0.5198256</roll>
                <tip_x sid="tip_x" type="float">0.03587722</tip_x>
                <tip_y sid="tip_y" type="float">4.97315</tip_y>
                <tip_z sid="tip_z" type="float">0.5162239</tip_z>
              </technique>
            </extra>
          </node>
          <node id="Armature_needle_04" name="needle_04" sid="needle_04" type="JOINT">
            <matrix sid="transform">-0.8676987 -0.007175446 0.4970385 7.379557 -0.05751229 0.9946299 -0.0860425 0.01199961 -0.493752 -0.1032448 -0.863452 1.253487 0 0 0 1</matrix>
            <extra>
              <technique profile="blender">
                <roll sid="roll" type="float">2.621767</roll>
                <tip_x sid="tip_x" type="float">-0.03587722</tip_x>
                <tip_y sid="tip_y" type="float">4.97315</tip_y>
                <tip_z sid="tip_z" type="float">-0.516224</tip_z>
              </technique>
            </extra>
          </node>
          <node id="Armature_needle_05" name="needle_05" sid="needle_05" type="JOINT">
            <matrix sid="transform">0.7991285 0.004184261 -0.6011456 5.41932 -0.1927518 0.9489642 -0.2496279 0.02476692 0.5694211 0.3153567 0.7591507 2.290412 0 0 0 1</matrix>
            <extra>
              <technique profile="blender">
                <roll sid="roll" type="float">-0.6442635</roll>
                <tip_x sid="tip_x" type="float">0.02092123</tip_x>
                <tip_y sid="tip_y" type="float">4.74482</tip_y>
                <tip_z sid="tip_z" type="float">1.576783</tip_z>
              </technique>
            </extra>
          </node>
          <node id="Armature_needle_06" name="needle_06" sid="needle_06" type="JOINT">
            <matrix sid="transform">0.8539901 0.00652647 -0.5202481 4.531504 3.16308e-5 0.9999207 0.01259584 -0.1175914 0.5202891 -0.01077318 0.8539222 2.744297 0 0 0 1</matrix>
            <extra>
              <technique profile="blender">
                <roll sid="roll" type="float">-0.5471898</roll>
                <tip_x sid="tip_x" type="float">0.03263235</tip_x>
                <tip_y sid="tip_y" type="float">4.999603</tip_y>
                <tip_z sid="tip_z" type="float">-0.0538659</tip_z>
              </technique>
            </extra>
          </node>
          <node id="Armature_needle_07" name="needle_07" sid="needle_07" type="JOINT">
            <matrix sid="transform">-0.7991288 -0.004184231 0.6011452 5.41932 -0.1927516 0.9489642 -0.249628 -0.02500057 -0.5694208 -0.3153567 -0.759151 2.290411 0 0 0 1</matrix>
            <extra>
              <technique profile="blender">
                <roll sid="roll" type="float">2.49733</roll>
                <tip_x sid="tip_x" type="float">-0.02092123</tip_x>
                <tip_y sid="tip_y" type="float">4.74482</tip_y>
                <tip_z sid="tip_z" type="float">-1.576783</tip_z>
              </technique>
            </extra>
          </node>
          <node id="Armature_needle_08" name="needle_08" sid="needle_08" type="JOINT">
            <matrix sid="transform">0.7718984 0.003335923 -0.6357372 3.090535 -0.2647944 0.9108058 -0.3167283 0.03733015 0.5779765 0.4128217 0.7039328 2.335599 0 0 0 1</matrix>
            <extra>
              <technique profile="blender">
                <roll sid="roll" type="float">-0.6882471</roll>
                <tip_x sid="tip_x" type="float">0.01667976</tip_x>
                <tip_y sid="tip_y" type="float">4.554029</tip_y>
                <tip_z sid="tip_z" type="float">2.064109</tip_z>
              </technique>
            </extra>
          </node>
          <node id="Armature_needle_09" name="needle_09" sid="needle_09" type="JOINT">
            <matrix sid="transform">0.9933656 0.005491496 0.1148684 2.378482 0.01134936 0.9893016 -0.145443 -0.009133816 -0.1144382 0.1457818 0.9826757 3.827896 0 0 0 1</matrix>
            <extra>
              <technique profile="blender">
                <roll sid="roll" type="float">0.1155267</roll>
                <tip_x sid="tip_x" type="float">0.02745747</tip_x>
                <tip_y sid="tip_y" type="float">4.946507</tip_y>
                <tip_z sid="tip_z" type="float">0.7289088</tip_z>
              </technique>
            </extra>
          </node>
          <node id="Armature_needle_10" name="needle_10" sid="needle_10" type="JOINT">
            <matrix sid="transform">-0.9933655 -0.005491495 -0.1148685 2.378482 0.01134938 0.9893014 -0.145443 0.008999348 0.1144383 -0.1457818 -0.9826757 3.827897 0 0 0 1</matrix>
            <extra>
              <technique profile="blender">
                <roll sid="roll" type="float">-3.026066</roll>
                <tip_x sid="tip_x" type="float">-0.02745747</tip_x>
                <tip_y sid="tip_y" type="float">4.946507</tip_y>
                <tip_z sid="tip_z" type="float">-0.728909</tip_z>
              </technique>
            </extra>
          </node>
          <node id="Armature_needle_11" name="needle_11" sid="needle_11" type="JOINT">
            <matrix sid="transform">-0.9935168 -0.003335949 -0.1136368 3.090536 0.04389353 0.9108058 -0.4104952 -0.03700018 0.1048704 -0.4128219 -0.9047543 2.335599 0 0 0 1</matrix>
            <extra>
              <technique profile="blender">
                <roll sid="roll" type="float">-3.026988</roll>
                <tip_x sid="tip_x" type="float">-0.01667976</tip_x>
                <tip_y sid="tip_y" type="float">4.554028</tip_y>
                <tip_z sid="tip_z" type="float">-2.064109</tip_z>
              </technique>
            </extra>
          </node>
          <node id="Armature_needle_12" name="needle_12" sid="needle_12" type="JOINT">
            <matrix sid="transform">0.6821778 0.0028238 -0.7311808 0.5964937 -0.3436453 0.883907 -0.3172009 0.04807854 0.6454001 0.4676543 0.6039522 4.240344 0 0 0 1</matrix>
            <extra>
              <technique profile="blender">
                <roll sid="roll" type="float">-0.8193546</roll>
                <tip_x sid="tip_x" type="float">0.01411914</tip_x>
                <tip_y sid="tip_y" type="float">4.419535</tip_y>
                <tip_z sid="tip_z" type="float">2.338272</tip_z>
              </technique>
            </extra>
          </node>
          <node id="Armature_needle_13" name="needle_13" sid="needle_13" type="JOINT">
            <matrix sid="transform">0.6645685 0.006526649 -0.7471988 0.5956053 0.003712806 0.9999207 0.01203635 -0.1122227 0.7472181 -0.01077318 0.6644915 4.24117 0 0 0 1</matrix>
            <extra>
              <technique profile="blender">
                <roll sid="roll" type="float">-0.8438964</roll>
                <tip_x sid="tip_x" type="float">0.03263324</tip_x>
                <tip_y sid="tip_y" type="float">4.999603</tip_y>
                <tip_z sid="tip_z" type="float">-0.0538659</tip_z>
              </technique>
            </extra>
          </node>
          <node id="Armature_needle_14" name="needle_14" sid="needle_14" type="JOINT">
            <matrix sid="transform">-0.6821778 -0.002823859 0.7311809 0.5964937 -0.3436453 0.883907 -0.3172008 -0.04800034 -0.6454001 -0.4676541 -0.6039521 4.240343 0 0 0 1</matrix>
            <extra>
              <technique profile="blender">
                <roll sid="roll" type="float">2.322238</roll>
                <tip_x sid="tip_x" type="float">-0.01411932</tip_x>
                <tip_y sid="tip_y" type="float">4.419535</tip_y>
                <tip_z sid="tip_z" type="float">-2.338271</tip_z>
              </technique>
            </extra>
          </node>
          <extra>
            <technique profile="blender">
              <roll sid="roll" type="float">0</roll>
              <tip_x sid="tip_x" type="float">0</tip_x>
              <tip_y sid="tip_y" type="float">5</tip_y>
              <tip_z sid="tip_z" type="float">0</tip_z>
            </technique>
          </extra>
        </node>
        <node id="needles_standard" name="needles:standard" type="NODE">
          <matrix sid="transform">1 0 0 0 0 1 0 0 0 0 1 0 0 0 0 1</matrix>
          <instance_controller url="#Armature_needles_standard-skin">
            <skeleton>#Armature_gun</skeleton>
            <bind_material>
              <technique_common>
                <instance_material symbol="needler_luminous-material" target="#needler_luminous-material">
                  <bind_vertex_input semantic="UVMap" input_semantic="TEXCOORD" input_set="0"/>
                </instance_material>
                <instance_material symbol="needler_core-material" target="#needler_core-material">
                  <bind_vertex_input semantic="UVMap" input_semantic="TEXCOORD" input_set="0"/>
                </instance_material>
              </technique_common>
            </bind_material>
          </instance_controller>
        </node>
        <node id="standard_standard" name="standard:standard" type="NODE">
          <matrix sid="transform">1 0 0 0 0 1 0 0 0 0 1 0 0 0 0 1</matrix>
          <instance_controller url="#Armature_standard_standard-skin">
            <skeleton>#Armature_gun</skeleton>
            <bind_material>
              <technique_common>
                <instance_material symbol="needler_dull-material" target="#needler_dull-material">
                  <bind_vertex_input semantic="UVMap" input_semantic="TEXCOORD" input_set="0"/>
                </instance_material>
                <instance_material symbol="needler_gun-material" target="#needler_gun-material">
                  <bind_vertex_input semantic="UVMap" input_semantic="TEXCOORD" input_set="0"/>
                </instance_material>
              </technique_common>
            </bind_material>
          </instance_controller>
        </node>
      </node>
    </visual_scene>
  </library_visual_scenes>
  <scene>
    <instance_visual_scene url="#Scene"/>
  </scene>
</COLLADA>