<?xml version="1.0" encoding="utf-8"?>
<COLLADA xmlns="http://www.collada.org/2005/11/COLLADASchema" version="1.4.1" xmlns:xsi="http://www.w3.org/2001/XMLSchema-instance">
  <asset>
    <contributor>
      <author>Blender User</author>
      <authoring_tool>Blender 4.3.2 commit date:2024-12-16, commit time:21:10, hash:32f5fdce0a0a</authoring_tool>
    </contributor>
    <created>2025-12-09T16:37:33</created>
    <modified>2025-12-09T16:37:33</modified>
    <unit name="meter" meter="1"/>
    <up_axis>Z_UP</up_axis>
  </asset>
  <library_effects>
    <effect id="h_turret_mp_gun-effect">
      <profile_COMMON>
        <technique sid="common">
          <lambert>
            <emission>
              <color sid="emission">0 0 0 1</color>
            </emission>
            <diffuse>
              <color sid="diffuse">0.8 0.8 0.8 1</color>
            </diffuse>
            <index_of_refraction>
              <float sid="ior">1.5</float>
            </index_of_refraction>
          </lambert>
        </technique>
      </profile_COMMON>
    </effect>
    <effect id="h_turret_mp_tripod-effect">
      <profile_COMMON>
        <technique sid="common">
          <lambert>
            <emission>
              <color sid="emission">0 0 0 1</color>
            </emission>
            <diffuse>
              <color sid="diffuse">0.8 0.8 0.8 1</color>
            </diffuse>
            <index_of_refraction>
              <float sid="ior">1.5</float>
            </index_of_refraction>
          </lambert>
        </technique>
      </profile_COMMON>
    </effect>
  </library_effects>
  <library_images/>
  <library_materials>
    <material id="h_turret_mp_gun-material" name="h_turret_mp_gun">
      <instance_effect url="#h_turret_mp_gun-effect"/>
    </material>
    <material id="h_turret_mp_tripod-material" name="h_turret_mp_tripod">
      <instance_effect url="#h_turret_mp_tripod-effect"/>
    </material>
  </library_materials>
  <library_geometries>
    <geometry id="gun_base-mesh" name="gun:base">
      <mesh>
        <source id="gun_base-mesh-positions">
          <float_array id="gun_base-mesh-positions-array" count="2595">-24.18 -0.616437 41.21078 -24.57493 -1.630766 40.21168 -16.34151 -0.6164377 41.19891 -16.34489 -1.630766 40.15592 -11.0151 -0.616438 41.88684 -9.521135 -1.630768 40.21025 -4.196907 -1.369982 43.04327 -4.266694 -1.630768 41.89694 4.120082 -1.630769 41.88684 -4.268186 -1.630769 39.01793 5.644397 -1.630771 39.00292 -4.270007 -0.924951 37.33276 5.642872 -0.9250842 37.33245 -4.188868 -0.6164386 43.54284 4.126227 -0.6164391 43.52599 4.12008 -1.369983 43.04327 5.648506 -1.630771 41.89921 -9.838986 -1.630768 38.97992 -16.34102 -1.630767 39.01428 -25.4622 -1.367041 37.96683 4.120342 -0.9062483 42.9289 10.43813 -0.9062469 42.94164 4.128228 -0.9062492 40.70965 10.44603 -0.9062471 40.71601 10.43813 -0.9062469 42.94164 10.73386 -0.6164391 42.67259 10.44603 -0.9062471 40.71601 10.73583 -0.6164392 40.71631 10.4467 0.9050463 40.7201 10.73471 0.6152389 40.70958 10.43813 0.9050471 42.94164 10.73462 0.6152387 42.67547 10.43813 -0.9062469 42.94164 10.73386 -0.6164391 42.67259 4.120342 -0.9062483 42.9289 4.124494 -0.616441 43.24018 10.15465 -0.6164391 43.25509 10.15432 0.6152389 43.25393 4.125675 0.6152372 43.24555 4.133444 5.323169 41.37494 4.696987 5.323169 41.37637 3.981934 1.267308 41.52614 4.848456 1.267308 41.52789 3.981934 1.267308 41.52614 3.98368 1.267308 40.6596 4.134865 5.323169 40.8114 4.698408 5.323169 40.81282 4.134865 5.323169 40.8114 4.850203 1.267308 40.66134 3.98368 1.267308 40.6596 4.696987 5.323169 41.37637 4.133444 5.323169 41.37494 4.698408 5.323169 40.81282 4.134865 5.323169 40.8114 -28.64932 -0.5582041 35.1789 -29.44746 -0.6457759 35.91761 -26.43446 -0.9250848 35.45396 -26.43489 -1.034768 36.45168 -25.22473 -0.4911758 36.28166 10.15432 0.6152389 43.25393 4.120341 0.905045 42.9289 10.43813 0.9050471 42.94164 4.128228 0.9050448 40.70964 10.4467 0.9050463 40.7201 -30.2727 -1.23106 42.135 -26.44033 -1.630767 41.85223 -26.44098 -1.630766 43.58188 -25.72825 -1.136307 42.11624 -25.72948 -1.136307 43.32572 -28.10492 -1.23106 44.16556 -29.96192 -1.23106 43.82075 -25.22473 0.4897336 36.28166 -26.43489 1.033346 36.45168 -26.43444 0.9236212 35.45413 -29.44746 0.6443141 35.91761 -28.64932 0.5567413 35.1789 -29.44746 0.6443141 35.91761 -29.44746 -0.6457759 35.91761 -30.2727 1.229867 42.135 -30.2727 -1.23106 42.135 -29.96146 1.229866 43.81913 -29.96192 -1.23106 43.82075 -24.10025 -5.9802e-4 39.4475 -24.41431 0.7454534 38.76511 -26.72804 -5.98036e-4 40.66964 -27.04199 0.7454534 39.99013 -26.72804 -5.98036e-4 40.66964 -27.04199 -0.7466498 39.99013 -24.10025 -5.9802e-4 39.4475 -24.41431 -0.7466498 38.76511 -23.73368 -5.98059e-4 39.5231 -23.57959 -0.3628576 39.85095 -27.2391 -5.98038e-4 41.17062 -27.08501 -0.3628576 41.49848 -23.57959 0.3616616 39.85095 -23.73368 -5.98059e-4 39.5231 -27.08501 0.3616616 41.49848 -27.2391 -5.98038e-4 41.17062 -2.820055 -4.141588 42.7049 -2.820055 -12.45683 42.7049 -2.216474 -12.61883 43.09555 -2.82204 -12.83242 42.33026 -2.219226 -13.22308 42.4913 -2.824117 -12.83242 40.38357 -2.221318 -13.22308 40.38282 -27.08501 0.3616616 41.49848 -23.57959 0.3616616 39.85095 -26.92913 -5.98169e-4 41.82142 -23.42479 -5.98134e-4 40.17485 -27.08501 -0.3628576 41.49848 -23.57959 -0.3628576 39.85095 -24.41431 0.7454534 38.76511 -27.04199 0.7454534 39.99013 -24.72948 -5.9809e-4 38.09457 -27.35726 -5.98105e-4 39.3167 -24.41431 -0.7466498 38.76511 -27.04199 -0.7466498 39.99013 -27.29874 -5.98054e-4 37.02189 -23.48499 -5.98031e-4 37.69831 -27.23547 -0.3628576 36.66519 -23.42172 -0.3628576 37.34162 -27.17264 -5.98198e-4 36.30368 -23.35855 -5.98139e-4 36.98096 -27.17264 -5.98198e-4 36.30368 -23.35855 -5.98139e-4 36.98096 -27.23547 0.3616616 36.66519 -23.42172 0.3616616 37.34162 -27.29874 -5.98054e-4 37.02189 -23.48499 -5.98031e-4 37.69831 -4.269966 -1.329368 32.212 -0.1633893 -1.329368 32.212 -4.269965 -1.329368 38.66541 -0.1633893 -1.329368 38.66541 -4.571365 -1.630768 38.96681 0.1380105 -1.630768 38.96681 -4.571365 -1.630768 41.60831 0.1380105 -1.630768 41.60831 -4.266694 -1.630768 41.89694 -0.1633893 -1.630768 41.88683 0.7104736 -3.304487 39.74513 -0.01404553 -3.304487 39.74513 0.7104734 -2.097438 39.74513 -0.01404553 -2.097438 39.74513 0.7104736 -3.304487 37.33104 -0.01404553 -3.304487 37.33103 0.7104736 -3.304487 39.74513 -0.01404553 -3.304487 39.74513 5.471364 -0.9946395 36.93278 5.469553 -1.811892 38.92582 6.056535 -0.7569976 36.35153 22.31012 -1.231059 37.51498 20.28757 -0.7569977 36.36587 5.471363 0.9941045 36.93278 5.469552 1.810703 38.92582 6.056535 0.7554298 36.35153 22.31012 1.229868 37.51498 20.28757 0.7554298 36.36587 30.74586 1.810698 40.75533 5.46423 1.810703 40.75533 30.56509 1.629569 40.53797 5.645724 1.629574 40.53797 30.74658 1.810698 40.32061 5.46496 1.811298 40.32061 30.75075 1.810696 38.9481 30.75249 1.229861 37.50002 31.47433 1.229862 38.75905 31.47509 1.229861 39.39263 -29.96146 1.229866 43.81913 -29.96192 -1.23106 43.82075 -28.10492 1.229867 44.16556 -28.10492 -1.23106 44.16556 -26.44109 1.629571 43.58255 -26.44098 -1.630766 43.58188 -25.72948 -1.136307 43.32572 -25.72948 1.135111 43.32572 -25.72825 -1.136307 42.11624 -25.72825 1.135111 42.11624 -26.44033 -1.630767 41.85223 -26.44033 1.629571 41.85223 -26.43489 -1.034768 36.45168 -26.43489 1.033346 36.45168 -25.22473 -0.4911758 36.28166 -25.22473 0.4897336 36.28166 40.92307 0.8210088 40.488 37.56376 1.013731 40.52515 40.91886 0.5803669 39.94419 37.56376 0.7166419 39.80792 40.92197 -5.96077e-4 39.66639 37.56376 -5.95692e-4 39.51082 40.91886 -0.5815579 39.94419 37.56376 -0.7178333 39.80792 40.92247 -0.8222008 40.4933 37.56376 -1.014923 40.52515 30.19598 -0.7178333 39.80792 30.20105 -1.014923 40.49787 40.92307 0.8210088 40.488 37.56376 1.013731 40.52515 40.91886 0.5803667 41.10611 37.56376 0.7166419 41.24238 40.92418 -5.96089e-4 41.30961 37.56376 -5.95692e-4 41.53947 40.91886 -0.5815581 41.10611 37.56376 -0.7178333 41.24238 40.92247 -0.8222008 40.4933 37.56376 -1.014923 40.52515 30.19598 -0.7178333 41.24238 30.20105 -1.014923 40.49787 30.19885 -5.96094e-4 39.48809 30.19598 0.7166419 39.80792 30.19915 1.013731 40.5081 -16.77399 -0.5758647 30.11877 -18.61578 -0.9287779 32.87543 -15.42396 -0.5758649 30.16305 -13.99376 -0.9287785 35.03734 -9.963069 -0.5758647 34.02374 -9.531569 -0.5758649 35.37578 -11.19342 -0.9287787 36.75671 30.19915 1.013731 40.5081 30.19598 0.7166419 41.24238 30.20157 -5.96094e-4 41.51673 5.648506 -1.630771 41.89921 5.647964 1.629567 41.89645 4.127897 0.6152387 43.52433 -4.190074 0.6152396 43.53746 -11.0151 -0.616438 41.88684 -11.0151 0.6152403 41.88684 -16.34151 -0.6164377 41.19891 -16.34097 0.6152399 41.20403 -24.18039 0.6152415 41.20692 -24.18 -0.616437 41.21078 5.466364 -1.811893 41.91231 5.466367 1.810703 41.91232 9.907571 -1.811894 41.90784 9.907571 1.810702 41.90784 11.34147 1.229869 43.3339 11.34147 -1.231058 43.3339 30.74657 1.229864 43.35345 30.74657 -1.231063 43.35345 31.46756 1.229865 42.12082 31.46756 -1.231062 42.12082 -18.23987 -0.928778 34.22571 -15.95825 -0.551233 35.99675 -19.34285 -0.5512329 34.92336 -16.29667 -0.7375608 36.99249 -24.02077 -0.6280319 35.20262 -15.95955 -0.9711251 37.96765 -12.98928 -0.9248207 37.97063 -12.68183 -0.4179345 37.19026 -14.02182 -0.3274831 35.98336 -24.18039 0.6152415 41.20692 -24.18 -0.616437 41.21078 -24.57471 1.62957 40.21596 -24.57493 -1.630766 40.21168 -25.4622 1.36543 37.96683 -25.4622 -1.367041 37.96683 -24.02076 0.6263653 35.20262 -24.02077 -0.6280319 35.20262 -16.77398 0.574672 30.11877 -15.42364 0.5746714 30.16385 -18.61578 0.9275853 32.87543 -13.99376 0.9275851 35.03734 -18.23978 0.9275854 34.22665 -15.95825 0.5507319 35.99675 -19.34284 0.5507321 34.92336 -16.29667 0.7375602 36.9925 -24.02076 0.6263653 35.20262 -25.4622 1.36543 37.96683 -15.95959 0.923621 37.9694 -16.34102 1.62957 39.01428 -12.98928 0.923621 37.97062 -9.838982 1.629569 38.97992 -11.19342 0.9275847 36.75671 -4.270003 0.9236164 37.33275 -9.531569 0.5746716 35.37578 -9.963069 0.5746716 34.02374 -0.1633893 -13.52448 32.212 -0.1633893 -13.52448 40.08142 0.1380105 -13.22308 32.212 0.1380105 -13.22308 40.38282 0.1380105 -6.723265 40.38282 0.1380105 -1.630768 32.212 0.1380105 -1.630768 38.96681 -0.1633893 -1.329368 32.212 -0.1633893 -1.329368 38.66541 0.1380105 -5.494871 41.60831 0.1380105 -1.630768 41.60831 -25.22473 -0.4911758 36.28166 -25.22473 0.4897336 36.28166 -26.43446 -0.9250848 35.45396 -26.43444 0.9236212 35.45413 -28.64932 0.5567413 35.1789 -28.64932 -0.5582041 35.1789 -29.44746 0.6443141 35.91761 -29.44746 -0.6457759 35.91761 -14.02177 0.3274823 35.98183 -12.68185 0.4173228 37.18803 -24.57471 1.62957 40.21596 -16.3449 1.62957 40.15592 -9.521393 1.629569 40.20656 -4.268307 1.629568 39.01522 -4.262831 1.629568 41.91435 4.12008 1.629568 41.88684 -4.196903 1.368785 43.04327 4.12008 1.368784 43.04327 -4.190074 0.6152396 43.53746 4.127897 0.6152387 43.52433 5.647964 1.629567 41.89645 5.644546 1.629567 39.00522 -11.0151 0.6152403 41.88684 5.642871 0.9236164 37.33127 -30.2727 1.229867 42.135 -26.44033 1.629571 41.85223 -26.44109 1.629571 43.58255 -25.72948 1.135111 43.32572 -25.72825 1.135111 42.11624 -29.96146 1.229866 43.81913 -28.10492 1.229867 44.16556 -16.34097 0.6152399 41.20403 -24.18039 0.6152415 41.20692 -1.614456 -12.45683 42.7049 -1.614456 -4.141588 42.7049 -2.216474 -3.981809 43.09555 -1.616441 -3.768212 42.33026 -2.219272 -3.37756 42.49131 -2.220465 -3.37756 41.60907 -1.617657 -3.768213 41.60831 31.47433 -1.231065 38.75905 31.47433 1.229862 38.75905 31.47509 -1.231065 39.39265 31.47509 1.229861 39.39263 30.74658 -1.811898 40.32061 30.74658 1.810698 40.32061 30.56509 1.629569 40.53797 30.56509 -1.630768 40.53797 30.74586 1.810698 40.75533 30.74586 -1.811898 40.75533 31.47277 -1.231063 41.68696 31.47277 1.229864 41.68696 31.46756 -1.231062 42.12082 31.46756 1.229865 42.12082 31.47433 1.229862 38.75905 31.47433 -1.231065 38.75905 30.75249 1.229861 37.50002 30.7525 -1.231065 37.50002 22.31012 1.229868 37.51498 22.31012 -1.231059 37.51498 20.28757 -0.7569977 36.36587 20.28757 0.7554298 36.36587 6.056535 -0.7569976 36.35153 5.471364 -0.9946395 36.93278 5.471363 0.9941045 36.93278 5.469552 1.810703 38.92582 5.469553 -1.811892 38.92582 5.46496 1.811298 40.32061 5.464959 -1.811298 40.32061 5.645724 -1.630762 40.53796 5.645724 1.629574 40.53797 5.645724 -1.630762 40.53796 5.645724 1.629574 40.53797 5.464229 -1.811894 40.75533 5.46423 1.810703 40.75533 5.466367 1.810703 41.91232 5.466364 -1.811893 41.91231 5.647964 1.629567 41.89645 5.648506 -1.630771 41.89921 5.644546 1.629567 39.00522 5.644397 -1.630771 39.00292 5.642872 -0.9250842 37.33245 5.642871 0.9236164 37.33127 0.1380105 -1.630768 41.60831 0.1380105 -5.494871 41.60831 -0.1633893 -1.630768 41.88683 -0.1633893 -5.610048 41.88683 -4.269966 -5.610048 41.88683 -4.269966 -6.83844 40.66134 -4.571364 -5.494871 41.60831 -4.571365 -6.723265 40.38282 -4.269966 -12.92168 40.66135 -4.571364 -13.22308 40.38282 -4.269966 -13.52448 40.08142 -0.1633893 -13.52448 40.08142 -0.1633893 -12.92168 40.66134 0.1380105 -13.22308 40.38282 0.1380105 -6.723265 40.38282 -0.1633893 -6.83844 40.66134 0.1380105 -13.22308 40.38282 -0.1633893 -12.92168 40.66134 -4.266694 -1.630768 41.89694 -4.571365 -1.630768 41.60831 -4.571365 -1.630768 38.96681 -4.571365 -6.723265 40.38282 -4.571365 -1.630768 32.212 -4.571365 -13.22308 32.212 -4.571364 -13.22308 40.38282 -4.269966 -13.52448 32.212 -4.269966 -13.52448 40.08142 -0.1633893 -13.52448 40.08142 -0.1633893 -13.52448 32.212 -12.98928 0.923621 37.97062 -12.98928 -0.9248207 37.97063 -15.95959 0.923621 37.9694 -15.95955 -0.9711251 37.96765 -16.29667 -0.7375608 36.99249 -16.29667 0.7375602 36.9925 -15.95825 0.5507319 35.99675 -15.95825 -0.551233 35.99675 -14.02177 0.3274823 35.98183 -14.02182 -0.3274831 35.98336 -12.68183 -0.4179345 37.19026 -12.68185 0.4173228 37.18803 -12.98928 -0.9248207 37.97063 -12.98928 0.923621 37.97062 -1.618518 -12.83242 40.38206 -1.616441 -12.83242 42.33026 -2.219226 -13.22308 42.4913 -2.216474 -12.61883 43.09555 -2.216474 -3.981809 43.09555 -2.82204 -3.768212 42.33026 -2.219272 -3.37756 42.49131 -2.823256 -3.768212 41.60984 -2.823256 -3.768212 41.60984 -1.617657 -3.768213 41.60831 -2.82204 -3.768212 42.33026 -1.616441 -3.768212 42.33026 -1.614456 -4.141588 42.7049 -2.820055 -4.141588 42.7049 -2.820055 -12.45683 42.7049 -1.614456 -12.45683 42.7049 -2.82204 -12.83242 42.33026 -1.616441 -12.83242 42.33026 -1.618518 -12.83242 40.38206 -2.824117 -12.83242 40.38357 -4.269966 -13.52448 32.212 -0.1633893 -13.52448 32.212 -4.571365 -13.22308 32.212 0.1380105 -13.22308 32.212 0.1380105 -1.630768 32.212 -4.571365 -1.630768 32.212 -4.269966 -1.329368 32.212 -0.1633893 -1.329368 32.212 4.696987 5.323169 41.37637 4.698408 5.323169 40.81282 4.848456 1.267308 41.52789 4.850203 1.267308 40.66134 5.466367 1.810703 41.91232 9.907571 1.810702 41.90784 30.74759 1.810698 41.92884 31.47277 1.229864 41.68696 31.46756 1.229865 42.12082 30.74657 1.229864 43.35345 11.34147 1.229869 43.3339 -4.269965 -1.329368 38.66541 5.466364 -1.811893 41.91231 5.464229 -1.811894 40.75533 9.907571 -1.811894 41.90784 30.74586 -1.811898 40.75533 30.74759 -1.811897 41.92884 31.47277 -1.231063 41.68696 31.46756 -1.231062 42.12082 30.74657 -1.231063 43.35345 11.34147 -1.231058 43.3339 5.642872 -0.9250842 37.33245 5.642871 0.9236164 37.33127 -4.270007 -0.924951 37.33276 -4.270003 0.9236164 37.33275 -9.531569 -0.5758649 35.37578 -9.531569 0.5746716 35.37578 -9.963069 -0.5758647 34.02374 -9.963069 0.5746716 34.02374 -15.42396 -0.5758649 30.16305 -15.42364 0.5746714 30.16385 -16.77399 -0.5758647 30.11877 -16.77398 0.574672 30.11877 -18.61578 -0.9287779 32.87543 -18.61578 0.9275853 32.87543 -18.23987 -0.928778 34.22571 -18.23978 0.9275854 34.22665 -19.34285 -0.5512329 34.92336 -19.34284 0.5507321 34.92336 -24.02076 0.6263653 35.20262 -24.02077 -0.6280319 35.20262 30.56509 -1.630768 40.53797 5.645724 -1.630762 40.53796 5.464959 -1.811298 40.32061 30.74658 -1.811898 40.32061 30.75075 -1.811899 38.9481 31.47509 -1.231065 39.39265 31.47433 -1.231065 38.75905 30.7525 -1.231065 37.50002 40.92197 -5.96077e-4 39.66639 40.91886 0.5803669 39.94419 40.91886 -0.5815579 39.94419 40.92307 0.8210088 40.488 40.92247 -0.8222008 40.4933 40.91886 -0.5815581 41.10611 40.91886 0.5803667 41.10611 40.92418 -5.96089e-4 41.30961 -0.1633893 -6.83844 40.66134 -5.579976 5.125945 5.858966 14.31605 16.94294 0.9345518 -5.873442 5.629727 4.651925 14.11175 16.82877 -0.08900153 -5.841011 4.96055 3.755211 15.54903 17.65257 0.01083934 15.47042 17.60597 1.051334 -32.48834 -3.75837 1.373846 -31.7369 -4.510059 1.306575 -32.5557 -3.758369 0.6215425 -25.74876 -4.510059 0.7705168 -25.06875 -3.75837 -0.04868859 -33.23705 3.006276 1.440871 -32.5557 3.758517 0.6215425 -33.23705 -3.003253 1.440871 -32.5557 -3.758369 0.6215425 -25.06875 3.758518 -0.04868859 -25.00141 3.758517 0.7036129 -24.25271 3.006276 0.6365903 -24.25271 -3.003253 0.6365903 -31.7369 4.510206 1.306575 -25.06875 3.758518 -0.04868859 -25.74876 4.510206 0.7705168 -32.48834 3.758517 1.373846 -32.5557 3.758517 0.6215425 -16.82259 -0.6162461 5.855875 -16.82258 -1.197002 5.855878 -16.82502 -1.197002 4.64883 -18.3639 -5.737918 5.858984 -18.36632 -5.737918 4.651937 -12.05115 11.30093 4.941332 -12.04993 11.30092 5.545578 -5.339504 4.591074 4.927805 -5.338286 4.591074 5.53205 -5.339506 -4.588645 4.927805 -5.338288 -4.588645 5.53205 -12.05115 -11.30092 4.941331 -12.04993 -11.30093 5.545578 -29.39092 0.9015156 0.5699454 -29.39092 -0.9052863 0.5699476 -29.29781 0.9015156 1.610254 -29.2978 -0.9052873 1.610252 -7.23239 -4.902455 5.858984 -13.67296 -5.433892 5.858984 -5.79753 -0.5934785 5.858984 -16.35371 1.80762e-6 5.858982 -5.79753 0.6135706 5.858984 -13.67295 5.433897 5.858984 -7.232388 4.902451 5.858984 -7.23239 -4.902455 5.858984 -13.67296 -5.433892 5.858984 -7.232396 -4.902452 7.066039 -13.67296 -5.433893 7.066035 -13.67295 5.433897 5.858984 -7.232388 4.902451 5.858984 -13.67295 5.433897 7.066033 -7.232394 4.902451 7.066035 -5.241257 3.921747 3.755209 14.11175 16.82877 -0.08900153 15.01515 15.26404 -0.08900797 15.54903 17.65257 0.01083934 16.4526 16.0869 0.01083934 -25.00141 -3.75837 0.7036129 -25.06875 -3.75837 -0.04868859 -4.968481 4.066809 5.858963 15.21958 15.37746 0.9345496 -4.666391 3.539058 4.65192 15.01515 15.26404 -0.08900797 -5.241257 3.921747 3.755209 16.37354 16.04255 1.051332 16.4526 16.0869 0.01083934 14.31605 16.94294 0.9345518 15.21958 15.37746 0.9345496 -4.968481 4.066809 5.858963 -5.951856 4.555591 5.385995 -5.646107 4.026023 5.385995 -4.666391 3.539058 4.65192 -5.493519 3.761731 4.782467 -6.037676 4.142827 4.913024 -7.232396 -4.902452 7.066039 -7.23239 -4.902455 5.858984 -5.79753 -0.5934785 7.066032 -5.79753 -0.5934785 5.858984 -5.79753 0.6135706 7.066032 -5.79753 0.6135706 5.858984 -7.232394 4.902451 7.066035 -7.232388 4.902451 5.858984 16.4526 16.0869 0.01083934 15.54903 17.65257 0.01083934 16.37354 16.04255 1.051332 15.47042 17.60597 1.051334 -5.241257 3.921747 3.755209 -5.782496 3.953491 4.334115 -6.037676 4.142827 4.913024 -6.082374 4.472893 4.334117 -5.841011 4.96055 3.755211 -5.237732 -3.907915 3.75522 -5.837485 -4.946719 3.755218 15.01681 -15.25342 -0.08898639 14.11341 -16.81816 -0.08899289 16.45361 -16.08296 0.01084148 15.5502 -17.64769 0.01083934 15.01681 -15.25342 -0.08898639 16.45361 -16.08296 0.01084148 15.22081 -15.3712 0.9345583 16.37477 -16.03744 1.051336 15.5502 -17.64769 0.01083934 15.47136 -17.60217 1.051334 16.45361 -16.08296 0.01084148 16.37477 -16.03744 1.051336 15.47136 -17.60217 1.051334 15.22081 -15.3712 0.9345583 14.31741 -16.93594 0.934554 -4.963979 -4.05128 5.858974 -5.575469 -5.110419 5.858972 -5.949606 -4.543969 5.386002 -5.643857 -4.0144 5.386002 -6.037681 -4.142676 4.91303 -6.102194 -4.808259 4.782476 -6.080614 -4.462118 4.334124 -5.837485 -4.946719 3.755218 -5.880647 -5.639001 4.65192 15.47136 -17.60217 1.051334 14.31741 -16.93594 0.934554 15.5502 -17.64769 0.01083934 14.11341 -16.81816 -0.08899289 0.7104734 -2.097438 39.74513 0.7104734 -2.097438 37.33104 -0.01404553 -2.097438 39.74513 -0.01404553 -2.097438 37.33103 0.7104736 -3.304487 39.74513 0.7104736 -3.304487 37.33104 0.7104734 -2.097438 39.74513 0.7104734 -2.097438 37.33104 0.7104736 -3.304487 37.33104 -0.01404553 -3.304487 37.33103 0.7104734 -2.097438 37.33104 -0.01404553 -2.097438 37.33103 -16.82502 1.217097 4.648829 -18.36632 5.737921 4.651937 -13.91166 0.6035276 4.642957 -12.42179 10.9309 4.639956 -5.863408 4.371183 4.626734 -12.05115 11.30093 4.941332 -5.339504 4.591074 4.927805 -5.863412 -4.37367 4.626734 -5.339506 -4.588645 4.927805 -12.42179 -10.9309 4.639954 -12.05115 -11.30092 4.941331 -12.04993 11.30092 5.545578 -12.41935 10.9309 5.847002 -5.338286 4.591074 5.53205 -5.860977 4.371182 5.833778 -5.338288 -4.588645 5.53205 -5.860978 -4.37367 5.833778 -12.04993 -11.30093 5.545578 -12.41936 -10.9309 5.847002 -16.82258 -1.197002 5.855878 -18.3639 -5.737918 5.858984 -18.3639 5.73792 5.858982 -16.82259 1.217097 5.855878 -16.82259 0.6067395 5.855875 -16.82259 -0.6162461 5.855875 -27.96557 0.9015172 1.490788 -27.96557 -0.9052862 1.490788 -29.29781 0.9015156 1.610254 -29.2978 -0.9052873 1.610252 1.3366 4.685578 39.94922 2.519098 4.685974 39.94914 1.022564 3.768052 40.25407 2.833861 3.76855 40.25409 1.023218 -3.768938 40.25405 2.834514 -3.768214 40.2541 1.337219 -4.686254 39.94914 2.519715 -4.685857 39.94921 2.519715 -4.685857 39.94921 2.738572 -4.875606 39.56856 3.135905 -3.770557 39.94071 3.135271 3.770883 39.94071 2.519098 4.685974 39.94914 2.737937 4.875861 39.56846 3.135271 3.770884 36.90731 2.737938 4.306044 36.93413 2.531746 3.770884 35.86197 2.532382 -3.770557 35.86197 3.135905 -3.770557 36.9073 2.738572 -4.30579 36.93423 1.337219 -4.686254 39.94914 2.519715 -4.685857 39.94921 1.118222 -4.876139 39.56846 2.738572 -4.875606 39.56856 2.738572 -4.30579 36.93423 1.118222 -4.306323 36.93413 1.325332 -3.771157 35.86197 2.532382 -3.770557 35.86197 1.324697 3.770284 35.86197 0.8813177 2.734191 36.8021 0.8813176 1.527142 36.8021 1.928225 3.337715 36.80209 1.928225 0.923617 36.8021 2.974214 1.527141 36.8021 2.974214 2.73419 36.8021 2.531746 3.770884 35.86197 1.117586 4.30551 36.93423 2.737938 4.306044 36.93413 2.737937 4.875861 39.56846 1.117586 4.875326 39.56856 1.3366 4.685578 39.94922 2.519098 4.685974 39.94914 2.974214 1.527141 36.8021 2.974211 1.527141 28.99906 2.974211 2.73419 28.99906 -5.342353 1.474825 17.1414 -5.481654 2.734192 16.92154 -7.408674 -0.5934796 14.17077 -7.593677 0.6135713 13.90526 -7.593676 -0.5934779 13.90525 -7.232398 -0.593478 12.69867 -7.232398 0.6135716 12.69867 -7.232396 -4.902452 7.066039 -7.232394 4.902451 7.066035 -29.29781 0.9015156 1.610254 -29.39092 0.9015156 0.5699454 -27.96557 0.9015172 1.490788 -27.73208 0.9015169 0.4667728 -16.82502 1.217097 4.648829 -16.82259 0.6067395 5.855875 -29.2978 -0.9052873 1.610252 -29.39092 -0.9052863 0.5699476 -27.96557 -0.9052862 1.490788 -27.73208 -0.9052856 0.4667728 -16.82502 -1.197002 4.64883 -16.82259 -0.6162461 5.855875 -29.39092 0.9015156 0.5699454 -29.39092 -0.9052863 0.5699476 -27.73208 0.9015169 0.4667728 -27.73208 -0.9052856 0.4667728 -16.51807 0.5959846 3.751504 -16.51807 -0.6035228 3.751504 -9.295738 -1.197002 13.29826 -8.174209 -1.197004 14.89996 -9.123138 -0.593479 15.36723 -6.073481 0.9042206 17.92731 -6.999489 1.527144 18.41203 0.8832427 1.527142 29.65783 1.929186 0.9236172 29.3291 1.928225 0.923617 36.8021 0.8813176 1.527142 36.8021 2.974214 1.527141 36.8021 2.974211 1.527141 28.99906 -5.342353 1.474825 17.1414 -6.073481 0.9042206 17.92731 -8.174209 -1.197004 14.89996 -7.408674 -0.5934796 14.17077 -7.593676 -0.5934779 13.90525 -8.439449 -0.5934776 12.69868 -7.232398 -0.593478 12.69867 -7.232396 -4.902452 7.066039 -8.439452 -4.902454 7.066045 -16.82259 0.6067395 5.855875 -16.82259 1.217097 5.855878 -16.82502 1.217097 4.648829 -18.3639 5.73792 5.858982 -18.36632 5.737921 4.651937 -12.42179 10.9309 4.639956 -12.41935 10.9309 5.847002 -12.04993 11.30092 5.545578 -12.05115 11.30093 4.941332 -8.439453 -0.5934783 5.858999 -13.23624 -0.593477 5.848153 -14.09253 -1.197001 6.447735 -14.94882 -0.5934765 7.047312 -14.94882 0.6135728 7.047312 -9.313452 0.6135702 15.09543 -7.193377 2.720783 18.11335 0.8832427 1.527142 29.65783 0.883243 2.734191 29.65782 0.8813177 2.734191 36.8021 -8.439453 0.6135711 5.858999 -8.439452 0.6135715 12.69868 -13.23624 0.6135722 5.848153 -9.295737 1.217096 13.29826 -14.09253 1.217097 6.447735 -8.543287 1.217094 14.37285 -6.428892 3.337716 17.39254 0.883243 2.734191 29.65782 1.929187 3.337715 29.3291 1.928225 3.337715 36.80209 -24.25271 3.006276 0.6365903 -24.25271 -3.003253 0.6365903 -25.00141 3.758517 0.7036129 -25.00141 -3.75837 0.7036129 -28.74488 7.47527e-5 1.038731 -32.48834 -3.75837 1.373846 -31.7369 -4.510059 1.306575 -25.74876 -4.510059 0.7705168 2.974214 2.73419 36.8021 2.974211 2.73419 28.99906 -5.481654 2.734192 16.92154 -6.428892 3.337716 17.39254 -7.593677 0.6135713 13.90526 -8.543287 1.217094 14.37285 -7.232398 0.6135716 12.69867 -8.439452 4.902451 7.066045 -7.232394 4.902451 7.066035 -5.237732 -3.907915 3.75522 -5.780737 -3.942717 4.334124 -4.673599 -3.54833 4.651926 -5.49867 -3.762924 4.78248 -4.963979 -4.05128 5.858974 -6.037681 -4.142676 4.91303 -5.575469 -5.110419 5.858972 -5.880647 -5.639001 4.65192 -5.837485 -4.946719 3.755218 1.3366 4.685578 39.94922 1.117586 4.875326 39.56856 1.022564 3.768052 40.25407 0.7211721 3.770284 39.94071 1.023218 -3.768938 40.25405 0.7218074 -3.771157 39.94071 1.337219 -4.686254 39.94914 1.118222 -4.876139 39.56846 0.7218072 -3.771157 36.90731 1.118222 -4.306323 36.93413 1.325332 -3.771157 35.86197 1.324697 3.770284 35.86197 0.7211719 3.770284 36.9073 1.117586 4.30551 36.93423 -33.23705 -3.003253 1.440871 -33.23705 3.006276 1.440871 -32.48834 3.758517 1.373846 -25.74876 4.510206 0.7705168 -31.7369 4.510206 1.306575 -12.04993 -11.30093 5.545578 -12.05115 -11.30092 4.941331 -12.41936 -10.9309 5.847002 -12.42179 -10.9309 4.639954 -18.36632 -5.737918 4.651937 -18.3639 -5.737918 5.858984 -16.82502 -1.197002 4.64883 -13.91166 -0.603522 4.642957 -18.36632 -5.737918 4.651937 -13.67295 5.433897 7.066033 -13.67295 5.433897 5.858984 -16.35371 1.79365e-6 7.066033 -16.35371 1.80762e-6 5.858982 -13.67296 -5.433893 7.066035 -13.67296 -5.433892 5.858984 -4.673599 -3.54833 4.651926 -5.873442 5.629727 4.651925 -6.097043 4.807067 4.782471 -6.037676 4.142827 4.913024 -5.579976 5.125945 5.858966 -7.232394 4.902451 7.066035 -5.79753 0.6135706 7.066032 -8.239061 -6.08076e-7 7.066032 -5.79753 -0.5934785 7.066032 -7.232396 -4.902452 7.066039 -13.67296 -5.433893 7.066035 -16.35371 1.79365e-6 7.066033 -13.67295 5.433897 7.066033 -8.439453 0.6135711 5.858999 -8.439452 0.6135715 12.69868 -8.439452 4.902451 7.066045 -8.439452 -4.902454 7.066045 -8.439453 -0.5934783 5.858999 -8.439449 -0.5934776 12.69868</float_array>
          <technique_common>
            <accessor source="#gun_base-mesh-positions-array" count="865" stride="3">
              <param name="X" type="float"/>
              <param name="Y" type="float"/>
              <param name="Z" type="float"/>
            </accessor>
          </technique_common>
        </source>
        <source id="gun_base-mesh-normals">
          <float_array id="gun_base-mesh-normals-array" count="2607">3.62098e-6 -0.4102022 0.9119947 -0.009758889 -0.968965 0.2470054 -0.06320309 -0.385809 0.9204112 -0.02028983 -0.9284474 0.3709094 -0.144738 -0.5015415 0.8529403 -0.03779268 -0.9783157 0.2036423 -0.07834893 -0.8024065 0.5916126 -0.02274125 -0.9921473 0.1229905 -1.4936e-4 -0.9938676 0.1105769 -0.006901562 -0.9791677 -0.2029361 0.6644689 -0.7318822 -0.1510947 0.101931 -0.6025917 -0.7915135 0.6009902 -0.4398691 -0.6673277 -0.1107997 -0.2696139 0.956573 0.3455777 -0.2254105 0.910915 0.1787551 -0.766371 0.617027 0.6964345 -0.6430723 0.3184919 -0.008519887 -0.9855647 -0.1690851 0.01117169 -0.9585158 -0.2848203 0.01467186 -0.9803857 -0.1965419 -7.84348e-4 -0.9238932 0.3826498 2.46084e-7 -1 3.49409e-7 0.4941851 -0.7138702 0.4961557 0.3826498 -0.9238932 7.76777e-4 0.4941493 -0.7138906 0.496162 0.3827099 -0.9238683 7.1235e-4 0.8156662 -0.4082422 0.4099109 0.7071068 -0.7071068 1.37591e-4 0.3827367 0.9238572 7.93977e-4 0.4941584 0.7139136 0.4961199 0.7071534 0.7070587 0.001468241 0.815679 0.4082494 0.4098784 0.4941166 -0.7139094 0.4961676 0.8156915 -0.4082318 0.4098709 -7.51588e-4 -0.9238576 0.3827359 -0.001861155 -0.3826742 0.9238815 0.2983706 -0.3001892 0.906014 0.2983465 0.300172 0.9060277 -0.001790344 0.3826566 0.923889 -0.5687738 0.5969285 0.5658382 -0.7075612 0.05260926 0.704691 0.5658608 0.5969256 0.5687542 0.704768 0.05269461 0.7074782 -0.7075138 0.05266237 0.7047346 -0.5687394 0.5969858 0.5658123 -0.7046541 0.05274391 -0.707588 -0.5658587 0.5969454 -0.5687357 0.5686996 0.5969654 -0.5658738 0.7075802 0.05279403 -0.7046581 -0.5659105 0.5969447 -0.5686847 -0.7047074 0.05271095 -0.7075374 0.5659225 0.5969079 0.5687115 0.5686835 0.596947 -0.5659094 -0.5687118 0.5969072 0.5659229 -0.5659096 0.5969476 -0.5686826 -0.2785793 -0.5030987 -0.8180986 0.2793529 -0.6594582 -0.697909 -0.7081866 -0.5815303 -0.4003677 0.4199665 -0.8972638 0.1361828 0.9083685 -0.3633373 0.2070088 -0.001857459 0.3826864 0.9238765 0.2983369 0.3001745 0.9060301 -7.72079e-4 0.9238805 0.3826805 0.4941636 0.7138782 0.4961657 -3.09649e-7 1 0 0.3826496 0.9238935 6.06523e-4 -0.7632623 -0.6460483 -0.007235467 0.4550858 -0.8603392 -0.2295941 0.3310238 -0.7387691 0.5870635 0.8003966 -0.362915 -0.4771351 0.7993767 -0.3629533 0.478813 0.01942098 -0.4795766 0.8772852 -0.5950496 -0.561111 0.5753873 0.9083687 0.3633114 0.2070541 0.2807659 0.6594451 -0.6973542 0.4199445 0.8972764 0.1361683 -0.7081713 0.581519 -0.4004113 -0.2785307 0.5030803 -0.8181265 -0.7081304 0.5816015 -0.4003638 -0.7081289 -0.5815954 -0.400375 -0.7631928 0.6461301 -0.007269442 -0.7632159 -0.6461032 -0.007222652 -0.5950273 0.561147 0.5753751 -0.5950196 -0.5611171 0.5754123 0.4207866 -4.58107e-5 0.9071598 6.61612e-6 1 -4.03523e-5 0.4207512 -2.46763e-5 0.9071761 -2.30639e-5 1 -4.659e-5 0.4207971 4.30682e-5 0.9071549 3.19779e-5 -1 -3.8445e-5 0.4208329 6.1214e-5 0.9071382 -4.20508e-5 -1 -3.53252e-5 -0.4262136 6.66426e-5 -0.9046227 -1.91331e-5 -1 4.14252e-5 -0.4262461 6.58631e-5 -0.9046073 4.11629e-5 -1 1.4279e-5 -2.12845e-5 1 3.83016e-5 -0.4263062 -6.91116e-5 -0.904579 4.33326e-5 1 1.59442e-5 -0.4244961 -6.14772e-5 -0.9054298 -0.9980955 -0.02425205 -0.05671995 -0.9980034 0.02619886 -0.05747091 0.001107037 -0.3825492 0.9239345 -0.9980363 0.05873084 -0.0217812 -3.05504e-4 -0.9239606 0.3824875 -0.9589501 0.283573 0.001111805 1.05023e-4 -1 -1.46996e-5 2.20304e-5 1 -5.33422e-5 0.4244275 3.45438e-6 0.9054621 -6.08712e-5 1 -4.01437e-5 0.4244297 -4.35877e-6 0.905461 -2.24859e-5 -1 -4.85778e-5 -9.55421e-6 -1 -3.52799e-5 -9.55782e-6 1 2.57799e-5 -0.4224595 4.61809e-5 -0.9063819 7.19279e-5 1 3.82066e-5 -0.4208667 1.34566e-5 -0.9071226 4.55081e-5 -1 2.47359e-5 1.47765e-5 -1 3.53678e-5 -0.1756024 5.4634e-5 0.9844612 -1.6389e-5 -1 5.54756e-5 -0.1756749 2.13087e-5 0.9844483 1.84579e-6 -1 -1.38001e-5 0.175589 2.3216e-5 -0.9844636 0.1756219 5.29878e-5 -0.9844577 0.1756767 -4.34131e-5 -0.9844479 -1.70751e-6 1 1.00892e-5 0.1756339 -6.74129e-5 -0.9844557 -7.88551e-6 1 4.51459e-7 -0.1756049 -5.82933e-5 0.9844608 -0.1755744 -2.20218e-5 0.9844662 -0.3826502 0.9238933 1.83946e-5 -0.3001459 0.9054169 0.3002211 0.3826502 0.9238933 1.82676e-5 0.3001348 0.9054226 0.300215 -0.7863674 0.6018697 0.1392093 0.7863611 0.6018907 0.1391538 -0.7136995 0.6270068 0.3122431 0.713672 0.6270066 0.3123059 -0.2819755 0.6335203 0.720515 0.2819154 0.6335196 0.7205391 0 0 1 -3.29071e-7 -1 0 -3.29071e-7 -1 0 -0.7081629 -0.5449163 -0.4489673 -0.2872799 -0.4742137 -0.8322209 -0.6657714 -0.7318498 -0.1454112 0.1245187 -0.6299706 -0.7665718 0.1826258 -0.495868 -0.8489775 -0.7074916 0.5456206 -0.4491702 -0.6661034 0.731768 -0.144298 -0.2887889 0.4740654 -0.831783 0.1260143 0.6299681 -0.7663293 0.1809599 0.4957334 -0.8494127 0.51696 0.7127383 -0.474085 0.7071424 0.7070708 8.578e-4 -0.6588819 0.6593385 -0.3621429 -0.7075557 0.7066576 -1.75864e-4 0.5155081 0.71293 0.475376 -0.6596658 0.6594299 0.3605461 0.3056864 0.9371336 -0.1683351 0.4179785 0.4783053 -0.7723458 0.879252 0.4133298 -0.2368003 0.901588 0.357046 0.2442485 -0.5951077 0.5611367 0.5753021 -0.5950129 -0.5612022 0.5753362 0.01944977 0.4796117 0.8772653 0.0194323 -0.4795672 0.87729 0.3310397 0.7388188 0.586992 0.3309204 -0.7388477 0.5870229 0.8003603 -0.3629359 0.4771802 0.7993885 0.3629302 0.4788106 0.8003557 -0.3629469 -0.4771796 0.8003639 0.3629559 -0.477159 0.4550878 -0.8603252 -0.2296426 0.4551147 0.8603138 -0.2296316 0.4200139 -0.8972254 0.1362898 0.4200353 0.8972336 0.1361696 0.9083486 -0.3633512 0.2070718 0.9083339 0.3633821 0.2070821 0.6517021 0.7584751 7.0042e-5 0.6517124 0.5363362 -0.536297 0.02850419 0.9995937 -3.94583e-5 0.02848088 0.7068236 -0.7068163 0.6517091 2.35382e-5 -0.7584691 0.02852451 1.89633e-5 -0.9995931 0.6517109 -0.5362952 -0.5363399 0.02833753 -0.7067456 -0.7069001 0.6516879 -0.7584872 2.88785e-5 0.02846533 -0.9995948 -1.27554e-5 2.7495e-6 -0.7071222 -0.7070913 -1.40583e-6 -1 -4.8511e-5 0.6516817 0.7584926 -3.82066e-5 0.02849441 0.999594 3.15607e-5 0.6516905 0.5363039 0.5363559 0.02850311 0.7068123 0.7068268 0.6516899 -2.13278e-5 0.7584855 0.02848517 -1.25042e-6 0.9995943 0.6516904 -0.5363338 0.5363261 0.02859759 -0.7068749 0.7067602 0.6516937 -0.7584823 -4.15659e-5 0.0284819 -0.9995943 9.68575e-6 -2.85608e-6 -0.7070886 0.707125 0 -1 4.49419e-5 0.01594132 1.34579e-6 -0.9998729 -3.1502e-7 0.7071058 -0.7071078 3.33536e-6 1 -1.64509e-5 -0.3561789 -0.565474 -0.7438923 0.2559517 -0.6149497 -0.7458724 -0.7500807 -0.6461206 -0.1410927 -0.02502846 -0.986142 0.1640047 0.6305655 -0.6260216 -0.4587857 0.4327558 -0.7537878 -0.4944961 -0.06161743 -0.9837808 -0.1684603 -2.35966e-5 1 3.36693e-5 2.02341e-6 0.7071151 0.7070985 -4.24415e-6 -2.92601e-6 1 0.6963438 -0.6431515 0.3185301 0.6963225 0.6431553 0.3185691 0.3455818 0.2253832 0.9109202 -0.1107939 0.2695971 0.9565784 -0.1447513 -0.5015155 0.8529533 -0.1447777 0.5015179 0.8529474 -0.06323158 -0.3857692 0.920426 -0.06320464 0.385741 0.9204397 2.18101e-5 0.4101608 0.9120133 1.91175e-5 -0.4101306 0.9120269 -0.5779597 -0.5772941 0.5767965 -0.186671 -0.7987627 0.5719547 -0.5780612 0.5772294 0.5767595 -0.1866183 0.798769 0.5719631 -0.2898215 0.4752362 0.8307552 -0.2881668 -0.4752072 0.8313472 0.4148438 0.4783487 0.7740073 0.4148473 -0.4783532 0.7740027 0.8782789 0.4133275 0.2403884 0.8782792 -0.4133276 0.2403869 -0.4963307 -0.8679498 0.01786082 0.3132808 -0.79766 0.5153577 -0.2311202 -0.7315608 -0.6414066 0.636124 -0.753784 -0.1647911 -0.005036115 -0.7131015 -0.7010428 0.2502887 -0.6667627 -0.7019851 -0.2426195 -0.6448654 -0.7247651 -0.8030459 -0.5959132 0.002177 -0.3300149 -0.4816864 0.8118303 -0.93137 3.46522e-6 0.3640742 -0.9307161 5.54719e-6 0.3657426 -0.9299414 -1.796e-6 0.3677079 -0.9299525 5.36559e-5 0.3676797 -0.9307174 -5.0415e-6 0.3657392 -0.9307174 -4.93741e-6 0.3657392 -0.9307089 -1.39976e-5 0.3657609 -0.9999984 0 -0.001804888 -0.9307283 3.56892e-7 0.3657118 -1 6.31666e-7 5.17146e-5 -0.8857756 1.63755e-6 -0.4641139 -0.8857766 1.42396e-6 -0.4641121 -0.3561316 0.5654935 -0.7439002 -0.7500655 0.6461224 -0.141166 0.2559922 0.6149548 -0.7458543 -0.02491688 0.9861984 0.1636829 -0.4962927 0.8679785 0.01752614 0.3134654 0.7977933 0.5150393 -0.2311526 0.7315966 -0.641354 0.6359201 0.7540115 -0.1645373 -0.005193412 0.7130182 -0.7011263 0.01485258 0.9803385 -0.1967635 0.2504776 0.6668377 -0.7018464 0.01111829 0.9585337 -0.2847625 -0.242659 0.6448872 -0.7247325 -0.008516252 0.9855631 -0.1690943 -0.0614385 0.9838419 -0.1681681 0.1019415 0.6025819 -0.7915194 0.432753 0.7537859 -0.4945015 0.6391707 0.6134503 -0.4638315 0.3827204 -0.9238643 1.82796e-5 0.9238822 -0.3826771 0 0.2982665 -0.9036545 0.3073204 0.7039603 -0.4941005 0.5102006 0.9552662 -0.1130324 0.2732952 0.9238798 0.3826828 0 0.786354 0.6018954 0.1391748 0.3827173 0.9238656 1.83613e-5 0.3001518 0.9054319 0.3001702 0.8890197 -0.1749344 0.4231334 0.7136355 0.6270676 0.312267 0.9083716 -0.3633532 0.2069673 0.2807161 -0.6595115 -0.6973114 0.9083774 0.3633384 0.2069682 0.2807355 0.6594806 -0.6973328 -0.2785674 0.5031341 -0.818081 -0.278536 -0.5031468 -0.8180839 -0.7082073 0.5815375 -0.4003208 -0.7081638 -0.5815625 -0.4003612 -0.3298254 0.4822664 0.811563 -0.8028152 0.5962241 0.002161741 -0.009762644 0.9689849 0.2469273 -0.02029359 0.9284436 0.3709188 -0.04976457 0.979561 0.194894 1.56846e-5 0.9800786 -0.1986101 -0.02276831 0.9921518 0.1229491 -3.29919e-4 0.9938814 0.1104533 -0.07834798 0.8023995 0.5916222 0.1787651 0.7663622 0.6170349 -0.1107694 0.2696706 0.9565606 0.3455662 0.225444 0.9109111 0.6963846 0.6430979 0.3185491 0.6644788 0.7318649 -0.1511353 -0.144744 0.5015402 0.85294 0.6009906 0.4397697 -0.6673927 -0.7632454 0.6460686 -0.007210671 0.4550623 0.8603509 -0.2295969 0.330966 0.738802 0.5870547 0.8003531 0.3629515 0.4771807 0.8013267 0.3629429 -0.4755502 -0.5950908 0.5611171 0.5753388 0.01942354 0.4795815 0.8772824 -0.0632326 0.3858176 0.9204056 2.35302e-5 0.4101909 0.9119997 0.9979578 0.02276736 -0.05968213 0.9980427 -0.02082931 -0.05896782 0.00106424 0.3824738 0.9239657 0.9979971 -0.05783247 -0.02563959 -2.90185e-4 0.9239404 0.3825364 -8.35359e-5 1 -6.39046e-5 0.9589382 -0.2836109 -0.001593053 0.8792479 -0.4133223 -0.2368292 0.8792476 0.4133228 -0.2368289 0.9015868 -0.3570403 0.244261 0.9015748 0.3570746 0.2442552 0.515481 -0.7129716 0.4753429 0.5154708 0.7129721 0.4753534 0.7070761 0.7071371 8.23528e-4 0.7070646 -0.7071485 8.54135e-4 0.5169391 0.712756 -0.4740811 0.516922 -0.7127796 -0.4740644 0.9026749 -0.3571309 -0.2400743 0.9026743 0.3571448 -0.2400556 0.8782997 -0.4132927 0.2403728 0.8783003 0.413326 0.2403125 0.8792375 0.4133514 -0.2368168 0.8792399 -0.4133483 -0.2368133 0.4180187 0.4783474 -0.7722981 0.4178722 -0.4783666 -0.7723655 0.1260506 0.6299868 -0.7663081 0.1244699 -0.6299856 -0.7665672 0.182628 -0.495907 -0.8489543 0.1808895 0.495776 -0.8494028 -0.2871749 -0.4742395 -0.8322426 -0.2888367 0.4741246 -0.8317326 -0.7072002 -0.544947 -0.450445 -0.7074537 0.5457136 -0.4491169 -0.6660327 0.7318351 -0.1442837 -0.6660622 -0.7318242 -0.1442031 -0.6595709 0.659469 0.360648 -0.6599603 -0.6592784 0.3602838 -0.7066935 -0.7075182 -0.001534819 -0.7075271 0.7066863 -1.60962e-4 -0.7067058 -0.707506 -0.001527309 -0.6588206 -0.6594195 -0.3621069 -0.7075198 0.7066935 -1.31428e-4 -0.658847 0.6593994 -0.3620955 -0.5780077 0.5772742 0.5767683 -0.5780088 -0.5771917 0.5768498 0.6963275 0.6431676 0.3185336 0.696343 -0.6431557 0.3185236 0.66441 0.73193 -0.1511222 0.6647192 -0.7319276 -0.1497676 0.6009324 -0.4398862 -0.6673682 0.6023013 0.4397996 -0.6661903 0.7136704 0.6270682 0.3121862 0.2818561 0.6335985 0.720493 0.889008 -0.1749694 0.4231436 0.3531894 -0.3575032 0.8645512 -0.3531908 -0.3574327 0.8645797 -0.4201874 -0.3467586 0.838571 -0.8890158 -0.1749669 0.4231284 -0.9552521 -0.1130114 0.2733532 -0.2827287 -0.2922042 0.9136089 -0.7039736 -0.4940824 0.5101999 -0.298277 -0.9036506 0.3073216 0.2982644 -0.9036504 0.3073344 0.2827233 -0.2922142 0.9136074 0.7040274 -0.4940499 0.5101572 0.9552482 -0.1130627 0.2733455 0.4202018 -0.3467484 0.8385679 0.7039434 -0.494139 0.5101867 0.2827364 -0.2921838 0.9136132 -0.2819012 0.6335843 0.7204878 -0.7136412 0.6270591 0.3122711 -0.7863348 0.601922 0.1391676 -0.9552662 -0.1130006 0.2733086 -0.9238784 0.3826861 0 -0.9238838 -0.3826733 1.75214e-7 -0.7039672 -0.4941155 0.5101766 -0.382694 -0.9238752 1.43281e-7 -0.2982934 -0.9036478 0.3073139 0.2982407 -0.9036554 0.3073427 0.3826504 -0.9238932 1.83663e-5 -0.2426649 0.6448877 -0.7247301 -0.2427029 -0.6448265 -0.7247718 0.2504317 0.6668241 -0.7018758 0.2502765 -0.6667448 -0.7020065 0.6360514 -0.7538344 -0.1648405 0.6358659 0.7540703 -0.1644773 0.3134363 0.7978046 0.5150394 0.3132755 -0.7976546 0.5153692 -0.3298538 0.4822533 0.8115592 -0.3300322 -0.4816706 0.8118327 -0.8030368 -0.5959256 0.002165257 -0.8028112 0.5962296 0.002136647 -0.2426206 -0.6447833 -0.7248378 -0.242684 0.6448898 -0.7247219 0.9589761 0.2834854 -0.001028299 0.9980407 0.056795 -0.02625077 5.34036e-5 -1 1.18728e-4 -3.452e-4 -0.923959 0.3824914 0.001070976 -0.3825246 0.9239447 0.9979574 0.02271771 -0.05970942 0.00111097 0.3824844 0.9239614 -0.9980956 -0.02429252 -0.05670261 -0.9979831 -0.06002241 -0.02066689 -2.6089e-4 0.9239519 0.3825084 -0.9589706 -0.2835021 0.001385152 -4.58366e-5 1 3.94942e-5 -0.9589453 -0.2835884 0.001253247 0.958236 -0.285978 -7.45194e-4 -0.9979889 -0.05993086 -0.02065366 0.997994 -0.05784606 -0.0257306 0.99805 -0.02080935 -0.05885016 -0.998098 -0.02426064 -0.05667191 -0.9980088 0.02620422 -0.05737441 0.9979566 0.02273136 -0.05971485 -0.9980376 0.05871576 -0.02176249 0.9980472 0.05669438 -0.02622139 0.9589589 0.2835426 -0.001176416 -0.958932 0.2836346 9.92731e-4 -1.54099e-6 0 -1 0 0 -1 0.5658578 0.5969464 0.5687354 0.7046884 0.0526579 0.7075602 0.5687001 0.5969635 -0.5658753 0.7075098 0.05274337 -0.7047327 -0.5780369 0.5772335 0.5767799 -0.1865999 0.7987523 0.5719926 0.3050221 0.937124 0.1695891 0.9026725 0.3571318 -0.2400818 0.8782845 0.4133272 0.2403686 0.4148205 0.478332 0.7740301 -0.2898914 0.4751819 0.8307618 -0.3001554 0.9054285 0.3001767 -0.3827165 0.9238659 1.83397e-5 -0.5780373 -0.5772333 0.5767796 -0.6589069 -0.6593647 -0.3620494 -0.1866593 -0.7987534 0.5719714 0.516945 -0.7127378 -0.474102 0.3050224 -0.9371235 0.1695908 0.9026649 -0.3571369 -0.2401028 0.8782973 -0.4133206 0.2403329 0.4148256 -0.4783302 0.7740284 -0.2881863 -0.4751763 0.831358 0.6009432 -0.4399353 -0.6673262 0.1019346 -0.602625 -0.7914876 0.6023188 0.4398735 -0.6661257 0.1019482 0.6025976 -0.7915067 0.4327643 -0.7538203 -0.4944393 0.4327097 0.7538241 -0.4944812 0.6305472 -0.6260703 -0.4587442 0.630531 0.6260844 -0.4587473 0.2559657 -0.6150465 -0.7457878 0.2558127 0.6150488 -0.7458384 -0.3546217 -0.5655025 -0.7446143 -0.3561686 0.5655201 -0.7438622 -0.7500138 -0.6461985 -0.1410917 -0.7500054 0.6461964 -0.1411465 -0.4963657 -0.8679298 0.01786124 -0.4963036 0.8679729 0.01748919 -0.2310962 -0.7316186 -0.6413493 -0.2310861 0.7316807 -0.6412821 -0.005230426 0.7130685 -0.701075 -0.005016922 -0.7131245 -0.7010195 0.7071452 -0.707068 8.2469e-4 -0.7067222 -0.7074896 -0.001529395 -0.6600295 -0.6592065 0.3602887 0.5154889 -0.7129635 0.4753466 0.3056681 -0.9371311 -0.1683822 0.9015946 -0.3570424 0.2442289 0.8792424 -0.4133305 -0.236835 0.4179122 -0.4783021 -0.7723837 0.6516584 -5.85318e-5 -0.7585126 0.6516419 0.5363139 -0.536405 0.6516441 -0.536394 -0.5363224 0.6516433 0.7585256 -6.25849e-6 0.6516513 -0.7585188 2.41399e-6 0.6516663 -0.53633 0.5363593 0.6516643 0.5363721 0.5363196 0.6516483 5.92917e-5 0.7585213 0.4202129 -0.346757 0.8385589 -0.4637581 0.3065608 0.8312334 -0.3312478 0.6642996 0.6700604 -0.7481525 0.6635213 0.002726733 -0.3698906 0.5726442 -0.7316144 -0.667468 0.1510976 -0.7291474 -0.3133483 0.6284122 -0.7119769 -0.4070429 0.5814282 0.7044554 -0.7044141 -0.7069825 0.06305921 -0.5571391 -0.4954246 -0.6664462 -0.2237485 -0.7783342 -0.5866281 0.1169482 -0.7782169 -0.6170103 0.4299407 -0.4950086 -0.7550613 -0.8290451 0.1710399 -0.5323812 -0.5568493 0.4954606 -0.6666617 -0.8291281 -0.1703947 -0.5324587 -0.5571207 -0.49537 -0.6665022 -0.7044699 -0.7069266 0.06306439 0.4299633 -0.4950066 -0.7550497 0.429651 0.4950481 -0.7552003 0.7047837 0.7066112 -0.06309181 0.7213084 0.1710801 -0.6711527 0.7213542 -0.1703713 -0.6712837 -0.5568467 0.4954389 -0.6666799 -0.2236956 0.7783148 -0.5866741 0.4296881 0.4950482 -0.7551791 0.1169916 0.7782334 -0.6169812 0.7049241 0.7064701 -0.06310439 -0.2236905 0.7783549 -0.5866227 -0.5568115 0.495436 -0.6667114 -0.7037702 0.7076276 0.06301414 -0.8290655 0.1709951 -0.5323637 -0.999998 5.44179e-6 0.002017855 -0.9676313 0.2523608 0.00195086 -0.9866428 0.162887 0.001990854 -0.9656637 -0.2597866 0.002150833 -0.9656643 -0.2597861 0.001962423 0.6112702 0.6124101 -0.5013009 0.6129482 0.6120691 0.499666 0.8163471 0.3388174 -0.4677394 0.8179221 0.3385878 0.465147 0.8167646 -0.338462 -0.4672678 0.8182615 -0.3384072 0.4646812 0.6114133 -0.6123312 -0.501223 0.6128732 -0.612182 0.4996196 -0.9960182 -2.02141e-6 0.08915048 -0.9960179 2.28201e-6 0.08915448 0 -3.36676e-7 -1 1.87115e-7 0 -1 1.36933e-7 3.37001e-7 -1 0 0 -1 0.08223432 -0.9966131 2.93418e-6 0.08223509 -0.996613 -9.78064e-7 0.08223593 0.996613 -9.78065e-7 0.08223605 0.9966129 9.78064e-7 -0.6674882 0.1511318 -0.7291219 -0.3698961 0.5727121 -0.7315585 -0.2075944 -0.6469036 -0.7337712 0.3112471 -0.6064073 -0.7317073 -0.3134399 0.6284359 -0.7119156 0.3875652 -0.5856096 -0.7119373 0.1169069 -0.7782387 -0.6169906 0.4298788 -0.4949975 -0.755104 0.7054064 -0.7059845 -0.06314802 0.7213392 -0.1703508 -0.671305 0.03063595 -0.5481151 0.8358417 0.1983431 -0.9801284 0.002890229 0.4099642 -0.6187782 0.6701067 0.3112721 -0.6063032 -0.7317829 -0.207575 -0.6468855 -0.7337929 0.3000097 -0.6432119 0.7044662 0.3875129 -0.5855762 -0.7119932 -0.4070228 0.5815042 0.7044042 -0.3313338 0.6643363 0.6699815 0.3002161 -0.6431826 0.704405 0.4099513 -0.6188543 0.6700444 0.03063929 -0.5481052 0.835848 -0.4637486 0.3065878 0.8312287 -0.8371249 -0.09463369 0.5387639 -0.501326 -0.6724215 0.5445381 0.1982831 -0.9801406 0.002883076 -0.3575001 -0.929777 0.08779823 -0.8549513 -0.4907228 0.1680756 0.9487796 -0.3159389 5.56691e-6 0.9487797 -0.3159387 4.6464e-6 0.9871125 -0.160028 4.66257e-7 0.9871128 -0.1600267 0 0.9870001 0.1607198 0 0.9869999 0.1607208 4.07452e-7 0.9483357 0.3172688 4.04043e-6 0.9483357 0.3172686 4.84476e-6 0.8627511 0.4980725 0.08708792 0.8627102 0.4981208 0.08721709 0.8628461 0.4979606 0.08678615 0.8627082 0.4981258 0.08720803 0.8625922 0.4982784 0.0874834 -0.2075651 -0.6469009 -0.7337819 -0.6228299 -0.7109205 -0.3266115 -0.8549354 -0.4907656 0.1680318 -0.9299466 -0.179165 -0.3210907 -0.667509 0.151073 -0.729115 -0.2028593 0.6536275 -0.7291222 0.311047 0.6066859 -0.7315614 -0.6640321 -0.1436693 -0.7337715 -0.3695168 -0.5727505 -0.7317201 0.3875364 0.5856196 -0.7119448 -0.313393 -0.6284235 -0.7119472 0.3110378 0.6066576 -0.7315887 0.4096656 0.6190287 0.670058 0.3875675 0.5855612 -0.7119758 0.3001453 0.6431491 0.7044658 0.8627262 -0.4981033 0.08715873 0.8627287 -0.4980978 0.08716636 0.3000498 0.6432422 0.7044215 0.4097075 0.6190785 0.6699863 -0.4067746 -0.5816273 0.704446 -0.3309441 -0.6644544 0.6700571 0.033665 0.5549245 0.8312193 -0.4593458 -0.3005852 0.8358528 -0.8341236 0.09963321 0.5425044 -0.501475 0.6773353 0.5382748 -0.8544169 0.4948289 0.1584814 -0.9844033 -0.1522042 0.08822774 -0.9277326 0.1852051 -0.3240546 -0.6640264 -0.1436613 -0.7337782 -0.7496969 -0.6617751 0.002867341 -0.4069887 -0.5814567 0.7044631 -0.3308715 -0.6644268 0.6701203 -0.3132893 -0.6284086 -0.712006 -0.3694496 -0.5727263 -0.731773 0 1 0 1 2.45461e-7 0 1 1.63641e-7 0 8.72399e-6 0 -1 8.72399e-6 0 -1 0.040385 0.8239943 -0.5651571 -0.002015471 1.81987e-7 -0.999998 0.09103429 0.05248475 -0.9944638 0.1772409 0.179155 -0.9677237 0.2728715 0.1133312 -0.955352 0.6113075 0.6123813 -0.5012906 0.816353 0.3388373 -0.4677148 0.2733117 -0.1143231 -0.9551079 0.8167541 -0.3385306 -0.4672365 0.1772273 -0.1791622 -0.9677249 0.611417 -0.6123415 -0.5012056 0.6129466 0.6120417 0.4997016 0.1803927 0.1784877 0.9672646 0.8179099 0.3386373 0.4651324 0.2756612 0.1128465 0.9546081 0.8182603 -0.3384541 0.4646496 0.2761031 -0.1138539 0.9543608 0.6130179 -0.6120045 0.4996594 0.1804007 -0.1784819 0.9672641 0.002016782 3.10121e-6 0.999998 0.00201559 0 0.999998 0.002014577 4.01598e-7 0.999998 0.002016365 -2.8739e-6 0.999998 -0.1425454 0.2024065 0.9688717 -0.1415078 -0.2049175 0.9684959 -0.1029837 0.7601376 0.6415492 -0.1011365 -0.7602396 0.6417222 0.06318908 0.7070897 0.704295 0.06319087 -0.7070907 0.7042938 -0.2587466 0.6215242 0.7394308 -0.3994492 0.2007991 0.8944944 0.2534171 0.6235085 0.739606 0.3982666 0.1982591 0.8955877 -0.3981841 -0.1981651 0.8956452 0.3994973 -0.200918 0.8944462 -0.2535103 -0.6233984 0.7396668 0.2586274 -0.6216049 0.7394047 0.2586436 -0.6216158 0.7393898 0.5250888 -0.8310389 0.1834565 0.9017803 -0.2062898 0.3797852 0.9028667 0.2037793 0.3785575 0.2534048 0.6234988 0.7396184 0.5241523 0.8320104 0.1817227 0.9242358 0.2759076 -0.2639377 0.4318915 0.8439619 -0.3181168 0.4160746 0.441298 -0.7950711 0.4163345 -0.4410718 -0.7950606 0.924262 -0.2758157 -0.2639422 0.4321938 -0.8438178 -0.3180881 -0.253489 -0.6234163 0.7396591 -0.5244647 -0.8318049 0.1817619 0.2586157 -0.6216444 0.7393755 0.5250952 -0.8310309 0.1834742 0.4321224 -0.8438525 -0.3180934 -0.4323728 -0.8436811 -0.3182075 -0.4160283 -0.4412921 -0.7950986 0.4163401 -0.441068 -0.7950598 0.4161267 0.4413567 -0.7950112 -0.416333 0.4410575 -0.7950693 -0.6862202 0.3964252 0.6098762 -0.6862416 -0.3964509 0.6098354 1.97291e-4 0.7923864 0.6100195 1.10239e-4 -0.7923853 0.6100209 0.6861793 -0.3963384 0.6099786 0.6862419 0.3962778 0.6099476 -0.4163772 0.4409887 -0.7950843 -0.4326558 0.8435532 -0.3181619 0.4161038 0.4412667 -0.7950733 0.4318398 0.8439812 -0.3181357 0.5241681 0.8320024 0.1817142 -0.525411 0.8308339 0.183462 -0.2587323 0.6215538 0.7394109 0.2533808 0.623507 0.7396197 0.6861825 -0.3963455 0.6099705 0.8417295 -0.4701837 -0.2653655 0.6861825 0.3963456 0.6099704 0.8417163 0.4701978 -0.2653825 0.8041917 -0.4120315 -0.4283759 0.6017619 0.5321791 -0.5955402 0.7651724 -0.5320189 -0.3625841 0.7248328 0.5789582 -0.3733965 0.7260966 -0.6444726 -0.239664 0.7901861 -0.5356822 0.2977426 0.7899525 0.5362778 0.2972897 0.5045042 -0.6857699 0.5245907 0.5054146 0.6865126 0.5227395 0.06315416 0.7070559 0.7043321 -0.101979 0.7599804 0.6418957 -0.04431504 0.7008933 -0.7118882 0.07911819 0.6656934 -0.7420194 0.04037964 0.8239976 -0.5651527 -0.1425697 0.2024194 0.9688655 0.06305438 -0.7070568 0.7043401 -0.04429596 -0.7008929 -0.7118898 -0.1011605 -0.7601819 0.6417868 0.07587391 -0.6667833 -0.7413792 0.0402491 -0.8297697 -0.5566529 -0.1414924 -0.2049778 0.9684855 -0.0442413 0.7009268 -0.7118598 0.07910281 0.6657668 -0.7419551 -0.04424077 -0.7009279 -0.7118588 0.07588362 -0.666846 -0.7413219 0.2722069 0.4692899 -0.840042 0.2713398 -0.478612 -0.8350481 -4.21005e-5 -1 -2.1513e-5 0.1461275 -0.9673249 0.207194 -0.6017779 -0.5318982 0.5957748 0.1489714 -0.9654602 0.2137621 -0.677594 -0.4121534 0.6090945 -0.792206 -0.5568236 0.2497146 0.08882969 -0.9956547 -0.02795016 1.20957e-4 -0.7923552 0.61006 -0.6862455 -0.3964022 0.6098628 0.6862289 -0.3962314 0.6099923 0.8417387 -0.4701562 -0.265385 0.8042014 -0.4120557 -0.4283342 0.1490083 -0.9654491 0.2137867 0.1460813 -0.9673423 0.2071455 0.7651685 -0.5320153 -0.3625975 0.7261217 -0.6444496 -0.23965 0.113686 -0.9934713 0.009503304 0.7902253 -0.5356028 0.2977815 0.5044664 -0.6857609 0.5246386 -0.6041876 -0.6328691 0.484184 -0.999998 0 0.002014696 -0.9865328 -0.1635519 0.001987576 -0.9679878 -0.2509895 0.001948893 -0.9658435 0.259119 0.001936793 -0.9658458 0.2591106 0.001935005 -0.677945 0.7351114 0.001370012 -0.6736099 0.7390859 0.001357436 -0.7071013 0.707111 0.00142908 -0.7070993 0.7071129 0.001427054 -0.6363717 -0.7713826 -1.03578e-6 0.2628669 -0.9471127 -0.1840613 -8.10589e-7 -1 5.58649e-7 -0.7094073 -0.4999979 0.4967329 -0.709407 0.4999982 0.4967329 -0.803497 0.4131025 0.4286479 -0.7654662 0.5323774 0.361436 -0.7921834 -0.5568362 0.2497578 -0.7922059 0.5568231 0.2497156 -0.6862071 -0.3964172 0.6098961 -0.6862071 0.3964172 0.6098961 -0.6360368 0.7716575 -0.00143814 0.2628666 0.9471129 -0.1840612 0.114037 0.9934358 0.009000957 -4.38749e-5 1 -1.92182e-5 -9.85852e-7 1 8.21543e-7 -0.147634 0.9659433 -0.2125037 -0.1470626 0.9671272 -0.2074556 -0.7922042 0.556825 0.2497169 0.08885133 0.9956515 -0.02799493 -0.6862434 0.396364 0.6098899 1.12726e-4 0.7923482 0.6100693 0.08916229 0 0.9960172 0.08916234 0 0.9960172 0.08916401 0 0.996017 0.08916378 -2.7005e-7 0.996017 0.08916378 -2.02538e-6 0.996017 0.08916336 1.68821e-6 0.9960171 0.686228 0.3962652 0.6099714 0.8417434 0.4701653 -0.2653541 0.6018055 0.5321957 -0.5954813 -0.1470556 0.9671314 -0.207441 0.7249239 0.5786999 -0.3736199 -0.1476552 0.9659345 -0.2125287 0.7899953 0.5362715 0.2971874 -0.6052938 0.6332908 0.482247 0.5053782 0.6865182 0.5227673 -0.2028612 0.6536278 -0.7291215 -0.6209468 0.715442 -0.3202624 0.2005087 0.979688 0.002775132 -0.3546006 0.9308629 0.08804994 0.03367638 0.5548941 0.8312391 -0.5014348 0.6773898 0.5382437 -0.8543632 0.4949386 0.1584275 -0.4593239 -0.3005885 0.8358638 -0.7496399 -0.6618397 0.002882957 -0.6639939 -0.1436656 -0.7338067 -0.2587793 0.6215195 0.7394233 -0.5253723 0.8308536 0.183484 -0.3995279 0.2008205 0.8944544 -0.9018312 0.2059934 0.3798256 -0.3982581 -0.1981807 0.8956087 -0.9017966 -0.2060928 0.3798534 -0.2535067 -0.6234095 0.7396588 -0.5244488 -0.8318168 0.1817535 -0.9243651 -0.2754647 -0.2639479 -0.4324137 -0.8436664 -0.3181907 -0.4160596 -0.4412463 -0.7951077 -0.4163216 0.4410223 -0.7950949 -0.9243895 0.2753776 -0.2639532 -0.432705 0.8435285 -0.3181607 0.08916431 0 0.9960169 0.08916395 0 0.996017 0.08916348 0 0.9960171 0.08916378 2.7005e-7 0.996017 0.08916383 -2.02538e-6 0.996017 0.08916324 2.95436e-6 0.996017 -0.7071015 -0.7071106 0.001423537 -0.6779686 -0.7350897 0.00136429 -0.7070982 -0.7071141 0.001422703 -0.6779439 -0.7351125 0.00136435 -0.965677 -0.2597385 0.001963675 -0.9656772 -0.2597383 0.001909792 0.07585519 -0.6668332 -0.7413363 0.04022556 -0.829746 -0.5566897 0.09082764 -0.05252367 -0.9944806 -0.002015829 0 -0.999998 -0.8968037 0.4424287 1.43435e-6 -0.8968038 0.4424287 1.25483e-6 -1 -4.73899e-6 0 -1 6.57958e-6 -1.7837e-7 -0.8968044 -0.4424274 -2.23625e-6 -0.8968043 -0.4424275 -2.55618e-6 0.03363233 0.5548597 0.8312639 0.2005356 0.9796826 0.002729654 -0.2029096 0.6535802 -0.7291506 -0.7481829 0.6634868 0.002768635 -0.9834122 0.1585865 0.08803969 -0.8549693 -0.4906864 0.1680905 -0.4637412 0.3065971 0.8312295 -0.8549647 -0.4906868 0.1681125 3.36043e-7 -5.12786e-7 1 6.7089e-7 1.33087e-6 1 -7.12815e-7 1.12378e-6 1 2.68403e-7 3.21237e-7 1 0 0 1 -2.97007e-7 -4.33374e-7 1 -0.6359645 0.7717183 -2.12855e-5 0.1139411 0.9934468 0.008997678 -0.6052597 0.6333619 0.4821965 -0.6041137 -0.6329029 0.484232 0.1136558 -0.9934745 0.009535431 -0.6363343 -0.7714135 9.55164e-6</float_array>
          <technique_common>
            <accessor source="#gun_base-mesh-normals-array" count="869" stride="3">
              <param name="X" type="float"/>
              <param name="Y" type="float"/>
              <param name="Z" type="float"/>
            </accessor>
          </technique_common>
        </source>
        <source id="gun_base-mesh-map-0">
          <float_array id="gun_base-mesh-map-0-array" count="4716">0.140625 0.8457031 0.1289062 0.8183593 0.359375 0.8457031 0.1289062 0.8183593 0.359375 0.8183593 0.359375 0.8457031 0.359375 0.8457031 0.359375 0.8183593 0.5058594 0.8652343 0.359375 0.8183593 0.5488281 0.8183593 0.5058594 0.8652343 0.5058594 0.8652343 0.5488281 0.8183593 0.6972656 0.8984375 0.5488281 0.8183593 0.6933593 0.8652343 0.6972656 0.8984375 0.6972656 0.8984375 0.6933593 0.8652343 0.9296875 0.8652343 0.6933593 0.8652343 0.6933593 0.7851563 0.9296875 0.8652343 0.9296875 0.8652343 0.6933593 0.7851563 0.9726563 0.7851563 0.6933593 0.7851563 0.6933593 0.7382813 0.9726563 0.7851563 0.9726563 0.7851563 0.6933593 0.7382813 0.9726563 0.7382813 0.5058594 0.8652343 0.6972656 0.8984375 0.6972656 0.9101563 0.6972656 0.9101563 0.6972656 0.8984375 0.9296875 0.9101563 0.6972656 0.8984375 0.9296875 0.8964843 0.9296875 0.9101563 0.9296875 0.9101563 0.9296875 0.8964843 0.9726563 0.8652343 0.9296875 0.8964843 0.9296875 0.8652343 0.9726563 0.8652343 0.9726563 0.8652343 0.9296875 0.8652343 0.9726563 0.7851563 0.5488281 0.8183593 0.359375 0.8183593 0.5410156 0.7851563 0.5410156 0.7851563 0.359375 0.8183593 0.359375 0.7851563 0.359375 0.8183593 0.1289062 0.8183593 0.359375 0.7851563 0.359375 0.7851563 0.1289062 0.8183593 0.1035156 0.7558594 0.2636719 0.5878906 0.2636719 0.5332031 0.1152343 0.5878906 0.1152343 0.5878906 0.2636719 0.5332031 0.1152343 0.5332031 0.1152343 0.6386719 0.06054687 0.6386719 0.1035156 0.6269531 0.1035156 0.6269531 0.06054687 0.6386719 0.06054687 0.6269531 0.06054687 0.5878906 0.1152343 0.5878906 0.06054687 0.5996093 0.06054687 0.5996093 0.1152343 0.5878906 0.1035156 0.5996093 0.1152343 0.5878906 0.1152343 0.6386719 0.1035156 0.5996093 0.1035156 0.5996093 0.1152343 0.6386719 0.1035156 0.6269531 0.2636719 0.6386719 0.1152343 0.6386719 0.2636719 0.6269531 0.2636719 0.6269531 0.1152343 0.6386719 0.1210937 0.6269531 0.1152343 0.6386719 0.1152343 0.5878906 0.1210937 0.6269531 0.1152343 0.5878906 0.1210937 0.5996093 0.1210937 0.6269531 0.1210937 0.5996093 0.2636719 0.5996093 0.1210937 0.6269531 0.1210937 0.6269531 0.2636719 0.5996093 0.2636719 0.6269531 0.2460938 0.8769531 0.1074218 0.8769531 0.2460938 0.8964843 0.2460938 0.8964843 0.1074218 0.8769531 0.1074218 0.8964843 0.1074218 0.8769531 0.2460938 0.8769531 0.1074218 0.8574219 0.1074218 0.8574219 0.2460938 0.8769531 0.2460938 0.8574219 0.2460938 0.8964843 0.1074218 0.8964843 0.2460938 0.8769531 0.2460938 0.8769531 0.1074218 0.8964843 0.1074218 0.8769531 0.2988281 0.8964843 0.2578125 0.8964843 0.2988281 0.8574219 0.2988281 0.8574219 0.2578125 0.8964843 0.2578125 0.8574219 0.0859375 0.01953125 0.04296875 0.02539062 0.1015625 0.03515625 0.1015625 0.03515625 0.04296875 0.02539062 0.04296875 0.04492187 0.04296875 0.02539062 0.01953125 0.0390625 0.04296875 0.04492187 0.2636719 0.5996093 0.1210937 0.5996093 0.2636719 0.5878906 0.1210937 0.5996093 0.1152343 0.5878906 0.2636719 0.5878906 0.2636719 0.5878906 0.1152343 0.5878906 0.2636719 0.5332031 0.1152343 0.5878906 0.1152343 0.5332031 0.2636719 0.5332031 0.1015625 0.03515625 0.04296875 0.04492187 0.1152343 0.15625 0.04296875 0.04492187 0.04296875 0.1503906 0.1152343 0.15625 0.1152343 0.15625 0.04296875 0.1503906 0.04296875 0.1835938 0.04296875 0.1503906 0.02929687 0.15625 0.04296875 0.1835938 0.04296875 0.1835938 0.02929687 0.15625 0.02929687 0.1777343 0.078125 0.1933593 0.1152343 0.1875 0.04296875 0.1835938 0.04296875 0.1835938 0.1152343 0.1875 0.1152343 0.15625 0.01953125 0.0390625 0.04296875 0.02539062 0.04296875 0.04492187 0.04296875 0.04492187 0.04296875 0.02539062 0.1015625 0.03515625 0.04296875 0.02539062 0.0859375 0.01953125 0.1015625 0.03515625 0.125 0.03515625 0.1582031 0.03515625 0.1152343 0.15625 0.1582031 0.03515625 0.1679688 0.15625 0.1152343 0.15625 0.1152343 0.15625 0.1679688 0.15625 0.1152343 0.1875 0.1679688 0.15625 0.1679688 0.1875 0.1152343 0.1875 0.01367187 0.8574219 0.03320312 0.8574219 0.01367187 0.9980468 0.03320312 0.8574219 0.03320312 0.9980468 0.01367187 0.9980468 0.09375 0.9980468 0.07421875 0.9980468 0.09375 0.8574219 0.07421875 0.9980468 0.07421875 0.8574219 0.09375 0.8574219 0.01367187 0.8574219 0.03320312 0.8574219 0.01367187 0.9980468 0.03320312 0.8574219 0.03320312 0.9980468 0.01367187 0.9980468 0.07421875 0.8574219 0.09375 0.8574219 0.07421875 0.9980468 0.09375 0.8574219 0.09375 0.9980468 0.07421875 0.9980468 0.5625 0.3984375 0.5625 0.5644531 0.5761719 0.5644531 0.5625 0.5644531 0.5625 0.5722656 0.5761719 0.5644531 0.5761719 0.5644531 0.5625 0.5722656 0.5761719 0.5722656 0.5625 0.5722656 0.5625 0.6113281 0.5761719 0.5722656 0.5761719 0.5722656 0.5625 0.6113281 0.5761719 0.6113281 0.07421875 0.9980468 0.0546875 0.9980468 0.07421875 0.8574219 0.07421875 0.8574219 0.0546875 0.9980468 0.0546875 0.8574219 0.0546875 0.9980468 0.03320312 0.9980468 0.0546875 0.8574219 0.0546875 0.8574219 0.03320312 0.9980468 0.03320312 0.8574219 0.03320312 0.8574219 0.0546875 0.8574219 0.03320312 0.9980468 0.03320312 0.9980468 0.0546875 0.8574219 0.0546875 0.9980468 0.0546875 0.8574219 0.07421875 0.8574219 0.0546875 0.9980468 0.0546875 0.9980468 0.07421875 0.8574219 0.07421875 0.9980468 0.09375 0.9980468 0.07421875 0.9980468 0.09375 0.8574219 0.09375 0.8574219 0.07421875 0.9980468 0.07421875 0.8574219 0.07421875 0.9980468 0.0546875 0.9980468 0.07421875 0.8574219 0.07421875 0.8574219 0.0546875 0.9980468 0.0546875 0.8574219 0.0546875 0.9980468 0.03320312 0.9980468 0.0546875 0.8574219 0.0546875 0.8574219 0.03320312 0.9980468 0.03320312 0.8574219 0.03320312 0.9980468 0.01367187 0.9980468 0.03320312 0.8574219 0.03320312 0.8574219 0.01367187 0.9980468 0.01367187 0.8574219 0.7050781 0.4570313 0.7050781 0.5722656 0.6347656 0.4570313 0.6347656 0.4570313 0.7050781 0.5722656 0.6347656 0.5722656 0.7050781 0.5722656 0.7109375 0.578125 0.6347656 0.5722656 0.6347656 0.5722656 0.7109375 0.578125 0.6308594 0.578125 0.7109375 0.578125 0.7109375 0.6230468 0.6308594 0.578125 0.6308594 0.578125 0.7109375 0.6230468 0.6308594 0.6230468 0.7109375 0.6230468 0.7050781 0.6289063 0.6308594 0.6230468 0.6308594 0.6230468 0.7050781 0.6289063 0.6347656 0.6289063 0.6132813 0.5136719 0.6132813 0.4902343 0.5996093 0.5136719 0.5996093 0.5136719 0.6132813 0.4902343 0.5996093 0.4902343 0.6132813 0.421875 0.6132813 0.375 0.5996093 0.421875 0.5996093 0.421875 0.6132813 0.375 0.5996093 0.375 0.2558594 0.08789062 0.2695313 0.07421875 0.2558594 0.1484375 0.2558594 0.1484375 0.2695313 0.07421875 0.7265625 0.1054687 0.2695313 0.07421875 0.6699218 0.07421875 0.7265625 0.1054687 0.2558594 0.08789062 0.2558594 0.1484375 0.2695313 0.07421875 0.2558594 0.1484375 0.7265625 0.1054687 0.2695313 0.07421875 0.2695313 0.07421875 0.7265625 0.1054687 0.6699218 0.07421875 0.9609375 0.1972656 0.9570313 0.1914062 0.2558594 0.1972656 0.2558594 0.1972656 0.9570313 0.1914062 0.2617188 0.1914062 0.9570313 0.1914062 0.9628906 0.1835938 0.2617188 0.1914062 0.2617188 0.1914062 0.9628906 0.1835938 0.2558594 0.1835938 0.9628906 0.1835938 0.9628906 0.1484375 0.2558594 0.1835938 0.2558594 0.1835938 0.9628906 0.1484375 0.2558594 0.1484375 0.2558594 0.1484375 0.9628906 0.1484375 0.7265625 0.1054687 0.7265625 0.1054687 0.9628906 0.1484375 0.9628906 0.1054687 0.9628906 0.1054687 0.9628906 0.1484375 0.9824219 0.140625 0.9824219 0.140625 0.9628906 0.1484375 0.9824219 0.15625 0.9628906 0.1484375 0.9628906 0.1835938 0.9824219 0.15625 0.1152343 0.1875 0.1679688 0.1875 0.1171875 0.2226562 0.1679688 0.1875 0.1679688 0.2226562 0.1171875 0.2226562 0.1171875 0.2226562 0.1679688 0.2226562 0.109375 0.2558594 0.1679688 0.2226562 0.1738281 0.2558594 0.109375 0.2558594 0.1738281 0.2558594 0.1640625 0.2714844 0.109375 0.2558594 0.109375 0.2558594 0.1640625 0.2714844 0.1191406 0.2714844 0.1640625 0.2714844 0.1640625 0.2851563 0.1191406 0.2714844 0.1191406 0.2714844 0.1640625 0.2851563 0.1191406 0.2851563 0.1640625 0.2851563 0.1738281 0.3066406 0.1191406 0.2851563 0.1191406 0.2851563 0.1738281 0.3066406 0.109375 0.3066406 0.1738281 0.3066406 0.1621093 0.3925781 0.109375 0.3066406 0.109375 0.3066406 0.1621093 0.3925781 0.1230468 0.3925781 0.1621093 0.3925781 0.1542968 0.421875 0.1230468 0.3925781 0.1230468 0.3925781 0.1542968 0.421875 0.1308593 0.421875 0.09570312 0.3359375 0.07421875 0.3359375 0.09570312 0.4550781 0.09570312 0.4550781 0.07421875 0.3359375 0.07421875 0.4550781 0.07421875 0.3359375 0.05078125 0.3359375 0.07421875 0.4550781 0.07421875 0.4550781 0.05078125 0.3359375 0.05078125 0.4550781 0.05078125 0.3359375 0.02539062 0.3359375 0.05078125 0.4550781 0.05078125 0.4550781 0.02539062 0.3359375 0.02539062 0.4550781 0.02539062 0.3359375 0.00390625 0.3359375 0.02539062 0.4550781 0.00390625 0.3359375 0.00390625 0.4550781 0.02539062 0.4550781 0.02539062 0.4550781 0.00390625 0.4550781 0.02539062 0.7304687 0.00390625 0.4550781 0.00390625 0.7304687 0.02539062 0.7304687 0.09570312 0.3359375 0.09570312 0.4550781 0.07421875 0.3359375 0.09570312 0.4550781 0.07421875 0.4550781 0.07421875 0.3359375 0.07421875 0.3359375 0.07421875 0.4550781 0.05078125 0.3359375 0.07421875 0.4550781 0.05078125 0.4550781 0.05078125 0.3359375 0.05078125 0.3359375 0.05078125 0.4550781 0.02539062 0.3359375 0.05078125 0.4550781 0.02539062 0.4550781 0.02539062 0.3359375 0.02539062 0.3359375 0.02539062 0.4550781 0.00390625 0.3359375 0.00390625 0.3359375 0.02539062 0.4550781 0.00390625 0.4550781 0.02539062 0.4550781 0.02539062 0.7304687 0.00390625 0.4550781 0.00390625 0.4550781 0.02539062 0.7304687 0.00390625 0.7304687 0.02539062 0.7304687 0.05078125 0.7304687 0.02539062 0.4550781 0.02539062 0.4550781 0.05078125 0.7304687 0.05078125 0.4550781 0.05078125 0.7304687 0.07421875 0.7304687 0.05078125 0.4550781 0.05078125 0.4550781 0.07421875 0.7304687 0.07421875 0.4550781 0.07421875 0.7304687 0.09570312 0.7304687 0.07421875 0.4550781 0.07421875 0.4550781 0.09570312 0.7304687 0.09570312 0.4550781 0.3476563 0.5351563 0.3828125 0.5371094 0.2929688 0.6132813 0.2929688 0.6132813 0.3828125 0.5371094 0.4238281 0.6757813 0.3828125 0.5371094 0.5371094 0.6464843 0.4238281 0.6757813 0.5371094 0.6464843 0.5488281 0.6816406 0.4238281 0.6757813 0.4238281 0.6757813 0.5488281 0.6816406 0.5 0.7226563 0.5488281 0.6816406 0.6933593 0.7382813 0.5 0.7226563 0.5 0.7226563 0.6933593 0.7382813 0.5410156 0.7851563 0.6933593 0.7382813 0.6933593 0.7851563 0.5410156 0.7851563 0.5410156 0.7851563 0.6933593 0.7851563 0.5488281 0.8183593 0.6933593 0.7851563 0.6933593 0.8652343 0.5488281 0.8183593 0.09570312 0.4550781 0.09570312 0.7304687 0.07421875 0.4550781 0.09570312 0.7304687 0.07421875 0.7304687 0.07421875 0.4550781 0.07421875 0.4550781 0.07421875 0.7304687 0.05078125 0.4550781 0.07421875 0.7304687 0.05078125 0.7304687 0.05078125 0.4550781 0.05078125 0.4550781 0.05078125 0.7304687 0.02539062 0.4550781 0.05078125 0.7304687 0.02539062 0.7304687 0.02539062 0.4550781 0.9726563 0.8769531 0.9726563 0.9980468 0.9296875 0.9101563 0.9726563 0.9980468 0.9296875 0.9648438 0.9296875 0.9101563 0.9296875 0.9101563 0.9296875 0.9648438 0.6972656 0.9101563 0.9296875 0.9648438 0.6972656 0.9648438 0.6972656 0.9101563 0.6972656 0.9101563 0.6972656 0.9648438 0.5058594 0.9101563 0.6972656 0.9648438 0.5058594 0.9648438 0.5058594 0.9101563 0.5058594 0.9101563 0.5058594 0.9648438 0.359375 0.9101563 0.5058594 0.9648438 0.359375 0.9648438 0.359375 0.9101563 0.359375 0.9648438 0.140625 0.9648438 0.359375 0.9101563 0.359375 0.9101563 0.140625 0.9648438 0.140625 0.9101563 0.2558594 0.2519531 0.3789063 0.2519531 0.2558594 0.3554688 0.2558594 0.3554688 0.3789063 0.2519531 0.3789063 0.3554688 0.3789063 0.3554688 0.3789063 0.2519531 0.4199219 0.3378906 0.3789063 0.2519531 0.4199219 0.2695313 0.4199219 0.3378906 0.4199219 0.3378906 0.4199219 0.2695313 0.9609375 0.3378906 0.4199219 0.2695313 0.9609375 0.2695313 0.9609375 0.3378906 0.9609375 0.3378906 0.9609375 0.2695313 0.9824219 0.3378906 0.9609375 0.2695313 0.9824219 0.2695313 0.9824219 0.3378906 0.2929688 0.6132813 0.4238281 0.6757813 0.3046875 0.6523438 0.4238281 0.6757813 0.3691406 0.7011719 0.3046875 0.6523438 0.3046875 0.6523438 0.3691406 0.7011719 0.2734375 0.6699218 0.3691406 0.7011719 0.359375 0.7265625 0.2734375 0.6699218 0.2734375 0.6699218 0.359375 0.7265625 0.1445312 0.6777344 0.1445312 0.6777344 0.359375 0.7265625 0.1035156 0.7558594 0.359375 0.7265625 0.3691406 0.7558594 0.1035156 0.7558594 0.1035156 0.7558594 0.3691406 0.7558594 0.359375 0.7851563 0.3691406 0.7558594 0.453125 0.7558594 0.359375 0.7851563 0.359375 0.7851563 0.453125 0.7558594 0.5410156 0.7851563 0.5410156 0.7851563 0.453125 0.7558594 0.5 0.7226563 0.453125 0.7558594 0.4609375 0.7324219 0.5 0.7226563 0.5 0.7226563 0.4609375 0.7324219 0.4238281 0.6757813 0.4609375 0.7324219 0.421875 0.7011719 0.4238281 0.6757813 0.4238281 0.6757813 0.421875 0.7011719 0.3691406 0.7011719 0.1523437 0.296875 0.171875 0.3183593 0.1308593 0.296875 0.1308593 0.296875 0.171875 0.3183593 0.1113281 0.3183593 0.171875 0.3183593 0.1679688 0.3691406 0.1113281 0.3183593 0.1113281 0.3183593 0.1679688 0.3691406 0.1132812 0.3691406 0.1679688 0.3691406 0.1503906 0.4257813 0.1132812 0.3691406 0.1132812 0.3691406 0.1503906 0.4257813 0.1308593 0.4257813 0.3476563 0.5351563 0.2929688 0.6132813 0.3828125 0.5371094 0.3828125 0.5371094 0.2929688 0.6132813 0.4238281 0.6757813 0.2929688 0.6132813 0.3046875 0.6523438 0.4238281 0.6757813 0.4238281 0.6757813 0.3046875 0.6523438 0.3691406 0.7011719 0.3046875 0.6523438 0.2734375 0.6699218 0.3691406 0.7011719 0.3691406 0.7011719 0.2734375 0.6699218 0.359375 0.7265625 0.2734375 0.6699218 0.1445312 0.6777344 0.359375 0.7265625 0.1445312 0.6777344 0.1035156 0.7558594 0.359375 0.7265625 0.359375 0.7265625 0.1035156 0.7558594 0.3691406 0.7558594 0.1035156 0.7558594 0.359375 0.7851563 0.3691406 0.7558594 0.3691406 0.7558594 0.359375 0.7851563 0.453125 0.7558594 0.359375 0.7851563 0.5410156 0.7851563 0.453125 0.7558594 0.453125 0.7558594 0.5410156 0.7851563 0.5 0.7226563 0.5410156 0.7851563 0.6933593 0.7382813 0.5 0.7226563 0.6933593 0.7382813 0.5488281 0.6816406 0.5 0.7226563 0.5 0.7226563 0.5488281 0.6816406 0.4238281 0.6757813 0.5488281 0.6816406 0.5371094 0.6464843 0.4238281 0.6757813 0.4238281 0.6757813 0.5371094 0.6464843 0.3828125 0.5371094 0.921875 0.4570313 0.9160156 0.4570313 0.921875 0.5976563 0.921875 0.5976563 0.9160156 0.4570313 0.9160156 0.6035156 0.9160156 0.6035156 0.9160156 0.4570313 0.8007813 0.6035156 0.9160156 0.4570313 0.7109375 0.4570313 0.8007813 0.6035156 0.8007813 0.6035156 0.7109375 0.4570313 0.7109375 0.578125 0.7109375 0.4570313 0.7050781 0.4570313 0.7109375 0.578125 0.7109375 0.578125 0.7050781 0.4570313 0.7050781 0.5722656 0.8007813 0.6035156 0.7109375 0.578125 0.7792969 0.6230468 0.7792969 0.6230468 0.7109375 0.578125 0.7109375 0.6230468 0.1542968 0.421875 0.1640625 0.4472656 0.1308593 0.421875 0.1308593 0.421875 0.1640625 0.4472656 0.1210937 0.4472656 0.1210937 0.4472656 0.1640625 0.4472656 0.1289062 0.4902343 0.1640625 0.4472656 0.15625 0.4902343 0.1289062 0.4902343 0.1289062 0.4902343 0.15625 0.4902343 0.1269531 0.5117188 0.15625 0.4902343 0.1582031 0.5117188 0.1269531 0.5117188 0.3691406 0.7011719 0.421875 0.7011719 0.4238281 0.6757813 0.421875 0.7011719 0.4609375 0.7324219 0.4238281 0.6757813 0.4238281 0.6757813 0.4609375 0.7324219 0.5 0.7226563 0.4609375 0.7324219 0.453125 0.7558594 0.5 0.7226563 0.1035156 0.7558594 0.1289062 0.8183593 0.359375 0.7851563 0.1289062 0.8183593 0.359375 0.8183593 0.359375 0.7851563 0.359375 0.7851563 0.359375 0.8183593 0.5410156 0.7851563 0.359375 0.8183593 0.5488281 0.8183593 0.5410156 0.7851563 0.5410156 0.7851563 0.5488281 0.8183593 0.6933593 0.7851563 0.5488281 0.8183593 0.6933593 0.8652343 0.6933593 0.7851563 0.6933593 0.7851563 0.6933593 0.8652343 0.9296875 0.8652343 0.6933593 0.8652343 0.6972656 0.8984375 0.9296875 0.8652343 0.9296875 0.8652343 0.6972656 0.8984375 0.9296875 0.8964843 0.6972656 0.8984375 0.6972656 0.9101563 0.9296875 0.8964843 0.6972656 0.9101563 0.9296875 0.9101563 0.9296875 0.8964843 0.9296875 0.9101563 0.9726563 0.8652343 0.9296875 0.8964843 0.9296875 0.8964843 0.9726563 0.8652343 0.9296875 0.8652343 0.9726563 0.8652343 0.9726563 0.7851563 0.9296875 0.8652343 0.9296875 0.8652343 0.9726563 0.7851563 0.6933593 0.7851563 0.9726563 0.7851563 0.6933593 0.7382813 0.6933593 0.7851563 0.6933593 0.7851563 0.6933593 0.7382813 0.5410156 0.7851563 0.6972656 0.9101563 0.6972656 0.8984375 0.5058594 0.8652343 0.5058594 0.8652343 0.6972656 0.8984375 0.5488281 0.8183593 0.6972656 0.8984375 0.6933593 0.8652343 0.5488281 0.8183593 0.9726563 0.7851563 0.9726563 0.7382813 0.6933593 0.7382813 0.1015625 0.03515625 0.1152343 0.15625 0.04296875 0.04492187 0.04296875 0.04492187 0.1152343 0.15625 0.04296875 0.1503906 0.1152343 0.15625 0.04296875 0.1835938 0.04296875 0.1503906 0.04296875 0.1835938 0.02929687 0.1777343 0.04296875 0.1503906 0.04296875 0.1503906 0.02929687 0.1777343 0.02929687 0.15625 0.1152343 0.15625 0.1152343 0.1875 0.04296875 0.1835938 0.04296875 0.1835938 0.1152343 0.1875 0.078125 0.1933593 0.5488281 0.8183593 0.359375 0.8183593 0.5058594 0.8652343 0.5058594 0.8652343 0.359375 0.8183593 0.359375 0.8457031 0.359375 0.8457031 0.359375 0.8183593 0.140625 0.8457031 0.359375 0.8183593 0.1289062 0.8183593 0.140625 0.8457031 0.5878906 0.5644531 0.5878906 0.3984375 0.5761719 0.3984375 0.5878906 0.3984375 0.5878906 0.3886719 0.5761719 0.3984375 0.5761719 0.3984375 0.5878906 0.3886719 0.5761719 0.3886719 0.5761719 0.3886719 0.5878906 0.3886719 0.5761719 0.375 0.5878906 0.3886719 0.5878906 0.375 0.5761719 0.375 0.01757812 0.2148438 0.07421875 0.2148438 0.01757812 0.2304688 0.07421875 0.2148438 0.07421875 0.2304688 0.01757812 0.2304688 0.01757812 0.2304688 0.07421875 0.2304688 0.0078125 0.2578125 0.07421875 0.2304688 0.08398437 0.2578125 0.0078125 0.2578125 0.08398437 0.2578125 0.078125 0.265625 0.0078125 0.2578125 0.0078125 0.2578125 0.078125 0.265625 0.01367187 0.265625 0.078125 0.265625 0.08398437 0.2714844 0.01367187 0.265625 0.01367187 0.265625 0.08398437 0.2714844 0.0078125 0.2714844 0.0078125 0.2714844 0.08398437 0.2714844 0.01757812 0.2949219 0.08398437 0.2714844 0.07421875 0.2949219 0.01757812 0.2949219 0.01757812 0.2949219 0.07421875 0.2949219 0.01757812 0.3085938 0.07421875 0.2949219 0.07421875 0.3085938 0.01757812 0.3085938 0.9824219 0.08789062 0.9824219 0.01757812 0.9628906 0.08789062 0.9824219 0.01757812 0.9628906 0.01757812 0.9628906 0.08789062 0.9628906 0.08789062 0.9628906 0.01757812 0.7265625 0.08789062 0.9628906 0.01757812 0.7265625 0.01757812 0.7265625 0.08789062 0.7265625 0.01757812 0.6699218 0.03125 0.7265625 0.08789062 0.7265625 0.08789062 0.6699218 0.03125 0.6699218 0.07421875 0.6699218 0.03125 0.2695313 0.03125 0.6699218 0.07421875 0.6699218 0.07421875 0.2695313 0.03125 0.2695313 0.07421875 0.2695313 0.03125 0.2558594 0.02539062 0.2695313 0.07421875 0.2695313 0.07421875 0.2558594 0.02539062 0.2558594 0.08007812 0.2558594 0.08007812 0.2558594 0.02539062 0.2246093 0.08398437 0.2558594 0.02539062 0.2246093 0.02148437 0.2246093 0.08398437 0.2246093 0.08398437 0.2246093 0.02148437 0.2070312 0.08398437 0.2246093 0.02148437 0.2070312 0.02148437 0.2070312 0.08398437 0.2070312 0.02148437 0.203125 0.0234375 0.2070312 0.08398437 0.2070312 0.08398437 0.203125 0.0234375 0.203125 0.08203125 0.2382812 0.2578125 0.2441406 0.2519531 0.2382812 0.3496094 0.2382812 0.3496094 0.2441406 0.2519531 0.2441406 0.3554688 0.2441406 0.3554688 0.2441406 0.2519531 0.2558594 0.3554688 0.2441406 0.2519531 0.2558594 0.2519531 0.2558594 0.3554688 0.9433593 0.6953125 0.9902343 0.6953125 0.9433593 0.6542969 0.9902343 0.6953125 0.9902343 0.6542969 0.9433593 0.6542969 0.9902343 0.6542969 0.9804687 0.6308594 0.9433593 0.6542969 0.9433593 0.6542969 0.9804687 0.6308594 0.9550781 0.6308594 0.7109375 0.7089844 0.7109375 0.703125 0.7792969 0.7089844 0.7792969 0.7089844 0.7109375 0.703125 0.7792969 0.703125 0.7109375 0.703125 0.7792969 0.6289063 0.7792969 0.703125 0.7792969 0.703125 0.7792969 0.6289063 0.8007813 0.6289063 0.7792969 0.6289063 0.7792969 0.6230468 0.8007813 0.6289063 0.7792969 0.6230468 0.8007813 0.6230468 0.8007813 0.6289063 0.8007813 0.6289063 0.8007813 0.6230468 0.9101563 0.6289063 0.8007813 0.6230468 0.9160156 0.6230468 0.9101563 0.6289063 0.9160156 0.6230468 0.921875 0.6289063 0.9101563 0.6289063 0.921875 0.6289063 0.921875 0.703125 0.9101563 0.6289063 0.9101563 0.6289063 0.921875 0.703125 0.9101563 0.703125 0.921875 0.703125 0.9160156 0.7089844 0.9101563 0.703125 0.7792969 0.7089844 0.7792969 0.703125 0.8007813 0.7089844 0.7792969 0.703125 0.8007813 0.703125 0.8007813 0.7089844 0.8007813 0.7089844 0.8007813 0.703125 0.9160156 0.7089844 0.9160156 0.7089844 0.8007813 0.703125 0.9101563 0.703125 0.9101563 0.703125 0.8007813 0.703125 0.9101563 0.6289063 0.8007813 0.703125 0.8007813 0.6289063 0.9101563 0.6289063 0.7109375 0.703125 0.7109375 0.6289063 0.7792969 0.6289063 0.7109375 0.6289063 0.7109375 0.6230468 0.7792969 0.6289063 0.7792969 0.6289063 0.7109375 0.6230468 0.7792969 0.6230468 0.7109375 0.6230468 0.7109375 0.578125 0.7792969 0.6230468 0.7792969 0.6230468 0.7109375 0.578125 0.8007813 0.6035156 0.7109375 0.578125 0.7109375 0.4570313 0.8007813 0.6035156 0.7109375 0.4570313 0.9160156 0.4570313 0.8007813 0.6035156 0.8007813 0.6035156 0.9160156 0.4570313 0.9160156 0.6035156 0.9160156 0.4570313 0.921875 0.4570313 0.9160156 0.6035156 0.9160156 0.6035156 0.921875 0.4570313 0.921875 0.5976563 0.921875 0.5976563 0.921875 0.4570313 0.9921875 0.5976563 0.921875 0.4570313 0.9921875 0.4570313 0.9921875 0.5976563 0.3515625 0.7636719 0.3515625 0.7382813 0.3886719 0.7636719 0.3515625 0.7382813 0.3886719 0.7382813 0.3886719 0.7636719 0.3886719 0.7382813 0.4003906 0.7421875 0.3886719 0.7636719 0.3886719 0.7636719 0.4003906 0.7421875 0.4003906 0.7597656 0.4003906 0.7597656 0.4003906 0.7421875 0.4121094 0.7578125 0.4003906 0.7421875 0.4121094 0.7441406 0.4121094 0.7578125 0.4121094 0.7578125 0.4121094 0.7441406 0.4375 0.7558594 0.4121094 0.7441406 0.4375 0.7460938 0.4375 0.7558594 0.4375 0.7460938 0.4550781 0.7460938 0.4375 0.7558594 0.4375 0.7558594 0.4550781 0.7460938 0.4550781 0.7558594 0.4550781 0.7460938 0.4628906 0.7382813 0.4550781 0.7558594 0.4550781 0.7558594 0.4628906 0.7382813 0.4628906 0.7636719 0.5878906 0.6113281 0.5878906 0.5722656 0.5761719 0.6113281 0.5761719 0.6113281 0.5878906 0.5722656 0.5761719 0.5722656 0.5761719 0.5722656 0.5878906 0.5722656 0.5761719 0.5644531 0.5878906 0.5722656 0.5878906 0.5644531 0.5761719 0.5644531 0.5878906 0.5644531 0.5761719 0.3984375 0.5761719 0.5644531 0.5761719 0.5644531 0.5761719 0.3984375 0.5625 0.3984375 0.5625 0.3984375 0.5761719 0.3984375 0.5625 0.3886719 0.5761719 0.3984375 0.5761719 0.3886719 0.5625 0.3886719 0.5625 0.3886719 0.5761719 0.3886719 0.5625 0.375 0.5761719 0.3886719 0.5761719 0.375 0.5625 0.375 0.5625 0.375 0.5390625 0.375 0.5625 0.3886719 0.5390625 0.375 0.5390625 0.3886719 0.5625 0.3886719 0.5390625 0.3886719 0.5390625 0.3984375 0.5625 0.3886719 0.5625 0.3886719 0.5390625 0.3984375 0.5625 0.3984375 0.5625 0.3984375 0.5390625 0.3984375 0.5625 0.5644531 0.5390625 0.3984375 0.5390625 0.5644531 0.5625 0.5644531 0.5625 0.5644531 0.5390625 0.5644531 0.5625 0.5722656 0.5390625 0.5644531 0.5390625 0.5722656 0.5625 0.5722656 0.5390625 0.5722656 0.5390625 0.6113281 0.5625 0.5722656 0.5625 0.5722656 0.5390625 0.6113281 0.5625 0.6113281 0.921875 0.453125 0.9160156 0.4570313 0.921875 0.3789063 0.921875 0.3789063 0.9160156 0.4570313 0.9160156 0.375 0.9160156 0.375 0.9160156 0.4570313 0.7109375 0.375 0.9160156 0.4570313 0.7109375 0.4570313 0.7109375 0.375 0.7109375 0.4570313 0.7050781 0.453125 0.7109375 0.375 0.7109375 0.375 0.7050781 0.453125 0.7050781 0.3789063 0.2460938 0.8574219 0.1074218 0.8574219 0.2460938 0.8769531 0.2460938 0.8769531 0.1074218 0.8574219 0.1074218 0.8769531 0.2558594 0.2285156 0.3789063 0.2285156 0.2558594 0.1972656 0.2558594 0.1972656 0.3789063 0.2285156 0.9609375 0.1972656 0.3789063 0.2285156 0.9609375 0.2285156 0.9609375 0.1972656 0.9609375 0.1972656 0.9609375 0.2285156 0.9824219 0.2207031 0.9824219 0.2207031 0.9609375 0.2285156 0.9824219 0.234375 0.9824219 0.234375 0.9609375 0.2285156 0.9609375 0.2695313 0.9609375 0.2695313 0.9609375 0.2285156 0.4199219 0.2695313 0.9609375 0.2285156 0.3789063 0.2285156 0.4199219 0.2695313 0.7109375 0.578125 0.7050781 0.5722656 0.7109375 0.4570313 0.7050781 0.5722656 0.7050781 0.4570313 0.7109375 0.4570313 0.2558594 0.2285156 0.2558594 0.1972656 0.3789063 0.2285156 0.2558594 0.1972656 0.9609375 0.1972656 0.3789063 0.2285156 0.3789063 0.2285156 0.9609375 0.1972656 0.9609375 0.2285156 0.9609375 0.1972656 0.9824219 0.2207031 0.9609375 0.2285156 0.9824219 0.2207031 0.9824219 0.234375 0.9609375 0.2285156 0.9824219 0.234375 0.9609375 0.2695313 0.9609375 0.2285156 0.9609375 0.2695313 0.4199219 0.2695313 0.9609375 0.2285156 0.9609375 0.2285156 0.4199219 0.2695313 0.3789063 0.2285156 0.9003906 0.9765625 0.6933593 0.9765625 0.9003906 0.9921875 0.9003906 0.9921875 0.6933593 0.9765625 0.6933593 0.9921875 0.6933593 0.9765625 0.5488281 0.9804687 0.6933593 0.9921875 0.6933593 0.9921875 0.5488281 0.9804687 0.5488281 0.9882813 0.5488281 0.9804687 0.5351563 0.9804687 0.5488281 0.9882813 0.5488281 0.9882813 0.5351563 0.9804687 0.5351563 0.9882813 0.5351563 0.9804687 0.3828125 0.9804687 0.5351563 0.9882813 0.5351563 0.9882813 0.3828125 0.9804687 0.3828125 0.9882813 0.3828125 0.9804687 0.34375 0.9804687 0.3828125 0.9882813 0.3828125 0.9882813 0.34375 0.9804687 0.34375 0.9882813 0.34375 0.9804687 0.3027343 0.9765625 0.34375 0.9882813 0.34375 0.9882813 0.3027343 0.9765625 0.3027343 0.9921875 0.3027343 0.9765625 0.2929688 0.9765625 0.3027343 0.9921875 0.3027343 0.9921875 0.2929688 0.9765625 0.2929688 0.9921875 0.2929688 0.9765625 0.2734375 0.9804687 0.2929688 0.9921875 0.2929688 0.9921875 0.2734375 0.9804687 0.2734375 0.9882813 0.2734375 0.9882813 0.2734375 0.9804687 0.1445312 0.9902343 0.2734375 0.9804687 0.1445312 0.9785156 0.1445312 0.9902343 0.9609375 0.1972656 0.2558594 0.1972656 0.9570313 0.1914062 0.2558594 0.1972656 0.2617188 0.1914062 0.9570313 0.1914062 0.2617188 0.1914062 0.2558594 0.1835938 0.9570313 0.1914062 0.9570313 0.1914062 0.2558594 0.1835938 0.9628906 0.1835938 0.2558594 0.1835938 0.9628906 0.1484375 0.9628906 0.1835938 0.9628906 0.1835938 0.9628906 0.1484375 0.9824219 0.15625 0.9824219 0.15625 0.9628906 0.1484375 0.9824219 0.140625 0.9824219 0.140625 0.9628906 0.1484375 0.9628906 0.1054687 0.9628906 0.1054687 0.9628906 0.1484375 0.7265625 0.1054687 0.7265625 0.1054687 0.9628906 0.1484375 0.2558594 0.1484375 0.9628906 0.1484375 0.2558594 0.1835938 0.2558594 0.1484375 0.1015625 0.8027344 0.0859375 0.8378906 0.08789062 0.765625 0.0859375 0.8378906 0.05078125 0.8496093 0.08789062 0.765625 0.08789062 0.765625 0.05078125 0.8496093 0.05273437 0.7519531 0.05273437 0.7519531 0.05078125 0.8496093 0.01757812 0.7636719 0.05078125 0.8496093 0.015625 0.8359375 0.01757812 0.7636719 0.01757812 0.7636719 0.015625 0.8359375 0 0.8007813 0.8007813 0.703125 0.7792969 0.703125 0.8007813 0.6289063 0.9296875 0.8652343 0.9296875 0.8964843 0.6972656 0.8984375 0.5703125 0.9492187 0.9453125 0.9492187 0.5703125 0.9570313 0.9453125 0.9492187 0.9453125 0.9648438 0.5703125 0.9570313 0.5703125 0.9570313 0.9453125 0.9648438 0.5703125 0.9648438 0.9453125 0.9648438 0.9453125 0.9492187 0.9648438 0.9648438 0.9648438 0.9648438 0.9453125 0.9492187 0.9648438 0.9492187 0.9921875 0.3476563 0.9804687 0.3359375 0.9921875 0.3242188 0.9921875 0.3242188 0.9804687 0.3359375 0.9921875 0.2265625 0.9804687 0.3359375 0.9804687 0.2148438 0.9921875 0.2265625 0.8671875 0.3476563 0.8554687 0.3359375 0.96875 0.3476563 0.8554687 0.3359375 0.9804687 0.3359375 0.96875 0.3476563 0.96875 0.3476563 0.9804687 0.3359375 0.9921875 0.3476563 0.9804687 0.2148438 0.9804687 0.3359375 0.8554687 0.2148438 0.8554687 0.2148438 0.9804687 0.3359375 0.8554687 0.3359375 0.84375 0.203125 0.8671875 0.203125 0.8554687 0.2148438 0.8554687 0.2148438 0.8671875 0.203125 0.9804687 0.2148438 0.8671875 0.203125 0.96875 0.203125 0.9804687 0.2148438 0.8554687 0.3359375 0.84375 0.3242188 0.8554687 0.2148438 0.84375 0.3242188 0.84375 0.2265625 0.8554687 0.2148438 0.8554687 0.2148438 0.84375 0.2265625 0.84375 0.203125 0.84375 0.3242188 0.8554687 0.3359375 0.84375 0.3476563 0.84375 0.3476563 0.8554687 0.3359375 0.8671875 0.3476563 0.1132812 0.4296875 0.109375 0.4023438 0.1171875 0.4257813 0.1171875 0.4257813 0.109375 0.4023438 0.1757812 0.3710938 0.109375 0.4023438 0.1640625 0.3515625 0.1757812 0.3710938 0.3984375 0.6484375 0.390625 0.6484375 0.3984375 0.5390625 0.390625 0.6484375 0.390625 0.5390625 0.3984375 0.5390625 0.3984375 0.5390625 0.390625 0.5390625 0.3984375 0.3867188 0.390625 0.5390625 0.390625 0.3867188 0.3984375 0.3867188 0.3984375 0.3867188 0.390625 0.3867188 0.3984375 0.2773438 0.390625 0.3867188 0.390625 0.2773438 0.3984375 0.2773438 0.7851563 0.4765625 0.7851563 0.4492188 0.8007813 0.4765625 0.7851563 0.4492188 0.8007813 0.4492188 0.8007813 0.4765625 0.84375 0.5234375 0.9492187 0.5195313 0.8242187 0.59375 0.9492187 0.5195313 0.9921875 0.6015625 0.8242187 0.59375 0.8242187 0.59375 0.9921875 0.6015625 0.8242187 0.609375 0.9921875 0.6015625 0.9492187 0.6835938 0.8242187 0.609375 0.8242187 0.609375 0.9492187 0.6835938 0.84375 0.6796875 0.8242187 0.5234375 0.8125 0.5234375 0.8242187 0.453125 0.8242187 0.453125 0.8125 0.5234375 0.8125 0.453125 0.8242187 0.390625 0.8125 0.390625 0.8242187 0.3203125 0.8242187 0.3203125 0.8125 0.390625 0.8125 0.3203125 0.5703125 0.9648438 0.9453125 0.9648438 0.5703125 0.9882813 0.5703125 0.9882813 0.9453125 0.9648438 0.9453125 0.9882813 0.9453125 0.9648438 0.9648438 0.9648438 0.9453125 0.9882813 0.9453125 0.9882813 0.9648438 0.9648438 0.9648438 0.9882813 0.9921875 0.2265625 0.9804687 0.2148438 0.9921875 0.203125 0.9921875 0.203125 0.9804687 0.2148438 0.96875 0.203125 0.5703125 0.9257813 0.5703125 0.9179687 0.9453125 0.9257813 0.9453125 0.9257813 0.5703125 0.9179687 0.9453125 0.9101563 0.5703125 0.9179687 0.5703125 0.9101563 0.9453125 0.9101563 0.9648438 0.9257813 0.9453125 0.9257813 0.9648438 0.9101563 0.9453125 0.9257813 0.9453125 0.9101563 0.9648438 0.9101563 0.9648438 0.9492187 0.9453125 0.9492187 0.9648438 0.9257813 0.9648438 0.9257813 0.9453125 0.9492187 0.9453125 0.9257813 0.9453125 0.9257813 0.9453125 0.9492187 0.5703125 0.9257813 0.9453125 0.9492187 0.5703125 0.9492187 0.5703125 0.9257813 0.5703125 0.9492187 0.5585938 0.9453125 0.5703125 0.9257813 0.5585938 0.9453125 0.5585938 0.9296875 0.5703125 0.9257813 0.5703125 0.9257813 0.5585938 0.9296875 0.546875 0.9101563 0.546875 0.9101563 0.5585938 0.9296875 0.546875 0.921875 0.5585938 0.9296875 0.546875 0.9375 0.546875 0.921875 0.8125 0.5234375 0.8242187 0.5234375 0.8125 0.59375 0.8242187 0.5234375 0.8242187 0.59375 0.8125 0.59375 0.8125 0.59375 0.8242187 0.59375 0.8125 0.609375 0.8242187 0.59375 0.8242187 0.609375 0.8125 0.609375 0.8125 0.609375 0.8242187 0.609375 0.8125 0.6796875 0.8242187 0.609375 0.8242187 0.6796875 0.8125 0.6796875 0.9882813 0.9648438 0.9648438 0.9648438 0.9882813 0.9492187 0.9648438 0.9648438 0.9648438 0.9492187 0.9882813 0.9492187 0.546875 0.9101563 0.546875 0.921875 0.5234375 0.9257813 0.5234375 0.9257813 0.546875 0.921875 0.5351563 0.9296875 0.546875 0.921875 0.546875 0.9375 0.5351563 0.9296875 0.546875 0.9375 0.5351563 0.9453125 0.5351563 0.9296875 0.5351563 0.9453125 0.5234375 0.9492187 0.5351563 0.9296875 0.5351563 0.9296875 0.5234375 0.9492187 0.5234375 0.9257813 0.5703125 0.9648438 0.9453125 0.9648438 0.5703125 0.9882813 0.5703125 0.9882813 0.9453125 0.9648438 0.9453125 0.9882813 0.9453125 0.9648438 0.9648438 0.9648438 0.9453125 0.9882813 0.9453125 0.9882813 0.9648438 0.9648438 0.9648438 0.9882813 0.9453125 0.9648438 0.9453125 0.9492187 0.9648438 0.9648438 0.9648438 0.9648438 0.9453125 0.9492187 0.9648438 0.9492187 0.9882813 0.9648438 0.9648438 0.9648438 0.9882813 0.9492187 0.9882813 0.9492187 0.9648438 0.9648438 0.9648438 0.9492187 0.9648438 0.9492187 0.9453125 0.9492187 0.9648438 0.9257813 0.9648438 0.9257813 0.9453125 0.9492187 0.9453125 0.9257813 0.9453125 0.9492187 0.5703125 0.9492187 0.9453125 0.9257813 0.9453125 0.9257813 0.5703125 0.9492187 0.5703125 0.9257813 0.5703125 0.9257813 0.5703125 0.9492187 0.5585938 0.9296875 0.5703125 0.9492187 0.5585938 0.9453125 0.5585938 0.9296875 0.5585938 0.9453125 0.546875 0.9375 0.5585938 0.9296875 0.5585938 0.9296875 0.546875 0.9375 0.546875 0.921875 0.546875 0.9375 0.5351563 0.9296875 0.546875 0.921875 0.5351563 0.9296875 0.5234375 0.9257813 0.546875 0.921875 0.5234375 0.9257813 0.546875 0.9101563 0.546875 0.921875 0.546875 0.921875 0.546875 0.9101563 0.5585938 0.9296875 0.546875 0.9101563 0.5703125 0.9257813 0.5585938 0.9296875 0.9648438 0.9257813 0.9453125 0.9257813 0.9648438 0.9101563 0.9453125 0.9257813 0.9453125 0.9101563 0.9648438 0.9101563 0.6132813 0.4902343 0.6132813 0.4453125 0.5996093 0.4902343 0.6132813 0.4453125 0.5996093 0.4453125 0.5996093 0.4902343 0.6132813 0.375 0.6132813 0.421875 0.6367188 0.375 0.6132813 0.421875 0.6367188 0.421875 0.6367188 0.375 0.6132813 0.421875 0.5996093 0.421875 0.6132813 0.4453125 0.5996093 0.421875 0.5996093 0.4453125 0.6132813 0.4453125 0.5859375 0.4882813 0.609375 0.5585938 0.5390625 0.4765625 0.609375 0.5585938 0.515625 0.640625 0.5390625 0.4765625 0.5390625 0.4765625 0.515625 0.640625 0.4101563 0.5351563 0.515625 0.640625 0.5078125 0.6484375 0.4101563 0.5351563 0.5078125 0.6484375 0.3984375 0.5390625 0.4101563 0.5351563 0.4101563 0.5351563 0.3984375 0.5390625 0.4101563 0.390625 0.3984375 0.5390625 0.3984375 0.3867188 0.4101563 0.390625 0.4101563 0.390625 0.3984375 0.3867188 0.515625 0.2851563 0.3984375 0.3867188 0.5078125 0.2773438 0.515625 0.2851563 0.28125 0.6484375 0.2734375 0.640625 0.390625 0.5390625 0.2734375 0.640625 0.3789063 0.5351563 0.390625 0.5390625 0.390625 0.5390625 0.3789063 0.5351563 0.390625 0.3867188 0.3789063 0.5351563 0.3789063 0.390625 0.390625 0.3867188 0.390625 0.3867188 0.3789063 0.390625 0.28125 0.2773438 0.28125 0.2773438 0.3789063 0.390625 0.2734375 0.2851563 0.3789063 0.390625 0.203125 0.4375 0.2734375 0.2851563 0.2734375 0.2851563 0.203125 0.4375 0.1757812 0.3710938 0.1757812 0.5546875 0.203125 0.4882813 0.2734375 0.640625 0.2734375 0.640625 0.203125 0.4882813 0.3789063 0.5351563 0.203125 0.4882813 0.203125 0.4765625 0.3789063 0.5351563 0.3789063 0.5351563 0.203125 0.4765625 0.3789063 0.390625 0.203125 0.4765625 0.203125 0.4492188 0.3789063 0.390625 0.3789063 0.390625 0.203125 0.4492188 0.203125 0.4375 0.203125 0.4765625 0.02734375 0.4765625 0.203125 0.4492188 0.203125 0.4492188 0.02734375 0.4765625 0.02734375 0.4492188 0.02734375 0.4765625 0.01171875 0.4765625 0.02734375 0.4492188 0.02734375 0.4492188 0.01171875 0.4765625 0.01171875 0.4492188 0.78125 0.3046875 0.7617187 0.3164063 0.78125 0.28125 0.78125 0.28125 0.7617187 0.3164063 0.7617187 0.2695313 0.7617187 0.3164063 0.6015625 0.3164063 0.7617187 0.2695313 0.7617187 0.2695313 0.6015625 0.3164063 0.6015625 0.2695313 0.6015625 0.3164063 0.5820313 0.3046875 0.6015625 0.2695313 0.6015625 0.2695313 0.5820313 0.3046875 0.5820313 0.28125 0.5820313 0.265625 0.5742188 0.2539063 0.6015625 0.2695313 0.5742188 0.2539063 0.6015625 0.265625 0.6015625 0.2695313 0.6015625 0.2695313 0.6015625 0.265625 0.7617187 0.2695313 0.6015625 0.265625 0.7617187 0.265625 0.7617187 0.2695313 0.7617187 0.2695313 0.7617187 0.265625 0.78125 0.265625 0.78125 0.265625 0.7617187 0.265625 0.7890625 0.2539063 0.7617187 0.265625 0.7617187 0.1992188 0.7890625 0.2539063 0.7890625 0.2539063 0.7617187 0.1992188 0.7773438 0.1992188 0.7773438 0.1992188 0.7617187 0.1992188 0.7617187 0.1757812 0.7617187 0.1757812 0.7617187 0.1992188 0.6015625 0.1757812 0.7617187 0.1992188 0.6015625 0.1992188 0.6015625 0.1757812 0.6015625 0.1757812 0.6015625 0.1992188 0.5859375 0.1992188 0.5859375 0.1992188 0.6015625 0.1992188 0.5742188 0.2539063 0.5742188 0.2539063 0.6015625 0.1992188 0.6015625 0.265625 0.6015625 0.1992188 0.7617187 0.1992188 0.6015625 0.265625 0.6015625 0.265625 0.7617187 0.1992188 0.7617187 0.265625 0.5234375 0.1484375 0.53125 0.140625 0.5234375 0.1757812 0.5234375 0.1757812 0.53125 0.140625 0.53125 0.1835938 0.53125 0.1835938 0.53125 0.140625 0.5859375 0.1835938 0.53125 0.140625 0.5859375 0.140625 0.5859375 0.1835938 0.5859375 0.140625 0.6015625 0.1484375 0.5859375 0.1835938 0.5859375 0.1835938 0.6015625 0.1484375 0.6015625 0.1757812 0.6015625 0.1757812 0.6015625 0.1484375 0.7617187 0.1757812 0.6015625 0.1484375 0.7617187 0.1484375 0.7617187 0.1757812 0.984375 0.07421875 0.984375 0.1132812 0.953125 0.05859375 0.984375 0.1132812 0.953125 0.1289062 0.953125 0.05859375 0.953125 0.1289062 0.921875 0.1132812 0.953125 0.05859375 0.953125 0.05859375 0.921875 0.1132812 0.921875 0.07421875 0.7617187 0.1484375 0.7773438 0.140625 0.7617187 0.1757812 0.7617187 0.1757812 0.7773438 0.140625 0.7773438 0.1835938 0.7773438 0.1835938 0.7773438 0.140625 0.8320313 0.1835938 0.7773438 0.140625 0.8320313 0.140625 0.8320313 0.1835938 0.8320313 0.140625 0.8398438 0.1484375 0.8320313 0.1835938 0.8320313 0.1835938 0.8398438 0.1484375 0.8398438 0.1757812 0.921875 0.1132812 0.6796875 0.1132812 0.921875 0.07421875 0.921875 0.07421875 0.6796875 0.1132812 0.6796875 0.07421875 0.6796875 0.1132812 0.3203125 0.1132812 0.6796875 0.07421875 0.6796875 0.07421875 0.3203125 0.1132812 0.3125 0.07421875 0.3203125 0.1132812 0.2226562 0.1796875 0.3125 0.07421875 0.3125 0.07421875 0.2226562 0.1796875 0.21875 0.140625 0.2226562 0.1796875 0.21875 0.1796875 0.21875 0.140625 0.21875 0.1796875 0.1835938 0.1796875 0.21875 0.140625 0.21875 0.140625 0.1835938 0.1796875 0.1835938 0.140625 0.1835938 0.1796875 0.01171875 0.3125 0.1835938 0.140625 0.1835938 0.140625 0.01171875 0.3125 0.01171875 0.01171875 0.7851563 0.4960938 0.7578125 0.4960938 0.7851563 0.4765625 0.7851563 0.4765625 0.7578125 0.4960938 0.7578125 0.4765625 0.7578125 0.4765625 0.7578125 0.4960938 0.5859375 0.4882813 0.7578125 0.4960938 0.59375 0.5117188 0.5859375 0.4882813 0.7851563 0.4296875 0.7851563 0.4492188 0.7578125 0.4296875 0.7851563 0.4492188 0.7578125 0.4492188 0.7578125 0.4296875 0.7578125 0.4492188 0.5859375 0.4375 0.7578125 0.4296875 0.7578125 0.4296875 0.5859375 0.4375 0.59375 0.4179688 0.7851563 0.4765625 0.7578125 0.4765625 0.7851563 0.4492188 0.7851563 0.4492188 0.7578125 0.4765625 0.7578125 0.4492188 0.7578125 0.4765625 0.5820313 0.4765625 0.7578125 0.4492188 0.7578125 0.4492188 0.5820313 0.4765625 0.5820313 0.4492188 0.5820313 0.4492188 0.5820313 0.4765625 0.5390625 0.4765625 0.5390625 0.4765625 0.5820313 0.4765625 0.5859375 0.4882813 0.5820313 0.4765625 0.7578125 0.4765625 0.5859375 0.4882813 0.2460938 0.7421875 0.296875 0.7421875 0.296875 0.7734375 0.296875 0.7421875 0.4023438 0.7421875 0.296875 0.7734375 0.296875 0.7734375 0.4023438 0.7421875 0.4023438 0.7734375 0.4023438 0.7734375 0.4023438 0.7421875 0.8007813 0.7734375 0.4023438 0.7421875 0.8007813 0.7421875 0.8007813 0.7734375 0.8007813 0.7421875 0.9882813 0.7421875 0.8007813 0.7734375 0.8007813 0.7734375 0.9882813 0.7421875 0.9882813 0.7734375 0.9882813 0.7421875 0.8007813 0.7421875 0.9882813 0.7148438 0.9882813 0.7148438 0.8007813 0.7421875 0.8007813 0.7148438 0.8007813 0.7148438 0.8007813 0.7421875 0.4023438 0.7148438 0.8007813 0.7421875 0.4023438 0.7421875 0.4023438 0.7148438 0.4023438 0.7421875 0.296875 0.7421875 0.4023438 0.7148438 0.4023438 0.7148438 0.296875 0.7421875 0.296875 0.7148438 0.296875 0.7148438 0.296875 0.7421875 0.2851563 0.7148438 0.296875 0.7421875 0.2460938 0.7421875 0.2851563 0.7148438 0.2460938 0.7421875 0.2460938 0.7148438 0.2851563 0.7148438 0.2851563 0.7148438 0.2460938 0.7148438 0.265625 0.6875 0.265625 0.6875 0.2460938 0.7148438 0.1328125 0.59375 0.2460938 0.7148438 0.1132812 0.6210938 0.1328125 0.59375 0.1132812 0.4960938 0.1171875 0.5 0.109375 0.5234375 0.1171875 0.5 0.1757812 0.5546875 0.109375 0.5234375 0.109375 0.5234375 0.1757812 0.5546875 0.1640625 0.5742188 0.1640625 0.5742188 0.1757812 0.5546875 0.2578125 0.65625 0.1757812 0.5546875 0.2734375 0.640625 0.2578125 0.65625 0.2734375 0.640625 0.2734375 0.6484375 0.2578125 0.65625 0.2578125 0.65625 0.2734375 0.6484375 0.265625 0.65625 0.08984375 0.6054688 0.2460938 0.7148438 0.0078125 0.7148438 0.0078125 0.7148438 0.2460938 0.7148438 0.0078125 0.7421875 0.2460938 0.7148438 0.2460938 0.7421875 0.0078125 0.7421875 0.0078125 0.7421875 0.2460938 0.7421875 0.0078125 0.7734375 0.2460938 0.7421875 0.296875 0.7734375 0.0078125 0.7734375 0.0078125 0.7734375 0.296875 0.7734375 0.0078125 0.8085938 0.0078125 0.8085938 0.296875 0.7734375 0.296875 0.8085938 0.296875 0.7734375 0.4023438 0.7734375 0.296875 0.8085938 0.296875 0.8085938 0.4023438 0.7734375 0.4023438 0.8085938 0.4023438 0.7734375 0.8007813 0.7734375 0.4023438 0.8085938 0.4023438 0.8085938 0.8007813 0.7734375 0.8007813 0.8085938 0.8007813 0.7734375 0.9882813 0.7734375 0.8007813 0.8085938 0.8007813 0.8085938 0.9882813 0.7734375 0.9882813 0.8085938 0.08984375 0.984375 0.0078125 0.8750001 0.2460938 0.8750001 0.2460938 0.8750001 0.0078125 0.8750001 0.2421875 0.84375 0.0078125 0.8750001 0.0078125 0.84375 0.2421875 0.84375 0.0078125 0.84375 0.0078125 0.8085938 0.2421875 0.84375 0.0078125 0.8085938 0.296875 0.8085938 0.2421875 0.84375 0.2421875 0.84375 0.296875 0.8085938 0.296875 0.84375 0.296875 0.8085938 0.4023438 0.8085938 0.296875 0.84375 0.296875 0.84375 0.4023438 0.8085938 0.4023438 0.84375 0.4023438 0.8085938 0.8007813 0.8085938 0.4023438 0.84375 0.4023438 0.84375 0.8007813 0.8085938 0.8007813 0.84375 0.8007813 0.8085938 0.9882813 0.8085938 0.8007813 0.84375 0.8007813 0.84375 0.9882813 0.8085938 0.9882813 0.84375 0.8671875 0.4921875 0.8554687 0.4804688 0.96875 0.4921875 0.96875 0.4921875 0.8554687 0.4804688 0.9804687 0.4804688 0.8554687 0.4804688 0.9179687 0.421875 0.9804687 0.4804688 0.9179687 0.421875 0.9804687 0.359375 0.9804687 0.4804688 0.9804687 0.359375 0.9921875 0.3710938 0.9804687 0.4804688 0.9804687 0.4804688 0.9921875 0.3710938 0.9921875 0.46875 0.9882813 0.8750001 0.8007813 0.8750001 0.9882813 0.84375 0.9882813 0.84375 0.8007813 0.8750001 0.8007813 0.84375 0.8007813 0.8750001 0.4023438 0.8750001 0.8007813 0.84375 0.8007813 0.84375 0.4023438 0.8750001 0.4023438 0.84375 0.4023438 0.8750001 0.296875 0.8750001 0.4023438 0.84375 0.4023438 0.84375 0.296875 0.8750001 0.296875 0.84375 0.296875 0.84375 0.296875 0.8750001 0.2421875 0.84375 0.2421875 0.84375 0.296875 0.8750001 0.2460938 0.8750001 0.296875 0.8750001 0.265625 0.8945313 0.2460938 0.8750001 0.2460938 0.8750001 0.265625 0.8945313 0.1132812 0.96875 0.265625 0.8945313 0.1328125 0.9960938 0.1132812 0.96875 0.5234375 0.9257813 0.5351563 0.9296875 0.5234375 0.9492187 0.5351563 0.9296875 0.5351563 0.9453125 0.5234375 0.9492187 0.5234375 0.9492187 0.5351563 0.9453125 0.546875 0.9648438 0.5351563 0.9453125 0.546875 0.953125 0.546875 0.9648438 0.546875 0.9648438 0.546875 0.953125 0.5703125 0.9492187 0.5703125 0.9492187 0.546875 0.953125 0.5585938 0.9453125 0.5585938 0.9453125 0.546875 0.953125 0.546875 0.9375 0.546875 0.953125 0.5351563 0.9453125 0.546875 0.9375 0.546875 0.9375 0.5351563 0.9453125 0.5351563 0.9296875 0.5703125 0.9257813 0.5703125 0.9179687 0.9453125 0.9257813 0.9453125 0.9257813 0.5703125 0.9179687 0.9453125 0.9101563 0.5703125 0.9179687 0.5703125 0.9101563 0.9453125 0.9101563 0.78125 0.265625 0.7890625 0.2539063 0.7617187 0.2695313 0.7890625 0.2539063 0.7617187 0.265625 0.7617187 0.2695313 0.7617187 0.2695313 0.7617187 0.265625 0.6015625 0.2695313 0.7617187 0.265625 0.6015625 0.265625 0.6015625 0.2695313 0.6015625 0.2695313 0.6015625 0.265625 0.5820313 0.265625 0.5820313 0.265625 0.6015625 0.265625 0.5742188 0.2539063 0.6015625 0.265625 0.6015625 0.1992188 0.5742188 0.2539063 0.5742188 0.2539063 0.6015625 0.1992188 0.5859375 0.1992188 0.5859375 0.1992188 0.6015625 0.1992188 0.6015625 0.1757812 0.6015625 0.1757812 0.6015625 0.1992188 0.7617187 0.1757812 0.6015625 0.1992188 0.7617187 0.1992188 0.7617187 0.1757812 0.7617187 0.1757812 0.7617187 0.1992188 0.7773438 0.1992188 0.7773438 0.1992188 0.7617187 0.1992188 0.7890625 0.2539063 0.7890625 0.2539063 0.7617187 0.1992188 0.7617187 0.265625 0.7617187 0.1992188 0.6015625 0.1992188 0.7617187 0.265625 0.7617187 0.265625 0.6015625 0.1992188 0.6015625 0.265625 0.96875 0.3476563 0.9804687 0.359375 0.8671875 0.3476563 0.8671875 0.3476563 0.9804687 0.359375 0.8554687 0.359375 0.9804687 0.359375 0.9179687 0.421875 0.8554687 0.359375 0.9179687 0.421875 0.8554687 0.4804688 0.8554687 0.359375 0.8554687 0.4804688 0.84375 0.46875 0.8554687 0.359375 0.8554687 0.359375 0.84375 0.46875 0.84375 0.3710938 0.2734375 0.2773438 0.2734375 0.2851563 0.265625 0.2695313 0.265625 0.2695313 0.2734375 0.2851563 0.2578125 0.2695313 0.2578125 0.2695313 0.2734375 0.2851563 0.1640625 0.3515625 0.2734375 0.2851563 0.1757812 0.3710938 0.1640625 0.3515625 0.7578125 0.4492188 0.5820313 0.4492188 0.5859375 0.4375 0.5820313 0.4492188 0.5390625 0.4492188 0.5859375 0.4375 0.5859375 0.4375 0.5390625 0.4492188 0.6132813 0.3710938 0.6132813 0.3710938 0.5390625 0.4492188 0.515625 0.2851563 0.515625 0.2851563 0.5390625 0.4492188 0.4101563 0.390625 0.4101563 0.390625 0.5390625 0.4492188 0.4101563 0.5351563 0.4101563 0.5351563 0.5390625 0.4492188 0.5390625 0.4765625 0.5390625 0.4492188 0.5820313 0.4492188 0.5390625 0.4765625 0.8125 0.390625 0.8242187 0.390625 0.8125 0.421875 0.8242187 0.390625 0.8242187 0.421875 0.8125 0.421875 0.8125 0.421875 0.8242187 0.421875 0.8125 0.453125 0.8242187 0.421875 0.8242187 0.453125 0.8125 0.453125 0.5703125 0.9492187 0.9453125 0.9492187 0.5703125 0.9570313 0.9453125 0.9492187 0.9453125 0.9648438 0.5703125 0.9570313 0.5703125 0.9570313 0.9453125 0.9648438 0.5703125 0.9648438 0.5234375 0.9492187 0.5351563 0.9453125 0.546875 0.9648438 0.546875 0.9648438 0.5351563 0.9453125 0.546875 0.953125 0.5351563 0.9453125 0.546875 0.9375 0.546875 0.953125 0.546875 0.9648438 0.546875 0.953125 0.5703125 0.9492187 0.5703125 0.9492187 0.546875 0.953125 0.5585938 0.9453125 0.546875 0.953125 0.546875 0.9375 0.5585938 0.9453125 0.5585938 0.9453125 0.546875 0.9375 0.5585938 0.9296875 0.7929687 0.6796875 0.7734375 0.6015625 0.8125 0.609375 0.8125 0.609375 0.7734375 0.6015625 0.8125 0.59375 0.8125 0.59375 0.7734375 0.6015625 0.7929687 0.5234375 0.7929687 0.5234375 0.7734375 0.6015625 0.6875 0.5195313 0.6875 0.5195313 0.7734375 0.6015625 0.6445313 0.6015625 0.6445313 0.6015625 0.7734375 0.6015625 0.6875 0.6835938 0.7734375 0.6015625 0.7929687 0.6796875 0.6875 0.6835938 0.28125 0.9882813 0.4179688 0.9882813 0.3085938 0.90625 0.3085938 0.90625 0.4179688 0.9882813 0.28125 0.9882813</float_array>
          <technique_common>
            <accessor source="#gun_base-mesh-map-0-array" count="2358" stride="2">
              <param name="S" type="float"/>
              <param name="T" type="float"/>
            </accessor>
          </technique_common>
        </source>
        <vertices id="gun_base-mesh-vertices">
          <input semantic="POSITION" source="#gun_base-mesh-positions"/>
        </vertices>
        <triangles material="h_turret_mp_gun-material" count="452">
          <input semantic="VERTEX" source="#gun_base-mesh-vertices" offset="0"/>
          <input semantic="NORMAL" source="#gun_base-mesh-normals" offset="1"/>
          <input semantic="TEXCOORD" source="#gun_base-mesh-map-0" offset="2" set="0"/>
          <p>0 0 0 1 1 1 2 2 2 1 1 3 3 3 4 2 2 5 2 2 6 3 3 7 4 4 8 3 3 9 5 5 10 4 4 11 4 4 12 5 5 13 6 6 14 5 5 15 7 7 16 6 6 17 6 6 18 7 7 19 8 8 20 7 7 21 9 9 22 8 8 23 8 8 24 9 9 25 10 10 26 9 9 27 11 11 28 10 10 29 10 10 30 11 11 31 12 12 32 4 4 33 6 6 34 13 13 35 13 13 36 6 6 37 14 14 38 6 6 39 15 15 40 14 14 41 14 14 42 15 15 43 16 16 44 15 15 45 8 8 46 16 16 47 16 16 48 8 8 49 10 10 50 5 5 51 3 3 52 17 17 53 17 17 54 3 3 55 18 18 56 3 3 57 1 1 58 18 18 59 18 18 60 1 1 61 19 19 62 20 20 63 22 21 64 21 22 65 21 22 66 22 21 67 23 23 68 24 24 69 26 25 70 25 26 71 25 26 72 26 25 73 27 27 74 28 28 75 30 29 76 29 30 77 29 30 78 30 29 79 31 31 80 30 29 81 32 32 82 31 31 83 31 31 84 32 32 85 33 33 86 34 34 87 32 32 88 35 35 89 35 35 90 32 32 91 36 36 92 32 32 93 30 29 94 36 36 95 30 29 96 37 37 97 36 36 98 37 37 99 38 38 100 36 36 101 36 36 102 38 38 103 35 35 104 39 39 105 41 40 106 40 41 107 40 41 108 41 40 109 42 42 110 43 43 111 39 44 112 44 45 113 44 45 114 39 44 115 45 46 116 46 47 117 48 48 118 47 49 119 47 49 120 48 48 121 49 50 122 50 51 123 52 52 124 51 53 125 51 53 126 52 52 127 53 54 128 54 55 129 56 56 130 55 57 131 55 57 132 56 56 133 57 58 134 56 56 135 58 59 136 57 58 137 38 60 138 59 61 139 60 62 140 59 61 141 61 63 142 60 62 143 60 62 144 61 63 145 62 64 146 61 63 147 63 65 148 62 64 149 55 57 150 57 58 151 64 66 152 57 58 153 65 67 154 64 66 155 64 66 156 65 67 157 66 68 158 65 67 159 67 69 160 66 68 161 66 68 162 67 69 163 68 70 164 69 71 165 70 72 166 66 68 167 66 68 168 70 72 169 64 66 170 71 73 171 73 74 172 72 75 173 72 75 174 73 74 175 74 76 176 73 74 177 75 77 178 74 76 179 76 78 180 77 79 181 78 80 182 77 79 183 79 81 184 78 80 185 78 80 186 79 81 187 80 82 188 79 81 189 81 83 190 80 82 191 82 84 192 83 85 193 84 86 194 83 85 195 85 87 196 84 86 197 86 88 198 87 89 199 88 90 200 87 89 201 89 91 202 88 90 203 90 92 204 91 93 205 92 94 206 91 93 207 93 95 208 92 94 209 94 96 210 95 97 211 96 98 212 95 97 213 97 99 214 96 98 215 98 100 216 99 101 217 100 102 218 99 101 219 101 103 220 100 102 221 100 102 222 101 103 223 102 104 224 101 103 225 103 105 226 102 104 227 102 104 228 103 105 229 104 106 230 105 107 231 107 108 232 106 109 233 106 109 234 107 108 235 108 110 236 107 108 237 109 111 238 108 110 239 108 110 240 109 111 241 110 112 242 111 113 243 113 114 244 112 115 245 112 115 246 113 114 247 114 116 248 113 114 249 115 117 250 114 116 251 114 116 252 115 117 253 116 118 254 117 119 255 119 120 256 118 121 257 118 121 258 119 120 259 120 122 260 119 120 261 121 123 262 120 122 263 120 122 264 121 123 265 122 124 266 123 125 267 125 126 268 124 127 269 124 127 270 125 126 271 126 128 272 125 126 273 127 129 274 126 128 275 126 128 276 127 129 277 128 130 278 129 131 279 131 132 280 130 133 281 130 133 282 131 132 283 132 134 284 131 132 285 133 135 286 132 134 287 132 134 288 133 135 289 134 136 290 133 135 291 135 137 292 134 136 293 134 136 294 135 137 295 136 138 296 135 137 297 137 139 298 136 138 299 136 138 300 137 139 301 138 140 302 139 141 303 141 141 304 140 141 305 140 141 306 141 141 307 142 141 308 143 142 309 145 142 310 144 142 311 144 143 312 145 143 313 146 143 314 147 144 315 149 145 316 148 146 317 148 146 318 149 145 319 150 147 320 149 145 321 151 148 322 150 147 323 152 149 324 153 150 325 154 151 326 153 150 327 155 152 328 154 151 329 154 151 330 155 152 331 156 153 332 157 154 333 159 155 334 158 156 335 158 156 336 159 155 337 160 157 338 159 155 339 161 158 340 160 157 341 160 157 342 161 158 343 162 159 344 161 158 345 163 160 346 162 159 347 162 159 348 163 160 349 153 150 350 153 150 351 163 160 352 155 152 353 155 152 354 163 160 355 164 161 356 164 161 357 163 160 358 165 162 359 165 162 360 163 160 361 166 163 362 163 160 363 161 158 364 166 163 365 167 164 366 168 165 367 169 166 368 168 165 369 170 167 370 169 166 371 169 166 372 170 167 373 171 168 374 170 167 375 172 169 376 171 168 377 172 169 378 173 170 379 171 168 380 171 168 381 173 170 382 174 171 383 173 170 384 175 172 385 174 171 386 174 171 387 175 172 388 176 173 389 175 172 390 177 174 391 176 173 392 176 173 393 177 174 394 178 175 395 177 174 396 179 176 397 178 175 398 178 175 399 179 176 400 180 177 401 179 176 402 181 178 403 180 177 404 180 177 405 181 178 406 182 179 407 183 180 408 185 181 409 184 182 410 184 182 411 185 181 412 186 183 413 185 181 414 187 184 415 186 183 416 186 183 417 187 184 418 188 185 419 187 184 420 189 186 421 188 185 422 188 185 423 189 186 424 190 187 425 189 186 426 191 188 427 190 187 428 191 188 429 192 189 430 190 187 431 190 187 432 192 189 433 193 190 434 192 189 435 194 191 436 193 190 437 195 192 438 196 193 439 197 194 440 196 193 441 198 195 442 197 194 443 197 194 444 198 195 445 199 196 446 198 195 447 200 197 448 199 196 449 199 196 450 200 197 451 201 198 452 200 197 453 202 199 454 201 198 455 201 198 456 202 199 457 203 200 458 203 200 459 202 199 460 204 201 461 202 199 462 205 202 463 204 201 464 204 201 465 205 202 466 206 203 467 193 190 468 207 204 469 190 187 470 190 187 471 207 204 472 188 185 473 207 204 474 208 205 475 188 185 476 188 185 477 208 205 478 186 183 479 208 205 480 209 206 481 186 183 482 186 183 483 209 206 484 184 182 485 210 207 486 212 208 487 211 209 488 211 209 489 212 208 490 213 210 491 212 208 492 214 211 493 213 210 494 214 211 495 215 212 496 213 210 497 213 210 498 215 212 499 216 213 500 215 212 501 11 11 502 216 213 503 216 213 504 11 11 505 17 17 506 11 11 507 9 9 508 17 17 509 17 17 510 9 9 511 5 5 512 9 9 513 7 7 514 5 5 515 196 193 516 217 214 517 198 195 518 217 214 519 218 215 520 198 195 521 198 195 522 218 215 523 200 197 524 218 215 525 219 216 526 200 197 527 200 197 528 219 216 529 202 199 530 219 216 531 205 202 532 202 199 533 220 217 534 221 218 535 14 14 536 221 218 537 222 219 538 14 14 539 14 14 540 222 219 541 13 13 542 222 219 543 223 220 544 13 13 545 13 13 546 223 220 547 224 221 548 223 220 549 225 222 550 224 221 551 224 221 552 225 222 553 226 223 554 225 222 555 227 224 556 226 223 557 227 224 558 228 225 559 226 223 560 226 223 561 228 225 562 229 226 563 230 227 564 232 228 565 231 229 566 231 229 567 232 228 568 233 230 569 233 230 570 232 228 571 234 231 572 232 228 573 235 232 574 234 231 575 234 231 576 235 232 577 236 233 578 235 232 579 237 234 580 236 233 581 236 233 582 237 234 583 238 235 584 237 234 585 239 236 586 238 235 587 211 209 588 213 210 589 240 237 590 213 210 591 241 238 592 240 237 593 240 237 594 241 238 595 242 239 596 241 238 597 243 240 598 242 239 599 242 239 600 243 240 601 244 241 602 244 241 603 243 240 604 19 19 605 243 240 606 245 242 607 19 19 608 19 19 609 245 242 610 18 18 611 245 242 612 246 243 613 18 18 614 18 18 615 246 243 616 17 17 617 17 17 618 246 243 619 216 213 620 246 243 621 247 244 622 216 213 623 216 213 624 247 244 625 213 210 626 247 244 627 248 245 628 213 210 629 213 210 630 248 245 631 241 238 632 249 246 633 251 247 634 250 248 635 250 249 636 251 250 637 252 251 638 251 252 639 253 253 640 252 254 641 252 254 642 253 253 643 254 255 644 253 253 645 255 256 646 254 255 647 254 255 648 255 256 649 256 257 650 257 258 651 259 259 652 258 260 653 258 260 654 259 259 655 260 261 656 259 259 657 261 262 658 260 261 659 260 261 660 261 262 661 262 263 662 261 262 663 263 264 664 262 263 665 262 263 666 263 264 667 264 265 668 263 264 669 265 266 670 264 265 671 265 266 672 266 267 673 264 265 674 264 265 675 266 267 676 267 268 677 266 267 678 268 269 679 267 268 680 267 268 681 268 269 682 269 270 683 268 269 684 270 271 685 269 270 686 269 270 687 270 271 688 271 272 689 270 271 690 272 273 691 271 272 692 272 273 693 273 274 694 271 272 695 271 272 696 273 274 697 260 261 698 273 274 699 274 275 700 260 261 701 260 261 702 274 275 703 258 260 704 275 276 705 277 277 706 276 278 707 276 278 708 277 277 709 278 279 710 278 279 711 277 277 712 279 280 713 277 277 714 280 281 715 279 280 716 279 280 717 280 281 718 281 282 719 280 281 720 282 283 721 281 282 722 281 282 723 282 283 724 283 284 725 279 280 726 281 282 727 284 285 728 284 285 729 281 282 730 285 286 731 286 287 732 288 288 733 287 289 734 287 289 735 288 288 736 289 290 737 289 290 738 288 288 739 290 291 740 288 288 741 291 292 742 290 291 743 290 291 744 291 292 745 292 293 746 291 292 747 293 294 748 292 293 749 262 263 750 294 295 751 260 261 752 294 295 753 295 296 754 260 261 755 260 261 756 295 296 757 271 272 758 295 296 759 269 270 760 271 272 761 266 267 762 296 297 763 268 269 764 296 297 765 297 298 766 268 269 767 268 269 768 297 298 769 270 271 770 297 298 771 298 299 772 270 271 773 270 271 774 298 299 775 299 300 776 298 299 777 300 301 778 299 300 779 299 300 780 300 301 781 301 302 782 300 301 783 302 303 784 301 302 785 301 302 786 302 303 787 303 304 788 302 303 789 304 305 790 303 304 791 304 305 792 305 306 793 303 304 794 305 306 795 306 307 796 303 304 797 303 304 798 306 307 799 301 302 800 306 307 801 307 308 802 301 302 803 301 302 804 307 308 805 299 300 806 307 308 807 272 273 808 299 300 809 299 300 810 272 273 811 270 271 812 304 305 813 302 303 814 308 309 815 308 309 816 302 303 817 298 299 818 302 303 819 300 301 820 298 299 821 307 308 822 309 310 823 272 273 824 74 76 825 310 311 826 72 75 827 72 75 828 310 311 829 311 312 830 310 311 831 312 313 832 311 312 833 312 313 834 313 314 835 311 312 836 311 312 837 313 314 838 314 315 839 310 311 840 315 316 841 312 313 842 312 313 843 315 316 844 316 317 845 298 299 846 297 298 847 308 309 848 308 309 849 297 298 850 317 318 851 317 318 852 297 298 853 318 319 854 297 298 855 296 297 856 318 319 857 319 320 858 320 321 859 321 322 860 320 321 861 322 323 862 321 322 863 321 322 864 322 323 865 323 324 866 323 324 867 322 323 868 324 325 869 322 323 870 325 326 871 324 325 872 326 327 873 327 328 874 328 329 875 327 328 876 329 330 877 328 329 878 328 329 879 329 330 880 330 331 881 329 330 882 331 332 883 330 331 884 331 332 885 332 333 886 330 331 887 330 331 888 332 333 889 333 334 890 332 333 891 334 335 892 333 334 893 333 334 894 334 335 895 335 336 896 335 336 897 334 335 898 336 337 899 334 335 900 337 338 901 336 337 902 336 337 903 337 338 904 338 339 905 337 338 906 339 340 907 338 339 908 340 341 909 341 342 910 342 343 911 341 342 912 343 344 913 342 343 914 342 343 915 343 344 916 344 345 917 343 344 918 345 346 919 344 345 920 345 346 921 346 347 922 344 345 923 344 345 924 346 347 925 347 348 926 346 347 927 348 349 928 347 348 929 347 348 930 348 349 931 154 350 932 348 349 933 349 351 934 154 350 935 154 350 936 349 351 937 350 352 938 350 352 939 349 351 940 351 353 941 349 351 942 352 354 943 351 353 944 351 353 945 352 354 946 353 355 947 352 354 948 354 356 949 353 355 950 354 356 951 355 357 952 353 355 953 353 355 954 355 357 955 356 358 956 357 359 957 359 360 958 358 361 959 358 361 960 359 360 961 360 362 962 360 362 963 359 360 964 361 363 965 359 360 966 362 364 967 361 363 968 363 365 969 364 366 970 365 367 971 364 366 972 366 368 973 365 367 974 366 368 975 367 369 976 365 367 977 365 367 978 367 369 979 368 370 980 369 371 981 371 372 982 370 373 983 370 373 984 371 372 985 372 374 986 371 372 987 373 375 988 372 374 989 372 374 990 373 375 991 374 376 992 373 375 993 375 377 994 374 376 995 375 377 996 376 378 997 374 376 998 374 376 999 376 378 1000 377 379 1001 376 378 1002 378 380 1003 377 379 1004 378 380 1005 379 381 1006 377 379 1007 379 381 1008 380 382 1009 377 379 1010 377 379 1011 380 382 1012 381 383 1013 380 382 1014 382 384 1015 381 383 1016 370 373 1017 372 374 1018 383 385 1019 372 374 1020 384 386 1021 383 385 1022 383 385 1023 384 386 1024 385 387 1025 385 387 1026 384 386 1027 386 388 1028 386 388 1029 384 386 1030 377 379 1031 384 386 1032 374 376 1033 377 379 1034 371 372 1035 387 389 1036 373 375 1037 387 389 1038 388 390 1039 373 375 1040 373 375 1041 388 390 1042 375 377 1043 388 390 1044 389 391 1045 375 377 1046 375 377 1047 389 391 1048 390 392 1049 389 391 1050 391 393 1051 390 392 1052 391 393 1053 392 394 1054 390 392 1055 390 392 1056 392 394 1057 393 395 1058 392 394 1059 394 396 1060 393 395 1061 393 395 1062 394 396 1063 395 397 1064 395 397 1065 394 396 1066 396 398 1067 394 396 1068 397 399 1069 396 398 1070 398 400 1071 399 401 1072 400 402 1073 399 401 1074 401 403 1075 400 402 1076 401 403 1077 402 404 1078 400 402 1079 400 402 1080 402 404 1081 403 405 1082 403 405 1083 402 404 1084 404 406 1085 402 404 1086 405 407 1087 404 406 1088 404 406 1089 405 407 1090 406 408 1091 405 407 1092 407 409 1093 406 408 1094 407 409 1095 408 410 1096 406 408 1097 406 408 1098 408 410 1099 409 411 1100 408 410 1101 410 412 1102 409 411 1103 409 411 1104 410 412 1105 411 413 1106 412 414 1107 413 415 1108 104 416 1109 104 416 1110 413 415 1111 414 417 1112 414 417 1113 413 415 1114 415 418 1115 413 415 1116 319 419 1117 415 418 1118 319 419 1119 416 420 1120 415 418 1121 415 418 1122 416 420 1123 98 421 1124 98 421 1125 416 420 1126 417 422 1127 416 420 1128 418 423 1129 417 422 1130 417 422 1131 418 423 1132 419 424 1133 418 423 1134 324 425 1135 419 424 1136 420 426 1137 421 427 1138 422 428 1139 421 427 1140 423 429 1141 422 428 1142 423 429 1143 424 430 1144 422 428 1145 422 428 1146 424 430 1147 425 431 1148 425 431 1149 424 430 1150 426 432 1151 424 430 1152 427 433 1153 426 432 1154 426 432 1155 427 433 1156 428 434 1157 427 433 1158 429 435 1159 428 434 1160 429 435 1161 430 436 1162 428 434 1163 428 434 1164 430 436 1165 431 437 1166 432 438 1167 434 438 1168 433 438 1169 433 439 1170 434 439 1171 435 439 1172 435 439 1173 434 439 1174 436 439 1175 434 439 1176 437 439 1177 436 439 1178 437 439 1179 438 439 1180 436 439 1181 436 439 1182 438 439 1183 439 439 1184 440 440 1185 442 441 1186 441 442 1187 441 442 1188 442 441 1189 443 443 1190 444 444 1191 445 445 1192 158 156 1193 158 156 1194 445 445 1195 157 154 1196 445 445 1197 446 446 1198 157 154 1199 157 154 1200 446 446 1201 447 447 1202 447 447 1203 446 446 1204 448 448 1205 448 448 1206 446 446 1207 449 449 1208 449 449 1209 446 446 1210 450 450 1211 446 446 1212 445 445 1213 450 450 1214 389 391 1215 451 451 1216 391 393 1217 451 451 1218 129 452 1219 391 393 1220 452 453 1221 453 454 1222 454 455 1223 453 454 1224 455 456 1225 454 455 1226 454 455 1227 455 456 1228 456 457 1229 455 456 1230 457 458 1231 456 457 1232 457 458 1233 458 459 1234 456 457 1235 458 459 1236 459 460 1237 456 457 1238 459 460 1239 460 461 1240 456 457 1241 456 457 1242 460 461 1243 454 455 1244 461 462 1245 463 463 1246 462 464 1247 462 464 1248 463 463 1249 464 465 1250 463 463 1251 465 466 1252 464 465 1253 464 465 1254 465 466 1255 466 467 1256 465 466 1257 467 468 1258 466 467 1259 466 467 1260 467 468 1261 468 469 1262 467 468 1263 469 470 1264 468 469 1265 468 469 1266 469 470 1267 470 471 1268 469 470 1269 471 472 1270 470 471 1271 470 471 1272 471 472 1273 472 473 1274 471 472 1275 473 474 1276 472 473 1277 472 473 1278 473 474 1279 474 475 1280 473 474 1281 475 476 1282 474 475 1283 474 475 1284 475 476 1285 476 477 1286 475 476 1287 477 478 1288 476 477 1289 476 477 1290 477 478 1291 478 479 1292 478 479 1293 477 478 1294 479 480 1295 477 478 1296 480 481 1297 479 480 1298 455 456 1299 453 454 1300 481 482 1301 453 454 1302 482 483 1303 481 482 1304 482 483 1305 483 484 1306 481 482 1307 481 482 1308 483 484 1309 484 485 1310 483 484 1311 485 486 1312 484 485 1313 484 485 1314 485 486 1315 486 487 1316 486 487 1317 485 486 1318 487 488 1319 487 488 1320 485 486 1321 488 489 1322 488 489 1323 485 486 1324 150 147 1325 150 147 1326 485 486 1327 148 146 1328 485 486 1329 483 484 1330 148 146 1331 489 490 1332 490 491 1333 491 492 1334 490 491 1335 492 493 1336 491 492 1337 491 492 1338 492 493 1339 493 494 1340 493 494 1341 492 493 1342 494 495 1343 492 493 1344 495 496 1345 494 495 1346 494 495 1347 495 496 1348 496 497 1349 497 498 1350 372 374 1351 374 376 1352 8 8 1353 15 15 1354 6 6 1355</p>
        </triangles>
        <triangles material="h_turret_mp_tripod-material" count="334">
          <input semantic="VERTEX" source="#gun_base-mesh-vertices" offset="0"/>
          <input semantic="NORMAL" source="#gun_base-mesh-normals" offset="1"/>
          <input semantic="TEXCOORD" source="#gun_base-mesh-map-0" offset="2" set="0"/>
          <p>498 499 1356 499 500 1357 500 501 1358 499 500 1359 501 502 1360 500 501 1361 500 501 1362 501 502 1363 502 503 1364 501 502 1365 499 500 1366 503 504 1367 503 504 1368 499 500 1369 504 505 1370 505 506 1371 507 507 1372 506 508 1373 506 508 1374 507 507 1375 508 509 1376 507 507 1377 509 510 1378 508 509 1379 510 511 1380 511 512 1381 512 513 1382 511 512 1383 513 514 1384 512 513 1385 512 513 1386 513 514 1387 505 515 1388 509 516 1389 513 514 1390 514 517 1391 514 517 1392 513 514 1393 511 512 1394 515 518 1395 516 519 1396 514 517 1397 514 517 1398 516 519 1399 509 516 1400 516 519 1401 517 520 1402 509 516 1403 511 521 1404 518 522 1405 519 523 1406 518 522 1407 520 524 1408 519 523 1409 519 523 1410 520 524 1411 515 525 1412 518 526 1413 522 527 1414 521 528 1415 521 528 1416 522 527 1417 510 529 1418 523 530 1419 525 531 1420 524 532 1421 524 532 1422 525 531 1423 526 533 1424 525 531 1425 527 534 1426 526 533 1427 528 535 1428 529 536 1429 530 537 1430 529 536 1431 531 538 1432 530 537 1433 530 537 1434 531 538 1435 532 539 1436 531 538 1437 533 540 1438 532 539 1439 532 539 1440 533 540 1441 534 541 1442 533 540 1443 535 542 1444 534 541 1445 536 543 1446 537 543 1447 538 543 1448 537 544 1449 539 544 1450 538 544 1451 540 439 1452 541 439 1453 542 439 1454 541 545 1455 543 545 1456 542 545 1457 542 546 1458 543 546 1459 544 546 1460 543 547 1461 545 547 1462 544 547 1463 544 548 1464 545 548 1465 546 548 1466 547 549 1467 549 549 1468 548 549 1469 548 550 1470 549 550 1471 550 550 1472 551 551 1473 553 551 1474 552 551 1475 552 552 1476 553 552 1477 554 552 1478 502 553 1479 556 554 1480 555 555 1481 555 555 1482 556 554 1483 557 556 1484 556 554 1485 558 557 1486 557 556 1487 557 556 1488 558 557 1489 559 558 1490 508 559 1491 561 560 1492 560 561 1493 560 561 1494 561 560 1495 517 562 1496 562 563 1497 564 564 1498 563 565 1499 563 565 1500 564 564 1501 565 566 1502 564 564 1503 566 567 1504 565 566 1505 567 568 1506 563 565 1507 568 569 1508 563 565 1509 565 566 1510 568 569 1511 504 570 1512 569 571 1513 567 572 1514 567 572 1515 569 571 1516 570 573 1517 570 573 1518 569 571 1519 571 574 1520 569 571 1521 498 575 1522 571 574 1523 498 575 1524 572 576 1525 571 574 1526 572 576 1527 573 577 1528 571 574 1529 571 574 1530 573 577 1531 574 578 1532 574 578 1533 573 577 1534 575 579 1535 573 577 1536 576 580 1537 575 579 1538 577 581 1539 578 582 1540 579 583 1541 578 582 1542 580 584 1543 579 583 1544 579 583 1545 580 584 1546 581 585 1547 580 584 1548 582 586 1549 581 585 1550 581 585 1551 582 586 1552 583 587 1553 582 586 1554 584 588 1555 583 587 1556 585 589 1557 586 590 1558 587 591 1559 586 592 1560 588 593 1561 587 593 1562 574 578 1563 575 579 1564 589 594 1565 589 594 1566 575 579 1567 590 595 1568 575 579 1569 591 596 1570 590 595 1571 591 596 1572 592 597 1573 590 595 1574 592 597 1575 593 598 1576 590 595 1577 590 595 1578 593 598 1579 589 594 1580 594 599 1581 596 600 1582 595 601 1583 595 601 1584 596 600 1585 597 602 1586 596 600 1587 598 603 1588 597 602 1589 597 602 1590 598 603 1591 599 604 1592 600 605 1593 602 606 1594 601 607 1595 601 607 1596 602 606 1597 603 608 1598 604 609 1599 606 609 1600 605 609 1601 605 610 1602 606 610 1603 607 610 1604 603 611 1605 609 612 1606 608 613 1607 608 613 1608 609 612 1609 610 614 1610 609 612 1611 611 615 1612 610 614 1613 610 614 1614 611 615 1615 612 616 1616 612 616 1617 611 615 1618 613 617 1619 611 615 1620 614 618 1621 613 617 1622 614 618 1623 615 619 1624 613 617 1625 613 617 1626 615 619 1627 616 620 1628 615 619 1629 617 621 1630 616 620 1631 617 621 1632 618 622 1633 616 620 1634 618 622 1635 619 623 1636 616 620 1637 616 620 1638 619 623 1639 613 617 1640 619 623 1641 612 616 1642 613 617 1643 620 624 1644 621 625 1645 622 626 1646 621 625 1647 623 627 1648 622 626 1649 624 628 1650 625 628 1651 626 628 1652 625 628 1653 627 628 1654 626 628 1655 628 629 1656 629 629 1657 630 629 1658 629 630 1659 631 630 1660 630 630 1661 632 631 1662 633 631 1663 634 631 1664 633 632 1665 635 632 1666 634 632 1667 636 633 1668 637 634 1669 638 635 1670 637 634 1671 639 636 1672 638 635 1673 638 635 1674 639 636 1675 640 637 1676 639 636 1677 641 638 1678 640 637 1679 641 638 1680 642 639 1681 640 637 1682 640 637 1683 642 639 1684 643 640 1685 642 639 1686 644 641 1687 643 640 1688 643 640 1689 644 641 1690 645 642 1691 644 641 1692 646 643 1693 645 642 1694 647 644 1695 648 645 1696 649 646 1697 648 645 1698 650 647 1699 649 646 1700 649 646 1701 650 647 1702 651 648 1703 650 647 1704 652 649 1705 651 648 1706 651 648 1707 652 649 1708 653 650 1709 653 650 1710 652 649 1711 654 651 1712 652 649 1713 655 652 1714 654 651 1715 654 651 1716 655 652 1717 656 653 1718 657 654 1719 658 655 1720 648 645 1721 648 645 1722 658 655 1723 650 647 1724 658 655 1725 659 656 1726 650 647 1727 650 647 1728 659 656 1729 652 649 1730 659 656 1731 660 657 1732 652 649 1733 652 649 1734 660 657 1735 655 652 1736 659 656 1737 661 658 1738 660 657 1739 660 657 1740 661 658 1741 662 659 1742 661 658 1743 663 660 1744 662 659 1745 662 659 1746 663 660 1747 664 661 1748 665 662 1749 667 663 1750 666 664 1751 666 664 1752 667 663 1753 668 665 1754 667 663 1755 669 666 1756 668 665 1757 668 665 1758 669 666 1759 670 667 1760 669 666 1761 671 668 1762 670 667 1763 670 667 1764 671 668 1765 672 669 1766 673 670 1767 674 671 1768 670 667 1769 674 671 1770 675 672 1771 670 667 1772 670 667 1773 675 672 1774 668 665 1775 675 672 1776 676 673 1777 668 665 1778 668 665 1779 676 673 1780 677 674 1781 677 674 1782 676 673 1783 678 675 1784 676 673 1785 679 676 1786 678 675 1787 678 675 1788 679 676 1789 680 677 1790 680 677 1791 679 676 1792 681 678 1793 681 678 1794 679 676 1795 682 679 1796 679 676 1797 683 680 1798 682 679 1799 682 679 1800 683 680 1801 684 681 1802 684 681 1803 683 680 1804 674 671 1805 674 671 1806 683 680 1807 675 672 1808 683 680 1809 679 676 1810 675 672 1811 675 672 1812 679 676 1813 676 673 1814 685 682 1815 687 683 1816 686 684 1817 686 684 1818 687 683 1819 688 685 1820 688 685 1821 687 683 1822 689 686 1823 687 683 1824 690 687 1825 689 686 1826 690 687 1827 691 688 1828 689 686 1829 689 686 1830 691 688 1831 692 689 1832 692 689 1833 691 688 1834 681 690 1835 691 688 1836 693 691 1837 681 690 1838 694 692 1839 695 693 1840 696 694 1841 695 693 1842 697 695 1843 696 694 1844 697 695 1845 698 696 1846 696 694 1847 696 694 1848 698 696 1849 699 697 1850 693 698 1851 701 699 1852 700 700 1853 700 700 1854 701 699 1855 702 701 1856 702 701 1857 701 699 1858 703 702 1859 701 699 1860 704 703 1861 703 702 1862 704 703 1863 705 704 1864 703 702 1865 703 702 1866 705 704 1867 706 705 1868 707 706 1869 708 707 1870 699 708 1871 699 708 1872 708 707 1873 709 709 1874 708 707 1875 710 710 1876 709 709 1877 709 709 1878 710 710 1879 711 711 1880 710 710 1881 712 712 1882 711 711 1883 711 711 1884 712 712 1885 713 713 1886 712 712 1887 714 714 1888 713 713 1889 714 714 1890 715 715 1891 713 713 1892 713 713 1893 715 715 1894 716 716 1895 715 715 1896 717 717 1897 716 716 1898 716 716 1899 717 717 1900 718 718 1901 719 719 1902 721 720 1903 720 721 1904 720 721 1905 721 720 1906 722 722 1907 722 722 1908 721 720 1909 723 723 1910 721 720 1911 724 724 1912 723 723 1913 725 725 1914 726 726 1915 727 727 1916 726 726 1917 728 728 1918 727 727 1919 728 728 1920 729 729 1921 727 727 1922 727 727 1923 729 729 1924 730 730 1925 731 731 1926 733 732 1927 732 733 1928 732 733 1929 733 732 1930 734 734 1931 733 732 1932 735 735 1933 734 734 1934 734 734 1935 735 735 1936 736 736 1937 736 736 1938 735 735 1939 638 635 1940 638 635 1941 735 735 1942 723 723 1943 735 735 1944 722 722 1945 723 723 1946 737 737 1947 738 738 1948 739 739 1949 738 738 1950 740 740 1951 739 739 1952 739 739 1953 740 740 1954 741 741 1955 741 741 1956 740 740 1957 742 742 1958 740 740 1959 743 743 1960 742 742 1961 743 743 1962 744 744 1963 742 742 1964 742 742 1965 744 744 1966 745 745 1967 744 744 1968 743 743 1969 746 746 1970 746 746 1971 743 743 1972 747 747 1973 747 747 1974 743 743 1975 748 748 1976 743 743 1977 749 749 1978 748 748 1979 749 749 1980 750 750 1981 748 748 1982 748 748 1983 750 750 1984 751 751 1985 751 751 1986 750 750 1987 752 752 1988 750 750 1989 737 737 1990 752 752 1991 737 737 1992 753 753 1993 752 752 1994 752 752 1995 753 753 1996 754 754 1997 754 754 1998 753 753 1999 755 755 2000 753 753 2001 756 756 2002 755 755 2003 757 757 2004 758 758 2005 759 759 2006 758 758 2007 760 760 2008 759 759 2009 759 759 2010 760 760 2011 761 761 2012 761 761 2013 760 760 2014 762 762 2015 760 760 2016 763 763 2017 762 762 2018 763 763 2019 764 764 2020 762 762 2021 762 762 2022 764 764 2023 765 765 2024 766 766 2025 753 753 2026 767 767 2027 767 767 2028 753 753 2029 768 768 2030 753 753 2031 737 737 2032 768 768 2033 768 768 2034 737 737 2035 769 769 2036 737 737 2037 739 739 2038 769 769 2039 769 769 2040 739 739 2041 770 770 2042 770 770 2043 739 739 2044 771 771 2045 739 739 2046 741 741 2047 771 771 2048 771 771 2049 741 741 2050 772 772 2051 741 741 2052 773 773 2053 772 772 2054 772 772 2055 773 773 2056 774 774 2057 773 773 2058 745 775 2059 774 774 2060 774 774 2061 745 775 2062 775 776 2063 776 777 2064 778 778 2065 777 779 2066 777 779 2067 778 778 2068 779 780 2069 778 778 2070 780 781 2071 779 780 2072 780 781 2073 770 770 2074 779 780 2075 770 770 2076 771 771 2077 779 780 2078 779 780 2079 771 771 2080 781 782 2081 771 771 2082 772 772 2083 781 782 2084 781 782 2085 772 772 2086 782 783 2087 772 772 2088 783 784 2089 782 783 2090 782 783 2091 783 784 2092 784 785 2093 783 784 2094 775 786 2095 784 785 2096 784 785 2097 775 786 2098 785 787 2099 786 788 2100 788 788 2101 787 788 2102 787 789 2103 788 789 2104 789 789 2105 788 790 2106 790 790 2107 789 790 2108 790 791 2109 791 791 2110 789 791 2111 791 792 2112 792 792 2113 789 792 2114 789 793 2115 792 793 2116 793 793 2117 794 794 2118 795 795 2119 785 787 2120 785 787 2121 795 795 2122 784 785 2123 795 795 2124 796 796 2125 784 785 2126 784 785 2127 796 796 2128 797 797 2129 796 796 2130 798 798 2131 797 797 2132 797 797 2133 798 798 2134 799 799 2135 799 799 2136 798 798 2137 779 780 2138 779 780 2139 798 798 2140 777 779 2141 798 798 2142 800 800 2143 777 779 2144 777 779 2145 800 800 2146 801 801 2147 800 800 2148 802 802 2149 801 801 2150 618 622 2151 617 621 2152 803 803 2153 617 621 2154 804 804 2155 803 803 2156 803 803 2157 804 804 2158 805 805 2159 804 804 2160 806 806 2161 805 805 2162 805 805 2163 806 806 2164 807 807 2165 807 807 2166 806 806 2167 614 808 2168 614 808 2169 806 806 2170 808 809 2171 806 806 2172 804 804 2173 808 809 2174 808 809 2175 804 804 2176 617 621 2177 809 810 2178 810 811 2179 621 625 2180 621 625 2181 810 811 2182 623 627 2183 810 811 2184 811 812 2185 623 627 2186 812 813 2187 813 814 2188 814 815 2189 813 814 2190 815 816 2191 814 815 2192 814 815 2193 815 816 2194 816 817 2195 815 816 2196 817 818 2197 816 817 2198 816 817 2199 817 818 2200 818 819 2201 818 819 2202 817 818 2203 819 820 2204 817 818 2205 820 821 2206 819 820 2207 819 820 2208 820 821 2209 821 822 2210 821 822 2211 820 821 2212 822 823 2213 822 823 2214 820 821 2215 823 824 2216 820 821 2217 824 825 2218 823 824 2219 823 824 2220 824 825 2221 825 826 2222 825 826 2223 824 825 2224 813 814 2225 813 814 2226 824 825 2227 815 816 2228 824 825 2229 820 821 2230 815 816 2231 815 816 2232 820 821 2233 817 818 2234 826 827 2235 791 827 2236 827 827 2237 827 828 2238 791 828 2239 828 828 2240 791 829 2241 790 829 2242 828 829 2243 790 830 2244 788 830 2245 828 830 2246 788 831 2247 829 831 2248 828 831 2249 828 832 2250 829 832 2251 830 832 2252 831 833 2253 833 834 2254 832 835 2255 832 835 2256 833 834 2257 834 836 2258 834 836 2259 833 834 2260 835 837 2261 833 834 2262 836 838 2263 835 837 2264 728 839 2265 736 736 2266 837 840 2267 736 736 2268 838 841 2269 837 840 2270 837 840 2271 838 841 2272 839 842 2273 839 842 2274 838 841 2275 645 642 2276 645 642 2277 838 841 2278 643 640 2279 643 640 2280 838 841 2281 640 637 2282 640 637 2283 838 841 2284 638 635 2285 838 841 2286 736 736 2287 638 635 2288 840 843 2289 841 844 2290 842 845 2291 841 844 2292 843 846 2293 842 845 2294 842 845 2295 843 846 2296 844 847 2297 843 846 2298 845 848 2299 844 847 2300 611 849 2301 602 606 2302 846 850 2303 602 606 2304 600 605 2305 846 850 2306 846 850 2307 600 605 2308 594 851 2309 593 598 2310 592 597 2311 847 852 2312 847 852 2313 592 597 2314 848 853 2315 592 597 2316 849 854 2317 848 853 2318 847 852 2319 848 853 2320 850 855 2321 850 855 2322 848 853 2323 572 576 2324 848 853 2325 591 856 2326 572 576 2327 572 576 2328 591 856 2329 573 577 2330 851 857 2331 853 857 2332 852 857 2333 852 141 2334 853 141 2335 854 141 2336 854 858 2337 853 858 2338 855 858 2339 855 859 2340 853 859 2341 856 859 2342 856 860 2343 853 860 2344 857 860 2345 857 861 2346 853 861 2347 858 861 2348 853 862 2349 851 862 2350 858 862 2351 859 863 2352 860 864 2353 861 865 2354 862 866 2355 864 867 2356 863 868 2357</p>
        </triangles>
      </mesh>
    </geometry>
  </library_geometries>
  <library_controllers>
    <controller id="Armature_gun_base-skin" name="Armature">
      <skin source="#gun_base-mesh">
        <bind_shape_matrix>1 0 0 0 0 1 0 0 0 0 1 0 0 0 0 1</bind_shape_matrix>
        <source id="Armature_gun_base-skin-joints">
          <Name_array id="Armature_gun_base-skin-joints-array" count="5">hinge_base machinegun_turret gun legs barrels</Name_array>
          <technique_common>
            <accessor source="#Armature_gun_base-skin-joints-array" count="5" stride="1">
              <param name="JOINT" type="name"/>
            </accessor>
          </technique_common>
        </source>
        <source id="Armature_gun_base-skin-bind_poses">
          <float_array id="Armature_gun_base-skin-bind_poses-array" count="80">1 0 0 0.0030815 0 1 0 -1.67847e-6 0 0 1 -0.3318825 0 0 0 1 1 0 0 0.0030815 0 1 0 -1.67847e-6 0 0 1 -0.2728024 0 0 0 1 1 0 0 0.0030815 0 1 0 0 0 0 1 -0.3277655 0 0 0 1 1 0 0 0 0 1 0 0 0 0 1 -4.99785e-5 0 0 0 1 1 0 0 -0.1136142 0 1 0 -7.40051e-6 0 0 1 -0.41689 0 0 0 1</float_array>
          <technique_common>
            <accessor source="#Armature_gun_base-skin-bind_poses-array" count="5" stride="16">
              <param name="TRANSFORM" type="float4x4"/>
            </accessor>
          </technique_common>
        </source>
        <source id="Armature_gun_base-skin-weights">
          <float_array id="Armature_gun_base-skin-weights-array" count="861">1 1 1 1 1 1 1 1 1 1 1 1 1 1 1 1 1 1 1 1 1 1 1 1 1 1 1 1 1 1 1 1 1 1 1 1 1 1 1 1 1 1 1 1 1 1 1 1 1 1 1 1 1 1 1 1 1 1 1 1 1 1 1 1 1 1 1 1 1 1 1 1 1 1 1 1 1 1 1 1 1 1 1 1 1 1 1 1 1 1 1 1 1 1 1 1 1 1 1 1 1 1 1 1 1 1 1 1 1 1 1 1 1 1 1 1 1 1 1 1 1 1 1 1 1 1 1 1 1 1 1 1 1 1 1 1 1 1 1 1 1 1 1 1 1 1 1 1 1 1 1 1 1 1 1 1 1 1 1 1 1 1 1 1 1 1 1 1 1 1 1 1 1 1 1 1 1 1 1 1 1 1 1 1 1 1 1 1 1 1 1 1 1 1 1 1 1 1 1 1 1 1 1 1 1 1 1 1 1 1 1 1 1 1 1 1 1 1 1 1 1 1 1 1 1 1 1 1 1 1 1 1 1 1 1 1 1 1 1 1 1 1 1 1 1 1 1 1 1 1 1 1 1 1 1 1 1 1 1 1 1 1 1 1 1 1 1 1 1 1 1 1 1 1 1 1 1 1 1 1 1 1 1 1 1 1 1 1 1 1 1 1 1 1 1 1 1 1 1 1 1 1 1 1 1 1 1 1 1 1 1 1 1 1 1 1 1 1 1 1 1 1 1 1 1 1 1 1 1 1 1 1 1 1 1 1 1 1 1 1 1 1 1 1 1 1 1 1 1 1 1 1 1 1 1 1 1 1 1 1 1 1 1 1 1 1 1 1 1 1 1 1 1 1 1 1 1 1 1 1 1 1 1 1 1 1 1 1 1 1 1 1 1 1 1 1 1 1 1 1 1 1 1 1 1 1 1 1 1 1 1 1 1 1 1 1 1 1 1 1 1 1 1 1 1 1 1 1 1 1 1 1 1 1 1 1 1 1 1 1 1 1 1 1 1 1 1 1 1 1 1 1 1 1 1 1 1 1 1 1 1 1 1 1 1 1 1 1 1 1 1 1 1 1 1 1 1 1 1 1 1 1 1 1 1 1 1 1 1 1 1 1 1 1 1 1 1 1 1 1 1 1 1 1 1 1 1 1 1 1 1 1 1 1 1 1 1 1 1 1 1 1 1 1 1 1 1 1 1 1 1 1 1 1 1 1 1 1 1 1 1 1 1 1 1 1 1 1 1 1 1 1 1 1 1 1 1 1 1 1 1 1 1 1 1 1 1 1 1 1 1 1 1 1 1 1 1 1 1 1 1 1 1 1 1 1 1 1 1 1 1 1 1 1 1 1 1 1 1 1 1 1 1 1 1 1 1 1 1 1 1 1 1 1 1 1 1 1 1 1 1 1 1 1 1 1 1 1 1 1 1 1 1 1 1 1 1 1 1 1 1 1 1 1 1 1 1 1 1 1 1 1 1 1 1 1 1 1 1 1 1 1 1 1 1 1 1 1 1 1 1 1 1 1 1 1 1 1 1 1 1 1 1 1 1 1 1 1 1 1 1 1 1 1 1 1 1 1 1 1 1 1 1 1 1 1 1 1 1 1 1 1 1 1 1 1 1 1 1 1 1 1 1 1 1 1 1 1 1 1 1 1 1 1 1 1 1 1 1 1 1 1 1 1 1 1 1 1 1 1 1 1 1 1 1 1 1 1 1 1 1 1 1 1 1 1 1 1 1 1 1 1 1 1 1 1 1 1 1 1 1 1 1 1 1 1 1 1 1 1 1 1 1 1 1 1 1 1 1 1 1 1 1 1 1 1 1 1 1 1 1 1 1 1 1 1 1 1 1 1 1 1 1 1 1 1 1 1 1 1 1 1 1 1 1 1 1 1 1 1 1 1 1 1 1 1 1 1 1 1 1 1 1 1 1 1 1 1 1 1 1</float_array>
          <technique_common>
            <accessor source="#Armature_gun_base-skin-weights-array" count="861" stride="1">
              <param name="WEIGHT" type="float"/>
            </accessor>
          </technique_common>
        </source>
        <joints>
          <input semantic="JOINT" source="#Armature_gun_base-skin-joints"/>
          <input semantic="INV_BIND_MATRIX" source="#Armature_gun_base-skin-bind_poses"/>
        </joints>
        <vertex_weights count="865">
          <input semantic="JOINT" source="#Armature_gun_base-skin-joints" offset="0"/>
          <input semantic="WEIGHT" source="#Armature_gun_base-skin-weights" offset="1"/>
          <vcount>1 1 1 1 1 1 1 1 1 1 1 1 1 1 1 1 1 1 1 1 1 1 1 1 1 1 1 1 1 1 1 1 1 1 1 1 1 1 1 1 1 1 1 1 1 1 1 1 1 1 1 1 1 1 1 1 1 1 1 1 1 1 1 1 1 1 1 1 1 1 1 1 1 1 1 1 1 1 1 1 1 1 1 1 1 1 1 1 1 1 1 1 1 1 1 1 1 1 1 1 1 1 1 1 1 1 1 1 1 1 1 1 1 1 1 1 1 1 1 1 1 1 1 1 1 1 1 1 1 1 1 1 1 1 1 1 1 1 1 1 1 1 1 1 1 1 1 1 1 1 1 1 1 1 1 1 1 1 1 1 1 1 1 1 1 1 1 1 1 1 1 1 1 1 1 1 1 1 1 1 1 1 1 1 1 1 1 1 1 1 1 1 1 1 1 1 1 1 1 1 1 1 1 1 1 1 1 1 1 1 1 1 1 1 1 1 1 1 1 1 1 1 1 1 1 1 1 1 1 1 1 1 1 1 1 1 1 1 1 1 1 1 1 1 1 1 1 1 1 1 1 1 1 1 1 1 1 1 1 1 1 1 1 1 1 1 1 1 1 1 1 1 1 1 1 1 1 1 1 1 1 1 1 1 1 1 1 1 1 1 1 1 1 1 1 1 1 1 1 1 1 1 1 1 1 1 1 1 1 1 1 1 1 1 1 1 1 1 1 1 1 1 1 1 1 1 1 1 1 1 1 1 1 1 1 1 1 1 1 1 1 1 1 1 1 1 1 1 1 1 1 1 1 1 1 1 1 1 1 1 1 1 1 1 1 1 1 1 1 1 1 1 1 1 1 1 1 1 1 1 1 1 1 1 1 1 1 1 1 1 1 1 1 1 1 1 1 1 1 1 1 1 1 1 1 1 1 1 1 1 1 1 1 1 1 1 1 1 1 1 1 1 1 1 1 1 1 1 1 1 1 1 1 1 1 1 1 1 1 1 1 1 1 1 1 1 1 1 1 1 1 1 1 1 1 1 1 1 1 1 1 1 1 1 1 1 1 1 1 1 1 1 1 1 1 1 1 1 1 1 1 1 1 1 1 1 1 1 1 1 1 1 1 1 1 1 1 1 1 1 1 1 1 1 1 1 1 1 1 1 1 1 1 1 1 1 1 1 1 1 1 1 1 1 1 1 1 1 1 1 1 1 1 1 1 1 1 1 1 1 1 1 1 1 1 1 1 1 1 1 1 1 1 1 1 1 1 1 1 1 1 1 1 1 1 1 1 1 1 1 1 1 1 1 1 1 1 1 1 1 1 1 1 1 1 1 1 1 1 1 1 1 1 1 1 1 1 1 1 1 1 1 1 1 1 1 1 1 1 1 1 1 1 1 1 1 1 1 1 1 1 1 1 1 1 1 1 1 0 0 0 0 1 1 1 1 1 1 1 1 1 1 1 1 1 1 1 1 1 1 1 1 1 1 1 1 1 1 1 1 1 1 1 1 1 1 1 1 1 1 1 1 1 1 1 1 1 1 1 1 1 1 1 1 1 1 1 1 1 1 1 1 1 1 1 1 1 1 1 1 1 1 1 1 1 1 1 1 1 1 1 1 1 1 1 1 1 1 1 1 1 1 1 1 1 1 1 1 1 1 1 1 1 1 1 1 1 1 1 1 1 1 1 1 1 1 1 1 1 1 1 1 1 1 1 1 1 1 1 1 1 1 1 1 1 1 1 1 1 1 1 1 1 1 1 1 1 1 1 1 1 1 1 1 1 1 1 1 1 1 1 1 1 1 1 1 1 1 1 1 1 1 1 1 1 1 1 1 1 1 1 1 1 1 1 1 1 1 1 1 1 1 1 1 1 1 1 1 1 1 1 1 1 1 1 1 1 1 1 1 1 1 1 1 1 1 1 1 1 1 1 1 1 1 1 1 1 1 1 1 1 1 1 1 1 </vcount>
          <v>2 0 2 1 2 2 2 3 2 4 2 5 2 6 2 7 2 8 2 9 2 10 2 11 2 12 2 13 2 14 2 15 2 16 2 17 2 18 2 19 2 20 2 21 2 22 2 23 2 24 2 25 2 26 2 27 2 28 2 29 2 30 2 31 2 32 2 33 2 34 2 35 2 36 2 37 2 38 2 39 2 40 2 41 2 42 2 43 2 44 2 45 2 46 2 47 2 48 2 49 2 50 2 51 2 52 2 53 2 54 2 55 2 56 2 57 2 58 2 59 2 60 2 61 2 62 2 63 2 64 2 65 2 66 2 67 2 68 2 69 2 70 2 71 2 72 2 73 2 74 2 75 2 76 2 77 2 78 2 79 2 80 2 81 2 82 2 83 2 84 2 85 2 86 2 87 2 88 2 89 2 90 2 91 2 92 2 93 2 94 2 95 2 96 2 97 2 98 2 99 2 100 2 101 2 102 2 103 2 104 2 105 2 106 2 107 2 108 2 109 2 110 2 111 2 112 2 113 2 114 2 115 2 116 2 117 2 118 2 119 2 120 2 121 2 122 2 123 2 124 2 125 2 126 2 127 2 128 2 129 2 130 2 131 2 132 2 133 2 134 2 135 2 136 2 137 2 138 2 139 2 140 2 141 2 142 2 143 2 144 2 145 2 146 2 147 2 148 2 149 2 150 2 151 2 152 2 153 2 154 2 155 2 156 2 157 2 158 2 159 2 160 2 161 2 162 2 163 2 164 2 165 2 166 2 167 2 168 2 169 2 170 2 171 2 172 2 173 2 174 2 175 2 176 2 177 2 178 2 179 2 180 2 181 2 182 2 183 2 184 2 185 2 186 2 187 2 188 2 189 2 190 2 191 2 192 2 193 2 194 2 195 2 196 2 197 2 198 2 199 2 200 2 201 2 202 2 203 2 204 2 205 2 206 2 207 2 208 2 209 2 210 2 211 2 212 2 213 2 214 2 215 2 216 2 217 2 218 2 219 2 220 2 221 2 222 2 223 2 224 2 225 2 226 2 227 2 228 2 229 2 230 2 231 2 232 2 233 2 234 2 235 2 236 2 237 2 238 2 239 2 240 2 241 2 242 2 243 2 244 2 245 2 246 2 247 2 248 2 249 2 250 2 251 2 252 2 253 2 254 2 255 2 256 2 257 2 258 2 259 2 260 2 261 2 262 2 263 2 264 2 265 2 266 2 267 2 268 2 269 2 270 2 271 2 272 2 273 2 274 2 275 2 276 2 277 2 278 2 279 2 280 2 281 2 282 2 283 2 284 2 285 2 286 2 287 2 288 2 289 2 290 2 291 2 292 2 293 2 294 2 295 2 296 2 297 2 298 2 299 2 300 2 301 2 302 2 303 2 304 2 305 2 306 2 307 2 308 2 309 2 310 2 311 2 312 2 313 2 314 2 315 2 316 2 317 2 318 2 319 2 320 2 321 2 322 2 323 2 324 2 325 2 326 2 327 2 328 2 329 2 330 2 331 2 332 2 333 2 334 2 335 2 336 2 337 2 338 2 339 2 340 2 341 2 342 2 343 2 344 2 345 2 346 2 347 2 348 2 349 2 350 2 351 2 352 2 353 2 354 2 355 2 356 2 357 2 358 2 359 2 360 2 361 2 362 2 363 2 364 2 365 2 366 2 367 2 368 2 369 2 370 2 371 2 372 2 373 2 374 2 375 2 376 2 377 2 378 2 379 2 380 2 381 2 382 2 383 2 384 2 385 2 386 2 387 2 388 2 389 2 390 2 391 2 392 2 393 2 394 2 395 2 396 2 397 2 398 2 399 2 400 2 401 2 402 2 403 2 404 2 405 2 406 2 407 2 408 2 409 2 410 2 411 2 412 2 413 2 414 2 415 2 416 2 417 2 418 2 419 2 420 2 421 2 422 2 423 2 424 2 425 2 426 2 427 2 428 2 429 2 430 2 431 2 432 2 433 2 434 2 435 2 436 2 437 2 438 2 439 2 440 2 441 2 442 2 443 2 444 2 445 2 446 2 447 2 448 2 449 2 450 2 451 2 452 2 453 2 454 2 455 2 456 2 457 2 458 2 459 2 460 2 461 2 462 2 463 2 464 2 465 2 466 2 467 2 468 2 469 2 470 2 471 2 472 2 473 2 474 2 475 2 476 2 477 2 478 2 479 2 480 2 481 2 482 2 483 2 484 2 485 2 486 2 487 2 488 2 489 2 490 2 491 2 492 2 493 2 494 2 495 2 496 2 497 3 498 3 499 3 500 3 501 3 502 3 503 3 504 3 505 3 506 3 507 3 508 3 509 3 510 3 511 3 512 3 513 3 514 3 515 3 516 3 517 3 518 3 519 3 520 3 521 3 522 3 523 3 524 3 525 3 526 3 527 3 528 3 529 3 530 3 531 3 532 3 533 3 534 3 535 3 536 3 537 3 538 3 539 3 540 3 541 3 542 3 543 3 544 3 545 3 546 3 547 3 548 3 549 3 550 3 551 3 552 3 553 3 554 3 555 3 556 3 557 3 558 3 559 3 560 3 561 3 562 3 563 3 564 3 565 3 566 3 567 3 568 3 569 3 570 3 571 3 572 3 573 3 574 3 575 3 576 3 577 3 578 3 579 3 580 3 581 3 582 3 583 3 584 3 585 3 586 3 587 3 588 3 589 3 590 3 591 3 592 3 593 3 594 3 595 3 596 3 597 3 598 3 599 3 600 3 601 3 602 3 603 3 604 3 605 3 606 3 607 3 608 3 609 3 610 3 611 3 612 3 613 3 614 3 615 3 616 3 617 3 618 3 619 3 620 3 621 3 622 3 623 2 624 2 625 2 626 2 627 2 628 2 629 2 630 2 631 3 632 3 633 3 634 3 635 3 636 3 637 3 638 3 639 3 640 3 641 3 642 3 643 3 644 3 645 3 646 3 647 3 648 3 649 3 650 3 651 3 652 3 653 3 654 3 655 3 656 3 657 3 658 3 659 3 660 0 661 0 662 0 663 0 664 0 665 0 666 0 667 0 668 0 669 0 670 0 671 0 672 0 673 0 674 0 675 0 676 0 677 0 678 0 679 0 680 0 681 0 682 0 683 0 684 0 685 0 686 0 687 0 688 0 689 3 690 3 691 3 692 3 693 3 694 3 695 0 696 0 697 0 698 0 699 0 700 0 701 0 702 3 703 3 704 3 705 3 706 3 707 3 708 3 709 3 710 3 711 3 712 3 713 3 714 3 715 3 716 3 717 3 718 3 719 3 720 3 721 3 722 3 723 3 724 3 725 3 726 3 727 3 728 3 729 3 730 3 731 3 732 3 733 3 734 3 735 3 736 3 737 3 738 3 739 3 740 3 741 3 742 3 743 3 744 3 745 3 746 3 747 3 748 3 749 3 750 3 751 3 752 3 753 3 754 3 755 3 756 3 757 3 758 3 759 3 760 3 761 3 762 3 763 3 764 3 765 3 766 3 767 3 768 3 769 3 770 3 771 3 772 3 773 3 774 3 775 3 776 3 777 3 778 3 779 3 780 3 781 3 782 3 783 3 784 3 785 3 786 3 787 3 788 3 789 3 790 3 791 3 792 3 793 3 794 3 795 3 796 3 797 3 798 3 799 3 800 3 801 3 802 3 803 3 804 3 805 3 806 3 807 0 808 0 809 0 810 0 811 0 812 0 813 0 814 0 815 0 816 0 817 0 818 0 819 0 820 0 821 3 822 3 823 3 824 3 825 3 826 3 827 3 828 3 829 3 830 3 831 3 832 3 833 3 834 3 835 3 836 3 837 3 838 3 839 3 840 3 841 3 842 3 843 3 844 3 845 3 846 3 847 3 848 3 849 3 850 3 851 3 852 3 853 3 854 3 855 3 856 3 857 3 858 3 859 3 860</v>
        </vertex_weights>
      </skin>
    </controller>
  </library_controllers>
  <library_visual_scenes>
    <visual_scene id="Scene" name="Scene">
      <node id="Armature" name="Armature" type="NODE">
        <matrix sid="transform">1 0 0 0 0 1 0 0 0 0 1 0 0 0 0 1</matrix>
        <node id="Armature_machinegun_turret" name="machinegun_turret" sid="machinegun_turret" type="JOINT">
          <matrix sid="transform">1 0 0 -0.003081543 0 1 0 1.67847e-6 0 0 1 0.2728024 0 0 0 1</matrix>
          <node id="Armature_gun" name="gun" sid="gun" type="JOINT">
            <matrix sid="transform">1 0 -5.2e-8 -3.49246e-9 0 1 0 -1.6056e-6 5.2e-8 0 1 0.05496308 0 0 0 1</matrix>
            <node id="Armature_barrels" name="barrels" sid="barrels" type="JOINT">
              <matrix sid="transform">1 0 0 0.1166958 0 1 0 7.32765e-6 0 0 1 0.08912455 0 0 0 1</matrix>
              <extra>
                <technique profile="blender">
                  <roll sid="roll" type="float">0</roll>
                  <tip_x sid="tip_x" type="float">0</tip_x>
                  <tip_y sid="tip_y" type="float">0.05496305</tip_y>
                  <tip_z sid="tip_z" type="float">0</tip_z>
                </technique>
              </extra>
            </node>
            <extra>
              <technique profile="blender">
                <roll sid="roll" type="float">0</roll>
                <tip_x sid="tip_x" type="float">0</tip_x>
                <tip_y sid="tip_y" type="float">0.05496305</tip_y>
                <tip_z sid="tip_z" type="float">0</tip_z>
              </technique>
            </extra>
          </node>
          <node id="Armature_hinge_base" name="hinge_base" sid="hinge_base" type="JOINT">
            <matrix sid="transform">1 0 -4e-10 -9.0804e-9 0 1 0 0 4e-10 0 1 0.05908015 0 0 0 1</matrix>
            <extra>
              <technique profile="blender">
                <roll sid="roll" type="float">0</roll>
                <tip_x sid="tip_x" type="float">0</tip_x>
                <tip_y sid="tip_y" type="float">0.05496305</tip_y>
                <tip_z sid="tip_z" type="float">0</tip_z>
              </technique>
            </extra>
          </node>
          <node id="Armature_legs" name="legs" sid="legs" type="JOINT">
            <matrix sid="transform">1 0 0 0.003081543 0 1 0 -1.68011e-6 0 0 1 -0.2727524 0 0 0 1</matrix>
            <extra>
              <technique profile="blender">
                <tip_x sid="tip_x" type="float">0</tip_x>
                <tip_y sid="tip_y" type="float">0.05496305</tip_y>
                <tip_z sid="tip_z" type="float">0</tip_z>
              </technique>
            </extra>
          </node>
          <extra>
            <technique profile="blender">
              <tip_x sid="tip_x" type="float">0</tip_x>
              <tip_y sid="tip_y" type="float">0.05496305</tip_y>
              <tip_z sid="tip_z" type="float">0</tip_z>
            </technique>
          </extra>
        </node>
        <node id="gun_base" name="gun:base" type="NODE">
          <matrix sid="transform">1 0 0 0 0 1 0 0 0 0 1 0 0 0 0 1</matrix>
          <instance_controller url="#Armature_gun_base-skin">
            <skeleton>#Armature_machinegun_turret</skeleton>
            <bind_material>
              <technique_common>
                <instance_material symbol="h_turret_mp_gun-material" target="#h_turret_mp_gun-material">
                  <bind_vertex_input semantic="meshId1-tex0" input_semantic="TEXCOORD" input_set="0"/>
                </instance_material>
                <instance_material symbol="h_turret_mp_tripod-material" target="#h_turret_mp_tripod-material">
                  <bind_vertex_input semantic="meshId1-tex0" input_semantic="TEXCOORD" input_set="0"/>
                </instance_material>
              </technique_common>
            </bind_material>
          </instance_controller>
        </node>
      </node>
    </visual_scene>
  </library_visual_scenes>
  <scene>
    <instance_visual_scene url="#Scene"/>
  </scene>
</COLLADA>